[{"country": "El Salvador", "subcountry": "La Paz", "geolabelid": 3582805, "label": "Zacatecoluca"}, {"country": "El Salvador", "subcountry": "Usulut\u00e1n", "geolabelid": 3582883, "label": "Usulut\u00e1n"}, {"country": "El Salvador", "subcountry": "San Salvador", "geolabelid": 3583096, "label": "Soyapango"}, {"country": "El Salvador", "subcountry": "Sonsonate", "geolabelid": 3583098, "label": "Sonzacate"}, {"country": "El Salvador", "subcountry": "Sonsonate", "geolabelid": 3583102, "label": "Sonsonate"}, {"country": "El Salvador", "subcountry": "Caba\u00f1as", "geolabelid": 3583158, "label": "Sensuntepeque"}, {"country": "El Salvador", "subcountry": "San Vicente", "geolabelid": 3583178, "label": "San Vicente"}, {"country": "El Salvador", "subcountry": "Usulut\u00e1n", "geolabelid": 3583199, "label": "Santiago de Mar\u00eda"}, {"country": "El Salvador", "subcountry": "Santa Ana", "geolabelid": 3583334, "label": "Santa Ana"}, {"country": "El Salvador", "subcountry": "San Salvador", "geolabelid": 3583361, "label": "San Salvador"}, {"country": "El Salvador", "subcountry": "San Miguel", "geolabelid": 3583379, "label": "San Rafael Oriente"}, {"country": "El Salvador", "subcountry": "San Miguel", "geolabelid": 3583446, "label": "San Miguel"}, {"country": "El Salvador", "subcountry": "Cuscatl\u00e1n", "geolabelid": 3583471, "label": "San Mart\u00edn"}, {"country": "El Salvador", "subcountry": "San Salvador", "geolabelid": 3583480, "label": "San Marcos"}, {"country": "El Salvador", "subcountry": "Moraz\u00e1n", "geolabelid": 3583747, "label": "San Francisco"}, {"country": "El Salvador", "subcountry": "La Libertad", "geolabelid": 3583981, "label": "Quezaltepeque"}, {"country": "El Salvador", "subcountry": "Usulut\u00e1n", "geolabelid": 3584003, "label": "Puerto El Triunfo"}, {"country": "El Salvador", "subcountry": "La Libertad", "geolabelid": 3584257, "label": "Santa Tecla"}, {"country": "El Salvador", "subcountry": "Santa Ana", "geolabelid": 3584384, "label": "Metap\u00e1n"}, {"country": "El Salvador", "subcountry": "San Salvador", "geolabelid": 3584399, "label": "Mejicanos"}, {"country": "El Salvador", "subcountry": "La Uni\u00f3n", "geolabelid": 3584772, "label": "La Uni\u00f3n"}, {"country": "El Salvador", "subcountry": "La Libertad", "geolabelid": 3585157, "label": "La Libertad"}, {"country": "El Salvador", "subcountry": "Sonsonate", "geolabelid": 3585473, "label": "Izalco"}, {"country": "El Salvador", "subcountry": "San Salvador", "geolabelid": 3585484, "label": "Ilopango"}, {"country": "El Salvador", "subcountry": "San Salvador", "geolabelid": 3586814, "label": "Delgado"}, {"country": "El Salvador", "subcountry": "San Salvador", "geolabelid": 3586833, "label": "Cuscatancingo"}, {"country": "El Salvador", "subcountry": "Cuscatl\u00e1n", "geolabelid": 3586977, "label": "Cojutepeque"}, {"country": "El Salvador", "subcountry": "Santa Ana", "geolabelid": 3587086, "label": "Chalchuapa"}, {"country": "El Salvador", "subcountry": "Chalatenango", "geolabelid": 3587091, "label": "Chalatenango"}, {"country": "El Salvador", "subcountry": "San Salvador", "geolabelid": 3587308, "label": "Ayutuxtepeque"}, {"country": "El Salvador", "subcountry": "San Salvador", "geolabelid": 3587345, "label": "Apopa"}, {"country": "El Salvador", "subcountry": "La Libertad", "geolabelid": 3587362, "label": "Antiguo Cuscatl\u00e1n"}, {"country": "El Salvador", "subcountry": "Ahuachap\u00e1n", "geolabelid": 3587426, "label": "Ahuachap\u00e1n"}, {"country": "El Salvador", "subcountry": "San Salvador", "geolabelid": 3587428, "label": "Aguilares"}, {"country": "El Salvador", "subcountry": "Sonsonate", "geolabelid": 3587498, "label": "Acajutla"}]