[{"country": "Ecuador", "subcountry": "Zamora-Chinchipe", "geolabelid": 3649959, "label": "Zamora"}, {"country": "Ecuador", "subcountry": "Guayas", "geolabelid": 3650121, "label": "Yaguachi Nuevo"}, {"country": "Ecuador", "subcountry": "Los R\u00edos", "geolabelid": 3650186, "label": "Vinces"}, {"country": "Ecuador", "subcountry": "Los R\u00edos", "geolabelid": 3650267, "label": "Ventanas"}, {"country": "Ecuador", "subcountry": "Guayas", "geolabelid": 3650273, "label": "Velasco Ibarra"}, {"country": "Ecuador", "subcountry": "Carchi", "geolabelid": 3650472, "label": "Tulc\u00e1n"}, {"country": "Ecuador", "subcountry": "Napo", "geolabelid": 3650721, "label": "Tena"}, {"country": "Ecuador", "subcountry": "Manab\u00ed", "geolabelid": 3650960, "label": "Sucre"}, {"country": "Ecuador", "subcountry": "Santo Domingo de los Ts\u00e1chilas", "geolabelid": 3651297, "label": "Santo Domingo de los Colorados"}, {"country": "Ecuador", "subcountry": "El Oro", "geolabelid": 3651356, "label": "Santa Rosa"}, {"country": "Ecuador", "subcountry": "Santa Elena", "geolabelid": 3651438, "label": "Santa Elena"}, {"country": "Ecuador", "subcountry": "Esmeraldas", "geolabelid": 3651694, "label": "San Lorenzo de Esmeraldas"}, {"country": "Ecuador", "subcountry": "Carchi", "geolabelid": 3651868, "label": "San Gabriel"}, {"country": "Ecuador", "subcountry": "Guayas", "geolabelid": 3652065, "label": "Samborond\u00f3n"}, {"country": "Ecuador", "subcountry": "Santa Elena", "geolabelid": 3652100, "label": "Salinas"}, {"country": "Ecuador", "subcountry": "Esmeraldas", "geolabelid": 3652257, "label": "Rosa Zarate"}, {"country": "Ecuador", "subcountry": "Chimborazo", "geolabelid": 3652350, "label": "Riobamba"}, {"country": "Ecuador", "subcountry": "Pichincha", "geolabelid": 3652462, "label": "Quito"}, {"country": "Ecuador", "subcountry": "Los R\u00edos", "geolabelid": 3652567, "label": "Quevedo"}, {"country": "Ecuador", "subcountry": "Pastaza", "geolabelid": 3652584, "label": "Puyo"}, {"country": "Ecuador", "subcountry": "Cotopaxi", "geolabelid": 3652684, "label": "Pujil\u00ed"}, {"country": "Ecuador", "subcountry": "Orellana", "geolabelid": 3652743, "label": "Puerto Francisco de Orellana"}, {"country": "Ecuador", "subcountry": "Manab\u00ed", "geolabelid": 3652941, "label": "Portoviejo"}, {"country": "Ecuador", "subcountry": "Guayas", "geolabelid": 3653015, "label": "Playas"}, {"country": "Ecuador", "subcountry": "El Oro", "geolabelid": 3653130, "label": "Pi\u00f1as"}, {"country": "Ecuador", "subcountry": "Tungurahua", "geolabelid": 3653287, "label": "Pelileo"}, {"country": "Ecuador", "subcountry": "Guayas", "geolabelid": 3653295, "label": "Pedro Carbo"}, {"country": "Ecuador", "subcountry": "El Oro", "geolabelid": 3653403, "label": "Pasaje"}, {"country": "Ecuador", "subcountry": "Imbabura", "geolabelid": 3653693, "label": "Otavalo"}, {"country": "Ecuador", "subcountry": "Guayas", "geolabelid": 3653873, "label": "Naranjito"}, {"country": "Ecuador", "subcountry": "Guayas", "geolabelid": 3653882, "label": "Naranjal"}, {"country": "Ecuador", "subcountry": "Manab\u00ed", "geolabelid": 3654055, "label": "Montecristi"}, {"country": "Ecuador", "subcountry": "Los R\u00edos", "geolabelid": 3654064, "label": "Montalvo"}, {"country": "Ecuador", "subcountry": "Manab\u00ed", "geolabelid": 3654410, "label": "Manta"}, {"country": "Ecuador", "subcountry": "El Oro", "geolabelid": 3654533, "label": "Machala"}, {"country": "Ecuador", "subcountry": "Pichincha", "geolabelid": 3654536, "label": "Machachi"}, {"country": "Ecuador", "subcountry": "Morona-Santiago", "geolabelid": 3654541, "label": "Macas"}, {"country": "Ecuador", "subcountry": "Loja", "geolabelid": 3654667, "label": "Loja"}, {"country": "Ecuador", "subcountry": "Ca\u00f1ar", "geolabelid": 3654853, "label": "La Troncal"}, {"country": "Ecuador", "subcountry": "Cotopaxi", "geolabelid": 3654870, "label": "Latacunga"}, {"country": "Ecuador", "subcountry": "Cotopaxi", "geolabelid": 3655117, "label": "La Man\u00e1"}, {"country": "Ecuador", "subcountry": "Guayas", "geolabelid": 3655131, "label": "La Libertad"}, {"country": "Ecuador", "subcountry": "Sucumbios", "geolabelid": 3655185, "label": "Nueva Loja"}, {"country": "Ecuador", "subcountry": "Manab\u00ed", "geolabelid": 3655446, "label": "Jipijapa"}, {"country": "Ecuador", "subcountry": "Imbabura", "geolabelid": 3655673, "label": "Ibarra"}, {"country": "Ecuador", "subcountry": "El Oro", "geolabelid": 3655720, "label": "Huaquillas"}, {"country": "Ecuador", "subcountry": "Guayas", "geolabelid": 3657509, "label": "Guayaquil"}, {"country": "Ecuador", "subcountry": "Bol\u00edvar", "geolabelid": 3657571, "label": "Guaranda"}, {"country": "Ecuador", "subcountry": "Azuay", "geolabelid": 3657670, "label": "Gualaceo"}, {"country": "Ecuador", "subcountry": "Esmeraldas", "geolabelid": 3657990, "label": "Esmeraldas"}, {"country": "Ecuador", "subcountry": "Guayas", "geolabelid": 3658053, "label": "El Triunfo"}, {"country": "Ecuador", "subcountry": "Guayas", "geolabelid": 3658192, "label": "Eloy Alfaro"}, {"country": "Ecuador", "subcountry": "Azuay", "geolabelid": 3658666, "label": "Cuenca"}, {"country": "Ecuador", "subcountry": "Manab\u00ed", "geolabelid": 3659139, "label": "Chone"}, {"country": "Ecuador", "subcountry": "Pichincha", "geolabelid": 3659578, "label": "Cayambe"}, {"country": "Ecuador", "subcountry": "Loja", "geolabelid": 3659599, "label": "Catamayo"}, {"country": "Ecuador", "subcountry": "Loja", "geolabelid": 3659711, "label": "Cariamanga"}, {"country": "Ecuador", "subcountry": "Manab\u00ed", "geolabelid": 3659926, "label": "Calceta"}, {"country": "Ecuador", "subcountry": "Orellana", "geolabelid": 3660152, "label": "Boca Suno"}, {"country": "Ecuador", "subcountry": "Guayas", "geolabelid": 3660361, "label": "Balzar"}, {"country": "Ecuador", "subcountry": "Manab\u00ed", "geolabelid": 3660401, "label": "Bah\u00eda de Car\u00e1quez"}, {"country": "Ecuador", "subcountry": "Los R\u00edos", "geolabelid": 3660418, "label": "Babahoyo"}, {"country": "Ecuador", "subcountry": "Ca\u00f1ar", "geolabelid": 3660434, "label": "Azogues"}, {"country": "Ecuador", "subcountry": "Imbabura", "geolabelid": 3660478, "label": "Atuntaqui"}, {"country": "Ecuador", "subcountry": "Tungurahua", "geolabelid": 3660689, "label": "Ambato"}, {"country": "Ecuador", "subcountry": "Pichincha", "geolabelid": 10277901, "label": "Tutamandahostel"}]