[{"country": "Indonesia", "subcountry": "North Sumatra", "geolabelid": 1213442, "label": "Tongging"}, {"country": "Indonesia", "subcountry": "North Sumatra", "geolabelid": 1213493, "label": "Teluk Nibung"}, {"country": "Indonesia", "subcountry": "North Sumatra", "geolabelid": 1213500, "label": "Tebingtinggi"}, {"country": "Indonesia", "subcountry": "North Sumatra", "geolabelid": 1213530, "label": "Tanjungtiram"}, {"country": "Indonesia", "subcountry": "North Sumatra", "geolabelid": 1213547, "label": "Tanjungbalai"}, {"country": "Indonesia", "subcountry": "North Sumatra", "geolabelid": 1213614, "label": "Sunggal"}, {"country": "Indonesia", "subcountry": "North Sumatra", "geolabelid": 1213655, "label": "Stabat"}, {"country": "Indonesia", "subcountry": "Aceh", "geolabelid": 1213713, "label": "Singkil"}, {"country": "Indonesia", "subcountry": "Aceh", "geolabelid": 1213821, "label": "Sigli"}, {"country": "Indonesia", "subcountry": "North Sumatra", "geolabelid": 1213855, "label": "Sibolga"}, {"country": "Indonesia", "subcountry": "Aceh", "geolabelid": 1214026, "label": "Sabang"}, {"country": "Indonesia", "subcountry": "Aceh", "geolabelid": 1214055, "label": "Reuleuet"}, {"country": "Indonesia", "subcountry": "North Sumatra", "geolabelid": 1214073, "label": "Rantauprapat"}, {"country": "Indonesia", "subcountry": "North Sumatra", "geolabelid": 1214189, "label": "Percut"}, {"country": "Indonesia", "subcountry": "North Sumatra", "geolabelid": 1214191, "label": "Perbaungan"}, {"country": "Indonesia", "subcountry": "North Sumatra", "geolabelid": 1214204, "label": "Pematangsiantar"}, {"country": "Indonesia", "subcountry": "North Sumatra", "geolabelid": 1214302, "label": "Pangkalan Brandan"}, {"country": "Indonesia", "subcountry": "North Sumatra", "geolabelid": 1214369, "label": "Padangsidempuan"}, {"country": "Indonesia", "subcountry": "Aceh", "geolabelid": 1214488, "label": "Meulaboh"}, {"country": "Indonesia", "subcountry": "North Sumatra", "geolabelid": 1214520, "label": "Medan"}, {"country": "Indonesia", "subcountry": "Aceh", "geolabelid": 1214658, "label": "Lhokseumawe"}, {"country": "Indonesia", "subcountry": "Aceh", "geolabelid": 1214724, "label": "Langsa"}, {"country": "Indonesia", "subcountry": "North Sumatra", "geolabelid": 1214800, "label": "Labuhan Deli"}, {"country": "Indonesia", "subcountry": "North Sumatra", "geolabelid": 1214882, "label": "Kisaran"}, {"country": "Indonesia", "subcountry": "North Sumatra", "geolabelid": 1214965, "label": "Kabanjahe"}, {"country": "Indonesia", "subcountry": "North Sumatra", "geolabelid": 1215199, "label": "Deli Tua"}, {"country": "Indonesia", "subcountry": "Aceh", "geolabelid": 1215350, "label": "Bireun"}, {"country": "Indonesia", "subcountry": "North Sumatra", "geolabelid": 1215355, "label": "Binjai"}, {"country": "Indonesia", "subcountry": "North Sumatra", "geolabelid": 1215395, "label": "Berastagi"}, {"country": "Indonesia", "subcountry": "North Sumatra", "geolabelid": 1215412, "label": "Belawan"}, {"country": "Indonesia", "subcountry": "North Sumatra", "geolabelid": 1215498, "label": "Bandar"}, {"country": "Indonesia", "subcountry": "Aceh", "geolabelid": 1215502, "label": "Banda Aceh"}, {"country": "Indonesia", "subcountry": "Daerah Istimewa Yogyakarta", "geolabelid": 1621177, "label": "Yogyakarta"}, {"country": "Indonesia", "subcountry": "Central Java", "geolabelid": 1621395, "label": "Wonosobo"}, {"country": "Indonesia", "subcountry": "Central Java", "geolabelid": 1621416, "label": "Wonopringgo"}, {"country": "Indonesia", "subcountry": "East Java", "geolabelid": 1621439, "label": "Wongsorejo"}, {"country": "Indonesia", "subcountry": "Central Java", "geolabelid": 1621520, "label": "Wiradesa"}, {"country": "Indonesia", "subcountry": "West Java", "geolabelid": 1621613, "label": "Weru"}, {"country": "Indonesia", "subcountry": "Central Java", "geolabelid": 1621655, "label": "Weleri"}, {"country": "Indonesia", "subcountry": "Central Java", "geolabelid": 1621659, "label": "Welahan"}, {"country": "Indonesia", "subcountry": "Central Java", "geolabelid": 1621678, "label": "Wedi"}, {"country": "Indonesia", "subcountry": "South Sulawesi", "geolabelid": 1621884, "label": "Watampone"}, {"country": "Indonesia", "subcountry": "Central Java", "geolabelid": 1622090, "label": "Wangon"}, {"country": "Indonesia", "subcountry": "West Java", "geolabelid": 1622138, "label": "Wanaraja"}, {"country": "Indonesia", "subcountry": "East Nusa Tenggara", "geolabelid": 1622318, "label": "Waingapu"}, {"country": "Indonesia", "subcountry": "Central Java", "geolabelid": 1622636, "label": "Ungaran"}, {"country": "Indonesia", "subcountry": "South Sulawesi", "geolabelid": 1622786, "label": "Makassar"}, {"country": "Indonesia", "subcountry": "Bali", "geolabelid": 1622846, "label": "Ubud"}, {"country": "Indonesia", "subcountry": "East Java", "geolabelid": 1623080, "label": "Tulungagung"}, {"country": "Indonesia", "subcountry": "East Java", "geolabelid": 1623096, "label": "Tulangan Utara"}, {"country": "Indonesia", "subcountry": "East Java", "geolabelid": 1623180, "label": "Tuban"}, {"country": "Indonesia", "subcountry": "Maluku", "geolabelid": 1623197, "label": "Tual"}, {"country": "Indonesia", "subcountry": "Central Java", "geolabelid": 1623223, "label": "Trucuk"}, {"country": "Indonesia", "subcountry": "East Java", "geolabelid": 1623251, "label": "Trenggalek"}, {"country": "Indonesia", "subcountry": "North Sulawesi", "geolabelid": 1623424, "label": "Tondano"}, {"country": "Indonesia", "subcountry": "North Sulawesi", "geolabelid": 1623446, "label": "Tomohon"}, {"country": "Indonesia", "subcountry": "Maluku Utara", "geolabelid": 1624041, "label": "Ternate"}, {"country": "Indonesia", "subcountry": "Lampung", "geolabelid": 1624058, "label": "Terbanggi Besar"}, {"country": "Indonesia", "subcountry": "Central Java", "geolabelid": 1624494, "label": "Tegal"}, {"country": "Indonesia", "subcountry": "Central Java", "geolabelid": 1624545, "label": "Tayu"}, {"country": "Indonesia", "subcountry": "West Java", "geolabelid": 1624647, "label": "Tasikmalaya"}, {"country": "Indonesia", "subcountry": "Central Java", "geolabelid": 1624668, "label": "Tarub"}, {"country": "Indonesia", "subcountry": "North Kalimantan", "geolabelid": 1624725, "label": "Tarakan"}, {"country": "Indonesia", "subcountry": "Riau Islands", "geolabelid": 1624863, "label": "Tanjungpinang"}, {"country": "Indonesia", "subcountry": "Bangka\u2013Belitung Islands", "geolabelid": 1624877, "label": "Tanjung Pandan"}, {"country": "Indonesia", "subcountry": "Lampung", "geolabelid": 1624917, "label": "Bandar Lampung"}, {"country": "Indonesia", "subcountry": "South Sumatra", "geolabelid": 1624987, "label": "Tanjungagung"}, {"country": "Indonesia", "subcountry": "East Java", "geolabelid": 1625067, "label": "Tanggulangin"}, {"country": "Indonesia", "subcountry": "Banten", "geolabelid": 1625084, "label": "Tangerang"}, {"country": "Indonesia", "subcountry": "Bali", "geolabelid": 1625708, "label": "Tabanan"}, {"country": "Indonesia", "subcountry": "Central Java", "geolabelid": 1625812, "label": "Surakarta"}, {"country": "Indonesia", "subcountry": "East Java", "geolabelid": 1625822, "label": "Surabaya"}, {"country": "Indonesia", "subcountry": "West Kalimantan", "geolabelid": 1625908, "label": "Sungai Raya"}, {"country": "Indonesia", "subcountry": "Jambi", "geolabelid": 1625929, "label": "Sungai Penuh"}, {"country": "Indonesia", "subcountry": "Bangka\u2013Belitung Islands", "geolabelid": 1625958, "label": "Sungailiat"}, {"country": "Indonesia", "subcountry": "East Java", "geolabelid": 1626099, "label": "Sumenep"}, {"country": "Indonesia", "subcountry": "N/A", "geolabelid": 1626100, "label": "Sumedang Utara"}, {"country": "Indonesia", "subcountry": "East Java", "geolabelid": 1626134, "label": "Sumberpucung"}, {"country": "Indonesia", "subcountry": "West Java", "geolabelid": 1626183, "label": "Sumber"}, {"country": "Indonesia", "subcountry": "West Nusa Tenggara", "geolabelid": 1626185, "label": "Sumbawa Besar"}, {"country": "Indonesia", "subcountry": "Central Java", "geolabelid": 1626312, "label": "Sokaraja"}, {"country": "Indonesia", "subcountry": "West Java", "geolabelid": 1626381, "label": "Sukabumi"}, {"country": "Indonesia", "subcountry": "East Java", "geolabelid": 1626486, "label": "Srono"}, {"country": "Indonesia", "subcountry": "Daerah Istimewa Yogyakarta", "geolabelid": 1626493, "label": "Srandakan"}, {"country": "Indonesia", "subcountry": "Central Java", "geolabelid": 1626498, "label": "Sragen"}, {"country": "Indonesia", "subcountry": "West Papua", "geolabelid": 1626542, "label": "Sorong"}, {"country": "Indonesia", "subcountry": "West Java", "geolabelid": 1626560, "label": "Soreang"}, {"country": "Indonesia", "subcountry": "West Sumatra", "geolabelid": 1626649, "label": "Solok"}, {"country": "Indonesia", "subcountry": "East Java", "geolabelid": 1626673, "label": "Soko"}, {"country": "Indonesia", "subcountry": "Maluku Utara", "geolabelid": 1626698, "label": "Sofifi"}, {"country": "Indonesia", "subcountry": "East Nusa Tenggara", "geolabelid": 1626703, "label": "Soe"}, {"country": "Indonesia", "subcountry": "Daerah Istimewa Yogyakarta", "geolabelid": 1626754, "label": "Sleman"}, {"country": "Indonesia", "subcountry": "Central Java", "geolabelid": 1626758, "label": "Slawi"}, {"country": "Indonesia", "subcountry": "East Java", "geolabelid": 1626801, "label": "Situbondo"}, {"country": "Indonesia", "subcountry": "South Sulawesi", "geolabelid": 1626895, "label": "Sinjai"}, {"country": "Indonesia", "subcountry": "East Java", "geolabelid": 1626899, "label": "Singosari"}, {"country": "Indonesia", "subcountry": "East Java", "geolabelid": 1626903, "label": "Singojuruh"}, {"country": "Indonesia", "subcountry": "West Kalimantan", "geolabelid": 1626916, "label": "Singkawang"}, {"country": "Indonesia", "subcountry": "South Sulawesi", "geolabelid": 1626921, "label": "Sengkang"}, {"country": "Indonesia", "subcountry": "Bali", "geolabelid": 1626932, "label": "Singaraja"}, {"country": "Indonesia", "subcountry": "West Java", "geolabelid": 1626936, "label": "Singaparna"}, {"country": "Indonesia", "subcountry": "Jambi", "geolabelid": 1627035, "label": "Simpang"}, {"country": "Indonesia", "subcountry": "West Sumatra", "geolabelid": 1627185, "label": "Sijunjung"}, {"country": "Indonesia", "subcountry": "East Java", "geolabelid": 1627253, "label": "Sidoarjo"}, {"country": "Indonesia", "subcountry": "Central Java", "geolabelid": 1627267, "label": "Sidareja"}, {"country": "Indonesia", "subcountry": "Daerah Istimewa Yogyakarta", "geolabelid": 1627357, "label": "Sewon"}, {"country": "Indonesia", "subcountry": "West Java", "geolabelid": 1627459, "label": "Serpong"}, {"country": "Indonesia", "subcountry": "Banten", "geolabelid": 1627549, "label": "Serang"}, {"country": "Indonesia", "subcountry": "West Java", "geolabelid": 1627610, "label": "Sepatan"}, {"country": "Indonesia", "subcountry": "Central Java", "geolabelid": 1627896, "label": "Semarang"}, {"country": "Indonesia", "subcountry": "Central Java", "geolabelid": 1627969, "label": "Selogiri"}, {"country": "Indonesia", "subcountry": "West Java", "geolabelid": 1628453, "label": "Sawangan"}, {"country": "Indonesia", "subcountry": "Central Kalimantan", "geolabelid": 1628884, "label": "Sampit"}, {"country": "Indonesia", "subcountry": "East Java", "geolabelid": 1628899, "label": "Sampang"}, {"country": "Indonesia", "subcountry": "East Kalimantan", "geolabelid": 1629001, "label": "Samarinda"}, {"country": "Indonesia", "subcountry": "Central Java", "geolabelid": 1629131, "label": "Salatiga"}, {"country": "Indonesia", "subcountry": "East Nusa Tenggara", "geolabelid": 1629380, "label": "Ruteng"}, {"country": "Indonesia", "subcountry": "West Java", "geolabelid": 1629710, "label": "Rengasdengklok"}, {"country": "Indonesia", "subcountry": "Central Java", "geolabelid": 1629749, "label": "Rembangan"}, {"country": "Indonesia", "subcountry": "South Sulawesi", "geolabelid": 1629974, "label": "Rantepao"}, {"country": "Indonesia", "subcountry": "Banten", "geolabelid": 1630058, "label": "Rangkasbitung"}, {"country": "Indonesia", "subcountry": "Central Java", "geolabelid": 1630088, "label": "Randudongkal"}, {"country": "Indonesia", "subcountry": "West Java", "geolabelid": 1630200, "label": "Rajapolah"}, {"country": "Indonesia", "subcountry": "Central Java", "geolabelid": 1630328, "label": "Purwokerto"}, {"country": "Indonesia", "subcountry": "Central Java", "geolabelid": 1630333, "label": "Purwodadi"}, {"country": "Indonesia", "subcountry": "West Java", "geolabelid": 1630341, "label": "Purwakarta"}, {"country": "Indonesia", "subcountry": "Central Java", "geolabelid": 1630366, "label": "Purbalingga"}, {"country": "Indonesia", "subcountry": "Daerah Istimewa Yogyakarta", "geolabelid": 1630416, "label": "Pundong"}, {"country": "Indonesia", "subcountry": "East Java", "geolabelid": 1630634, "label": "Probolinggo"}, {"country": "Indonesia", "subcountry": "East Java", "geolabelid": 1630649, "label": "Prigen"}, {"country": "Indonesia", "subcountry": "West Nusa Tenggara", "geolabelid": 1630662, "label": "Praya"}, {"country": "Indonesia", "subcountry": "Central Java", "geolabelid": 1630681, "label": "Candi Prambanan"}, {"country": "Indonesia", "subcountry": "Central Sulawesi", "geolabelid": 1630723, "label": "Poso"}, {"country": "Indonesia", "subcountry": "West Kalimantan", "geolabelid": 1630789, "label": "Pontianak"}, {"country": "Indonesia", "subcountry": "East Java", "geolabelid": 1630798, "label": "Ponorogo"}, {"country": "Indonesia", "subcountry": "Sulawesi Barat", "geolabelid": 1630935, "label": "Polewali"}, {"country": "Indonesia", "subcountry": "West Java", "geolabelid": 1630997, "label": "Plumbon"}, {"country": "Indonesia", "subcountry": "Central Java", "geolabelid": 1631271, "label": "Petarukan"}, {"country": "Indonesia", "subcountry": "South Sumatra", "geolabelid": 1631393, "label": "Prabumulih"}, {"country": "Indonesia", "subcountry": "West Kalimantan", "geolabelid": 1631637, "label": "Pemangkat"}, {"country": "Indonesia", "subcountry": "Central Java", "geolabelid": 1631648, "label": "Pemalang"}, {"country": "Indonesia", "subcountry": "West Java", "geolabelid": 1631733, "label": "Pelabuhanratu"}, {"country": "Indonesia", "subcountry": "Riau", "geolabelid": 1631761, "label": "Pekanbaru"}, {"country": "Indonesia", "subcountry": "Central Java", "geolabelid": 1631766, "label": "Pekalongan"}, {"country": "Indonesia", "subcountry": "Central Java", "geolabelid": 1631851, "label": "Pecangaan"}, {"country": "Indonesia", "subcountry": "West Sumatra", "geolabelid": 1631905, "label": "Payakumbuh"}, {"country": "Indonesia", "subcountry": "Central Java", "geolabelid": 1631992, "label": "Pati"}, {"country": "Indonesia", "subcountry": "East Java", "geolabelid": 1632033, "label": "Pasuruan"}, {"country": "Indonesia", "subcountry": "West Java", "geolabelid": 1632197, "label": "Paseh"}, {"country": "Indonesia", "subcountry": "West Java", "geolabelid": 1632228, "label": "Pasarkemis"}, {"country": "Indonesia", "subcountry": "West Java", "geolabelid": 1632276, "label": "Parung"}, {"country": "Indonesia", "subcountry": "West Sumatra", "geolabelid": 1632334, "label": "Pariaman"}, {"country": "Indonesia", "subcountry": "South Sulawesi", "geolabelid": 1632353, "label": "Parepare"}, {"country": "Indonesia", "subcountry": "East Java", "geolabelid": 1632358, "label": "Pare"}, {"country": "Indonesia", "subcountry": "East Java", "geolabelid": 1632566, "label": "Panji"}, {"country": "Indonesia", "subcountry": "Bangka\u2013Belitung Islands", "geolabelid": 1632654, "label": "Pangkalpinang"}, {"country": "Indonesia", "subcountry": "Central Kalimantan", "geolabelid": 1632694, "label": "Pangkalanbuun"}, {"country": "Indonesia", "subcountry": "Banten", "geolabelid": 1632823, "label": "Pandeglang"}, {"country": "Indonesia", "subcountry": "East Java", "geolabelid": 1632859, "label": "Pandaan"}, {"country": "Indonesia", "subcountry": "Daerah Istimewa Yogyakarta", "geolabelid": 1632861, "label": "Pandak"}, {"country": "Indonesia", "subcountry": "East Java", "geolabelid": 1632903, "label": "Panarukan"}, {"country": "Indonesia", "subcountry": "West Java", "geolabelid": 1632937, "label": "Pamulang"}, {"country": "Indonesia", "subcountry": "West Java", "geolabelid": 1632974, "label": "Pameungpeuk"}, {"country": "Indonesia", "subcountry": "East Java", "geolabelid": 1632978, "label": "Pamekasan"}, {"country": "Indonesia", "subcountry": "West Java", "geolabelid": 1632998, "label": "Pamanukan"}, {"country": "Indonesia", "subcountry": "Central Sulawesi", "geolabelid": 1633034, "label": "Palu"}, {"country": "Indonesia", "subcountry": "South Sulawesi", "geolabelid": 1633037, "label": "Palopo"}, {"country": "Indonesia", "subcountry": "West Java", "geolabelid": 1633056, "label": "Palimanan"}, {"country": "Indonesia", "subcountry": "South Sumatra", "geolabelid": 1633070, "label": "Palembang"}, {"country": "Indonesia", "subcountry": "Central Kalimantan", "geolabelid": 1633118, "label": "Palangkaraya"}, {"country": "Indonesia", "subcountry": "East Java", "geolabelid": 1633182, "label": "Pakisaji"}, {"country": "Indonesia", "subcountry": "South Sumatra", "geolabelid": 1633308, "label": "Pageralam"}, {"country": "Indonesia", "subcountry": "West Sumatra", "geolabelid": 1633419, "label": "Padang"}, {"country": "Indonesia", "subcountry": "East Java", "geolabelid": 1633442, "label": "Paciran"}, {"country": "Indonesia", "subcountry": "East Java", "geolabelid": 1633986, "label": "Ngunut"}, {"country": "Indonesia", "subcountry": "East Java", "geolabelid": 1634010, "label": "Ngoro"}, {"country": "Indonesia", "subcountry": "West Java", "geolabelid": 1634098, "label": "Ngawi"}, {"country": "Indonesia", "subcountry": "East Java", "geolabelid": 1634131, "label": "Nganjuk"}, {"country": "Indonesia", "subcountry": "Bali", "geolabelid": 1634266, "label": "Negara"}, {"country": "Indonesia", "subcountry": "Papua", "geolabelid": 1634614, "label": "Nabire"}, {"country": "Indonesia", "subcountry": "Bangka\u2013Belitung Islands", "geolabelid": 1634678, "label": "Muntok"}, {"country": "Indonesia", "subcountry": "Central Java", "geolabelid": 1634680, "label": "Muntilan"}, {"country": "Indonesia", "subcountry": "East Java", "geolabelid": 1634718, "label": "Muncar"}, {"country": "Indonesia", "subcountry": "Central Java", "geolabelid": 1634954, "label": "Mranggen"}, {"country": "Indonesia", "subcountry": "East Java", "geolabelid": 1635111, "label": "Mojokerto"}, {"country": "Indonesia", "subcountry": "East Java", "geolabelid": 1635116, "label": "Mojoagung"}, {"country": "Indonesia", "subcountry": "Central Java", "geolabelid": 1635164, "label": "Mlonggo"}, {"country": "Indonesia", "subcountry": "Lampung", "geolabelid": 1635283, "label": "Metro"}, {"country": "Indonesia", "subcountry": "Central Java", "geolabelid": 1635342, "label": "Mertoyudan"}, {"country": "Indonesia", "subcountry": "Daerah Istimewa Yogyakarta", "geolabelid": 1635660, "label": "Melati"}, {"country": "Indonesia", "subcountry": "East Nusa Tenggara", "geolabelid": 1635815, "label": "Maumere"}, {"country": "Indonesia", "subcountry": "West Nusa Tenggara", "geolabelid": 1635882, "label": "Mataram"}, {"country": "Indonesia", "subcountry": "South Kalimantan", "geolabelid": 1636022, "label": "Martapura"}, {"country": "Indonesia", "subcountry": "Central Java", "geolabelid": 1636121, "label": "Margasari"}, {"country": "Indonesia", "subcountry": "West Java", "geolabelid": 1636125, "label": "Margahayukencana"}, {"country": "Indonesia", "subcountry": "West Papua", "geolabelid": 1636308, "label": "Manokwari"}, {"country": "Indonesia", "subcountry": "West Kalimantan", "geolabelid": 1636322, "label": "Manismata"}, {"country": "Indonesia", "subcountry": "Bangka\u2013Belitung Islands", "geolabelid": 1636426, "label": "Manggar"}, {"country": "Indonesia", "subcountry": "Jambi", "geolabelid": 1636507, "label": "Mendaha"}, {"country": "Indonesia", "subcountry": "North Sulawesi", "geolabelid": 1636544, "label": "Manado"}, {"country": "Indonesia", "subcountry": "East Java", "geolabelid": 1636722, "label": "Malang"}, {"country": "Indonesia", "subcountry": "Sulawesi Barat", "geolabelid": 1636806, "label": "Majene"}, {"country": "Indonesia", "subcountry": "Central Java", "geolabelid": 1636808, "label": "Majenang"}, {"country": "Indonesia", "subcountry": "West Java", "geolabelid": 1636816, "label": "Majalengka"}, {"country": "Indonesia", "subcountry": "Central Java", "geolabelid": 1636884, "label": "Magelang"}, {"country": "Indonesia", "subcountry": "East Java", "geolabelid": 1636930, "label": "Madiun"}, {"country": "Indonesia", "subcountry": "Central Sulawesi", "geolabelid": 1637001, "label": "Luwuk"}, {"country": "Indonesia", "subcountry": "East Java", "geolabelid": 1637090, "label": "Lumajang"}, {"country": "Indonesia", "subcountry": "South Sumatra", "geolabelid": 1637158, "label": "Lubuklinggau"}, {"country": "Indonesia", "subcountry": "East Kalimantan", "geolabelid": 1637510, "label": "Loa Janan"}, {"country": "Indonesia", "subcountry": "West Java", "geolabelid": 1638063, "label": "Lembang"}, {"country": "Indonesia", "subcountry": "Central Java", "geolabelid": 1638217, "label": "Lebaksiu"}, {"country": "Indonesia", "subcountry": "East Java", "geolabelid": 1638284, "label": "Lawang"}, {"country": "Indonesia", "subcountry": "Central Java", "geolabelid": 1638352, "label": "Lasem"}, {"country": "Indonesia", "subcountry": "East Java", "geolabelid": 1638562, "label": "Lamongan"}, {"country": "Indonesia", "subcountry": "South Sumatra", "geolabelid": 1638775, "label": "Lahat"}, {"country": "Indonesia", "subcountry": "East Nusa Tenggara", "geolabelid": 1638868, "label": "Labuan Bajo"}, {"country": "Indonesia", "subcountry": "Banten", "geolabelid": 1638870, "label": "Labuan"}, {"country": "Indonesia", "subcountry": "Central Java", "geolabelid": 1638981, "label": "Kutoarjo"}, {"country": "Indonesia", "subcountry": "Bali", "geolabelid": 1639002, "label": "Kuta"}, {"country": "Indonesia", "subcountry": "West Java", "geolabelid": 1639094, "label": "Kuningan"}, {"country": "Indonesia", "subcountry": "Central Java", "geolabelid": 1639215, "label": "Kudus"}, {"country": "Indonesia", "subcountry": "Jambi", "geolabelid": 1639286, "label": "Kuala Tungkal"}, {"country": "Indonesia", "subcountry": "Central Kalimantan", "geolabelid": 1639304, "label": "Kualakapuas"}, {"country": "Indonesia", "subcountry": "Central Java", "geolabelid": 1639337, "label": "Kroya"}, {"country": "Indonesia", "subcountry": "East Java", "geolabelid": 1639356, "label": "Krian"}, {"country": "Indonesia", "subcountry": "West Java", "geolabelid": 1639362, "label": "Kresek"}, {"country": "Indonesia", "subcountry": "East Java", "geolabelid": 1639431, "label": "Kraksaan"}, {"country": "Indonesia", "subcountry": "Lampung", "geolabelid": 1639524, "label": "Kotabumi"}, {"country": "Indonesia", "subcountry": "Bali", "geolabelid": 1639850, "label": "Klungkung"}, {"country": "Indonesia", "subcountry": "Central Java", "geolabelid": 1639900, "label": "Klaten"}, {"country": "Indonesia", "subcountry": "West Java", "geolabelid": 1639925, "label": "Klangenan"}, {"country": "Indonesia", "subcountry": "Riau Islands", "geolabelid": 1640044, "label": "Kijang"}, {"country": "Indonesia", "subcountry": "Central Java", "geolabelid": 1640138, "label": "Ketanggungan"}, {"country": "Indonesia", "subcountry": "East Java", "geolabelid": 1640185, "label": "Kertosono"}, {"country": "Indonesia", "subcountry": "East Java", "geolabelid": 1640296, "label": "Kepanjen"}, {"country": "Indonesia", "subcountry": "Sulawesi Tenggara", "geolabelid": 1640344, "label": "Kendari"}, {"country": "Indonesia", "subcountry": "East Java", "geolabelid": 1640354, "label": "Kencong"}, {"country": "Indonesia", "subcountry": "East Nusa Tenggara", "geolabelid": 1640576, "label": "Kefamenanu"}, {"country": "Indonesia", "subcountry": "Central Java", "geolabelid": 1640581, "label": "Kedungwuni"}, {"country": "Indonesia", "subcountry": "East Java", "geolabelid": 1640585, "label": "Kedungwaru"}, {"country": "Indonesia", "subcountry": "East Java", "geolabelid": 1640660, "label": "Kediri"}, {"country": "Indonesia", "subcountry": "Central Java", "geolabelid": 1640755, "label": "Kebonarun"}, {"country": "Indonesia", "subcountry": "East Java", "geolabelid": 1640765, "label": "Kebomas"}, {"country": "Indonesia", "subcountry": "West Java", "geolabelid": 1640902, "label": "Kawalu"}, {"country": "Indonesia", "subcountry": "Sulawesi Tenggara", "geolabelid": 1640972, "label": "Katabu"}, {"country": "Indonesia", "subcountry": "West Java", "geolabelid": 1641184, "label": "Karangsembung"}, {"country": "Indonesia", "subcountry": "Bali", "geolabelid": 1641301, "label": "Karangasem"}, {"country": "Indonesia", "subcountry": "Central Java", "geolabelid": 1641333, "label": "Karanganom"}, {"country": "Indonesia", "subcountry": "West Java", "geolabelid": 1641342, "label": "Karangampel"}, {"country": "Indonesia", "subcountry": "East Java", "geolabelid": 1641792, "label": "Kamal"}, {"country": "Indonesia", "subcountry": "East Java", "geolabelid": 1641977, "label": "Kalianget"}, {"country": "Indonesia", "subcountry": "Central Java", "geolabelid": 1642317, "label": "Juwana"}, {"country": "Indonesia", "subcountry": "East Java", "geolabelid": 1642414, "label": "Jombang"}, {"country": "Indonesia", "subcountry": "Central Java", "geolabelid": 1642437, "label": "Jogonalan"}, {"country": "Indonesia", "subcountry": "East Java", "geolabelid": 1642588, "label": "Jember"}, {"country": "Indonesia", "subcountry": "Central Java", "geolabelid": 1642628, "label": "Jekulo"}, {"country": "Indonesia", "subcountry": "West Java", "geolabelid": 1642684, "label": "Jatiwangi"}, {"country": "Indonesia", "subcountry": "Central Java", "geolabelid": 1642692, "label": "Jatiroto"}, {"country": "Indonesia", "subcountry": "West Java", "geolabelid": 1642726, "label": "Jatibarang"}, {"country": "Indonesia", "subcountry": "Central Java", "geolabelid": 1642754, "label": "Jaten"}, {"country": "Indonesia", "subcountry": "Jambi", "geolabelid": 1642858, "label": "Jambi City"}, {"country": "Indonesia", "subcountry": "Jakarta Raya", "geolabelid": 1642911, "label": "Jakarta"}, {"country": "Indonesia", "subcountry": "West Java", "geolabelid": 1643078, "label": "Indramayu"}, {"country": "Indonesia", "subcountry": "Central Java", "geolabelid": 1643761, "label": "Grogol"}, {"country": "Indonesia", "subcountry": "East Java", "geolabelid": 1643776, "label": "Gresik"}, {"country": "Indonesia", "subcountry": "Gorontalo", "geolabelid": 1643837, "label": "Gorontalo"}, {"country": "Indonesia", "subcountry": "East Java", "geolabelid": 1643898, "label": "Gongdanglegi Kulon"}, {"country": "Indonesia", "subcountry": "Central Java", "geolabelid": 1643920, "label": "Gombong"}, {"country": "Indonesia", "subcountry": "Daerah Istimewa Yogyakarta", "geolabelid": 1643981, "label": "Godean"}, {"country": "Indonesia", "subcountry": "East Java", "geolabelid": 1644178, "label": "Genteng"}, {"country": "Indonesia", "subcountry": "East Java", "geolabelid": 1644349, "label": "Gedangan"}, {"country": "Indonesia", "subcountry": "Central Java", "geolabelid": 1644360, "label": "Gebog"}, {"country": "Indonesia", "subcountry": "East Java", "geolabelid": 1644522, "label": "Gampengrejo"}, {"country": "Indonesia", "subcountry": "East Java", "geolabelid": 1644557, "label": "Gambiran Satu"}, {"country": "Indonesia", "subcountry": "South Sulawesi", "geolabelid": 1644605, "label": "Galesong"}, {"country": "Indonesia", "subcountry": "East Nusa Tenggara", "geolabelid": 1644932, "label": "Ende"}, {"country": "Indonesia", "subcountry": "Riau", "geolabelid": 1645133, "label": "Dumai"}, {"country": "Indonesia", "subcountry": "Central Java", "geolabelid": 1645154, "label": "Dukuhturi"}, {"country": "Indonesia", "subcountry": "East Java", "geolabelid": 1645220, "label": "Driyorejo"}, {"country": "Indonesia", "subcountry": "West Nusa Tenggara", "geolabelid": 1645343, "label": "Dompu"}, {"country": "Indonesia", "subcountry": "East Java", "geolabelid": 1645428, "label": "Diwek"}, {"country": "Indonesia", "subcountry": "Daerah Istimewa Yogyakarta", "geolabelid": 1645518, "label": "Depok"}, {"country": "Indonesia", "subcountry": "West Java", "geolabelid": 1645524, "label": "Depok"}, {"country": "Indonesia", "subcountry": "Bali", "geolabelid": 1645528, "label": "Denpasar"}, {"country": "Indonesia", "subcountry": "Central Java", "geolabelid": 1645559, "label": "Demak"}, {"country": "Indonesia", "subcountry": "Central Java", "geolabelid": 1645565, "label": "Delanggu"}, {"country": "Indonesia", "subcountry": "East Java", "geolabelid": 1645749, "label": "Dampit"}, {"country": "Indonesia", "subcountry": "Bengkulu", "geolabelid": 1645875, "label": "Curup"}, {"country": "Indonesia", "subcountry": "Banten", "geolabelid": 1645895, "label": "Curug"}, {"country": "Indonesia", "subcountry": "Central Java", "geolabelid": 1645976, "label": "Comal"}, {"country": "Indonesia", "subcountry": "Central Java", "geolabelid": 1645978, "label": "Colomadu"}, {"country": "Indonesia", "subcountry": "West Java", "geolabelid": 1646034, "label": "Citeureup"}, {"country": "Indonesia", "subcountry": "West Java", "geolabelid": 1646170, "label": "Cirebon"}, {"country": "Indonesia", "subcountry": "West Java", "geolabelid": 1646194, "label": "Ciputat"}, {"country": "Indonesia", "subcountry": "West Java", "geolabelid": 1646448, "label": "Cimahi"}, {"country": "Indonesia", "subcountry": "West Java", "geolabelid": 1646492, "label": "Cileunyi"}, {"country": "Indonesia", "subcountry": "West Java", "geolabelid": 1646494, "label": "Cileungsir"}, {"country": "Indonesia", "subcountry": "West Java", "geolabelid": 1646678, "label": "Cikarang"}, {"country": "Indonesia", "subcountry": "West Java", "geolabelid": 1646698, "label": "Cikampek"}, {"country": "Indonesia", "subcountry": "West Java", "geolabelid": 1646893, "label": "Cicurug"}, {"country": "Indonesia", "subcountry": "West Java", "geolabelid": 1647003, "label": "Cibinong"}, {"country": "Indonesia", "subcountry": "West Java", "geolabelid": 1647149, "label": "Ciamis"}, {"country": "Indonesia", "subcountry": "Central Java", "geolabelid": 1647179, "label": "Cepu"}, {"country": "Indonesia", "subcountry": "Central Java", "geolabelid": 1647187, "label": "Ceper"}, {"country": "Indonesia", "subcountry": "West Java", "geolabelid": 1647298, "label": "Caringin"}, {"country": "Indonesia", "subcountry": "West Java", "geolabelid": 1647383, "label": "Ciampea"}, {"country": "Indonesia", "subcountry": "Central Java", "geolabelid": 1647834, "label": "Bulakamba"}, {"country": "Indonesia", "subcountry": "West Sumatra", "geolabelid": 1647866, "label": "Bukittinggi"}, {"country": "Indonesia", "subcountry": "East Java", "geolabelid": 1647936, "label": "Buduran"}, {"country": "Indonesia", "subcountry": "Central Java", "geolabelid": 1647991, "label": "Buaran"}, {"country": "Indonesia", "subcountry": "East Java", "geolabelid": 1648082, "label": "Boyolangu"}, {"country": "Indonesia", "subcountry": "Central Java", "geolabelid": 1648084, "label": "Boyolali"}, {"country": "Indonesia", "subcountry": "East Kalimantan", "geolabelid": 1648186, "label": "Bontang"}, {"country": "Indonesia", "subcountry": "East Java", "geolabelid": 1648266, "label": "Bondowoso"}, {"country": "Indonesia", "subcountry": "East Java", "geolabelid": 1648451, "label": "Bojonegoro"}, {"country": "Indonesia", "subcountry": "West Java", "geolabelid": 1648473, "label": "Bogor"}, {"country": "Indonesia", "subcountry": "Central Java", "geolabelid": 1648568, "label": "Blora"}, {"country": "Indonesia", "subcountry": "East Java", "geolabelid": 1648580, "label": "Blitar"}, {"country": "Indonesia", "subcountry": "North Sulawesi", "geolabelid": 1648636, "label": "Bitung"}, {"country": "Indonesia", "subcountry": "West Nusa Tenggara", "geolabelid": 1648759, "label": "Bima"}, {"country": "Indonesia", "subcountry": "East Java", "geolabelid": 1648918, "label": "Besuki"}, {"country": "Indonesia", "subcountry": "Bengkulu", "geolabelid": 1649150, "label": "Bengkulu"}, {"country": "Indonesia", "subcountry": "West Java", "geolabelid": 1649378, "label": "Bekasi"}, {"country": "Indonesia", "subcountry": "South Sumatra", "geolabelid": 1649593, "label": "Baturaja"}, {"country": "Indonesia", "subcountry": "Central Java", "geolabelid": 1649595, "label": "Baturaden"}, {"country": "Indonesia", "subcountry": "East Java", "geolabelid": 1649824, "label": "Batu"}, {"country": "Indonesia", "subcountry": "Central Java", "geolabelid": 1649881, "label": "Batang"}, {"country": "Indonesia", "subcountry": "South Kalimantan", "geolabelid": 1650064, "label": "Barabai"}, {"country": "Indonesia", "subcountry": "East Java", "geolabelid": 1650077, "label": "Banyuwangi"}, {"country": "Indonesia", "subcountry": "Central Java", "geolabelid": 1650095, "label": "Banyumas"}, {"country": "Indonesia", "subcountry": "Daerah Istimewa Yogyakarta", "geolabelid": 1650119, "label": "Bantul"}, {"country": "Indonesia", "subcountry": "South Kalimantan", "geolabelid": 1650213, "label": "Banjarmasin"}, {"country": "Indonesia", "subcountry": "West Java", "geolabelid": 1650227, "label": "Banjaran"}, {"country": "Indonesia", "subcountry": "Bali", "geolabelid": 1650232, "label": "Banjar"}, {"country": "Indonesia", "subcountry": "West Java", "geolabelid": 1650234, "label": "Banjar"}, {"country": "Indonesia", "subcountry": "East Java", "geolabelid": 1650298, "label": "Bangkalan"}, {"country": "Indonesia", "subcountry": "East Java", "geolabelid": 1650319, "label": "Bangil"}, {"country": "Indonesia", "subcountry": "West Java", "geolabelid": 1650357, "label": "Bandung"}, {"country": "Indonesia", "subcountry": "Daerah Istimewa Yogyakarta", "geolabelid": 1650434, "label": "Bambanglipuro"}, {"country": "Indonesia", "subcountry": "East Java", "geolabelid": 1650460, "label": "Balung"}, {"country": "Indonesia", "subcountry": "East Kalimantan", "geolabelid": 1650527, "label": "Balikpapan"}, {"country": "Indonesia", "subcountry": "Central Java", "geolabelid": 1650572, "label": "Balapulang"}, {"country": "Indonesia", "subcountry": "Riau", "geolabelid": 1650600, "label": "Balaipungut"}, {"country": "Indonesia", "subcountry": "Central Java", "geolabelid": 1650670, "label": "Baki"}, {"country": "Indonesia", "subcountry": "Central Java", "geolabelid": 1650815, "label": "Baekrajan"}, {"country": "Indonesia", "subcountry": "East Java", "geolabelid": 1650888, "label": "Babat"}, {"country": "Indonesia", "subcountry": "East Nusa Tenggara", "geolabelid": 1651103, "label": "Atambua"}, {"country": "Indonesia", "subcountry": "West Java", "geolabelid": 1651112, "label": "Astanajapura"}, {"country": "Indonesia", "subcountry": "West Java", "geolabelid": 1651226, "label": "Arjawinangun"}, {"country": "Indonesia", "subcountry": "South Kalimantan", "geolabelid": 1651461, "label": "Amuntai"}, {"country": "Indonesia", "subcountry": "Maluku", "geolabelid": 1651531, "label": "Ambon"}, {"country": "Indonesia", "subcountry": "Central Java", "geolabelid": 1651555, "label": "Ambarawa"}, {"country": "Indonesia", "subcountry": "Maluku", "geolabelid": 1651591, "label": "Amahai"}, {"country": "Indonesia", "subcountry": "Central Java", "geolabelid": 1651887, "label": "Adiwerna"}, {"country": "Indonesia", "subcountry": "West Java", "geolabelid": 1963770, "label": "Padalarang"}, {"country": "Indonesia", "subcountry": "West Java", "geolabelid": 1964032, "label": "Ciranjang-hilir"}, {"country": "Indonesia", "subcountry": "West Java", "geolabelid": 1985663, "label": "Cikupa"}, {"country": "Indonesia", "subcountry": "West Java", "geolabelid": 1990589, "label": "Teluknaga"}, {"country": "Indonesia", "subcountry": "Daerah Istimewa Yogyakarta", "geolabelid": 2002872, "label": "Wonosari"}, {"country": "Indonesia", "subcountry": "Daerah Istimewa Yogyakarta", "geolabelid": 2005057, "label": "Gamping Lor"}, {"country": "Indonesia", "subcountry": "Daerah Istimewa Yogyakarta", "geolabelid": 2005237, "label": "Kasihan"}, {"country": "Indonesia", "subcountry": "Central Java", "geolabelid": 2010971, "label": "Ngemplak"}, {"country": "Indonesia", "subcountry": "Central Java", "geolabelid": 2010985, "label": "Kartasura"}, {"country": "Indonesia", "subcountry": "Central Java", "geolabelid": 2011457, "label": "Gatak"}, {"country": "Indonesia", "subcountry": "East Nusa Tenggara", "geolabelid": 2057087, "label": "Kupang"}, {"country": "Indonesia", "subcountry": "Papua", "geolabelid": 2082600, "label": "Jayapura"}, {"country": "Indonesia", "subcountry": "Papua", "geolabelid": 2082727, "label": "Abepura"}, {"country": "Indonesia", "subcountry": "Bali", "geolabelid": 7084521, "label": "Seririt"}, {"country": "Indonesia", "subcountry": "East Kalimantan", "geolabelid": 8224624, "label": "City of Balikpapan"}, {"country": "Indonesia", "subcountry": "North Sumatra", "geolabelid": 8449493, "label": "Pekan Bahapal"}, {"country": "Indonesia", "subcountry": "Banten", "geolabelid": 8581443, "label": "South Tangerang"}]