[{"country": "Estonia", "subcountry": "Viljandimaa", "geolabelid": 587577, "label": "Viljandi"}, {"country": "Estonia", "subcountry": "Tartu", "geolabelid": 588335, "label": "Tartu"}, {"country": "Estonia", "subcountry": "Harjumaa", "geolabelid": 588409, "label": "Tallinn"}, {"country": "Estonia", "subcountry": "Ida-Virumaa", "geolabelid": 588686, "label": "Sillam\u00e4e"}, {"country": "Estonia", "subcountry": "L\u00e4\u00e4ne-Virumaa", "geolabelid": 589165, "label": "Rakvere"}, {"country": "Estonia", "subcountry": "P\u00e4rnumaa", "geolabelid": 589580, "label": "P\u00e4rnu"}, {"country": "Estonia", "subcountry": "Ida-Virumaa", "geolabelid": 590031, "label": "Narva"}, {"country": "Estonia", "subcountry": "Harjumaa", "geolabelid": 590447, "label": "Maardu"}, {"country": "Estonia", "subcountry": "Ida-Virumaa", "geolabelid": 591260, "label": "Kohtla-J\u00e4rve"}]