[{"country": "Colombia", "subcountry": "Cundinamarca", "geolabelid": 3665542, "label": "Zipaquir\u00e1"}, {"country": "Colombia", "subcountry": "Valle del Cauca", "geolabelid": 3665559, "label": "Zarzal"}, {"country": "Colombia", "subcountry": "Antioquia", "geolabelid": 3665566, "label": "Zaragoza"}, {"country": "Colombia", "subcountry": "Valle del Cauca", "geolabelid": 3665657, "label": "Yumbo"}, {"country": "Colombia", "subcountry": "Casanare", "geolabelid": 3665688, "label": "Yopal"}, {"country": "Colombia", "subcountry": "Antioquia", "geolabelid": 3665741, "label": "Yarumal"}, {"country": "Colombia", "subcountry": "Caldas", "geolabelid": 3665851, "label": "Viterbo"}, {"country": "Colombia", "subcountry": "Cundinamarca", "geolabelid": 3665895, "label": "Villeta"}, {"country": "Colombia", "subcountry": "Meta", "geolabelid": 3665900, "label": "Villavicencio"}, {"country": "Colombia", "subcountry": "Norte de Santander", "geolabelid": 3665913, "label": "Villa del Rosario"}, {"country": "Colombia", "subcountry": "La Guajira", "geolabelid": 3665934, "label": "Villanueva"}, {"country": "Colombia", "subcountry": "Casanare", "geolabelid": 3665951, "label": "Villanueva"}, {"country": "Colombia", "subcountry": "Caldas", "geolabelid": 3665973, "label": "Villamar\u00eda"}, {"country": "Colombia", "subcountry": "Cesar", "geolabelid": 3666304, "label": "Valledupar"}, {"country": "Colombia", "subcountry": "Antioquia", "geolabelid": 3666395, "label": "Urrao"}, {"country": "Colombia", "subcountry": "Cundinamarca", "geolabelid": 3666519, "label": "Ubat\u00e9"}, {"country": "Colombia", "subcountry": "Antioquia", "geolabelid": 3666570, "label": "Turbo"}, {"country": "Colombia", "subcountry": "Bol\u00edvar", "geolabelid": 3666577, "label": "Turbaco"}, {"country": "Colombia", "subcountry": "Nari\u00f1o", "geolabelid": 3666582, "label": "T\u00faquerres"}, {"country": "Colombia", "subcountry": "Boyac\u00e1", "geolabelid": 3666608, "label": "Tunja"}, {"country": "Colombia", "subcountry": "Nari\u00f1o", "geolabelid": 3666640, "label": "Tumaco"}, {"country": "Colombia", "subcountry": "Valle del Cauca", "geolabelid": 3666645, "label": "Tulu\u00e1"}, {"country": "Colombia", "subcountry": "Sucre", "geolabelid": 3666939, "label": "Tol\u00fa"}, {"country": "Colombia", "subcountry": "C\u00f3rdoba", "geolabelid": 3667158, "label": "Tierralta"}, {"country": "Colombia", "subcountry": "Arauca", "geolabelid": 3667478, "label": "Tame"}, {"country": "Colombia", "subcountry": "Sucre", "geolabelid": 3667728, "label": "Sucre"}, {"country": "Colombia", "subcountry": "Antioquia", "geolabelid": 3667820, "label": "Sons\u00f3n"}, {"country": "Colombia", "subcountry": "Atl\u00e1ntico", "geolabelid": 3667849, "label": "Soledad"}, {"country": "Colombia", "subcountry": "Boyac\u00e1", "geolabelid": 3667873, "label": "Sogamoso"}, {"country": "Colombia", "subcountry": "Santander", "geolabelid": 3667887, "label": "Socorro"}, {"country": "Colombia", "subcountry": "Cundinamarca", "geolabelid": 3667905, "label": "Soacha"}, {"country": "Colombia", "subcountry": "Sucre", "geolabelid": 3667983, "label": "Sincelejo"}, {"country": "Colombia", "subcountry": "Sucre", "geolabelid": 3667991, "label": "Sinc\u00e9"}, {"country": "Colombia", "subcountry": "Cundinamarca", "geolabelid": 3668087, "label": "Sibat\u00e9"}, {"country": "Colombia", "subcountry": "Valle del Cauca", "geolabelid": 3668132, "label": "Sevilla"}, {"country": "Colombia", "subcountry": "Antioquia", "geolabelid": 3668175, "label": "Segovia"}, {"country": "Colombia", "subcountry": "Antioquia", "geolabelid": 3668323, "label": "Santuario"}, {"country": "Colombia", "subcountry": "Atl\u00e1ntico", "geolabelid": 3668332, "label": "Santo Tom\u00e1s"}, {"country": "Colombia", "subcountry": "Risaralda", "geolabelid": 3668454, "label": "Santa Rosa de Cabal"}, {"country": "Colombia", "subcountry": "Cauca", "geolabelid": 3668572, "label": "Santander de Quilichao"}, {"country": "Colombia", "subcountry": "Magdalena", "geolabelid": 3668605, "label": "Santa Marta"}, {"country": "Colombia", "subcountry": "Atl\u00e1ntico", "geolabelid": 3668655, "label": "Santa Luc\u00eda"}, {"country": "Colombia", "subcountry": "Sucre", "geolabelid": 3669218, "label": "San Onofre"}, {"country": "Colombia", "subcountry": "Meta", "geolabelid": 3669332, "label": "San Mart\u00edn"}, {"country": "Colombia", "subcountry": "Sucre", "geolabelid": 3669346, "label": "San Marcos"}, {"country": "Colombia", "subcountry": "Bol\u00edvar", "geolabelid": 3669454, "label": "San Juan Nepomuceno"}, {"country": "Colombia", "subcountry": "La Guajira", "geolabelid": 3669469, "label": "San Juan del Cesar"}, {"country": "Colombia", "subcountry": "Bol\u00edvar", "geolabelid": 3669736, "label": "San Jacinto"}, {"country": "Colombia", "subcountry": "Santander", "geolabelid": 3669808, "label": "San Gil"}, {"country": "Colombia", "subcountry": "C\u00f3rdoba", "geolabelid": 3669997, "label": "San Carlos"}, {"country": "Colombia", "subcountry": "Antioquia", "geolabelid": 3669998, "label": "San Carlos"}, {"country": "Colombia", "subcountry": "Sucre", "geolabelid": 3670038, "label": "San Benito Abad"}, {"country": "Colombia", "subcountry": "Archipi\u00e9lago de San Andr\u00e9s, Providencia y Santa Catalina", "geolabelid": 3670218, "label": "San Andr\u00e9s"}, {"country": "Colombia", "subcountry": "Sucre", "geolabelid": 3670280, "label": "Sampu\u00e9s"}, {"country": "Colombia", "subcountry": "Caldas", "geolabelid": 3670370, "label": "Salamina"}, {"country": "Colombia", "subcountry": "C\u00f3rdoba", "geolabelid": 3670419, "label": "Sahag\u00fan"}, {"country": "Colombia", "subcountry": "Antioquia", "geolabelid": 3670475, "label": "Sabaneta"}, {"country": "Colombia", "subcountry": "Atl\u00e1ntico", "geolabelid": 3670502, "label": "Sabanalarga"}, {"country": "Colombia", "subcountry": "Atl\u00e1ntico", "geolabelid": 3670513, "label": "Sabanagrande"}, {"country": "Colombia", "subcountry": "Valle del Cauca", "geolabelid": 3670644, "label": "Roldanillo"}, {"country": "Colombia", "subcountry": "Caldas", "geolabelid": 3670719, "label": "Riosucio"}, {"country": "Colombia", "subcountry": "Antioquia", "geolabelid": 3670730, "label": "Rionegro"}, {"country": "Colombia", "subcountry": "La Guajira", "geolabelid": 3670745, "label": "R\u00edohacha"}, {"country": "Colombia", "subcountry": "Atl\u00e1ntico", "geolabelid": 3670874, "label": "Repel\u00f3n"}, {"country": "Colombia", "subcountry": "Quind\u00edo", "geolabelid": 3671098, "label": "Quimbaya"}, {"country": "Colombia", "subcountry": "Choc\u00f3", "geolabelid": 3671116, "label": "Quibd\u00f3"}, {"country": "Colombia", "subcountry": "Cauca", "geolabelid": 3671315, "label": "Puerto Tejada"}, {"country": "Colombia", "subcountry": "Norte de Santander", "geolabelid": 3671325, "label": "Puerto Santander"}, {"country": "Colombia", "subcountry": "Meta", "geolabelid": 3671418, "label": "Puerto L\u00f3pez"}, {"country": "Colombia", "subcountry": "Atl\u00e1ntico", "geolabelid": 3671497, "label": "Puerto Colombia"}, {"country": "Colombia", "subcountry": "Boyac\u00e1", "geolabelid": 3671531, "label": "Puerto Boyac\u00e1"}, {"country": "Colombia", "subcountry": "Antioquia", "geolabelid": 3671540, "label": "Puerto Berr\u00edo"}, {"country": "Colombia", "subcountry": "Putumayo", "geolabelid": 3671549, "label": "Puerto As\u00eds"}, {"country": "Colombia", "subcountry": "Valle del Cauca", "geolabelid": 3671772, "label": "Pradera"}, {"country": "Colombia", "subcountry": "Cauca", "geolabelid": 3671916, "label": "Popay\u00e1n"}, {"country": "Colombia", "subcountry": "C\u00f3rdoba", "geolabelid": 3672068, "label": "Planeta Rica"}, {"country": "Colombia", "subcountry": "Magdalena", "geolabelid": 3672093, "label": "Pivijay"}, {"country": "Colombia", "subcountry": "Huila", "geolabelid": 3672110, "label": "Pitalito"}, {"country": "Colombia", "subcountry": "Santander", "geolabelid": 3672328, "label": "Piedecuesta"}, {"country": "Colombia", "subcountry": "Risaralda", "geolabelid": 3672486, "label": "Pereira"}, {"country": "Colombia", "subcountry": "Cauca", "geolabelid": 3672761, "label": "Pat\u00eda"}, {"country": "Colombia", "subcountry": "Nari\u00f1o", "geolabelid": 3672778, "label": "Pasto"}, {"country": "Colombia", "subcountry": "Norte de Santander", "geolabelid": 3673045, "label": "Pamplona"}, {"country": "Colombia", "subcountry": "Valle del Cauca", "geolabelid": 3673164, "label": "Palmira"}, {"country": "Colombia", "subcountry": "Atl\u00e1ntico", "geolabelid": 3673220, "label": "Palmar de Varela"}, {"country": "Colombia", "subcountry": "Cauca", "geolabelid": 3673398, "label": "Belalcazar"}, {"country": "Colombia", "subcountry": "Cundinamarca", "geolabelid": 3673424, "label": "Pacho"}, {"country": "Colombia", "subcountry": "Norte de Santander", "geolabelid": 3673662, "label": "Oca\u00f1a"}, {"country": "Colombia", "subcountry": "Huila", "geolabelid": 3673899, "label": "Neiva"}, {"country": "Colombia", "subcountry": "Cundinamarca", "geolabelid": 3674292, "label": "Mosquera"}, {"country": "Colombia", "subcountry": "Bol\u00edvar", "geolabelid": 3674412, "label": "Morales"}, {"country": "Colombia", "subcountry": "C\u00f3rdoba", "geolabelid": 3674453, "label": "Monter\u00eda"}, {"country": "Colombia", "subcountry": "Quind\u00edo", "geolabelid": 3674463, "label": "Montenegro"}, {"country": "Colombia", "subcountry": "C\u00f3rdoba", "geolabelid": 3674470, "label": "Montel\u00edbano"}, {"country": "Colombia", "subcountry": "Bol\u00edvar", "geolabelid": 3674597, "label": "Momp\u00f3s"}, {"country": "Colombia", "subcountry": "Putumayo", "geolabelid": 3674654, "label": "Mocoa"}, {"country": "Colombia", "subcountry": "Tolima", "geolabelid": 3674885, "label": "Melgar"}, {"country": "Colombia", "subcountry": "Antioquia", "geolabelid": 3674962, "label": "Medell\u00edn"}, {"country": "Colombia", "subcountry": "Tolima", "geolabelid": 3675252, "label": "Mariquita"}, {"country": "Colombia", "subcountry": "Antioquia", "geolabelid": 3675263, "label": "Marinilla"}, {"country": "Colombia", "subcountry": "Bol\u00edvar", "geolabelid": 3675287, "label": "Mar\u00eda la Baja"}, {"country": "Colombia", "subcountry": "Caldas", "geolabelid": 3675409, "label": "Manzanares"}, {"country": "Colombia", "subcountry": "Caldas", "geolabelid": 3675443, "label": "Manizales"}, {"country": "Colombia", "subcountry": "Atl\u00e1ntico", "geolabelid": 3675595, "label": "Malambo"}, {"country": "Colombia", "subcountry": "Santander", "geolabelid": 3675605, "label": "M\u00e1laga"}, {"country": "Colombia", "subcountry": "La Guajira", "geolabelid": 3675657, "label": "Maicao"}, {"country": "Colombia", "subcountry": "Bol\u00edvar", "geolabelid": 3675692, "label": "Magangu\u00e9"}, {"country": "Colombia", "subcountry": "Cundinamarca", "geolabelid": 3675707, "label": "Madrid"}, {"country": "Colombia", "subcountry": "Norte de Santander", "geolabelid": 3675975, "label": "Los Patios"}, {"country": "Colombia", "subcountry": "C\u00f3rdoba", "geolabelid": 3676397, "label": "Lorica"}, {"country": "Colombia", "subcountry": "Tolima", "geolabelid": 3676604, "label": "L\u00edbano"}, {"country": "Colombia", "subcountry": "Amazonas", "geolabelid": 3676623, "label": "Leticia"}, {"country": "Colombia", "subcountry": "Tolima", "geolabelid": 3676626, "label": "L\u00e9rida"}, {"country": "Colombia", "subcountry": "Risaralda", "geolabelid": 3676720, "label": "La Virginia"}, {"country": "Colombia", "subcountry": "Valle del Cauca", "geolabelid": 3676928, "label": "La Uni\u00f3n"}, {"country": "Colombia", "subcountry": "Nari\u00f1o", "geolabelid": 3676934, "label": "La Uni\u00f3n"}, {"country": "Colombia", "subcountry": "Quind\u00edo", "geolabelid": 3677010, "label": "La Tebaida"}, {"country": "Colombia", "subcountry": "Huila", "geolabelid": 3678097, "label": "La Plata"}, {"country": "Colombia", "subcountry": "Cundinamarca", "geolabelid": 3678405, "label": "La Mesa"}, {"country": "Colombia", "subcountry": "Cesar", "geolabelid": 3678674, "label": "La Jagua de Ibirico"}, {"country": "Colombia", "subcountry": "Antioquia", "geolabelid": 3679065, "label": "La Estrella"}, {"country": "Colombia", "subcountry": "Caldas", "geolabelid": 3679277, "label": "La Dorada"}, {"country": "Colombia", "subcountry": "Antioquia", "geolabelid": 3679554, "label": "La Ceja"}, {"country": "Colombia", "subcountry": "Valle del Cauca", "geolabelid": 3680387, "label": "Jamund\u00ed"}, {"country": "Colombia", "subcountry": "Antioquia", "geolabelid": 3680450, "label": "Itag\u00fc\u00ed"}, {"country": "Colombia", "subcountry": "Nari\u00f1o", "geolabelid": 3680539, "label": "Ipiales"}, {"country": "Colombia", "subcountry": "Tolima", "geolabelid": 3680656, "label": "Ibagu\u00e9"}, {"country": "Colombia", "subcountry": "Tolima", "geolabelid": 3680840, "label": "Honda"}, {"country": "Colombia", "subcountry": "Valle del Cauca", "geolabelid": 3681797, "label": "Guacar\u00ed"}, {"country": "Colombia", "subcountry": "Meta", "geolabelid": 3681957, "label": "Granada"}, {"country": "Colombia", "subcountry": "Santander", "geolabelid": 3682018, "label": "Gir\u00f3n"}, {"country": "Colombia", "subcountry": "Cundinamarca", "geolabelid": 3682028, "label": "Girardot City"}, {"country": "Colombia", "subcountry": "Huila", "geolabelid": 3682108, "label": "Garz\u00f3n"}, {"country": "Colombia", "subcountry": "Atl\u00e1ntico", "geolabelid": 3682238, "label": "Galapa"}, {"country": "Colombia", "subcountry": "Cundinamarca", "geolabelid": 3682274, "label": "Fusagasuga"}, {"country": "Colombia", "subcountry": "Cundinamarca", "geolabelid": 3682281, "label": "Funza"}, {"country": "Colombia", "subcountry": "Magdalena", "geolabelid": 3682292, "label": "Fundaci\u00f3n"}, {"country": "Colombia", "subcountry": "Tolima", "geolabelid": 3682330, "label": "Fresno"}, {"country": "Colombia", "subcountry": "La Guajira", "geolabelid": 3682374, "label": "Fonseca"}, {"country": "Colombia", "subcountry": "Santander", "geolabelid": 3682385, "label": "Floridablanca"}, {"country": "Colombia", "subcountry": "Valle del Cauca", "geolabelid": 3682393, "label": "Florida"}, {"country": "Colombia", "subcountry": "Caquet\u00e1", "geolabelid": 3682426, "label": "Florencia"}, {"country": "Colombia", "subcountry": "Tolima", "geolabelid": 3682458, "label": "Flandes"}, {"country": "Colombia", "subcountry": "Cundinamarca", "geolabelid": 3682516, "label": "Facatativ\u00e1"}, {"country": "Colombia", "subcountry": "Tolima", "geolabelid": 3682573, "label": "Espinal"}, {"country": "Colombia", "subcountry": "Antioquia", "geolabelid": 3682631, "label": "Envigado"}, {"country": "Colombia", "subcountry": "Magdalena", "geolabelid": 3683233, "label": "El Ret\u00e9n"}, {"country": "Colombia", "subcountry": "Cesar", "geolabelid": 3684452, "label": "El Copey"}, {"country": "Colombia", "subcountry": "Nari\u00f1o", "geolabelid": 3684579, "label": "El Charco"}, {"country": "Colombia", "subcountry": "Valle del Cauca", "geolabelid": 3684615, "label": "El Cerrito"}, {"country": "Colombia", "subcountry": "Bol\u00edvar", "geolabelid": 3684666, "label": "El Carmen de Bol\u00edvar"}, {"country": "Colombia", "subcountry": "Magdalena", "geolabelid": 3684917, "label": "El Banco"}, {"country": "Colombia", "subcountry": "Antioquia", "geolabelid": 3684945, "label": "El Bagre"}, {"country": "Colombia", "subcountry": "Boyac\u00e1", "geolabelid": 3685084, "label": "Duitama"}, {"country": "Colombia", "subcountry": "Risaralda", "geolabelid": 3685095, "label": "Dos Quebradas"}, {"country": "Colombia", "subcountry": "Cesar", "geolabelid": 3685335, "label": "Curuman\u00ed"}, {"country": "Colombia", "subcountry": "Norte de Santander", "geolabelid": 3685533, "label": "C\u00facuta"}, {"country": "Colombia", "subcountry": "Sucre", "geolabelid": 3685823, "label": "Corozal"}, {"country": "Colombia", "subcountry": "Cauca", "geolabelid": 3685871, "label": "Corinto"}, {"country": "Colombia", "subcountry": "Antioquia", "geolabelid": 3685949, "label": "Municipio de Copacabana"}, {"country": "Colombia", "subcountry": "Quind\u00edo", "geolabelid": 3686233, "label": "Circasia"}, {"country": "Colombia", "subcountry": "C\u00f3rdoba", "geolabelid": 3686272, "label": "Ci\u00e9naga de Oro"}, {"country": "Colombia", "subcountry": "Magdalena", "geolabelid": 3686279, "label": "Ci\u00e9naga"}, {"country": "Colombia", "subcountry": "Cesar", "geolabelid": 3686479, "label": "Chiriguan\u00e1"}, {"country": "Colombia", "subcountry": "Boyac\u00e1", "geolabelid": 3686513, "label": "Chiquinquir\u00e1"}, {"country": "Colombia", "subcountry": "C\u00f3rdoba", "geolabelid": 3686540, "label": "Chin\u00fa"}, {"country": "Colombia", "subcountry": "Caldas", "geolabelid": 3686561, "label": "Chinchin\u00e1"}, {"country": "Colombia", "subcountry": "Cesar", "geolabelid": 3686585, "label": "Chimichagua"}, {"country": "Colombia", "subcountry": "Antioquia", "geolabelid": 3686636, "label": "Chigorod\u00f3"}, {"country": "Colombia", "subcountry": "Cundinamarca", "geolabelid": 3686675, "label": "Ch\u00eda"}, {"country": "Colombia", "subcountry": "Tolima", "geolabelid": 3686793, "label": "Chaparral"}, {"country": "Colombia", "subcountry": "C\u00f3rdoba", "geolabelid": 3686922, "label": "Ceret\u00e9"}, {"country": "Colombia", "subcountry": "Antioquia", "geolabelid": 3687025, "label": "Caucasia"}, {"country": "Colombia", "subcountry": "Valle del Cauca", "geolabelid": 3687230, "label": "Cartago"}, {"country": "Colombia", "subcountry": "Bol\u00edvar", "geolabelid": 3687238, "label": "Cartagena"}, {"country": "Colombia", "subcountry": "Antioquia", "geolabelid": 3687318, "label": "Carmen de Viboral"}, {"country": "Colombia", "subcountry": "Valle del Cauca", "geolabelid": 3687644, "label": "Candelaria"}, {"country": "Colombia", "subcountry": "Atl\u00e1ntico", "geolabelid": 3687758, "label": "Campo de la Cruz"}, {"country": "Colombia", "subcountry": "Huila", "geolabelid": 3687806, "label": "Campoalegre"}, {"country": "Colombia", "subcountry": "Valle del Cauca", "geolabelid": 3687925, "label": "Cali"}, {"country": "Colombia", "subcountry": "Antioquia", "geolabelid": 3687952, "label": "Caldas"}, {"country": "Colombia", "subcountry": "Quind\u00edo", "geolabelid": 3687964, "label": "Calarc\u00e1"}, {"country": "Colombia", "subcountry": "Cundinamarca", "geolabelid": 3688006, "label": "Cajic\u00e1"}, {"country": "Colombia", "subcountry": "Valle del Cauca", "geolabelid": 3688071, "label": "Caicedonia"}, {"country": "Colombia", "subcountry": "Valle del Cauca", "geolabelid": 3688256, "label": "Buga"}, {"country": "Colombia", "subcountry": "Valle del Cauca", "geolabelid": 3688451, "label": "Buenaventura"}, {"country": "Colombia", "subcountry": "Valle del Cauca", "geolabelid": 3688452, "label": "Buenaventura"}, {"country": "Colombia", "subcountry": "Santander", "geolabelid": 3688465, "label": "Bucaramanga"}, {"country": "Colombia", "subcountry": "Bogota D.C.", "geolabelid": 3688689, "label": "Bogot\u00e1"}, {"country": "Colombia", "subcountry": "Antioquia", "geolabelid": 3688928, "label": "Bello"}, {"country": "Colombia", "subcountry": "Risaralda", "geolabelid": 3688989, "label": "Bel\u00e9n de Umbr\u00eda"}, {"country": "Colombia", "subcountry": "Atl\u00e1ntico", "geolabelid": 3689147, "label": "Barranquilla"}, {"country": "Colombia", "subcountry": "La Guajira", "geolabelid": 3689162, "label": "Barrancas"}, {"country": "Colombia", "subcountry": "Santander", "geolabelid": 3689169, "label": "Barrancabermeja"}, {"country": "Colombia", "subcountry": "Antioquia", "geolabelid": 3689205, "label": "Barbosa"}, {"country": "Colombia", "subcountry": "Santander", "geolabelid": 3689206, "label": "Barbosa"}, {"country": "Colombia", "subcountry": "Atl\u00e1ntico", "geolabelid": 3689235, "label": "Baranoa"}, {"country": "Colombia", "subcountry": "C\u00f3rdoba", "geolabelid": 3689381, "label": "Ayapel"}, {"country": "Colombia", "subcountry": "Quind\u00edo", "geolabelid": 3689560, "label": "Armenia"}, {"country": "Colombia", "subcountry": "Bol\u00edvar", "geolabelid": 3689570, "label": "Arjona"}, {"country": "Colombia", "subcountry": "Cesar", "geolabelid": 3689589, "label": "Ariguan\u00ed"}, {"country": "Colombia", "subcountry": "Arauca", "geolabelid": 3689718, "label": "Arauca"}, {"country": "Colombia", "subcountry": "Magdalena", "geolabelid": 3689759, "label": "Aracataca"}, {"country": "Colombia", "subcountry": "Antioquia", "geolabelid": 3689798, "label": "Apartad\u00f3"}, {"country": "Colombia", "subcountry": "Risaralda", "geolabelid": 3689833, "label": "Anserma"}, {"country": "Colombia", "subcountry": "Antioquia", "geolabelid": 3689899, "label": "Andes"}, {"country": "Colombia", "subcountry": "Valle del Cauca", "geolabelid": 3689905, "label": "Andaluc\u00eda"}, {"country": "Colombia", "subcountry": "Casanare", "geolabelid": 3690316, "label": "Aguazul"}, {"country": "Colombia", "subcountry": "Caldas", "geolabelid": 3690431, "label": "Aguadas"}, {"country": "Colombia", "subcountry": "Cesar", "geolabelid": 3690465, "label": "Aguachica"}, {"country": "Colombia", "subcountry": "Meta", "geolabelid": 3690577, "label": "Acac\u00edas"}, {"country": "Colombia", "subcountry": "Cauca", "geolabelid": 3770718, "label": "Morales"}, {"country": "Colombia", "subcountry": "Antioquia", "geolabelid": 3792375, "label": "Carepa"}, {"country": "Colombia", "subcountry": "Antioquia", "geolabelid": 3792376, "label": "Ciudad Bol\u00edvar"}, {"country": "Colombia", "subcountry": "Cesar", "geolabelid": 3792383, "label": "Agust\u00edn Codazzi"}, {"country": "Colombia", "subcountry": "Magdalena", "geolabelid": 3792392, "label": "Plato"}, {"country": "Colombia", "subcountry": "Guaviare", "geolabelid": 3828545, "label": "San Jos\u00e9 del Guaviare"}]