[{"country": "Lithuania", "subcountry": "Utenos apskritis", "geolabelid": 593063, "label": "Visaginas"}, {"country": "Lithuania", "subcountry": "Vilnius County", "geolabelid": 593116, "label": "Vilnius"}, {"country": "Lithuania", "subcountry": "Utenos apskritis", "geolabelid": 593672, "label": "Utena"}, {"country": "Lithuania", "subcountry": "Vilnius County", "geolabelid": 593733, "label": "Ukmerge"}, {"country": "Lithuania", "subcountry": "Tel\u0161i\u0173 apskritis", "geolabelid": 593926, "label": "Telsiai"}, {"country": "Lithuania", "subcountry": "Taurag\u0117s apskritis", "geolabelid": 593959, "label": "Taurage"}, {"country": "Lithuania", "subcountry": "Klaip\u0117dos apskritis", "geolabelid": 594656, "label": "Silute"}, {"country": "Lithuania", "subcountry": "\u0160iauli\u0173 apskritis", "geolabelid": 594739, "label": "\u0160iauliai"}, {"country": "Lithuania", "subcountry": "Panev\u0117\u017eys", "geolabelid": 595213, "label": "Roki\u0161kis"}, {"country": "Lithuania", "subcountry": "\u0160iauli\u0173 apskritis", "geolabelid": 595449, "label": "Radviliskis"}, {"country": "Lithuania", "subcountry": "Tel\u0161i\u0173 apskritis", "geolabelid": 595689, "label": "Plunge"}, {"country": "Lithuania", "subcountry": "Panev\u0117\u017eys", "geolabelid": 596128, "label": "Panev\u0117\u017eys"}, {"country": "Lithuania", "subcountry": "Klaip\u0117dos apskritis", "geolabelid": 596238, "label": "Palanga"}, {"country": "Lithuania", "subcountry": "Vilnius County", "geolabelid": 596479, "label": "Fabijoni\u0161k\u0117s"}, {"country": "Lithuania", "subcountry": "Tel\u0161i\u0173 apskritis", "geolabelid": 597188, "label": "Mazeikiai"}, {"country": "Lithuania", "subcountry": "Marijampol\u0117s apskritis", "geolabelid": 597231, "label": "Marijampol\u0117"}, {"country": "Lithuania", "subcountry": "Klaip\u0117dos apskritis", "geolabelid": 597989, "label": "Kretinga"}, {"country": "Lithuania", "subcountry": "Klaip\u0117dos apskritis", "geolabelid": 598098, "label": "Klaip\u0117da"}, {"country": "Lithuania", "subcountry": "Kauno apskritis", "geolabelid": 598272, "label": "K\u0117dainiai"}, {"country": "Lithuania", "subcountry": "Kauno apskritis", "geolabelid": 598316, "label": "Kaunas"}, {"country": "Lithuania", "subcountry": "Kauno apskritis", "geolabelid": 598818, "label": "Jonava"}, {"country": "Lithuania", "subcountry": "Klaip\u0117dos apskritis", "geolabelid": 599506, "label": "Garg\u017edai"}, {"country": "Lithuania", "subcountry": "Alytaus apskritis", "geolabelid": 599757, "label": "Druskininkai"}, {"country": "Lithuania", "subcountry": "Alytaus apskritis", "geolabelid": 601084, "label": "Alytus"}, {"country": "Lithuania", "subcountry": "Kauno apskritis", "geolabelid": 601138, "label": "Aleksotas"}, {"country": "Lithuania", "subcountry": "Kauno apskritis", "geolabelid": 6618486, "label": "Dainava (Kaunas)"}, {"country": "Lithuania", "subcountry": "Kauno apskritis", "geolabelid": 9610004, "label": "\u0160ilainiai"}, {"country": "Lithuania", "subcountry": "Kauno apskritis", "geolabelid": 9610008, "label": "Eiguliai"}, {"country": "Lithuania", "subcountry": "Vilnius County", "geolabelid": 10062599, "label": "Pa\u0161ilai\u010diai"}, {"country": "Lithuania", "subcountry": "Vilnius County", "geolabelid": 10062600, "label": "Pilait\u0117"}, {"country": "Lithuania", "subcountry": "Vilnius County", "geolabelid": 10062601, "label": "Justini\u0161k\u0117s"}, {"country": "Lithuania", "subcountry": "Vilnius County", "geolabelid": 10062602, "label": "\u0160e\u0161kin\u0117"}, {"country": "Lithuania", "subcountry": "Vilnius County", "geolabelid": 10062605, "label": "Lazdynai"}, {"country": "Lithuania", "subcountry": "Vilnius County", "geolabelid": 10062606, "label": "Vilkp\u0117d\u0117"}, {"country": "Lithuania", "subcountry": "Vilnius County", "geolabelid": 10062607, "label": "Naujamiestis"}]