[{"country": "Finland", "subcountry": "Pirkanmaa", "geolabelid": 630752, "label": "Yl\u00f6j\u00e4rvi"}, {"country": "Finland", "subcountry": "Uusimaa", "geolabelid": 631707, "label": "Vihti"}, {"country": "Finland", "subcountry": "Northern Savo", "geolabelid": 632370, "label": "Varkaus"}, {"country": "Finland", "subcountry": "Uusimaa", "geolabelid": 632453, "label": "Vantaa"}, {"country": "Finland", "subcountry": "Pirkanmaa", "geolabelid": 632672, "label": "Valkeakoski"}, {"country": "Finland", "subcountry": "Ostrobothnia", "geolabelid": 632978, "label": "Vaasa"}, {"country": "Finland", "subcountry": "Southwest Finland", "geolabelid": 633221, "label": "Uusikaupunki"}, {"country": "Finland", "subcountry": "Uusimaa", "geolabelid": 633591, "label": "Tuusula"}, {"country": "Finland", "subcountry": "Southwest Finland", "geolabelid": 633679, "label": "Turku"}, {"country": "Finland", "subcountry": "Lapland", "geolabelid": 634093, "label": "Tornio"}, {"country": "Finland", "subcountry": "Pirkanmaa", "geolabelid": 634963, "label": "Tampere"}, {"country": "Finland", "subcountry": "Northern Savo", "geolabelid": 636947, "label": "Siilinj\u00e4rvi"}, {"country": "Finland", "subcountry": "Uusimaa", "geolabelid": 637067, "label": "Sibbo"}, {"country": "Finland", "subcountry": "Southern Ostrobothnia", "geolabelid": 637219, "label": "Sein\u00e4joki"}, {"country": "Finland", "subcountry": "Southern Savonia", "geolabelid": 637292, "label": "Savonlinna"}, {"country": "Finland", "subcountry": "Southwest Finland", "geolabelid": 637948, "label": "Salo"}, {"country": "Finland", "subcountry": "Lapland", "geolabelid": 638936, "label": "Rovaniemi"}, {"country": "Finland", "subcountry": "H\u00e4me", "geolabelid": 639406, "label": "Riihim\u00e4ki"}, {"country": "Finland", "subcountry": "Satakunta", "geolabelid": 639734, "label": "Rauma"}, {"country": "Finland", "subcountry": "Southwest Finland", "geolabelid": 640124, "label": "Raisio"}, {"country": "Finland", "subcountry": "Northern Ostrobothnia", "geolabelid": 640276, "label": "Raahe"}, {"country": "Finland", "subcountry": "Satakunta", "geolabelid": 640999, "label": "Pori"}, {"country": "Finland", "subcountry": "Pirkanmaa", "geolabelid": 641489, "label": "Pirkkala"}, {"country": "Finland", "subcountry": "Northern Ostrobothnia", "geolabelid": 643492, "label": "Oulu"}, {"country": "Finland", "subcountry": "Uusimaa", "geolabelid": 644171, "label": "Nurmij\u00e4rvi"}, {"country": "Finland", "subcountry": "Pirkanmaa", "geolabelid": 644450, "label": "Nokia"}, {"country": "Finland", "subcountry": "Southern Savonia", "geolabelid": 646005, "label": "Mikkeli"}, {"country": "Finland", "subcountry": "Uusimaa", "geolabelid": 646723, "label": "M\u00e4nts\u00e4l\u00e4"}, {"country": "Finland", "subcountry": "Uusimaa", "geolabelid": 647571, "label": "Lovisa"}, {"country": "Finland", "subcountry": "Uusimaa", "geolabelid": 647751, "label": "Lohja"}, {"country": "Finland", "subcountry": "Southwest Finland", "geolabelid": 648056, "label": "Lieto"}, {"country": "Finland", "subcountry": "Pirkanmaa", "geolabelid": 648366, "label": "Lemp\u00e4\u00e4l\u00e4"}, {"country": "Finland", "subcountry": "Central Finland", "geolabelid": 648738, "label": "Laukaa"}, {"country": "Finland", "subcountry": "South Karelia", "geolabelid": 648900, "label": "Lappeenranta"}, {"country": "Finland", "subcountry": "P\u00e4ij\u00e4nne Tavastia", "geolabelid": 649360, "label": "Lahti"}, {"country": "Finland", "subcountry": "Uusimaa", "geolabelid": 649630, "label": "Kirkkonummi"}, {"country": "Finland", "subcountry": "Northern Ostrobothnia", "geolabelid": 649924, "label": "Kuusamo"}, {"country": "Finland", "subcountry": "Northern Savo", "geolabelid": 650224, "label": "Kuopio"}, {"country": "Finland", "subcountry": "Kymenlaakso", "geolabelid": 650859, "label": "Kouvola"}, {"country": "Finland", "subcountry": "Kymenlaakso", "geolabelid": 650946, "label": "Kotka"}, {"country": "Finland", "subcountry": "Ostrobothnia", "geolabelid": 651299, "label": "Korsholm"}, {"country": "Finland", "subcountry": "Central Ostrobothnia", "geolabelid": 651943, "label": "Kokkola"}, {"country": "Finland", "subcountry": "Uusimaa", "geolabelid": 653185, "label": "Kerava"}, {"country": "Finland", "subcountry": "Lapland", "geolabelid": 653281, "label": "Kemi"}, {"country": "Finland", "subcountry": "Kymenlaakso", "geolabelid": 654137, "label": "Karhula"}, {"country": "Finland", "subcountry": "Pirkanmaa", "geolabelid": 654440, "label": "Kangasala"}, {"country": "Finland", "subcountry": "Kainuu", "geolabelid": 654899, "label": "Kajaani"}, {"country": "Finland", "subcountry": "Southwest Finland", "geolabelid": 655130, "label": "Kaarina"}, {"country": "Finland", "subcountry": "Central Finland", "geolabelid": 655194, "label": "Jyv\u00e4skyl\u00e4"}, {"country": "Finland", "subcountry": "North Karelia", "geolabelid": 655808, "label": "Joensuu"}, {"country": "Finland", "subcountry": "Uusimaa", "geolabelid": 655958, "label": "J\u00e4rvenp\u00e4\u00e4"}, {"country": "Finland", "subcountry": "H\u00e4me", "geolabelid": 656073, "label": "Janakkala"}, {"country": "Finland", "subcountry": "Central Finland", "geolabelid": 656083, "label": "J\u00e4ms\u00e4"}, {"country": "Finland", "subcountry": "Ostrobothnia", "geolabelid": 656130, "label": "Jakobstad"}, {"country": "Finland", "subcountry": "South Karelia", "geolabelid": 656688, "label": "Imatra"}, {"country": "Finland", "subcountry": "Northern Savo", "geolabelid": 656820, "label": "Iisalmi"}, {"country": "Finland", "subcountry": "Uusimaa", "geolabelid": 656913, "label": "Hyvinge"}, {"country": "Finland", "subcountry": "P\u00e4ij\u00e4nne Tavastia", "geolabelid": 657530, "label": "Hollola"}, {"country": "Finland", "subcountry": "Uusimaa", "geolabelid": 658225, "label": "Helsinki"}, {"country": "Finland", "subcountry": "P\u00e4ij\u00e4nne Tavastia", "geolabelid": 658288, "label": "Heinola"}, {"country": "Finland", "subcountry": "Northern Ostrobothnia", "geolabelid": 658629, "label": "Haukipudas"}, {"country": "Finland", "subcountry": "Kymenlaakso", "geolabelid": 659169, "label": "Hamina"}, {"country": "Finland", "subcountry": "H\u00e4me", "geolabelid": 659180, "label": "H\u00e4meenlinna"}, {"country": "Finland", "subcountry": "H\u00e4me", "geolabelid": 659935, "label": "Forssa"}, {"country": "Finland", "subcountry": "Uusimaa", "geolabelid": 660158, "label": "Espoo"}, {"country": "Finland", "subcountry": "Uusimaa", "geolabelid": 660561, "label": "Porvoo"}, {"country": "Finland", "subcountry": "Kymenlaakso", "geolabelid": 661164, "label": "Anjala"}, {"country": "Finland", "subcountry": "Southwest Finland", "geolabelid": 7911309, "label": "L\u00e4nsi-Turunmaa"}]