[{"country": "Botswana", "subcountry": "Central", "geolabelid": 933000, "label": "Tonota"}, {"country": "Botswana", "subcountry": "Kweneng", "geolabelid": 933018, "label": "Thamaga"}, {"country": "Botswana", "subcountry": "Central", "geolabelid": 933088, "label": "Serowe"}, {"country": "Botswana", "subcountry": "Central", "geolabelid": 933099, "label": "Selebi-Phikwe"}, {"country": "Botswana", "subcountry": "South East", "geolabelid": 933141, "label": "Ramotswa"}, {"country": "Botswana", "subcountry": "Central", "geolabelid": 933182, "label": "Palapye"}, {"country": "Botswana", "subcountry": "Southern", "geolabelid": 933271, "label": "Mosopa"}, {"country": "Botswana", "subcountry": "Kweneng", "geolabelid": 933305, "label": "Molepolole"}, {"country": "Botswana", "subcountry": "Kweneng", "geolabelid": 933331, "label": "Mogoditshane"}, {"country": "Botswana", "subcountry": "Kgatleng", "geolabelid": 933340, "label": "Mochudi"}, {"country": "Botswana", "subcountry": "North West", "geolabelid": 933366, "label": "Maun"}, {"country": "Botswana", "subcountry": "Central", "geolabelid": 933471, "label": "Mahalapye"}, {"country": "Botswana", "subcountry": "South East", "geolabelid": 933521, "label": "Lobatse"}, {"country": "Botswana", "subcountry": "Central", "geolabelid": 933535, "label": "Letlhakane"}, {"country": "Botswana", "subcountry": "Southern", "geolabelid": 933685, "label": "Kanye"}, {"country": "Botswana", "subcountry": "South East", "geolabelid": 933719, "label": "Janeng"}, {"country": "Botswana", "subcountry": "South East", "geolabelid": 933773, "label": "Gaborone"}, {"country": "Botswana", "subcountry": "North East", "geolabelid": 933778, "label": "Francistown"}]