[{"country": "Kyrgyzstan", "subcountry": "Batken", "geolabelid": 1222562, "label": "Suluktu"}, {"country": "Kyrgyzstan", "subcountry": "Batken", "geolabelid": 1222662, "label": "Isfana"}, {"country": "Kyrgyzstan", "subcountry": "Ysyk-K\u00f6l", "geolabelid": 1527004, "label": "Balykchy"}, {"country": "Kyrgyzstan", "subcountry": "Ch\u00fcy", "geolabelid": 1527199, "label": "Tokmok"}, {"country": "Kyrgyzstan", "subcountry": "Jalal-Abad", "geolabelid": 1527260, "label": "Tash-Kumyr"}, {"country": "Kyrgyzstan", "subcountry": "Talas", "geolabelid": 1527299, "label": "Talas"}, {"country": "Kyrgyzstan", "subcountry": "Ysyk-K\u00f6l", "geolabelid": 1527497, "label": "Kyzyl-Suu"}, {"country": "Kyrgyzstan", "subcountry": "Osh", "geolabelid": 1527513, "label": "Uzgen"}, {"country": "Kyrgyzstan", "subcountry": "Osh", "geolabelid": 1527534, "label": "Osh"}, {"country": "Kyrgyzstan", "subcountry": "Naryn", "geolabelid": 1527592, "label": "Naryn"}, {"country": "Kyrgyzstan", "subcountry": "Batken", "geolabelid": 1527719, "label": "Kyzyl-Kyya"}, {"country": "Kyrgyzstan", "subcountry": "Osh", "geolabelid": 1528091, "label": "Kara Suu"}, {"country": "Kyrgyzstan", "subcountry": "Ysyk-K\u00f6l", "geolabelid": 1528121, "label": "Karakol"}, {"country": "Kyrgyzstan", "subcountry": "Ch\u00fcy", "geolabelid": 1528182, "label": "Kara-Balta"}, {"country": "Kyrgyzstan", "subcountry": "Ch\u00fcy", "geolabelid": 1528193, "label": "Kant"}, {"country": "Kyrgyzstan", "subcountry": "Jalal-Abad", "geolabelid": 1528249, "label": "Jalal-Abad"}, {"country": "Kyrgyzstan", "subcountry": "Batken", "geolabelid": 1528283, "label": "Iradan"}, {"country": "Kyrgyzstan", "subcountry": "Ysyk-K\u00f6l", "geolabelid": 1528512, "label": "Cholpon-Ata"}, {"country": "Kyrgyzstan", "subcountry": "Bishkek", "geolabelid": 1528675, "label": "Bishkek"}, {"country": "Kyrgyzstan", "subcountry": "Jalal-Abad", "geolabelid": 1528717, "label": "Bazar-Korgon"}, {"country": "Kyrgyzstan", "subcountry": "Naryn", "geolabelid": 1528796, "label": "At-Bashi"}, {"country": "Kyrgyzstan", "subcountry": "Jalal-Abad", "geolabelid": 1538648, "label": "Toktogul"}, {"country": "Kyrgyzstan", "subcountry": "Osh City", "geolabelid": 11054823, "label": "Osh City"}]