[{"country": "United Kingdom", "subcountry": "England", "geolabelid": 2633352, "label": "York"}, {"country": "United Kingdom", "subcountry": "England", "geolabelid": 2633373, "label": "Yeovil"}, {"country": "United Kingdom", "subcountry": "England", "geolabelid": 2633397, "label": "Yeadon"}, {"country": "United Kingdom", "subcountry": "England", "geolabelid": 2633406, "label": "Yate"}, {"country": "United Kingdom", "subcountry": "Wales", "geolabelid": 2633485, "label": "Wrexham"}, {"country": "United Kingdom", "subcountry": "England", "geolabelid": 2633521, "label": "Worthing"}, {"country": "United Kingdom", "subcountry": "England", "geolabelid": 2633551, "label": "Worksop"}, {"country": "United Kingdom", "subcountry": "England", "geolabelid": 2633553, "label": "Workington"}, {"country": "United Kingdom", "subcountry": "England", "geolabelid": 2633563, "label": "Worcester"}, {"country": "United Kingdom", "subcountry": "England", "geolabelid": 2633655, "label": "Woodford Green"}, {"country": "United Kingdom", "subcountry": "England", "geolabelid": 2633681, "label": "Wombwell"}, {"country": "United Kingdom", "subcountry": "England", "geolabelid": 2633691, "label": "Wolverhampton"}, {"country": "United Kingdom", "subcountry": "England", "geolabelid": 2633708, "label": "Wokingham"}, {"country": "United Kingdom", "subcountry": "England", "geolabelid": 2633709, "label": "Woking"}, {"country": "United Kingdom", "subcountry": "England", "geolabelid": 2633729, "label": "Witney"}, {"country": "United Kingdom", "subcountry": "England", "geolabelid": 2633749, "label": "Witham"}, {"country": "United Kingdom", "subcountry": "Scotland", "geolabelid": 2633765, "label": "Wishaw"}, {"country": "United Kingdom", "subcountry": "England", "geolabelid": 2633771, "label": "Wisbech"}, {"country": "United Kingdom", "subcountry": "England", "geolabelid": 2633810, "label": "Winsford"}, {"country": "United Kingdom", "subcountry": "England", "geolabelid": 2633842, "label": "Windsor"}, {"country": "United Kingdom", "subcountry": "England", "geolabelid": 2633858, "label": "Winchester"}, {"country": "United Kingdom", "subcountry": "England", "geolabelid": 2633883, "label": "Wilmslow"}, {"country": "United Kingdom", "subcountry": "England", "geolabelid": 2633912, "label": "Willenhall"}, {"country": "United Kingdom", "subcountry": "England", "geolabelid": 2633936, "label": "Wigston Magna"}, {"country": "United Kingdom", "subcountry": "England", "geolabelid": 2633948, "label": "Wigan"}, {"country": "United Kingdom", "subcountry": "England", "geolabelid": 2633954, "label": "Widnes"}, {"country": "United Kingdom", "subcountry": "England", "geolabelid": 2633976, "label": "Wickford"}, {"country": "United Kingdom", "subcountry": "England", "geolabelid": 2634021, "label": "Whitstable"}, {"country": "United Kingdom", "subcountry": "England", "geolabelid": 2634032, "label": "Whitley Bay"}, {"country": "United Kingdom", "subcountry": "England", "geolabelid": 2634096, "label": "Whitehaven"}, {"country": "United Kingdom", "subcountry": "England", "geolabelid": 2634103, "label": "Whitefield"}, {"country": "United Kingdom", "subcountry": "England", "geolabelid": 2634155, "label": "Whickham"}, {"country": "United Kingdom", "subcountry": "England", "geolabelid": 2634202, "label": "Weymouth"}, {"country": "United Kingdom", "subcountry": "England", "geolabelid": 2634204, "label": "Weybridge"}, {"country": "United Kingdom", "subcountry": "England", "geolabelid": 2634308, "label": "Weston-super-Mare"}, {"country": "United Kingdom", "subcountry": "England", "geolabelid": 2634340, "label": "West Molesey"}, {"country": "United Kingdom", "subcountry": "England", "geolabelid": 2634387, "label": "Westhoughton"}, {"country": "United Kingdom", "subcountry": "England", "geolabelid": 2634491, "label": "West Bromwich"}, {"country": "United Kingdom", "subcountry": "England", "geolabelid": 2634493, "label": "West Bridgford"}, {"country": "United Kingdom", "subcountry": "England", "geolabelid": 2634552, "label": "Welwyn Garden City"}, {"country": "United Kingdom", "subcountry": "England", "geolabelid": 2634573, "label": "Wellington"}, {"country": "United Kingdom", "subcountry": "England", "geolabelid": 2634578, "label": "Wellingborough"}, {"country": "United Kingdom", "subcountry": "England", "geolabelid": 2634579, "label": "Welling"}, {"country": "United Kingdom", "subcountry": "England", "geolabelid": 2634616, "label": "Wednesfield"}, {"country": "United Kingdom", "subcountry": "England", "geolabelid": 2634617, "label": "Wednesbury"}, {"country": "United Kingdom", "subcountry": "England", "geolabelid": 2634672, "label": "Wath upon Dearne"}, {"country": "United Kingdom", "subcountry": "England", "geolabelid": 2634677, "label": "Watford"}, {"country": "United Kingdom", "subcountry": "England", "geolabelid": 2634686, "label": "Waterlooville"}, {"country": "United Kingdom", "subcountry": "England", "geolabelid": 2634715, "label": "Washington"}, {"country": "United Kingdom", "subcountry": "England", "geolabelid": 2634725, "label": "Warwick"}, {"country": "United Kingdom", "subcountry": "England", "geolabelid": 2634739, "label": "Warrington"}, {"country": "United Kingdom", "subcountry": "England", "geolabelid": 2634755, "label": "Warminster"}, {"country": "United Kingdom", "subcountry": "England", "geolabelid": 2634777, "label": "Ware"}, {"country": "United Kingdom", "subcountry": "England", "geolabelid": 2634825, "label": "Walton-on-Thames"}, {"country": "United Kingdom", "subcountry": "England", "geolabelid": 2634843, "label": "Waltham Abbey"}, {"country": "United Kingdom", "subcountry": "England", "geolabelid": 2634853, "label": "Walsall"}, {"country": "United Kingdom", "subcountry": "England", "geolabelid": 2634864, "label": "Wallsend"}, {"country": "United Kingdom", "subcountry": "England", "geolabelid": 2634873, "label": "Wallasey"}, {"country": "United Kingdom", "subcountry": "England", "geolabelid": 2634887, "label": "Walkden"}, {"country": "United Kingdom", "subcountry": "England", "geolabelid": 2634910, "label": "Wakefield"}, {"country": "United Kingdom", "subcountry": "England", "geolabelid": 2635062, "label": "Urmston"}, {"country": "United Kingdom", "subcountry": "England", "geolabelid": 2635243, "label": "Uckfield"}, {"country": "United Kingdom", "subcountry": "England", "geolabelid": 2636749, "label": "Stowmarket"}, {"country": "United Kingdom", "subcountry": "England", "geolabelid": 2636767, "label": "Stourport-on-Severn"}, {"country": "United Kingdom", "subcountry": "England", "geolabelid": 2636769, "label": "Stourbridge"}, {"country": "United Kingdom", "subcountry": "England", "geolabelid": 2636841, "label": "Stoke-on-Trent"}, {"country": "United Kingdom", "subcountry": "England", "geolabelid": 2636876, "label": "Stockton-on-Tees"}, {"country": "United Kingdom", "subcountry": "England", "geolabelid": 2636882, "label": "Stockport"}, {"country": "United Kingdom", "subcountry": "Scotland", "geolabelid": 2636910, "label": "Stirling"}, {"country": "United Kingdom", "subcountry": "England", "geolabelid": 2636940, "label": "Stevenage"}, {"country": "United Kingdom", "subcountry": "England", "geolabelid": 2636995, "label": "Staveley"}, {"country": "United Kingdom", "subcountry": "England", "geolabelid": 2637104, "label": "Stamford"}, {"country": "United Kingdom", "subcountry": "England", "geolabelid": 2637106, "label": "Stalybridge"}, {"country": "United Kingdom", "subcountry": "England", "geolabelid": 2637126, "label": "Staines"}, {"country": "United Kingdom", "subcountry": "England", "geolabelid": 2637142, "label": "Stafford"}, {"country": "United Kingdom", "subcountry": "England", "geolabelid": 2637235, "label": "Spennymoor"}, {"country": "United Kingdom", "subcountry": "England", "geolabelid": 2637265, "label": "Spalding"}, {"country": "United Kingdom", "subcountry": "England", "geolabelid": 2637329, "label": "South Shields"}, {"country": "United Kingdom", "subcountry": "England", "geolabelid": 2637330, "label": "Southsea"}, {"country": "United Kingdom", "subcountry": "England", "geolabelid": 2637343, "label": "Southport"}, {"country": "United Kingdom", "subcountry": "England", "geolabelid": 2637355, "label": "South Ockendon"}, {"country": "United Kingdom", "subcountry": "England", "geolabelid": 2637433, "label": "Southend-on-Sea"}, {"country": "United Kingdom", "subcountry": "England", "geolabelid": 2637435, "label": "South Elmsall"}, {"country": "United Kingdom", "subcountry": "England", "geolabelid": 2637476, "label": "South Benfleet"}, {"country": "United Kingdom", "subcountry": "England", "geolabelid": 2637487, "label": "Southampton"}, {"country": "United Kingdom", "subcountry": "England", "geolabelid": 2637490, "label": "Southall"}, {"country": "United Kingdom", "subcountry": "England", "geolabelid": 2637546, "label": "Solihull"}, {"country": "United Kingdom", "subcountry": "England", "geolabelid": 2637627, "label": "Slough"}, {"country": "United Kingdom", "subcountry": "England", "geolabelid": 2637659, "label": "Sleaford"}, {"country": "United Kingdom", "subcountry": "England", "geolabelid": 2637752, "label": "Skelmersdale"}, {"country": "United Kingdom", "subcountry": "England", "geolabelid": 2637762, "label": "Skegness"}, {"country": "United Kingdom", "subcountry": "England", "geolabelid": 2637802, "label": "Sittingbourne"}, {"country": "United Kingdom", "subcountry": "England", "geolabelid": 2637891, "label": "Shrewsbury"}, {"country": "United Kingdom", "subcountry": "England", "geolabelid": 2637916, "label": "Shoreham-by-Sea"}, {"country": "United Kingdom", "subcountry": "England", "geolabelid": 2637917, "label": "Shoreham"}, {"country": "United Kingdom", "subcountry": "England", "geolabelid": 2637958, "label": "Shipley"}, {"country": "United Kingdom", "subcountry": "England", "geolabelid": 2638077, "label": "Sheffield"}, {"country": "United Kingdom", "subcountry": "England", "geolabelid": 2638187, "label": "Sevenoaks"}, {"country": "United Kingdom", "subcountry": "England", "geolabelid": 2638235, "label": "Selby"}, {"country": "United Kingdom", "subcountry": "England", "geolabelid": 2638302, "label": "Seaham"}, {"country": "United Kingdom", "subcountry": "England", "geolabelid": 2638311, "label": "Seaford"}, {"country": "United Kingdom", "subcountry": "England", "geolabelid": 2638324, "label": "Scunthorpe"}, {"country": "United Kingdom", "subcountry": "England", "geolabelid": 2638419, "label": "Scarborough"}, {"country": "United Kingdom", "subcountry": "England", "geolabelid": 2638568, "label": "Sandown"}, {"country": "United Kingdom", "subcountry": "England", "geolabelid": 2638600, "label": "Sandbach"}, {"country": "United Kingdom", "subcountry": "England", "geolabelid": 2638664, "label": "Salisbury"}, {"country": "United Kingdom", "subcountry": "England", "geolabelid": 2638671, "label": "Salford"}, {"country": "United Kingdom", "subcountry": "England", "geolabelid": 2638678, "label": "Sale"}, {"country": "United Kingdom", "subcountry": "England", "geolabelid": 2638717, "label": "Saint Neots"}, {"country": "United Kingdom", "subcountry": "England", "geolabelid": 2638785, "label": "St Helens"}, {"country": "United Kingdom", "subcountry": "England", "geolabelid": 2638853, "label": "St Austell"}, {"country": "United Kingdom", "subcountry": "Scotland", "geolabelid": 2638864, "label": "Saint Andrews"}, {"country": "United Kingdom", "subcountry": "England", "geolabelid": 2638867, "label": "St Albans"}, {"country": "United Kingdom", "subcountry": "England", "geolabelid": 2638894, "label": "Ryton"}, {"country": "United Kingdom", "subcountry": "England", "geolabelid": 2638911, "label": "Ryde"}, {"country": "United Kingdom", "subcountry": "Scotland", "geolabelid": 2638926, "label": "Rutherglen"}, {"country": "United Kingdom", "subcountry": "England", "geolabelid": 2638946, "label": "Rushden"}, {"country": "United Kingdom", "subcountry": "England", "geolabelid": 2638960, "label": "Runcorn"}, {"country": "United Kingdom", "subcountry": "England", "geolabelid": 2638976, "label": "Ruislip"}, {"country": "United Kingdom", "subcountry": "England", "geolabelid": 2638977, "label": "Rugeley"}, {"country": "United Kingdom", "subcountry": "England", "geolabelid": 2638978, "label": "Rugby"}, {"country": "United Kingdom", "subcountry": "England", "geolabelid": 2639015, "label": "Royton"}, {"country": "United Kingdom", "subcountry": "England", "geolabelid": 2639022, "label": "Royal Tunbridge Wells"}, {"country": "United Kingdom", "subcountry": "England", "geolabelid": 2639069, "label": "Rottingdean"}, {"country": "United Kingdom", "subcountry": "England", "geolabelid": 2639093, "label": "Rotherham"}, {"country": "United Kingdom", "subcountry": "England", "geolabelid": 2639189, "label": "Romsey"}, {"country": "United Kingdom", "subcountry": "England", "geolabelid": 2639265, "label": "Rochford"}, {"country": "United Kingdom", "subcountry": "England", "geolabelid": 2639268, "label": "Rochester"}, {"country": "United Kingdom", "subcountry": "England", "geolabelid": 2639272, "label": "Rochdale"}, {"country": "United Kingdom", "subcountry": "Wales", "geolabelid": 2639317, "label": "Risca"}, {"country": "United Kingdom", "subcountry": "England", "geolabelid": 2639323, "label": "Ripon"}, {"country": "United Kingdom", "subcountry": "England", "geolabelid": 2639325, "label": "Ripley"}, {"country": "United Kingdom", "subcountry": "Wales", "geolabelid": 2639409, "label": "Rhyl"}, {"country": "United Kingdom", "subcountry": "Wales", "geolabelid": 2639447, "label": "Rhondda"}, {"country": "United Kingdom", "subcountry": "Scotland", "geolabelid": 2639495, "label": "Renfrew"}, {"country": "United Kingdom", "subcountry": "England", "geolabelid": 2639506, "label": "Reigate"}, {"country": "United Kingdom", "subcountry": "England", "geolabelid": 2639545, "label": "Redhill"}, {"country": "United Kingdom", "subcountry": "England", "geolabelid": 2639557, "label": "Redditch"}, {"country": "United Kingdom", "subcountry": "England", "geolabelid": 2639563, "label": "Redcar"}, {"country": "United Kingdom", "subcountry": "England", "geolabelid": 2639577, "label": "Reading"}, {"country": "United Kingdom", "subcountry": "England", "geolabelid": 2639583, "label": "Rayleigh"}, {"country": "United Kingdom", "subcountry": "England", "geolabelid": 2639586, "label": "Rawtenstall"}, {"country": "United Kingdom", "subcountry": "England", "geolabelid": 2639588, "label": "Rawmarsh"}, {"country": "United Kingdom", "subcountry": "England", "geolabelid": 2639660, "label": "Ramsgate"}, {"country": "United Kingdom", "subcountry": "England", "geolabelid": 2639668, "label": "Ramsbottom"}, {"country": "United Kingdom", "subcountry": "England", "geolabelid": 2639842, "label": "Purley"}, {"country": "United Kingdom", "subcountry": "England", "geolabelid": 2639866, "label": "Pudsey"}, {"country": "United Kingdom", "subcountry": "Scotland", "geolabelid": 2639896, "label": "Prestwick"}, {"country": "United Kingdom", "subcountry": "England", "geolabelid": 2639897, "label": "Prestwich"}, {"country": "United Kingdom", "subcountry": "England", "geolabelid": 2639912, "label": "Preston"}, {"country": "United Kingdom", "subcountry": "Wales", "geolabelid": 2639926, "label": "Prestatyn"}, {"country": "United Kingdom", "subcountry": "England", "geolabelid": 2639928, "label": "Prescot"}, {"country": "United Kingdom", "subcountry": "England", "geolabelid": 2639958, "label": "Poulton le Fylde"}, {"country": "United Kingdom", "subcountry": "England", "geolabelid": 2639970, "label": "Potters Bar"}, {"country": "United Kingdom", "subcountry": "England", "geolabelid": 2639996, "label": "Portsmouth"}, {"country": "United Kingdom", "subcountry": "England", "geolabelid": 2639998, "label": "Portslade"}, {"country": "United Kingdom", "subcountry": "England", "geolabelid": 2640037, "label": "Portishead"}, {"country": "United Kingdom", "subcountry": "Wales", "geolabelid": 2640054, "label": "Porthcawl"}, {"country": "United Kingdom", "subcountry": "Scotland", "geolabelid": 2640060, "label": "Port Glasgow"}, {"country": "United Kingdom", "subcountry": "Northern Ireland", "geolabelid": 2640085, "label": "Portadown"}, {"country": "United Kingdom", "subcountry": "England", "geolabelid": 2640101, "label": "Poole"}, {"country": "United Kingdom", "subcountry": "Wales", "geolabelid": 2640104, "label": "Pontypridd"}, {"country": "United Kingdom", "subcountry": "Wales", "geolabelid": 2640106, "label": "Pontypool"}, {"country": "United Kingdom", "subcountry": "England", "geolabelid": 2640132, "label": "Pontefract"}, {"country": "United Kingdom", "subcountry": "Scotland", "geolabelid": 2640155, "label": "Polmont"}, {"country": "United Kingdom", "subcountry": "England", "geolabelid": 2640190, "label": "Plymstock"}, {"country": "United Kingdom", "subcountry": "England", "geolabelid": 2640194, "label": "Plymouth"}, {"country": "United Kingdom", "subcountry": "England", "geolabelid": 2640246, "label": "Pitsea"}, {"country": "United Kingdom", "subcountry": "England", "geolabelid": 2640275, "label": "Pinner"}, {"country": "United Kingdom", "subcountry": "England", "geolabelid": 2640349, "label": "Peterlee"}, {"country": "United Kingdom", "subcountry": "Scotland", "geolabelid": 2640351, "label": "Peterhead"}, {"country": "United Kingdom", "subcountry": "England", "geolabelid": 2640354, "label": "Peterborough"}, {"country": "United Kingdom", "subcountry": "Scotland", "geolabelid": 2640358, "label": "Perth"}, {"country": "United Kingdom", "subcountry": "England", "geolabelid": 2640377, "label": "Penzance"}, {"country": "United Kingdom", "subcountry": "Scotland", "geolabelid": 2640465, "label": "Penicuik"}, {"country": "United Kingdom", "subcountry": "Wales", "geolabelid": 2640496, "label": "Penarth"}, {"country": "United Kingdom", "subcountry": "Scotland", "geolabelid": 2640677, "label": "Paisley"}, {"country": "United Kingdom", "subcountry": "England", "geolabelid": 2640681, "label": "Paignton"}, {"country": "United Kingdom", "subcountry": "England", "geolabelid": 2640729, "label": "Oxford"}, {"country": "United Kingdom", "subcountry": "England", "geolabelid": 2640861, "label": "Oswestry"}, {"country": "United Kingdom", "subcountry": "England", "geolabelid": 2640869, "label": "Ossett"}, {"country": "United Kingdom", "subcountry": "England", "geolabelid": 2640894, "label": "Orpington"}, {"country": "United Kingdom", "subcountry": "England", "geolabelid": 2640908, "label": "Ormskirk"}, {"country": "United Kingdom", "subcountry": "Northern Ireland", "geolabelid": 2640967, "label": "Omagh"}, {"country": "United Kingdom", "subcountry": "England", "geolabelid": 2641022, "label": "Oldham"}, {"country": "United Kingdom", "subcountry": "England", "geolabelid": 2641134, "label": "Oadby"}, {"country": "United Kingdom", "subcountry": "England", "geolabelid": 2641157, "label": "Nuneaton"}, {"country": "United Kingdom", "subcountry": "England", "geolabelid": 2641170, "label": "Nottingham"}, {"country": "United Kingdom", "subcountry": "England", "geolabelid": 2641181, "label": "Norwich"}, {"country": "United Kingdom", "subcountry": "England", "geolabelid": 2641224, "label": "Northwich"}, {"country": "United Kingdom", "subcountry": "England", "geolabelid": 2641267, "label": "North Shields"}, {"country": "United Kingdom", "subcountry": "England", "geolabelid": 2641290, "label": "Northolt"}, {"country": "United Kingdom", "subcountry": "England", "geolabelid": 2641319, "label": "Lancing"}, {"country": "United Kingdom", "subcountry": "England", "geolabelid": 2641430, "label": "Northampton"}, {"country": "United Kingdom", "subcountry": "England", "geolabelid": 2641435, "label": "Northallerton"}, {"country": "United Kingdom", "subcountry": "Northern Ireland", "geolabelid": 2641519, "label": "Newtownards"}, {"country": "United Kingdom", "subcountry": "Northern Ireland", "geolabelid": 2641520, "label": "Newtownabbey"}, {"country": "United Kingdom", "subcountry": "Scotland", "geolabelid": 2641544, "label": "Newton Mearns"}, {"country": "United Kingdom", "subcountry": "England", "geolabelid": 2641546, "label": "Newton-le-Willows"}, {"country": "United Kingdom", "subcountry": "England", "geolabelid": 2641555, "label": "Newton Aycliffe"}, {"country": "United Kingdom", "subcountry": "England", "geolabelid": 2641557, "label": "Newton Abbot"}, {"country": "United Kingdom", "subcountry": "Northern Ireland", "geolabelid": 2641581, "label": "Newry"}, {"country": "United Kingdom", "subcountry": "England", "geolabelid": 2641589, "label": "Newquay"}, {"country": "United Kingdom", "subcountry": "England", "geolabelid": 2641591, "label": "Newport Pagnell"}, {"country": "United Kingdom", "subcountry": "Wales", "geolabelid": 2641598, "label": "Newport"}, {"country": "United Kingdom", "subcountry": "England", "geolabelid": 2641599, "label": "Newport"}, {"country": "United Kingdom", "subcountry": "England", "geolabelid": 2641609, "label": "New Milton"}, {"country": "United Kingdom", "subcountry": "England", "geolabelid": 2641616, "label": "Newmarket"}, {"country": "United Kingdom", "subcountry": "England", "geolabelid": 2641617, "label": "New Malden"}, {"country": "United Kingdom", "subcountry": "England", "geolabelid": 2641673, "label": "Newcastle upon Tyne"}, {"country": "United Kingdom", "subcountry": "England", "geolabelid": 2641674, "label": "Newcastle under Lyme"}, {"country": "United Kingdom", "subcountry": "England", "geolabelid": 2641689, "label": "Newbury"}, {"country": "United Kingdom", "subcountry": "England", "geolabelid": 2641690, "label": "Newburn"}, {"country": "United Kingdom", "subcountry": "England", "geolabelid": 2641731, "label": "Newark on Trent"}, {"country": "United Kingdom", "subcountry": "England", "geolabelid": 2641810, "label": "Nelson"}, {"country": "United Kingdom", "subcountry": "Wales", "geolabelid": 2641843, "label": "Neath"}, {"country": "United Kingdom", "subcountry": "England", "geolabelid": 2641913, "label": "Nailsea"}, {"country": "United Kingdom", "subcountry": "Scotland", "geolabelid": 2641942, "label": "Musselburgh"}, {"country": "United Kingdom", "subcountry": "Scotland", "geolabelid": 2642135, "label": "Motherwell"}, {"country": "United Kingdom", "subcountry": "England", "geolabelid": 2642189, "label": "Morley"}, {"country": "United Kingdom", "subcountry": "England", "geolabelid": 2642204, "label": "Moreton"}, {"country": "United Kingdom", "subcountry": "England", "geolabelid": 2642214, "label": "Morecambe"}, {"country": "United Kingdom", "subcountry": "England", "geolabelid": 2642414, "label": "Mitcham"}, {"country": "United Kingdom", "subcountry": "England", "geolabelid": 2642423, "label": "Mirfield"}, {"country": "United Kingdom", "subcountry": "England", "geolabelid": 2642465, "label": "Milton Keynes"}, {"country": "United Kingdom", "subcountry": "England", "geolabelid": 2642593, "label": "Middleton"}, {"country": "United Kingdom", "subcountry": "England", "geolabelid": 2642607, "label": "Middlesbrough"}, {"country": "United Kingdom", "subcountry": "England", "geolabelid": 2642683, "label": "Mexborough"}, {"country": "United Kingdom", "subcountry": "Wales", "geolabelid": 2642705, "label": "Merthyr Tydfil"}, {"country": "United Kingdom", "subcountry": "England", "geolabelid": 2642763, "label": "Melton Mowbray"}, {"country": "United Kingdom", "subcountry": "England", "geolabelid": 2642999, "label": "Marple"}, {"country": "United Kingdom", "subcountry": "England", "geolabelid": 2643003, "label": "Marlow"}, {"country": "United Kingdom", "subcountry": "England", "geolabelid": 2643027, "label": "Market Harborough"}, {"country": "United Kingdom", "subcountry": "England", "geolabelid": 2643044, "label": "Margate"}, {"country": "United Kingdom", "subcountry": "England", "geolabelid": 2643071, "label": "March"}, {"country": "United Kingdom", "subcountry": "England", "geolabelid": 2643096, "label": "Mansfield Woodhouse"}, {"country": "United Kingdom", "subcountry": "England", "geolabelid": 2643097, "label": "Mansfield"}, {"country": "United Kingdom", "subcountry": "England", "geolabelid": 2643116, "label": "Mangotsfield"}, {"country": "United Kingdom", "subcountry": "England", "geolabelid": 2643123, "label": "Manchester"}, {"country": "United Kingdom", "subcountry": "England", "geolabelid": 2643144, "label": "Maltby"}, {"country": "United Kingdom", "subcountry": "England", "geolabelid": 2643160, "label": "Maldon"}, {"country": "United Kingdom", "subcountry": "England", "geolabelid": 2643179, "label": "Maidstone"}, {"country": "United Kingdom", "subcountry": "England", "geolabelid": 2643186, "label": "Maidenhead"}, {"country": "United Kingdom", "subcountry": "England", "geolabelid": 2643198, "label": "Maghull"}, {"country": "United Kingdom", "subcountry": "Wales", "geolabelid": 2643218, "label": "Maesteg"}, {"country": "United Kingdom", "subcountry": "England", "geolabelid": 2643266, "label": "Macclesfield"}, {"country": "United Kingdom", "subcountry": "England", "geolabelid": 2643339, "label": "Luton"}, {"country": "United Kingdom", "subcountry": "England", "geolabelid": 2643490, "label": "Lowestoft"}, {"country": "United Kingdom", "subcountry": "England", "geolabelid": 2643553, "label": "Louth"}, {"country": "United Kingdom", "subcountry": "England", "geolabelid": 2643567, "label": "Loughborough"}, {"country": "United Kingdom", "subcountry": "England", "geolabelid": 2643696, "label": "Longfield"}, {"country": "United Kingdom", "subcountry": "England", "geolabelid": 2643697, "label": "Long Eaton"}, {"country": "United Kingdom", "subcountry": "Northern Ireland", "geolabelid": 2643734, "label": "Londonderry County Borough"}, {"country": "United Kingdom", "subcountry": "Northern Ireland", "geolabelid": 2643736, "label": "Derry"}, {"country": "United Kingdom", "subcountry": "England", "geolabelid": 2643741, "label": "City of London"}, {"country": "United Kingdom", "subcountry": "England", "geolabelid": 2643743, "label": "London"}, {"country": "United Kingdom", "subcountry": "England", "geolabelid": 2643776, "label": "Lofthouse"}, {"country": "United Kingdom", "subcountry": "Wales", "geolabelid": 2644100, "label": "Llanelli"}, {"country": "United Kingdom", "subcountry": "Wales", "geolabelid": 2644120, "label": "Llandudno"}, {"country": "United Kingdom", "subcountry": "Scotland", "geolabelid": 2644204, "label": "Livingston"}, {"country": "United Kingdom", "subcountry": "England", "geolabelid": 2644210, "label": "Liverpool"}, {"country": "United Kingdom", "subcountry": "England", "geolabelid": 2644319, "label": "Littlehampton"}, {"country": "United Kingdom", "subcountry": "England", "geolabelid": 2644386, "label": "Litherland"}, {"country": "United Kingdom", "subcountry": "Northern Ireland", "geolabelid": 2644411, "label": "Lisburn"}, {"country": "United Kingdom", "subcountry": "England", "geolabelid": 2644487, "label": "Lincoln"}, {"country": "United Kingdom", "subcountry": "England", "geolabelid": 2644531, "label": "Lichfield"}, {"country": "United Kingdom", "subcountry": "England", "geolabelid": 2644547, "label": "Leyland"}, {"country": "United Kingdom", "subcountry": "England", "geolabelid": 2644559, "label": "Lewes"}, {"country": "United Kingdom", "subcountry": "England", "geolabelid": 2644597, "label": "Letchworth"}, {"country": "United Kingdom", "subcountry": "England", "geolabelid": 2644652, "label": "Leighton Buzzard"}, {"country": "United Kingdom", "subcountry": "England", "geolabelid": 2644660, "label": "Leigh"}, {"country": "United Kingdom", "subcountry": "England", "geolabelid": 2644668, "label": "Leicester"}, {"country": "United Kingdom", "subcountry": "England", "geolabelid": 2644684, "label": "Leek"}, {"country": "United Kingdom", "subcountry": "England", "geolabelid": 2644688, "label": "Leeds"}, {"country": "United Kingdom", "subcountry": "England", "geolabelid": 2644726, "label": "Leatherhead"}, {"country": "United Kingdom", "subcountry": "England", "geolabelid": 2644737, "label": "Royal Leamington Spa"}, {"country": "United Kingdom", "subcountry": "Northern Ireland", "geolabelid": 2644849, "label": "Larne"}, {"country": "United Kingdom", "subcountry": "Scotland", "geolabelid": 2644853, "label": "Larkhall"}, {"country": "United Kingdom", "subcountry": "England", "geolabelid": 2644972, "label": "Lancaster"}, {"country": "United Kingdom", "subcountry": "Scotland", "geolabelid": 2645261, "label": "Kirkintilloch"}, {"country": "United Kingdom", "subcountry": "Scotland", "geolabelid": 2645298, "label": "Kirkcaldy"}, {"country": "United Kingdom", "subcountry": "England", "geolabelid": 2645309, "label": "Kirkby in Ashfield"}, {"country": "United Kingdom", "subcountry": "England", "geolabelid": 2645313, "label": "Kirkby"}, {"country": "United Kingdom", "subcountry": "England", "geolabelid": 2645418, "label": "Kingswood"}, {"country": "United Kingdom", "subcountry": "England", "geolabelid": 2645420, "label": "Kingswinford"}, {"country": "United Kingdom", "subcountry": "England", "geolabelid": 2645425, "label": "Hull"}, {"country": "United Kingdom", "subcountry": "England", "geolabelid": 2645456, "label": "King's Lynn"}, {"country": "United Kingdom", "subcountry": "Scotland", "geolabelid": 2645541, "label": "Kilwinning"}, {"country": "United Kingdom", "subcountry": "Scotland", "geolabelid": 2645605, "label": "Kilmarnock"}, {"country": "United Kingdom", "subcountry": "England", "geolabelid": 2645721, "label": "Kidsgrove"}, {"country": "United Kingdom", "subcountry": "England", "geolabelid": 2645722, "label": "Kidlington"}, {"country": "United Kingdom", "subcountry": "England", "geolabelid": 2645724, "label": "Kidderminster"}, {"country": "United Kingdom", "subcountry": "England", "geolabelid": 2645733, "label": "Keynsham"}, {"country": "United Kingdom", "subcountry": "England", "geolabelid": 2645753, "label": "Kettering"}, {"country": "United Kingdom", "subcountry": "England", "geolabelid": 2645822, "label": "Kenilworth"}, {"country": "United Kingdom", "subcountry": "England", "geolabelid": 2645826, "label": "Kendal"}, {"country": "United Kingdom", "subcountry": "England", "geolabelid": 2645831, "label": "Kempston"}, {"country": "United Kingdom", "subcountry": "England", "geolabelid": 2645889, "label": "Keighley"}, {"country": "United Kingdom", "subcountry": "Scotland", "geolabelid": 2645951, "label": "Johnstone"}, {"country": "United Kingdom", "subcountry": "England", "geolabelid": 2645972, "label": "Jarrow"}, {"country": "United Kingdom", "subcountry": "England", "geolabelid": 2646003, "label": "Islington"}, {"country": "United Kingdom", "subcountry": "England", "geolabelid": 2646004, "label": "Isleworth"}, {"country": "United Kingdom", "subcountry": "England", "geolabelid": 2646032, "label": "Irvine"}, {"country": "United Kingdom", "subcountry": "Wales", "geolabelid": 2652622, "label": "Coity"}, {"country": "United Kingdom", "subcountry": "England", "geolabelid": 2652689, "label": "Cobham"}, {"country": "United Kingdom", "subcountry": "Scotland", "geolabelid": 2652696, "label": "Coatbridge"}, {"country": "United Kingdom", "subcountry": "England", "geolabelid": 2652698, "label": "Coalville"}, {"country": "United Kingdom", "subcountry": "Scotland", "geolabelid": 2652730, "label": "Clydebank"}, {"country": "United Kingdom", "subcountry": "Wales", "geolabelid": 2652734, "label": "Clydach"}, {"country": "United Kingdom", "subcountry": "England", "geolabelid": 2652819, "label": "Clitheroe"}, {"country": "United Kingdom", "subcountry": "England", "geolabelid": 2652861, "label": "Clevedon"}, {"country": "United Kingdom", "subcountry": "England", "geolabelid": 2652885, "label": "Cleethorpes"}, {"country": "United Kingdom", "subcountry": "England", "geolabelid": 2652890, "label": "Cleckheaton"}, {"country": "United Kingdom", "subcountry": "England", "geolabelid": 2652974, "label": "Clacton-on-Sea"}, {"country": "United Kingdom", "subcountry": "England", "geolabelid": 2652995, "label": "Cirencester"}, {"country": "United Kingdom", "subcountry": "England", "geolabelid": 2653075, "label": "Christchurch"}, {"country": "United Kingdom", "subcountry": "England", "geolabelid": 2653086, "label": "Chorley"}, {"country": "United Kingdom", "subcountry": "England", "geolabelid": 2653123, "label": "Chislehurst"}, {"country": "United Kingdom", "subcountry": "England", "geolabelid": 2653137, "label": "Chipping Sodbury"}, {"country": "United Kingdom", "subcountry": "England", "geolabelid": 2653144, "label": "Chippenham"}, {"country": "United Kingdom", "subcountry": "England", "geolabelid": 2653192, "label": "Chichester"}, {"country": "United Kingdom", "subcountry": "England", "geolabelid": 2653224, "label": "Chester-le-Street"}, {"country": "United Kingdom", "subcountry": "England", "geolabelid": 2653225, "label": "Chesterfield"}, {"country": "United Kingdom", "subcountry": "England", "geolabelid": 2653228, "label": "Chester"}, {"country": "United Kingdom", "subcountry": "England", "geolabelid": 2653229, "label": "Chessington"}, {"country": "United Kingdom", "subcountry": "England", "geolabelid": 2653232, "label": "Cheshunt"}, {"country": "United Kingdom", "subcountry": "England", "geolabelid": 2653235, "label": "Chesham"}, {"country": "United Kingdom", "subcountry": "England", "geolabelid": 2653261, "label": "Cheltenham"}, {"country": "United Kingdom", "subcountry": "England", "geolabelid": 2653265, "label": "Chelsea"}, {"country": "United Kingdom", "subcountry": "England", "geolabelid": 2653266, "label": "Chelmsford"}, {"country": "United Kingdom", "subcountry": "England", "geolabelid": 2653290, "label": "Cheadle Hulme"}, {"country": "United Kingdom", "subcountry": "England", "geolabelid": 2653305, "label": "Chatham"}, {"country": "United Kingdom", "subcountry": "England", "geolabelid": 2653353, "label": "Chapletown"}, {"country": "United Kingdom", "subcountry": "England", "geolabelid": 2653393, "label": "Chalfont Saint Peter"}, {"country": "United Kingdom", "subcountry": "England", "geolabelid": 2653520, "label": "Caterham"}, {"country": "United Kingdom", "subcountry": "Northern Ireland", "geolabelid": 2653558, "label": "Castlereagh"}, {"country": "United Kingdom", "subcountry": "England", "geolabelid": 2653584, "label": "Castleford"}, {"country": "United Kingdom", "subcountry": "England", "geolabelid": 2653646, "label": "Carshalton"}, {"country": "United Kingdom", "subcountry": "Northern Ireland", "geolabelid": 2653680, "label": "Carrickfergus"}, {"country": "United Kingdom", "subcountry": "Wales", "geolabelid": 2653755, "label": "Carmarthen"}, {"country": "United Kingdom", "subcountry": "England", "geolabelid": 2653775, "label": "Carlisle"}, {"country": "United Kingdom", "subcountry": "Wales", "geolabelid": 2653822, "label": "Cardiff"}, {"country": "United Kingdom", "subcountry": "England", "geolabelid": 2653877, "label": "Canterbury"}, {"country": "United Kingdom", "subcountry": "England", "geolabelid": 2653883, "label": "Cannock"}, {"country": "United Kingdom", "subcountry": "England", "geolabelid": 2653941, "label": "Cambridge"}, {"country": "United Kingdom", "subcountry": "England", "geolabelid": 2653945, "label": "Camborne"}, {"country": "United Kingdom", "subcountry": "England", "geolabelid": 2653947, "label": "Camberley"}, {"country": "United Kingdom", "subcountry": "Wales", "geolabelid": 2654089, "label": "Caerphilly"}, {"country": "United Kingdom", "subcountry": "England", "geolabelid": 2654141, "label": "Buxton"}, {"country": "United Kingdom", "subcountry": "England", "geolabelid": 2654179, "label": "Bushey"}, {"country": "United Kingdom", "subcountry": "England", "geolabelid": 2654186, "label": "Bury St Edmunds"}, {"country": "United Kingdom", "subcountry": "England", "geolabelid": 2654187, "label": "Bury"}, {"country": "United Kingdom", "subcountry": "England", "geolabelid": 2654200, "label": "Burton upon Trent"}, {"country": "United Kingdom", "subcountry": "England", "geolabelid": 2654252, "label": "Burntwood"}, {"country": "United Kingdom", "subcountry": "England", "geolabelid": 2654264, "label": "Burnley"}, {"country": "United Kingdom", "subcountry": "England", "geolabelid": 2654269, "label": "Burnham-on-Sea"}, {"country": "United Kingdom", "subcountry": "England", "geolabelid": 2654308, "label": "Burgess Hill"}, {"country": "United Kingdom", "subcountry": "Wales", "geolabelid": 2654394, "label": "Buckley"}, {"country": "United Kingdom", "subcountry": "Scotland", "geolabelid": 2654415, "label": "Buckhaven"}, {"country": "United Kingdom", "subcountry": "Wales", "geolabelid": 2654450, "label": "Brymbo"}, {"country": "United Kingdom", "subcountry": "England", "geolabelid": 2654490, "label": "Brownhills"}, {"country": "United Kingdom", "subcountry": "England", "geolabelid": 2654579, "label": "Bromsgrove"}, {"country": "United Kingdom", "subcountry": "England", "geolabelid": 2654635, "label": "Broadstairs"}, {"country": "United Kingdom", "subcountry": "England", "geolabelid": 2654663, "label": "Brixham"}, {"country": "United Kingdom", "subcountry": "Wales", "geolabelid": 2654668, "label": "Briton Ferry"}, {"country": "United Kingdom", "subcountry": "England", "geolabelid": 2654675, "label": "Bristol"}, {"country": "United Kingdom", "subcountry": "England", "geolabelid": 2654710, "label": "Brighton"}, {"country": "United Kingdom", "subcountry": "England", "geolabelid": 2654715, "label": "Brighouse"}, {"country": "United Kingdom", "subcountry": "England", "geolabelid": 2654724, "label": "Brierley Hill"}, {"country": "United Kingdom", "subcountry": "England", "geolabelid": 2654728, "label": "Bridlington"}, {"country": "United Kingdom", "subcountry": "England", "geolabelid": 2654730, "label": "Bridgwater"}, {"country": "United Kingdom", "subcountry": "Wales", "geolabelid": 2654755, "label": "Bridgend"}, {"country": "United Kingdom", "subcountry": "England", "geolabelid": 2654782, "label": "Brentwood"}, {"country": "United Kingdom", "subcountry": "England", "geolabelid": 2654814, "label": "Bredbury"}, {"country": "United Kingdom", "subcountry": "England", "geolabelid": 2654927, "label": "Bramhall"}, {"country": "United Kingdom", "subcountry": "England", "geolabelid": 2654938, "label": "Braintree"}, {"country": "United Kingdom", "subcountry": "England", "geolabelid": 2654993, "label": "Bradford"}, {"country": "United Kingdom", "subcountry": "England", "geolabelid": 2655009, "label": "Bracknell"}, {"country": "United Kingdom", "subcountry": "England", "geolabelid": 2655095, "label": "Bournemouth"}, {"country": "United Kingdom", "subcountry": "England", "geolabelid": 2655138, "label": "Boston"}, {"country": "United Kingdom", "subcountry": "England", "geolabelid": 2655186, "label": "Borehamwood"}, {"country": "United Kingdom", "subcountry": "England", "geolabelid": 2655198, "label": "Bootle"}, {"country": "United Kingdom", "subcountry": "England", "geolabelid": 2655237, "label": "Bolton"}, {"country": "United Kingdom", "subcountry": "England", "geolabelid": 2655262, "label": "Bognor Regis"}, {"country": "United Kingdom", "subcountry": "England", "geolabelid": 2655315, "label": "Blyth"}, {"country": "United Kingdom", "subcountry": "England", "geolabelid": 2655329, "label": "Bloxwich"}, {"country": "United Kingdom", "subcountry": "England", "geolabelid": 2655351, "label": "Bletchley"}, {"country": "United Kingdom", "subcountry": "England", "geolabelid": 2655459, "label": "Blackpool"}, {"country": "United Kingdom", "subcountry": "England", "geolabelid": 2655524, "label": "Blackburn"}, {"country": "United Kingdom", "subcountry": "England", "geolabelid": 2655557, "label": "Bishopstoke"}, {"country": "United Kingdom", "subcountry": "England", "geolabelid": 2655562, "label": "Bishops Stortford"}, {"country": "United Kingdom", "subcountry": "Scotland", "geolabelid": 2655582, "label": "Bishopbriggs"}, {"country": "United Kingdom", "subcountry": "England", "geolabelid": 2655583, "label": "Bishop Auckland"}, {"country": "United Kingdom", "subcountry": "England", "geolabelid": 2655603, "label": "Birmingham"}, {"country": "United Kingdom", "subcountry": "England", "geolabelid": 2655613, "label": "Birkenhead"}, {"country": "United Kingdom", "subcountry": "England", "geolabelid": 2655642, "label": "Bingley"}, {"country": "United Kingdom", "subcountry": "England", "geolabelid": 2655664, "label": "Billingham"}, {"country": "United Kingdom", "subcountry": "England", "geolabelid": 2655672, "label": "Billericay"}, {"country": "United Kingdom", "subcountry": "England", "geolabelid": 2655689, "label": "Biggleswade"}, {"country": "United Kingdom", "subcountry": "England", "geolabelid": 2655707, "label": "Bideford"}, {"country": "United Kingdom", "subcountry": "England", "geolabelid": 2655708, "label": "Biddulph"}, {"country": "United Kingdom", "subcountry": "England", "geolabelid": 2655729, "label": "Bicester"}, {"country": "United Kingdom", "subcountry": "England", "geolabelid": 2655775, "label": "Bexley"}, {"country": "United Kingdom", "subcountry": "England", "geolabelid": 2655777, "label": "Bexhill-on-Sea"}, {"country": "United Kingdom", "subcountry": "England", "geolabelid": 2655785, "label": "Beverley"}, {"country": "United Kingdom", "subcountry": "England", "geolabelid": 2655819, "label": "Berwick-Upon-Tweed"}, {"country": "United Kingdom", "subcountry": "England", "geolabelid": 2655858, "label": "Berkhamsted"}, {"country": "United Kingdom", "subcountry": "England", "geolabelid": 2655882, "label": "Bentley"}, {"country": "United Kingdom", "subcountry": "England", "geolabelid": 2655942, "label": "Belper"}, {"country": "United Kingdom", "subcountry": "Scotland", "geolabelid": 2655952, "label": "Bellshill"}, {"country": "United Kingdom", "subcountry": "Northern Ireland", "geolabelid": 2655984, "label": "Belfast"}, {"country": "United Kingdom", "subcountry": "England", "geolabelid": 2656031, "label": "Bedworth"}, {"country": "United Kingdom", "subcountry": "England", "geolabelid": 2656039, "label": "Bedlington"}, {"country": "United Kingdom", "subcountry": "England", "geolabelid": 2656046, "label": "Bedford"}, {"country": "United Kingdom", "subcountry": "England", "geolabelid": 2656065, "label": "Beckenham"}, {"country": "United Kingdom", "subcountry": "England", "geolabelid": 2656070, "label": "Bebington"}, {"country": "United Kingdom", "subcountry": "Scotland", "geolabelid": 2656086, "label": "Bearsden"}, {"country": "United Kingdom", "subcountry": "England", "geolabelid": 2656168, "label": "Batley"}, {"country": "United Kingdom", "subcountry": "Scotland", "geolabelid": 2656169, "label": "Bathgate"}, {"country": "United Kingdom", "subcountry": "England", "geolabelid": 2656173, "label": "Bath"}, {"country": "United Kingdom", "subcountry": "England", "geolabelid": 2656192, "label": "Basingstoke"}, {"country": "United Kingdom", "subcountry": "England", "geolabelid": 2656194, "label": "Basildon"}, {"country": "United Kingdom", "subcountry": "Wales", "geolabelid": 2656235, "label": "Barry"}, {"country": "United Kingdom", "subcountry": "England", "geolabelid": 2656241, "label": "Barrow in Furness"}, {"country": "United Kingdom", "subcountry": "Scotland", "geolabelid": 2656258, "label": "Barrhead"}, {"country": "United Kingdom", "subcountry": "England", "geolabelid": 2656281, "label": "Barnstaple"}, {"country": "United Kingdom", "subcountry": "England", "geolabelid": 2656284, "label": "Barnsley"}, {"country": "United Kingdom", "subcountry": "England", "geolabelid": 2656295, "label": "Barnet"}, {"country": "United Kingdom", "subcountry": "England", "geolabelid": 2656333, "label": "Barking"}, {"country": "United Kingdom", "subcountry": "England", "geolabelid": 2656379, "label": "Banstead"}, {"country": "United Kingdom", "subcountry": "Northern Ireland", "geolabelid": 2656396, "label": "Bangor"}, {"country": "United Kingdom", "subcountry": "Wales", "geolabelid": 2656397, "label": "Bangor"}, {"country": "United Kingdom", "subcountry": "England", "geolabelid": 2656406, "label": "Banbury"}, {"country": "United Kingdom", "subcountry": "Northern Ireland", "geolabelid": 2656407, "label": "Banbridge"}, {"country": "United Kingdom", "subcountry": "Northern Ireland", "geolabelid": 2656490, "label": "Ballymena"}, {"country": "United Kingdom", "subcountry": "England", "geolabelid": 2656627, "label": "Baildon"}, {"country": "United Kingdom", "subcountry": "Scotland", "geolabelid": 2656708, "label": "Ayr"}, {"country": "United Kingdom", "subcountry": "England", "geolabelid": 2656719, "label": "Aylesbury"}, {"country": "United Kingdom", "subcountry": "England", "geolabelid": 2656847, "label": "Atherton"}, {"country": "United Kingdom", "subcountry": "England", "geolabelid": 2656915, "label": "Ashton-under-Lyne"}, {"country": "United Kingdom", "subcountry": "England", "geolabelid": 2656918, "label": "Ashton in Makerfield"}, {"country": "United Kingdom", "subcountry": "England", "geolabelid": 2656955, "label": "Ashford"}, {"country": "United Kingdom", "subcountry": "England", "geolabelid": 2656992, "label": "Ascot"}, {"country": "United Kingdom", "subcountry": "England", "geolabelid": 2657030, "label": "Arnold"}, {"country": "United Kingdom", "subcountry": "Scotland", "geolabelid": 2657215, "label": "Arbroath"}, {"country": "United Kingdom", "subcountry": "Northern Ireland", "geolabelid": 2657255, "label": "Antrim"}, {"country": "United Kingdom", "subcountry": "England", "geolabelid": 2657324, "label": "Andover"}, {"country": "United Kingdom", "subcountry": "England", "geolabelid": 2657356, "label": "Amersham"}, {"country": "United Kingdom", "subcountry": "England", "geolabelid": 2657402, "label": "Altrincham"}, {"country": "United Kingdom", "subcountry": "England", "geolabelid": 2657408, "label": "Alton"}, {"country": "United Kingdom", "subcountry": "Scotland", "geolabelid": 2657471, "label": "Alloa"}, {"country": "United Kingdom", "subcountry": "England", "geolabelid": 2657508, "label": "Alfreton"}, {"country": "United Kingdom", "subcountry": "England", "geolabelid": 2657528, "label": "Aldridge"}, {"country": "United Kingdom", "subcountry": "England", "geolabelid": 2657540, "label": "Aldershot"}, {"country": "United Kingdom", "subcountry": "Scotland", "geolabelid": 2657613, "label": "Airdrie"}, {"country": "United Kingdom", "subcountry": "England", "geolabelid": 2657697, "label": "Acton"}, {"country": "United Kingdom", "subcountry": "England", "geolabelid": 2657703, "label": "Acocks Green"}, {"country": "United Kingdom", "subcountry": "England", "geolabelid": 2657770, "label": "Accrington"}, {"country": "United Kingdom", "subcountry": "England", "geolabelid": 2657780, "label": "Abingdon"}, {"country": "United Kingdom", "subcountry": "Wales", "geolabelid": 2657782, "label": "Aberystwyth"}, {"country": "United Kingdom", "subcountry": "Wales", "geolabelid": 2657812, "label": "Abergele"}, {"country": "United Kingdom", "subcountry": "Scotland", "geolabelid": 2657832, "label": "Aberdeen"}, {"country": "United Kingdom", "subcountry": "Wales", "geolabelid": 2657835, "label": "Aberdare"}, {"country": "United Kingdom", "subcountry": "England", "geolabelid": 3209584, "label": "Crosby"}, {"country": "United Kingdom", "subcountry": "Wales", "geolabelid": 3345317, "label": "Blackwood"}, {"country": "United Kingdom", "subcountry": "England", "geolabelid": 3345432, "label": "Neston"}, {"country": "United Kingdom", "subcountry": "England", "geolabelid": 3345437, "label": "Camden Town"}, {"country": "United Kingdom", "subcountry": "England", "geolabelid": 3345439, "label": "Telford"}, {"country": "United Kingdom", "subcountry": "Northern Ireland", "geolabelid": 3345440, "label": "Craigavon"}, {"country": "United Kingdom", "subcountry": "England", "geolabelid": 6545243, "label": "Bayswater"}, {"country": "United Kingdom", "subcountry": "England", "geolabelid": 6620293, "label": "Yateley"}, {"country": "United Kingdom", "subcountry": "England", "geolabelid": 6620355, "label": "Bowthorpe"}, {"country": "United Kingdom", "subcountry": "England", "geolabelid": 6620360, "label": "Hedge End"}, {"country": "United Kingdom", "subcountry": "Scotland", "geolabelid": 6639623, "label": "Erskine"}, {"country": "United Kingdom", "subcountry": "England", "geolabelid": 6640028, "label": "Hale"}, {"country": "United Kingdom", "subcountry": "England", "geolabelid": 6690592, "label": "Amersham on the Hill"}, {"country": "United Kingdom", "subcountry": "England", "geolabelid": 6690602, "label": "Battersea"}, {"country": "United Kingdom", "subcountry": "England", "geolabelid": 6690862, "label": "South Croydon"}, {"country": "United Kingdom", "subcountry": "England", "geolabelid": 6690863, "label": "Hornchurch"}, {"country": "United Kingdom", "subcountry": "England", "geolabelid": 6690866, "label": "Surbiton"}, {"country": "United Kingdom", "subcountry": "England", "geolabelid": 6690867, "label": "Ewell"}, {"country": "United Kingdom", "subcountry": "England", "geolabelid": 6690870, "label": "Becontree"}, {"country": "United Kingdom", "subcountry": "England", "geolabelid": 6690877, "label": "Brixton"}, {"country": "United Kingdom", "subcountry": "England", "geolabelid": 6690989, "label": "Bethnal Green"}, {"country": "United Kingdom", "subcountry": "England", "geolabelid": 6691219, "label": "Failsworth"}, {"country": "United Kingdom", "subcountry": "England", "geolabelid": 6691227, "label": "Radcliffe"}, {"country": "United Kingdom", "subcountry": "England", "geolabelid": 6691235, "label": "Heywood"}, {"country": "United Kingdom", "subcountry": "England", "geolabelid": 6691766, "label": "Longsight"}, {"country": "United Kingdom", "subcountry": "England", "geolabelid": 6691884, "label": "Heavitree"}, {"country": "United Kingdom", "subcountry": "England", "geolabelid": 6691927, "label": "Ferndown"}, {"country": "United Kingdom", "subcountry": "England", "geolabelid": 6692280, "label": "Canary Wharf"}, {"country": "United Kingdom", "subcountry": "England", "geolabelid": 6693470, "label": "Lytham St Annes"}, {"country": "United Kingdom", "subcountry": "England", "geolabelid": 6693771, "label": "Hadley Wood"}, {"country": "United Kingdom", "subcountry": "England", "geolabelid": 6695247, "label": "Chapel Allerton"}, {"country": "United Kingdom", "subcountry": "England", "geolabelid": 6947041, "label": "Blackheath"}, {"country": "United Kingdom", "subcountry": "England", "geolabelid": 6947168, "label": "Kempston Hardwick"}, {"country": "United Kingdom", "subcountry": "England", "geolabelid": 6947756, "label": "Mendip"}, {"country": "United Kingdom", "subcountry": "England", "geolabelid": 7290015, "label": "Lower Earley"}, {"country": "United Kingdom", "subcountry": "England", "geolabelid": 7302130, "label": "Bartley Green"}, {"country": "United Kingdom", "subcountry": "England", "geolabelid": 8063096, "label": "Earlsfield"}, {"country": "United Kingdom", "subcountry": "England", "geolabelid": 8224216, "label": "Letchworth Garden City"}, {"country": "United Kingdom", "subcountry": "England", "geolabelid": 8224782, "label": "Shirley"}, {"country": "United Kingdom", "subcountry": "England", "geolabelid": 8224783, "label": "Stanley"}, {"country": "United Kingdom", "subcountry": "England", "geolabelid": 8299614, "label": "Rossendale"}, {"country": "United Kingdom", "subcountry": "England", "geolabelid": 8299615, "label": "Thornton-Cleveleys"}, {"country": "United Kingdom", "subcountry": "Wales", "geolabelid": 8299616, "label": "Deeside"}, {"country": "United Kingdom", "subcountry": "England", "geolabelid": 8299617, "label": "High Peak"}, {"country": "United Kingdom", "subcountry": "England", "geolabelid": 8299619, "label": "Hayling Island"}, {"country": "United Kingdom", "subcountry": "Scotland", "geolabelid": 8299620, "label": "Isle of Lewis"}, {"country": "United Kingdom", "subcountry": "Scotland", "geolabelid": 8299621, "label": "Shetland"}, {"country": "United Kingdom", "subcountry": "Scotland", "geolabelid": 8299623, "label": "Orkney"}, {"country": "United Kingdom", "subcountry": "England", "geolabelid": 8315400, "label": "Holloway"}, {"country": "United Kingdom", "subcountry": "England", "geolabelid": 8581595, "label": "Harringay"}]