[{"country": "Libya", "subcountry": "Sha\u2018b\u012byat al Bu\u0163n\u0101n", "geolabelid": 81302, "label": "Tobruk"}, {"country": "Libya", "subcountry": "Bangh\u0101z\u012b", "geolabelid": 81604, "label": "Sul\u016bq"}, {"country": "Libya", "subcountry": "Darnah", "geolabelid": 87205, "label": "Darnah"}, {"country": "Libya", "subcountry": "Bangh\u0101z\u012b", "geolabelid": 88319, "label": "Benghazi"}, {"country": "Libya", "subcountry": "Sha\u2018b\u012byat al W\u0101\u1e29\u0101t", "geolabelid": 88380, "label": "Az Zuwayt\u012bnah"}, {"country": "Libya", "subcountry": "Al Kufrah", "geolabelid": 88562, "label": "At T\u0101j"}, {"country": "Libya", "subcountry": "Al Marj", "geolabelid": 88834, "label": "T\u016bkrah"}, {"country": "Libya", "subcountry": "Darnah", "geolabelid": 88835, "label": "Al Qubbah"}, {"country": "Libya", "subcountry": "Al Marj", "geolabelid": 88903, "label": "Al Marj"}, {"country": "Libya", "subcountry": "Al Kufrah", "geolabelid": 88962, "label": "Al Jawf"}, {"country": "Libya", "subcountry": "Al Jabal al Akh\u1e11ar", "geolabelid": 89055, "label": "Al Bay\u1e11\u0101\u2019"}, {"country": "Libya", "subcountry": "Al Marj", "geolabelid": 89087, "label": "Al Aby\u0101r"}, {"country": "Libya", "subcountry": "Sha\u2018b\u012byat al W\u0101\u1e29\u0101t", "geolabelid": 89113, "label": "Ajdabiya"}, {"country": "Libya", "subcountry": "An Nuq\u0101\u0163 al Khams", "geolabelid": 2208425, "label": "Zuw\u0101rah"}, {"country": "Libya", "subcountry": "Mi\u015fr\u0101tah", "geolabelid": 2208485, "label": "Zliten"}, {"country": "Libya", "subcountry": "An Nuq\u0101\u0163 al Khams", "geolabelid": 2208655, "label": "Zal\u0163an"}, {"country": "Libya", "subcountry": "Sha\u2018b\u012byat al Jabal al Gharb\u012b", "geolabelid": 2208791, "label": "Yafran"}, {"country": "Libya", "subcountry": "Al Jufrah", "geolabelid": 2209055, "label": "Wadd\u0101n"}, {"country": "Libya", "subcountry": "Al Marqab", "geolabelid": 2210221, "label": "Tarhuna"}, {"country": "Libya", "subcountry": "Tripoli", "geolabelid": 2210247, "label": "Tripoli"}, {"country": "Libya", "subcountry": "Tripoli", "geolabelid": 2210394, "label": "Tagiura"}, {"country": "Libya", "subcountry": "Surt", "geolabelid": 2210554, "label": "Sirte"}, {"country": "Libya", "subcountry": "Az Z\u0101wiyah", "geolabelid": 2210560, "label": "\u015eurm\u0101n"}, {"country": "Libya", "subcountry": "Az Z\u0101wiyah", "geolabelid": 2212771, "label": "\u015eabr\u0101tah"}, {"country": "Libya", "subcountry": "Sabh\u0101", "geolabelid": 2212775, "label": "Sabh\u0101"}, {"country": "Libya", "subcountry": "Sha\u2018b\u012byat N\u0101l\u016bt", "geolabelid": 2214433, "label": "N\u0101l\u016bt"}, {"country": "Libya", "subcountry": "Murzuq", "geolabelid": 2214603, "label": "Murzuq"}, {"country": "Libya", "subcountry": "Sha\u2018b\u012byat al Jabal al Gharb\u012b", "geolabelid": 2214827, "label": "Mizdah"}, {"country": "Libya", "subcountry": "Mi\u015fr\u0101tah", "geolabelid": 2214846, "label": "Mi\u015fr\u0101tah"}, {"country": "Libya", "subcountry": "Al Marqab", "geolabelid": 2215163, "label": "Masall\u0101tah"}, {"country": "Libya", "subcountry": "Al Jufrah", "geolabelid": 2216645, "label": "H\u016bn"}, {"country": "Libya", "subcountry": "Az Z\u0101wiyah", "geolabelid": 2216885, "label": "Zawiya"}, {"country": "Libya", "subcountry": "Sha\u2018b\u012byat Gh\u0101t", "geolabelid": 2217351, "label": "Ghat"}, {"country": "Libya", "subcountry": "Sha\u2018b\u012byat al Jabal al Gharb\u012b", "geolabelid": 2217362, "label": "Gharyan"}, {"country": "Libya", "subcountry": "Ash Sh\u0101\u0163i\u02bc", "geolabelid": 2218478, "label": "Brak"}, {"country": "Libya", "subcountry": "Mi\u015fr\u0101tah", "geolabelid": 2218840, "label": "Ban\u012b Wal\u012bd"}, {"country": "Libya", "subcountry": "Sha\u2018b\u012byat al Jabal al Gharb\u012b", "geolabelid": 2218963, "label": "Az Zint\u0101n"}, {"country": "Libya", "subcountry": "Az Z\u0101wiyah", "geolabelid": 2218970, "label": "Az Z\u0101w\u012byah"}, {"country": "Libya", "subcountry": "Sha\u2018b\u012byat W\u0101d\u012b al \u1e28ay\u0101t", "geolabelid": 2219235, "label": "Awb\u0101r\u012b"}, {"country": "Libya", "subcountry": "Al Marqab", "geolabelid": 2219905, "label": "Al Khums"}, {"country": "Libya", "subcountry": "Sabh\u0101", "geolabelid": 2219960, "label": "Al Jad\u012bd"}]