[{"country": "Canada", "subcountry": "British Columbia", "geolabelid": 5881791, "label": "Abbotsford"}, {"country": "Canada", "subcountry": "Alberta", "geolabelid": 5882799, "label": "Airdrie"}, {"country": "Canada", "subcountry": "Ontario", "geolabelid": 5882873, "label": "Ajax"}, {"country": "Canada", "subcountry": "Quebec", "geolabelid": 5884083, "label": "Alma"}, {"country": "Canada", "subcountry": "Quebec", "geolabelid": 5884588, "label": "Amos"}, {"country": "Canada", "subcountry": "British Columbia", "geolabelid": 5885383, "label": "Anmore"}, {"country": "Canada", "subcountry": "Quebec", "geolabelid": 5889745, "label": "Baie-Comeau"}, {"country": "Canada", "subcountry": "Ontario", "geolabelid": 5894171, "label": "Barrie"}, {"country": "Canada", "subcountry": "Quebec", "geolabelid": 5895650, "label": "Beaconsfield"}, {"country": "Canada", "subcountry": "Ontario", "geolabelid": 5897884, "label": "Belleville"}, {"country": "Canada", "subcountry": "Quebec", "geolabelid": 5898138, "label": "Beloeil"}, {"country": "Canada", "subcountry": "Quebec", "geolabelid": 5903510, "label": "Blainville"}, {"country": "Canada", "subcountry": "Quebec", "geolabelid": 5905132, "label": "Boisbriand"}, {"country": "Canada", "subcountry": "Quebec", "geolabelid": 5906267, "label": "Boucherville"}, {"country": "Canada", "subcountry": "Ontario", "geolabelid": 5907180, "label": "Bradford West Gwillimbury"}, {"country": "Canada", "subcountry": "Ontario", "geolabelid": 5907364, "label": "Brampton"}, {"country": "Canada", "subcountry": "Manitoba", "geolabelid": 5907896, "label": "Brandon"}, {"country": "Canada", "subcountry": "Ontario", "geolabelid": 5907983, "label": "Brant"}, {"country": "Canada", "subcountry": "Ontario", "geolabelid": 5907990, "label": "Brantford"}, {"country": "Canada", "subcountry": "Ontario", "geolabelid": 5909294, "label": "Brockville"}, {"country": "Canada", "subcountry": "Quebec", "geolabelid": 5909629, "label": "Brossard"}, {"country": "Canada", "subcountry": "Ontario", "geolabelid": 5911592, "label": "Burlington"}, {"country": "Canada", "subcountry": "British Columbia", "geolabelid": 5911606, "label": "Burnaby"}, {"country": "Canada", "subcountry": "Alberta", "geolabelid": 5913490, "label": "Calgary"}, {"country": "Canada", "subcountry": "Ontario", "geolabelid": 5913695, "label": "Cambridge"}, {"country": "Canada", "subcountry": "British Columbia", "geolabelid": 5914132, "label": "Campbell River"}, {"country": "Canada", "subcountry": "Alberta", "geolabelid": 5914653, "label": "Camrose"}, {"country": "Canada", "subcountry": "Quebec", "geolabelid": 5914826, "label": "Candiac"}, {"country": "Canada", "subcountry": "Quebec", "geolabelid": 5919566, "label": "Chambly"}, {"country": "Canada", "subcountry": "Prince Edward Island", "geolabelid": 5920288, "label": "Charlottetown"}, {"country": "Canada", "subcountry": "Quebec", "geolabelid": 5920433, "label": "Ch\u00e2teauguay"}, {"country": "Canada", "subcountry": "British Columbia", "geolabelid": 5921356, "label": "Chilliwack"}, {"country": "Canada", "subcountry": "Ontario", "geolabelid": 5923101, "label": "Clarence-Rockland"}, {"country": "Canada", "subcountry": "Ontario", "geolabelid": 5924579, "label": "Cobourg"}, {"country": "Canada", "subcountry": "Alberta", "geolabelid": 5924618, "label": "Cochrane"}, {"country": "Canada", "subcountry": "Ontario", "geolabelid": 5925975, "label": "Collingwood"}, {"country": "Canada", "subcountry": "Newfoundland and Labrador", "geolabelid": 5926511, "label": "Conception Bay South"}, {"country": "Canada", "subcountry": "British Columbia", "geolabelid": 5927689, "label": "Coquitlam"}, {"country": "Canada", "subcountry": "Newfoundland and Labrador", "geolabelid": 5927969, "label": "Corner Brook"}, {"country": "Canada", "subcountry": "Ontario", "geolabelid": 5928065, "label": "Cornwall"}, {"country": "Canada", "subcountry": "Quebec", "geolabelid": 5928488, "label": "C\u00f4te-Saint-Luc"}, {"country": "Canada", "subcountry": "British Columbia", "geolabelid": 5930890, "label": "Courtenay"}, {"country": "Canada", "subcountry": "British Columbia", "geolabelid": 5931800, "label": "Cranbrook"}, {"country": "Canada", "subcountry": "Nova Scotia", "geolabelid": 5935277, "label": "Dartmouth"}, {"country": "Canada", "subcountry": "British Columbia", "geolabelid": 5937615, "label": "Delta"}, {"country": "Canada", "subcountry": "Quebec", "geolabelid": 5938513, "label": "Deux-Montagnes"}, {"country": "Canada", "subcountry": "New Brunswick", "geolabelid": 5939219, "label": "Dieppe"}, {"country": "Canada", "subcountry": "Quebec", "geolabelid": 5940956, "label": "Dollard-Des Ormeaux"}, {"country": "Canada", "subcountry": "Quebec", "geolabelid": 5941925, "label": "Dorval"}, {"country": "Canada", "subcountry": "Quebec", "geolabelid": 5942845, "label": "Drummondville"}, {"country": "Canada", "subcountry": "British Columbia", "geolabelid": 5943865, "label": "Duncan"}, {"country": "Canada", "subcountry": "Alberta", "geolabelid": 5946768, "label": "Edmonton"}, {"country": "Canada", "subcountry": "Ontario", "geolabelid": 5950267, "label": "Etobicoke"}, {"country": "Canada", "subcountry": "Ontario", "geolabelid": 5955815, "label": "Fort Erie"}, {"country": "Canada", "subcountry": "Alberta", "geolabelid": 5955895, "label": "Fort McMurray"}, {"country": "Canada", "subcountry": "British Columbia", "geolabelid": 5955960, "label": "Fort St. John"}, {"country": "Canada", "subcountry": "New Brunswick", "geolabelid": 5957776, "label": "Fredericton"}, {"country": "Canada", "subcountry": "Quebec", "geolabelid": 5959974, "label": "Gatineau"}, {"country": "Canada", "subcountry": "Nova Scotia", "geolabelid": 5961564, "label": "Glace Bay"}, {"country": "Canada", "subcountry": "Quebec", "geolabelid": 5964215, "label": "Granby"}, {"country": "Canada", "subcountry": "Alberta", "geolabelid": 5964347, "label": "Grande Prairie"}, {"country": "Canada", "subcountry": "Ontario", "geolabelid": 5964700, "label": "Greater Sudbury"}, {"country": "Canada", "subcountry": "Ontario", "geolabelid": 5965812, "label": "Greater Napanee"}, {"country": "Canada", "subcountry": "Ontario", "geolabelid": 5967629, "label": "Guelph"}, {"country": "Canada", "subcountry": "Ontario", "geolabelid": 5969782, "label": "Hamilton"}, {"country": "Canada", "subcountry": "Ontario", "geolabelid": 5978765, "label": "Huntsville"}, {"country": "Canada", "subcountry": "Quebec", "geolabelid": 5987650, "label": "Joliette"}, {"country": "Canada", "subcountry": "British Columbia", "geolabelid": 5989045, "label": "Kamloops"}, {"country": "Canada", "subcountry": "British Columbia", "geolabelid": 5990579, "label": "Kelowna"}, {"country": "Canada", "subcountry": "Ontario", "geolabelid": 5991370, "label": "Keswick"}, {"country": "Canada", "subcountry": "Ontario", "geolabelid": 5992500, "label": "Kingston"}, {"country": "Canada", "subcountry": "Quebec", "geolabelid": 5992830, "label": "Kirkland"}, {"country": "Canada", "subcountry": "Ontario", "geolabelid": 5992996, "label": "Kitchener"}, {"country": "Canada", "subcountry": "British Columbia", "geolabelid": 6049388, "label": "Langford"}, {"country": "Canada", "subcountry": "British Columbia", "geolabelid": 6049429, "label": "Langley"}, {"country": "Canada", "subcountry": "British Columbia", "geolabelid": 6049430, "label": "Langley"}, {"country": "Canada", "subcountry": "Quebec", "geolabelid": 6049863, "label": "La Prairie"}, {"country": "Canada", "subcountry": "Quebec", "geolabelid": 6050263, "label": "L'Assomption"}, {"country": "Canada", "subcountry": "Quebec", "geolabelid": 6050610, "label": "Laval"}, {"country": "Canada", "subcountry": "Alberta", "geolabelid": 6051562, "label": "Leduc"}, {"country": "Canada", "subcountry": "Alberta", "geolabelid": 6053154, "label": "Lethbridge"}, {"country": "Canada", "subcountry": "Saskatchewan", "geolabelid": 6058024, "label": "Lloydminster"}, {"country": "Canada", "subcountry": "Ontario", "geolabelid": 6058560, "label": "London"}, {"country": "Canada", "subcountry": "Quebec", "geolabelid": 6059891, "label": "Longueuil"}, {"country": "Canada", "subcountry": "Quebec", "geolabelid": 6064180, "label": "Magog"}, {"country": "Canada", "subcountry": "British Columbia", "geolabelid": 6065686, "label": "Maple Ridge"}, {"country": "Canada", "subcountry": "Ontario", "geolabelid": 6066513, "label": "Markham"}, {"country": "Canada", "subcountry": "Quebec", "geolabelid": 6067494, "label": "Mascouche"}, {"country": "Canada", "subcountry": "Alberta", "geolabelid": 6071618, "label": "Medicine Hat"}, {"country": "Canada", "subcountry": "Ontario", "geolabelid": 6073363, "label": "Midland"}, {"country": "Canada", "subcountry": "Ontario", "geolabelid": 6074377, "label": "Milton"}, {"country": "Canada", "subcountry": "Quebec", "geolabelid": 6075061, "label": "Mirabel"}, {"country": "Canada", "subcountry": "New Brunswick", "geolabelid": 6075081, "label": "Miramichi"}, {"country": "Canada", "subcountry": "Ontario", "geolabelid": 6075357, "label": "Mississauga"}, {"country": "Canada", "subcountry": "New Brunswick", "geolabelid": 6076211, "label": "Moncton"}, {"country": "Canada", "subcountry": "Quebec", "geolabelid": 6077243, "label": "Montr\u00e9al"}, {"country": "Canada", "subcountry": "Quebec", "geolabelid": 6077315, "label": "Mont-Royal"}, {"country": "Canada", "subcountry": "Quebec", "geolabelid": 6077340, "label": "Mont-Saint-Hilaire"}, {"country": "Canada", "subcountry": "Saskatchewan", "geolabelid": 6078112, "label": "Moose Jaw"}, {"country": "Canada", "subcountry": "Newfoundland and Labrador", "geolabelid": 6082231, "label": "Mount Pearl"}, {"country": "Canada", "subcountry": "British Columbia", "geolabelid": 6085772, "label": "Nanaimo"}, {"country": "Canada", "subcountry": "Nova Scotia", "geolabelid": 6087579, "label": "New Glasgow"}, {"country": "Canada", "subcountry": "Ontario", "geolabelid": 6087701, "label": "Newmarket"}, {"country": "Canada", "subcountry": "British Columbia", "geolabelid": 6087844, "label": "New Westminster"}, {"country": "Canada", "subcountry": "Ontario", "geolabelid": 6087892, "label": "Niagara Falls"}, {"country": "Canada", "subcountry": "Ontario", "geolabelid": 6089125, "label": "Norfolk County"}, {"country": "Canada", "subcountry": "Saskatchewan", "geolabelid": 6089404, "label": "North Battleford"}, {"country": "Canada", "subcountry": "Ontario", "geolabelid": 6089426, "label": "North Bay"}, {"country": "Canada", "subcountry": "British Columbia", "geolabelid": 6089661, "label": "North Cowichan"}, {"country": "Canada", "subcountry": "British Columbia", "geolabelid": 6090785, "label": "North Vancouver"}, {"country": "Canada", "subcountry": "Ontario", "geolabelid": 6091104, "label": "North York"}, {"country": "Canada", "subcountry": "British Columbia", "geolabelid": 6091919, "label": "Oak Bay"}, {"country": "Canada", "subcountry": "Ontario", "geolabelid": 6092122, "label": "Oakville"}, {"country": "Canada", "subcountry": "Ontario", "geolabelid": 6094201, "label": "Orangeville"}, {"country": "Canada", "subcountry": "Ontario", "geolabelid": 6094325, "label": "Orillia"}, {"country": "Canada", "subcountry": "Ontario", "geolabelid": 6094578, "label": "Oshawa"}, {"country": "Canada", "subcountry": "Ontario", "geolabelid": 6094817, "label": "Ottawa"}, {"country": "Canada", "subcountry": "Ontario", "geolabelid": 6095645, "label": "Owen Sound"}, {"country": "Canada", "subcountry": "British Columbia", "geolabelid": 6098642, "label": "Parksville"}, {"country": "Canada", "subcountry": "Ontario", "geolabelid": 6100832, "label": "Pembroke"}, {"country": "Canada", "subcountry": "British Columbia", "geolabelid": 6101141, "label": "Penticton"}, {"country": "Canada", "subcountry": "Ontario", "geolabelid": 6101606, "label": "Petawawa"}, {"country": "Canada", "subcountry": "Ontario", "geolabelid": 6101645, "label": "Peterborough"}, {"country": "Canada", "subcountry": "Ontario", "geolabelid": 6104111, "label": "Pickering"}, {"country": "Canada", "subcountry": "British Columbia", "geolabelid": 6105815, "label": "Pitt Meadows"}, {"country": "Canada", "subcountry": "Quebec", "geolabelid": 6107325, "label": "Pointe-Claire"}, {"country": "Canada", "subcountry": "British Columbia", "geolabelid": 6111632, "label": "Port Alberni"}, {"country": "Canada", "subcountry": "Ontario", "geolabelid": 6111704, "label": "Port Colborne"}, {"country": "Canada", "subcountry": "British Columbia", "geolabelid": 6111962, "label": "Port Moody"}, {"country": "Canada", "subcountry": "Saskatchewan", "geolabelid": 6113335, "label": "Prince Albert"}, {"country": "Canada", "subcountry": "Ontario", "geolabelid": 6113355, "label": "Prince Edward"}, {"country": "Canada", "subcountry": "British Columbia", "geolabelid": 6113365, "label": "Prince George"}, {"country": "Canada", "subcountry": "Ontario", "geolabelid": 6115355, "label": "Quinte West"}, {"country": "Canada", "subcountry": "Ontario", "geolabelid": 6117731, "label": "Rayside-Balfour"}, {"country": "Canada", "subcountry": "Alberta", "geolabelid": 6118158, "label": "Red Deer"}, {"country": "Canada", "subcountry": "Saskatchewan", "geolabelid": 6119109, "label": "Regina"}, {"country": "Canada", "subcountry": "Quebec", "geolabelid": 6119518, "label": "Repentigny"}, {"country": "Canada", "subcountry": "British Columbia", "geolabelid": 6122085, "label": "Richmond"}, {"country": "Canada", "subcountry": "Ontario", "geolabelid": 6122091, "label": "Richmond Hill"}, {"country": "Canada", "subcountry": "Quebec", "geolabelid": 6128577, "label": "Rouyn-Noranda"}, {"country": "Canada", "subcountry": "Quebec", "geolabelid": 6137270, "label": "Saguenay"}, {"country": "Canada", "subcountry": "Quebec", "geolabelid": 6137489, "label": "Saint-Basile-le-Grand"}, {"country": "Canada", "subcountry": "Quebec", "geolabelid": 6137540, "label": "Saint-Bruno-de-Montarville"}, {"country": "Canada", "subcountry": "Quebec", "geolabelid": 6137633, "label": "Saint-Constant"}, {"country": "Canada", "subcountry": "Quebec", "geolabelid": 6137781, "label": "Sainte-Catherine"}, {"country": "Canada", "subcountry": "Quebec", "geolabelid": 6137941, "label": "Sainte-Julie"}, {"country": "Canada", "subcountry": "Quebec", "geolabelid": 6138121, "label": "Sainte-Th\u00e9r\u00e8se"}, {"country": "Canada", "subcountry": "Quebec", "geolabelid": 6138175, "label": "Saint-Eustache"}, {"country": "Canada", "subcountry": "Quebec", "geolabelid": 6138374, "label": "Saint-Hyacinthe"}, {"country": "Canada", "subcountry": "Quebec", "geolabelid": 6138495, "label": "Saint-Jean-sur-Richelieu"}, {"country": "Canada", "subcountry": "Quebec", "geolabelid": 6138501, "label": "Saint-J\u00e9r\u00f4me"}, {"country": "Canada", "subcountry": "New Brunswick", "geolabelid": 6138517, "label": "Saint John"}, {"country": "Canada", "subcountry": "Quebec", "geolabelid": 6138610, "label": "Saint-Laurent"}, {"country": "Canada", "subcountry": "Quebec", "geolabelid": 6138617, "label": "Saint-Lazare"}, {"country": "Canada", "subcountry": "Quebec", "geolabelid": 6138625, "label": "Saint-L\u00e9onard"}, {"country": "Canada", "subcountry": "Quebec", "geolabelid": 6139289, "label": "Salaberry-de-Valleyfield"}, {"country": "Canada", "subcountry": "British Columbia", "geolabelid": 6139416, "label": "Salmon Arm"}, {"country": "Canada", "subcountry": "Ontario", "geolabelid": 6141190, "label": "Sarnia"}, {"country": "Canada", "subcountry": "Saskatchewan", "geolabelid": 6141256, "label": "Saskatoon"}, {"country": "Canada", "subcountry": "Ontario", "geolabelid": 6141439, "label": "Sault Ste. Marie"}, {"country": "Canada", "subcountry": "Quebec", "geolabelid": 6144312, "label": "Sept-\u00celes"}, {"country": "Canada", "subcountry": "Quebec", "geolabelid": 6145489, "label": "Shawinigan"}, {"country": "Canada", "subcountry": "Quebec", "geolabelid": 6146143, "label": "Sherbrooke"}, {"country": "Canada", "subcountry": "Alberta", "geolabelid": 6146279, "label": "Sherwood Park"}, {"country": "Canada", "subcountry": "Quebec", "geolabelid": 6151352, "label": "Sorel-Tracy"}, {"country": "Canada", "subcountry": "Alberta", "geolabelid": 6154383, "label": "Spruce Grove"}, {"country": "Canada", "subcountry": "Alberta", "geolabelid": 6155033, "label": "St. Albert"}, {"country": "Canada", "subcountry": "Ontario", "geolabelid": 6155721, "label": "St. Catharines"}, {"country": "Canada", "subcountry": "Ontario", "geolabelid": 6157977, "label": "Stratford"}, {"country": "Canada", "subcountry": "Ontario", "geolabelid": 6158357, "label": "St. Thomas"}, {"country": "Canada", "subcountry": "British Columbia", "geolabelid": 6159905, "label": "Surrey"}, {"country": "Canada", "subcountry": "British Columbia", "geolabelid": 6162949, "label": "Terrace"}, {"country": "Canada", "subcountry": "Quebec", "geolabelid": 6163012, "label": "Terrebonne"}, {"country": "Canada", "subcountry": "Ontario", "geolabelid": 6165719, "label": "Thorold"}, {"country": "Canada", "subcountry": "Ontario", "geolabelid": 6166142, "label": "Thunder Bay"}, {"country": "Canada", "subcountry": "Ontario", "geolabelid": 6166739, "label": "Timmins"}, {"country": "Canada", "subcountry": "Ontario", "geolabelid": 6167865, "label": "Toronto"}, {"country": "Canada", "subcountry": "Quebec", "geolabelid": 6169141, "label": "Trois-Rivi\u00e8res"}, {"country": "Canada", "subcountry": "Nova Scotia", "geolabelid": 6169587, "label": "Truro"}, {"country": "Canada", "subcountry": "Quebec", "geolabelid": 6173017, "label": "Val-d'Or"}, {"country": "Canada", "subcountry": "British Columbia", "geolabelid": 6173331, "label": "Vancouver"}, {"country": "Canada", "subcountry": "Quebec", "geolabelid": 6173508, "label": "Varennes"}, {"country": "Canada", "subcountry": "Quebec", "geolabelid": 6173570, "label": "Vaudreuil-Dorion"}, {"country": "Canada", "subcountry": "Ontario", "geolabelid": 6173577, "label": "Vaughan"}, {"country": "Canada", "subcountry": "British Columbia", "geolabelid": 6173864, "label": "Vernon"}, {"country": "Canada", "subcountry": "British Columbia", "geolabelid": 6174041, "label": "Victoria"}, {"country": "Canada", "subcountry": "Quebec", "geolabelid": 6174151, "label": "Victoriaville"}, {"country": "Canada", "subcountry": "Ontario", "geolabelid": 6176823, "label": "Waterloo"}, {"country": "Canada", "subcountry": "Ontario", "geolabelid": 6177869, "label": "Welland"}, {"country": "Canada", "subcountry": "British Columbia", "geolabelid": 6178582, "label": "West End"}, {"country": "Canada", "subcountry": "Quebec", "geolabelid": 6179226, "label": "Westmount"}, {"country": "Canada", "subcountry": "Yukon", "geolabelid": 6180550, "label": "Whitehorse"}, {"country": "Canada", "subcountry": "British Columbia", "geolabelid": 6180961, "label": "White Rock"}, {"country": "Canada", "subcountry": "Ontario", "geolabelid": 6182962, "label": "Windsor"}, {"country": "Canada", "subcountry": "Manitoba", "geolabelid": 6183235, "label": "Winnipeg"}, {"country": "Canada", "subcountry": "Ontario", "geolabelid": 6184365, "label": "Woodstock"}, {"country": "Canada", "subcountry": "Northwest Territories", "geolabelid": 6185377, "label": "Yellowknife"}, {"country": "Canada", "subcountry": "Saskatchewan", "geolabelid": 6185607, "label": "Yorkton"}, {"country": "Canada", "subcountry": "Nova Scotia", "geolabelid": 6324729, "label": "Halifax"}, {"country": "Canada", "subcountry": "Newfoundland and Labrador", "geolabelid": 6324733, "label": "St. John's"}, {"country": "Canada", "subcountry": "Quebec", "geolabelid": 6325494, "label": "Qu\u00e9bec"}, {"country": "Canada", "subcountry": "Quebec", "geolabelid": 6325521, "label": "L\u00e9vis"}, {"country": "Canada", "subcountry": "Quebec", "geolabelid": 6354895, "label": "Rimouski"}, {"country": "Canada", "subcountry": "Quebec", "geolabelid": 6354897, "label": "Rivi\u00e8re-du-Loup"}, {"country": "Canada", "subcountry": "Nova Scotia", "geolabelid": 6354908, "label": "Sydney"}, {"country": "Canada", "subcountry": "Quebec", "geolabelid": 6534203, "label": "L'Ancienne-Lorette"}, {"country": "Canada", "subcountry": "New Brunswick", "geolabelid": 6545023, "label": "Edmundston"}, {"country": "Canada", "subcountry": "Quebec", "geolabelid": 6943827, "label": "Thetford-Mines"}, {"country": "Canada", "subcountry": "Ontario", "geolabelid": 6948711, "label": "Scarborough"}, {"country": "Canada", "subcountry": "Nova Scotia", "geolabelid": 7280414, "label": "Cole Harbour"}, {"country": "Canada", "subcountry": "British Columbia", "geolabelid": 7281931, "label": "Okanagan"}, {"country": "Canada", "subcountry": "British Columbia", "geolabelid": 7281936, "label": "West Kelowna"}, {"country": "Canada", "subcountry": "Quebec", "geolabelid": 7302647, "label": "Bellechasse Regional County Municipality"}, {"country": "Canada", "subcountry": "Quebec", "geolabelid": 7303786, "label": "Jonqui\u00e8re"}, {"country": "Canada", "subcountry": "Quebec", "geolabelid": 7535681, "label": "Saint-Augustin-de-Desmaures"}, {"country": "Canada", "subcountry": "British Columbia", "geolabelid": 7602078, "label": "Ladner"}, {"country": "Canada", "subcountry": "British Columbia", "geolabelid": 7669012, "label": "Walnut Grove"}, {"country": "Canada", "subcountry": "Ontario", "geolabelid": 8285452, "label": "Ancaster"}, {"country": "Canada", "subcountry": "British Columbia", "geolabelid": 8533869, "label": "West Vancouver"}, {"country": "Canada", "subcountry": "Ontario", "geolabelid": 8558534, "label": "Willowdale"}, {"country": "Canada", "subcountry": "Nova Scotia", "geolabelid": 10287505, "label": "Lower Sacvkille"}]