[{"country": "Somalia", "subcountry": "Lower Shabeelle", "geolabelid": 50672, "label": "Wanlaweyn"}, {"country": "Somalia", "subcountry": "Lower Shabeelle", "geolabelid": 52867, "label": "Qoryooley"}, {"country": "Somalia", "subcountry": "Bari", "geolabelid": 53157, "label": "Qandala"}, {"country": "Somalia", "subcountry": "Banaadir", "geolabelid": 53654, "label": "Mogadishu"}, {"country": "Somalia", "subcountry": "Lower Shabeelle", "geolabelid": 54225, "label": "Marka"}, {"country": "Somalia", "subcountry": "Gedo", "geolabelid": 54715, "label": "Luuq"}, {"country": "Somalia", "subcountry": "Lower Juba", "geolabelid": 55671, "label": "Kismayo"}, {"country": "Somalia", "subcountry": "Middle Juba", "geolabelid": 56166, "label": "Jilib"}, {"country": "Somalia", "subcountry": "Middle Shabele", "geolabelid": 56335, "label": "Jawhar"}, {"country": "Somalia", "subcountry": "Lower Juba", "geolabelid": 56399, "label": "Jamaame"}, {"country": "Somalia", "subcountry": "Woqooyi Galbeed", "geolabelid": 57289, "label": "Hargeysa"}, {"country": "Somalia", "subcountry": "Nugaal", "geolabelid": 58933, "label": "Garoowe"}, {"country": "Somalia", "subcountry": "Mudug", "geolabelid": 59611, "label": "Gaalkacyo"}, {"country": "Somalia", "subcountry": "Nugaal", "geolabelid": 60019, "label": "Eyl"}, {"country": "Somalia", "subcountry": "Sanaag", "geolabelid": 62691, "label": "Ceerigaabo"}, {"country": "Somalia", "subcountry": "Galguduud", "geolabelid": 62788, "label": "Ceeldheer"}, {"country": "Somalia", "subcountry": "Bay", "geolabelid": 63571, "label": "Buurhakaba"}, {"country": "Somalia", "subcountry": "Hiiraan", "geolabelid": 63689, "label": "Buulobarde"}, {"country": "Somalia", "subcountry": "Togdheer", "geolabelid": 63795, "label": "Burao"}, {"country": "Somalia", "subcountry": "Bari", "geolabelid": 64013, "label": "Bosaso"}, {"country": "Somalia", "subcountry": "Woqooyi Galbeed", "geolabelid": 64435, "label": "Berbera"}, {"country": "Somalia", "subcountry": "Hiiraan", "geolabelid": 64460, "label": "Beledweyne"}, {"country": "Somalia", "subcountry": "Bay", "geolabelid": 64536, "label": "Baidoa"}, {"country": "Somalia", "subcountry": "Gedo", "geolabelid": 65170, "label": "Baardheere"}, {"country": "Somalia", "subcountry": "Lower Shabeelle", "geolabelid": 65785, "label": "Afgooye"}, {"country": "Somalia", "subcountry": "Sool", "geolabelid": 400769, "label": "Laascaanood"}, {"country": "Somalia", "subcountry": "Awdal", "geolabelid": 8045596, "label": "Baki"}]