[{"country": "Georgia", "subcountry": "Samegrelo and Zemo Svaneti", "geolabelid": 610824, "label": "Zugdidi"}, {"country": "Georgia", "subcountry": "Imereti", "geolabelid": 610864, "label": "Zestap\u2019oni"}, {"country": "Georgia", "subcountry": "Shida Kartli", "geolabelid": 611403, "label": "Ts\u2019khinvali"}, {"country": "Georgia", "subcountry": "Abkhazia", "geolabelid": 611583, "label": "Tqvarch'eli"}, {"country": "Georgia", "subcountry": "Kakheti", "geolabelid": 611694, "label": "Telavi"}, {"country": "Georgia", "subcountry": "T'bilisi", "geolabelid": 611717, "label": "Tbilisi"}, {"country": "Georgia", "subcountry": "Abkhazia", "geolabelid": 611847, "label": "Sokhumi"}, {"country": "Georgia", "subcountry": "Samegrelo and Zemo Svaneti", "geolabelid": 612053, "label": "Senak\u2019i"}, {"country": "Georgia", "subcountry": "Imereti", "geolabelid": 612126, "label": "Samtredia"}, {"country": "Georgia", "subcountry": "Kvemo Kartli", "geolabelid": 612287, "label": "Rust\u2019avi"}, {"country": "Georgia", "subcountry": "Samegrelo and Zemo Svaneti", "geolabelid": 612366, "label": "P\u2019ot\u2019i"}, {"country": "Georgia", "subcountry": "Guria", "geolabelid": 612536, "label": "Ozurgeti"}, {"country": "Georgia", "subcountry": "Abkhazia", "geolabelid": 612652, "label": "Och\u2019amch\u2019ire"}, {"country": "Georgia", "subcountry": "Kvemo Kartli", "geolabelid": 613074, "label": "Marneuli"}, {"country": "Georgia", "subcountry": "Imereti", "geolabelid": 613607, "label": "Kutaisi"}, {"country": "Georgia", "subcountry": "Ajaria", "geolabelid": 613762, "label": "Kobuleti"}, {"country": "Georgia", "subcountry": "Shida Kartli", "geolabelid": 613988, "label": "Khashuri"}, {"country": "Georgia", "subcountry": "Shida Kartli", "geolabelid": 614455, "label": "Gori"}, {"country": "Georgia", "subcountry": "Ajaria", "geolabelid": 615532, "label": "Batumi"}, {"country": "Georgia", "subcountry": "Samtskhe-Javakheti", "geolabelid": 615860, "label": "Akhaltsikhe"}, {"country": "Georgia", "subcountry": "Abkhazia", "geolabelid": 615912, "label": "Stantsiya Novyy Afon"}, {"country": "Georgia", "subcountry": "Imereti", "geolabelid": 824288, "label": "Tsqaltubo"}]