[{"country": "Nigeria", "subcountry": "Kebbi", "geolabelid": 2317548, "label": "Zuru"}, {"country": "Nigeria", "subcountry": "Niger", "geolabelid": 2317569, "label": "Zungeru"}, {"country": "Nigeria", "subcountry": "Kaduna", "geolabelid": 2317765, "label": "Zaria"}, {"country": "Nigeria", "subcountry": "Adamawa", "geolabelid": 2318044, "label": "Yola"}, {"country": "Nigeria", "subcountry": "Bayelsa", "geolabelid": 2318123, "label": "Yenagoa"}, {"country": "Nigeria", "subcountry": "Taraba", "geolabelid": 2318921, "label": "Wukari"}, {"country": "Nigeria", "subcountry": "Kano", "geolabelid": 2318933, "label": "Wudil"}, {"country": "Nigeria", "subcountry": "Delta", "geolabelid": 2319133, "label": "Warri"}, {"country": "Nigeria", "subcountry": "Nassarawa", "geolabelid": 2319257, "label": "Wamba"}, {"country": "Nigeria", "subcountry": "Akwa Ibom", "geolabelid": 2319480, "label": "Uyo"}, {"country": "Nigeria", "subcountry": "Edo", "geolabelid": 2319668, "label": "Uromi"}, {"country": "Nigeria", "subcountry": "Abia", "geolabelid": 2320576, "label": "Umuahia"}, {"country": "Nigeria", "subcountry": "Delta", "geolabelid": 2320829, "label": "Ughelli"}, {"country": "Nigeria", "subcountry": "Cross River", "geolabelid": 2320831, "label": "Ugep"}, {"country": "Nigeria", "subcountry": "Anambra", "geolabelid": 2320920, "label": "Uga"}, {"country": "Nigeria", "subcountry": "Edo", "geolabelid": 2321031, "label": "Ubiaja"}, {"country": "Nigeria", "subcountry": "Niger", "geolabelid": 2322263, "label": "Tegina"}, {"country": "Nigeria", "subcountry": "Sokoto", "geolabelid": 2322495, "label": "Tambuwal"}, {"country": "Nigeria", "subcountry": "Zamfara", "geolabelid": 2322529, "label": "Talata Mafara"}, {"country": "Nigeria", "subcountry": "Benue", "geolabelid": 2322552, "label": "Takum"}, {"country": "Nigeria", "subcountry": "Niger", "geolabelid": 2322794, "label": "Suleja"}, {"country": "Nigeria", "subcountry": "Sokoto", "geolabelid": 2322911, "label": "Sokoto"}, {"country": "Nigeria", "subcountry": "Kaduna", "geolabelid": 2322957, "label": "Soba"}, {"country": "Nigeria", "subcountry": "Oyo", "geolabelid": 2323390, "label": "Saki"}, {"country": "Nigeria", "subcountry": "Ogun", "geolabelid": 2323411, "label": "Shagamu"}, {"country": "Nigeria", "subcountry": "Delta", "geolabelid": 2323675, "label": "Sapele"}, {"country": "Nigeria", "subcountry": "Niger", "geolabelid": 2324504, "label": "Rijau"}, {"country": "Nigeria", "subcountry": "Kano", "geolabelid": 2324575, "label": "Rano"}, {"country": "Nigeria", "subcountry": "Yobe", "geolabelid": 2324767, "label": "Potiskum"}, {"country": "Nigeria", "subcountry": "Rivers", "geolabelid": 2324774, "label": "Port Harcourt"}, {"country": "Nigeria", "subcountry": "Gombe", "geolabelid": 2324857, "label": "Pindiga"}, {"country": "Nigeria", "subcountry": "Kwara", "geolabelid": 2324960, "label": "Patigi"}, {"country": "Nigeria", "subcountry": "Plateau", "geolabelid": 2325060, "label": "Pankshin"}, {"country": "Nigeria", "subcountry": "Anambra", "geolabelid": 2325161, "label": "Ozubulu"}, {"country": "Nigeria", "subcountry": "Oyo", "geolabelid": 2325200, "label": "Oyo"}, {"country": "Nigeria", "subcountry": "Osun", "geolabelid": 2325249, "label": "Oyan"}, {"country": "Nigeria", "subcountry": "Ondo", "geolabelid": 2325314, "label": "Owo"}, {"country": "Nigeria", "subcountry": "Imo", "geolabelid": 2325330, "label": "Owerri"}, {"country": "Nigeria", "subcountry": "Benue", "geolabelid": 2325437, "label": "Otukpa"}, {"country": "Nigeria", "subcountry": "Osun", "geolabelid": 2325506, "label": "Otan Ayegbaju"}, {"country": "Nigeria", "subcountry": "Osun", "geolabelid": 2325590, "label": "Osogbo"}, {"country": "Nigeria", "subcountry": "Oyo", "geolabelid": 2325733, "label": "Orita Eruwa"}, {"country": "Nigeria", "subcountry": "Anambra", "geolabelid": 2326016, "label": "Onitsha"}, {"country": "Nigeria", "subcountry": "Ondo", "geolabelid": 2326171, "label": "Ondo"}, {"country": "Nigeria", "subcountry": "Osun", "geolabelid": 2326302, "label": "Olupona"}, {"country": "Nigeria", "subcountry": "Kwara", "geolabelid": 2326811, "label": "Okuta"}, {"country": "Nigeria", "subcountry": "Rivers", "geolabelid": 2326899, "label": "Okrika"}, {"country": "Nigeria", "subcountry": "Imo", "geolabelid": 2327143, "label": "Okigwe"}, {"country": "Nigeria", "subcountry": "Kogi", "geolabelid": 2327220, "label": "Okene"}, {"country": "Nigeria", "subcountry": "Osun", "geolabelid": 2327223, "label": "Oke Mesi"}, {"country": "Nigeria", "subcountry": "Ekiti", "geolabelid": 2327233, "label": "Oke Ila"}, {"country": "Nigeria", "subcountry": "Abia", "geolabelid": 2327494, "label": "Ohafia-Ifigh"}, {"country": "Nigeria", "subcountry": "Delta", "geolabelid": 2327513, "label": "Ogwashi-Uku"}, {"country": "Nigeria", "subcountry": "Imo", "geolabelid": 2327521, "label": "Oguta"}, {"country": "Nigeria", "subcountry": "Cross River", "geolabelid": 2327650, "label": "Ogoja"}, {"country": "Nigeria", "subcountry": "Kogi", "geolabelid": 2327827, "label": "Ogaminana"}, {"country": "Nigeria", "subcountry": "Kwara", "geolabelid": 2327879, "label": "Offa"}, {"country": "Nigeria", "subcountry": "Ondo", "geolabelid": 2328090, "label": "Ode"}, {"country": "Nigeria", "subcountry": "Cross River", "geolabelid": 2328151, "label": "Obudu"}, {"country": "Nigeria", "subcountry": "Rivers", "geolabelid": 2328185, "label": "Obonoma"}, {"country": "Nigeria", "subcountry": "Adamawa", "geolabelid": 2328617, "label": "Numan"}, {"country": "Nigeria", "subcountry": "Enugu", "geolabelid": 2328684, "label": "Nsukka"}, {"country": "Nigeria", "subcountry": "Anambra", "geolabelid": 2328765, "label": "Nnewi"}, {"country": "Nigeria", "subcountry": "Imo", "geolabelid": 2328790, "label": "Nkwerre"}, {"country": "Nigeria", "subcountry": "Anambra", "geolabelid": 2328811, "label": "Nkpor"}, {"country": "Nigeria", "subcountry": "Yobe", "geolabelid": 2328952, "label": "Nguru"}, {"country": "Nigeria", "subcountry": "Nassarawa", "geolabelid": 2329451, "label": "Nasarawa"}, {"country": "Nigeria", "subcountry": "Gombe", "geolabelid": 2329562, "label": "Nafada"}, {"country": "Nigeria", "subcountry": "Adamawa", "geolabelid": 2329821, "label": "Mubi"}, {"country": "Nigeria", "subcountry": "Zamfara", "geolabelid": 2329920, "label": "Moriki"}, {"country": "Nigeria", "subcountry": "Borno", "geolabelid": 2329946, "label": "Monguno"}, {"country": "Nigeria", "subcountry": "Niger", "geolabelid": 2329981, "label": "Mokwa"}, {"country": "Nigeria", "subcountry": "Osun", "geolabelid": 2330028, "label": "Modakeke"}, {"country": "Nigeria", "subcountry": "Niger", "geolabelid": 2330100, "label": "Minna"}, {"country": "Nigeria", "subcountry": "Borno", "geolabelid": 2330719, "label": "Marte"}, {"country": "Nigeria", "subcountry": "Katsina", "geolabelid": 2331005, "label": "Malumfashi"}, {"country": "Nigeria", "subcountry": "Benue", "geolabelid": 2331140, "label": "Makurdi"}, {"country": "Nigeria", "subcountry": "Lagos", "geolabelid": 2331158, "label": "Makoko"}, {"country": "Nigeria", "subcountry": "Borno", "geolabelid": 2331447, "label": "Maiduguri"}, {"country": "Nigeria", "subcountry": "Borno", "geolabelid": 2331528, "label": "Magumeri"}, {"country": "Nigeria", "subcountry": "Kogi", "geolabelid": 2331939, "label": "Lokoja"}, {"country": "Nigeria", "subcountry": "Kaduna", "geolabelid": 2332079, "label": "Lere"}, {"country": "Nigeria", "subcountry": "Niger", "geolabelid": 2332249, "label": "Lapai"}, {"country": "Nigeria", "subcountry": "Oyo", "geolabelid": 2332357, "label": "Lalupon"}, {"country": "Nigeria", "subcountry": "Lagos", "geolabelid": 2332459, "label": "Lagos"}, {"country": "Nigeria", "subcountry": "Kwara", "geolabelid": 2332504, "label": "Lafiagi"}, {"country": "Nigeria", "subcountry": "Nassarawa", "geolabelid": 2332515, "label": "Lafia"}, {"country": "Nigeria", "subcountry": "Delta", "geolabelid": 2332871, "label": "Kwale"}, {"country": "Nigeria", "subcountry": "Gombe", "geolabelid": 2333451, "label": "Kumo"}, {"country": "Nigeria", "subcountry": "Yobe", "geolabelid": 2333490, "label": "Kumagunnam"}, {"country": "Nigeria", "subcountry": "Borno", "geolabelid": 2333563, "label": "Kukawa"}, {"country": "Nigeria", "subcountry": "Abuja Federal Capital Territory", "geolabelid": 2333604, "label": "Kuje"}, {"country": "Nigeria", "subcountry": "Niger", "geolabelid": 2334008, "label": "Kontagora"}, {"country": "Nigeria", "subcountry": "Jigawa", "geolabelid": 2334306, "label": "Kiyawa"}, {"country": "Nigeria", "subcountry": "Oyo", "geolabelid": 2334327, "label": "Kisi"}, {"country": "Nigeria", "subcountry": "Nassarawa", "geolabelid": 2334652, "label": "Keffi"}, {"country": "Nigeria", "subcountry": "Zamfara", "geolabelid": 2334756, "label": "Kaura Namoda"}, {"country": "Nigeria", "subcountry": "Benue", "geolabelid": 2334801, "label": "Katsina-Ala"}, {"country": "Nigeria", "subcountry": "Katsina", "geolabelid": 2334802, "label": "Katsina"}, {"country": "Nigeria", "subcountry": "Bauchi", "geolabelid": 2335015, "label": "Kari"}, {"country": "Nigeria", "subcountry": "Kano", "geolabelid": 2335204, "label": "Kano"}, {"country": "Nigeria", "subcountry": "Kebbi", "geolabelid": 2335333, "label": "Kamba"}, {"country": "Nigeria", "subcountry": "Kwara", "geolabelid": 2335596, "label": "Kaiama"}, {"country": "Nigeria", "subcountry": "Kaduna", "geolabelid": 2335614, "label": "Kagoro"}, {"country": "Nigeria", "subcountry": "Kaduna", "geolabelid": 2335713, "label": "Kafanchan"}, {"country": "Nigeria", "subcountry": "Kaduna", "geolabelid": 2335727, "label": "Kaduna"}, {"country": "Nigeria", "subcountry": "Kaduna", "geolabelid": 2335798, "label": "Kachia"}, {"country": "Nigeria", "subcountry": "Kogi", "geolabelid": 2335843, "label": "Kabba"}, {"country": "Nigeria", "subcountry": "Plateau", "geolabelid": 2335953, "label": "Jos"}, {"country": "Nigeria", "subcountry": "Adamawa", "geolabelid": 2336056, "label": "Jimeta"}, {"country": "Nigeria", "subcountry": "Kebbi", "geolabelid": 2336237, "label": "Jega"}, {"country": "Nigeria", "subcountry": "Kwara", "geolabelid": 2336251, "label": "Jebba"}, {"country": "Nigeria", "subcountry": "Taraba", "geolabelid": 2336589, "label": "Jalingo"}, {"country": "Nigeria", "subcountry": "Osun", "geolabelid": 2336905, "label": "Iwo"}, {"country": "Nigeria", "subcountry": "Akwa Ibom", "geolabelid": 2336985, "label": "Itu"}, {"country": "Nigeria", "subcountry": "Ebonyi", "geolabelid": 2337148, "label": "Isieke"}, {"country": "Nigeria", "subcountry": "Ekiti", "geolabelid": 2337207, "label": "Ise-Ekiti"}, {"country": "Nigeria", "subcountry": "Kogi", "geolabelid": 2337235, "label": "Isanlu-Itedoijowa"}, {"country": "Nigeria", "subcountry": "Ekiti", "geolabelid": 2337352, "label": "Ipoti"}, {"country": "Nigeria", "subcountry": "Ogun", "geolabelid": 2337379, "label": "Iperu"}, {"country": "Nigeria", "subcountry": "Osun", "geolabelid": 2337490, "label": "Inisa"}, {"country": "Nigeria", "subcountry": "Kwara", "geolabelid": 2337639, "label": "Ilorin"}, {"country": "Nigeria", "subcountry": "Osun", "geolabelid": 2337659, "label": "Ilobu"}, {"country": "Nigeria", "subcountry": "Sokoto", "geolabelid": 2337680, "label": "Illela"}, {"country": "Nigeria", "subcountry": "Osun", "geolabelid": 2337704, "label": "Ilesa"}, {"country": "Nigeria", "subcountry": "Ogun", "geolabelid": 2337759, "label": "Ilaro"}, {"country": "Nigeria", "subcountry": "Osun", "geolabelid": 2337765, "label": "Ila Orangun"}, {"country": "Nigeria", "subcountry": "Akwa Ibom", "geolabelid": 2338106, "label": "Ikot Ekpene"}, {"country": "Nigeria", "subcountry": "Cross River", "geolabelid": 2338242, "label": "Ikom"}, {"country": "Nigeria", "subcountry": "Osun", "geolabelid": 2338269, "label": "Ikirun"}, {"country": "Nigeria", "subcountry": "Osun", "geolabelid": 2338273, "label": "Ikire"}, {"country": "Nigeria", "subcountry": "Ekiti", "geolabelid": 2338287, "label": "Ikere-Ekiti"}, {"country": "Nigeria", "subcountry": "Lagos", "geolabelid": 2338313, "label": "Ikeja"}, {"country": "Nigeria", "subcountry": "Ekiti", "geolabelid": 2338385, "label": "Ijero-Ekiti"}, {"country": "Nigeria", "subcountry": "Ogun", "geolabelid": 2338400, "label": "Ijebu-Ode"}, {"country": "Nigeria", "subcountry": "Osun", "geolabelid": 2338401, "label": "Ijebu-Jesa"}, {"country": "Nigeria", "subcountry": "Ogun", "geolabelid": 2338403, "label": "Ijebu-Igbo"}, {"country": "Nigeria", "subcountry": "Anambra", "geolabelid": 2338497, "label": "Ihiala"}, {"country": "Nigeria", "subcountry": "Ekiti", "geolabelid": 2338630, "label": "Igede-Ekiti"}, {"country": "Nigeria", "subcountry": "Anambra", "geolabelid": 2338640, "label": "Igbo-Ukwu"}, {"country": "Nigeria", "subcountry": "Benue", "geolabelid": 2338660, "label": "Igbor"}, {"country": "Nigeria", "subcountry": "Oyo", "geolabelid": 2338669, "label": "Igbo-Ora"}, {"country": "Nigeria", "subcountry": "Oyo", "geolabelid": 2338711, "label": "Igboho"}, {"country": "Nigeria", "subcountry": "Oyo", "geolabelid": 2338772, "label": "Igbeti"}, {"country": "Nigeria", "subcountry": "Ekiti", "geolabelid": 2338810, "label": "Igbara-Odo"}, {"country": "Nigeria", "subcountry": "Ogun", "geolabelid": 2338876, "label": "Ifo"}, {"country": "Nigeria", "subcountry": "Ondo", "geolabelid": 2339150, "label": "Idanre"}, {"country": "Nigeria", "subcountry": "Kogi", "geolabelid": 2339156, "label": "Idah"}, {"country": "Nigeria", "subcountry": "Taraba", "geolabelid": 2339287, "label": "Ibi"}, {"country": "Nigeria", "subcountry": "Niger", "geolabelid": 2339293, "label": "Ibeto"}, {"country": "Nigeria", "subcountry": "Oyo", "geolabelid": 2339354, "label": "Ibadan"}, {"country": "Nigeria", "subcountry": "Jigawa", "geolabelid": 2339631, "label": "Hadejia"}, {"country": "Nigeria", "subcountry": "Borno", "geolabelid": 2339665, "label": "Gwoza"}, {"country": "Nigeria", "subcountry": "Kano", "geolabelid": 2339756, "label": "Gwarzo"}, {"country": "Nigeria", "subcountry": "Jigawa", "geolabelid": 2339786, "label": "Gwaram"}, {"country": "Nigeria", "subcountry": "Sokoto", "geolabelid": 2339892, "label": "Gwadabawa"}, {"country": "Nigeria", "subcountry": "Zamfara", "geolabelid": 2339937, "label": "Gusau"}, {"country": "Nigeria", "subcountry": "Zamfara", "geolabelid": 2340086, "label": "Gummi"}, {"country": "Nigeria", "subcountry": "Jigawa", "geolabelid": 2340091, "label": "Gumel"}, {"country": "Nigeria", "subcountry": "Adamawa", "geolabelid": 2340446, "label": "Gombi"}, {"country": "Nigeria", "subcountry": "Gombe", "geolabelid": 2340451, "label": "Gombe"}, {"country": "Nigeria", "subcountry": "Taraba", "geolabelid": 2341275, "label": "Gembu"}, {"country": "Nigeria", "subcountry": "Yobe", "geolabelid": 2341294, "label": "Geidam"}, {"country": "Nigeria", "subcountry": "Osun", "geolabelid": 2341355, "label": "Gbongan"}, {"country": "Nigeria", "subcountry": "Kano", "geolabelid": 2341580, "label": "Gaya"}, {"country": "Nigeria", "subcountry": "Yobe", "geolabelid": 2341656, "label": "Gashua"}, {"country": "Nigeria", "subcountry": "Gombe", "geolabelid": 2341758, "label": "Garko"}, {"country": "Nigeria", "subcountry": "Adamawa", "geolabelid": 2341955, "label": "Ganye"}, {"country": "Nigeria", "subcountry": "Borno", "geolabelid": 2342192, "label": "Gamboru"}, {"country": "Nigeria", "subcountry": "Katsina", "geolabelid": 2342490, "label": "Funtua"}, {"country": "Nigeria", "subcountry": "Oyo", "geolabelid": 2342628, "label": "Fiditi"}, {"country": "Nigeria", "subcountry": "Ebonyi", "geolabelid": 2342883, "label": "Ezza-Ohu"}, {"country": "Nigeria", "subcountry": "Akwa Ibom", "geolabelid": 2343093, "label": "Esuk Oron"}, {"country": "Nigeria", "subcountry": "Lagos", "geolabelid": 2343252, "label": "Epe"}, {"country": "Nigeria", "subcountry": "Anambra", "geolabelid": 2343270, "label": "Enugu-Ukwu"}, {"country": "Nigeria", "subcountry": "Enugu", "geolabelid": 2343273, "label": "Enugu-Ezike"}, {"country": "Nigeria", "subcountry": "Enugu", "geolabelid": 2343279, "label": "Enugu"}, {"country": "Nigeria", "subcountry": "Ekiti", "geolabelid": 2343299, "label": "Emure-Ekiti"}, {"country": "Nigeria", "subcountry": "Rivers", "geolabelid": 2343512, "label": "Elele"}, {"country": "Nigeria", "subcountry": "Edo", "geolabelid": 2343641, "label": "Ekpoma"}, {"country": "Nigeria", "subcountry": "Akwa Ibom", "geolabelid": 2343720, "label": "Eket"}, {"country": "Nigeria", "subcountry": "Osun", "geolabelid": 2343784, "label": "Ejigbo"}, {"country": "Nigeria", "subcountry": "Enugu", "geolabelid": 2343822, "label": "Eha Amufu"}, {"country": "Nigeria", "subcountry": "Kogi", "geolabelid": 2343943, "label": "Egbe"}, {"country": "Nigeria", "subcountry": "Osun", "geolabelid": 2343983, "label": "Effon Alaiye"}, {"country": "Nigeria", "subcountry": "Ebonyi", "geolabelid": 2343985, "label": "Effium"}, {"country": "Nigeria", "subcountry": "Lagos", "geolabelid": 2344082, "label": "Ebute Ikorodu"}, {"country": "Nigeria", "subcountry": "Kaduna", "geolabelid": 2344229, "label": "Dutsen Wai"}, {"country": "Nigeria", "subcountry": "Jigawa", "geolabelid": 2344245, "label": "Dutse"}, {"country": "Nigeria", "subcountry": "Gombe", "geolabelid": 2344418, "label": "Dukku"}, {"country": "Nigeria", "subcountry": "Nassarawa", "geolabelid": 2344600, "label": "Doma"}, {"country": "Nigeria", "subcountry": "Borno", "geolabelid": 2344854, "label": "Dikwa"}, {"country": "Nigeria", "subcountry": "Gombe", "geolabelid": 2345029, "label": "Deba"}, {"country": "Nigeria", "subcountry": "Katsina", "geolabelid": 2345094, "label": "Daura"}, {"country": "Nigeria", "subcountry": "Yobe", "geolabelid": 2345096, "label": "Daura"}, {"country": "Nigeria", "subcountry": "Bauchi", "geolabelid": 2345152, "label": "Darazo"}, {"country": "Nigeria", "subcountry": "Borno", "geolabelid": 2345498, "label": "Damboa"}, {"country": "Nigeria", "subcountry": "Yobe", "geolabelid": 2345521, "label": "Damaturu"}, {"country": "Nigeria", "subcountry": "Cross River", "geolabelid": 2346229, "label": "Calabar"}, {"country": "Nigeria", "subcountry": "Delta", "geolabelid": 2346317, "label": "Burutu"}, {"country": "Nigeria", "subcountry": "Plateau", "geolabelid": 2346561, "label": "Bukuru"}, {"country": "Nigeria", "subcountry": "Rivers", "geolabelid": 2346615, "label": "Buguma"}, {"country": "Nigeria", "subcountry": "Rivers", "geolabelid": 2346812, "label": "Bonny"}, {"country": "Nigeria", "subcountry": "Kwara", "geolabelid": 2346951, "label": "Bode Saadu"}, {"country": "Nigeria", "subcountry": "Borno", "geolabelid": 2346995, "label": "Biu"}, {"country": "Nigeria", "subcountry": "Jigawa", "geolabelid": 2347057, "label": "Birnin Kudu"}, {"country": "Nigeria", "subcountry": "Kebbi", "geolabelid": 2347059, "label": "Birnin Kebbi"}, {"country": "Nigeria", "subcountry": "Kaduna", "geolabelid": 2347061, "label": "Sofo-Birnin-Gwari"}, {"country": "Nigeria", "subcountry": "Gombe", "geolabelid": 2347155, "label": "Billiri"}, {"country": "Nigeria", "subcountry": "Niger", "geolabelid": 2347209, "label": "Bida"}, {"country": "Nigeria", "subcountry": "Edo", "geolabelid": 2347283, "label": "Benin City"}, {"country": "Nigeria", "subcountry": "Abia", "geolabelid": 2347303, "label": "Bende"}, {"country": "Nigeria", "subcountry": "Taraba", "geolabelid": 2347330, "label": "Beli"}, {"country": "Nigeria", "subcountry": "Bauchi", "geolabelid": 2347470, "label": "Bauchi"}, {"country": "Nigeria", "subcountry": "Niger", "geolabelid": 2347592, "label": "Baro"}, {"country": "Nigeria", "subcountry": "Borno", "geolabelid": 2347954, "label": "Bama"}, {"country": "Nigeria", "subcountry": "Lagos", "geolabelid": 2348395, "label": "Badagry"}, {"country": "Nigeria", "subcountry": "Niger", "geolabelid": 2348507, "label": "Babana"}, {"country": "Nigeria", "subcountry": "Bauchi", "geolabelid": 2348595, "label": "Azare"}, {"country": "Nigeria", "subcountry": "Anambra", "geolabelid": 2348773, "label": "Awka"}, {"country": "Nigeria", "subcountry": "Enugu", "geolabelid": 2348783, "label": "Awgu"}, {"country": "Nigeria", "subcountry": "Edo", "geolabelid": 2348892, "label": "Auchi"}, {"country": "Nigeria", "subcountry": "Delta", "geolabelid": 2349276, "label": "Asaba"}, {"country": "Nigeria", "subcountry": "Kebbi", "geolabelid": 2349431, "label": "Argungu"}, {"country": "Nigeria", "subcountry": "Ekiti", "geolabelid": 2349529, "label": "Aramoko-Ekiti"}, {"country": "Nigeria", "subcountry": "Osun", "geolabelid": 2349558, "label": "Apomu"}, {"country": "Nigeria", "subcountry": "Kaduna", "geolabelid": 2349951, "label": "Anchau"}, {"country": "Nigeria", "subcountry": "Abia", "geolabelid": 2350249, "label": "Amaigbo"}, {"country": "Nigeria", "subcountry": "Nassarawa", "geolabelid": 2350806, "label": "Akwanga"}, {"country": "Nigeria", "subcountry": "Ondo", "geolabelid": 2350841, "label": "Akure"}, {"country": "Nigeria", "subcountry": "Enugu", "geolabelid": 2350886, "label": "Aku"}, {"country": "Nigeria", "subcountry": "Kogi", "geolabelid": 2351470, "label": "Ajaokuta"}, {"country": "Nigeria", "subcountry": "Anambra", "geolabelid": 2351740, "label": "Agulu"}, {"country": "Nigeria", "subcountry": "Delta", "geolabelid": 2351979, "label": "Agbor"}, {"country": "Nigeria", "subcountry": "Ebonyi", "geolabelid": 2352250, "label": "Afikpo"}, {"country": "Nigeria", "subcountry": "Ogun", "geolabelid": 2352356, "label": "Ado Odo"}, {"country": "Nigeria", "subcountry": "Ekiti", "geolabelid": 2352379, "label": "Ado-Ekiti"}, {"country": "Nigeria", "subcountry": "Abuja Federal Capital Territory", "geolabelid": 2352778, "label": "Abuja"}, {"country": "Nigeria", "subcountry": "Ogun", "geolabelid": 2352947, "label": "Abeokuta"}, {"country": "Nigeria", "subcountry": "Ebonyi", "geolabelid": 2353099, "label": "Abakaliki"}, {"country": "Nigeria", "subcountry": "Abia", "geolabelid": 2353151, "label": "Aba"}, {"country": "Nigeria", "subcountry": "Rivers", "geolabelid": 2591159, "label": "Degema Hulk"}]