[{"country": "Martinique", "subcountry": "Martinique", "geolabelid": 3569915, "label": "Saint-Joseph"}, {"country": "Martinique", "subcountry": "Martinique", "geolabelid": 3569926, "label": "Sainte-Marie"}, {"country": "Martinique", "subcountry": "Martinique", "geolabelid": 3570166, "label": "Petite Rivi\u00e8re Sal\u00e9e"}, {"country": "Martinique", "subcountry": "Martinique", "geolabelid": 3570412, "label": "Le Robert"}, {"country": "Martinique", "subcountry": "Martinique", "geolabelid": 3570428, "label": "Le Lamentin"}, {"country": "Martinique", "subcountry": "Martinique", "geolabelid": 3570429, "label": "Le Fran\u00e7ois"}, {"country": "Martinique", "subcountry": "Martinique", "geolabelid": 3570446, "label": "La Trinit\u00e9"}, {"country": "Martinique", "subcountry": "Martinique", "geolabelid": 3570675, "label": "Fort-de-France"}, {"country": "Martinique", "subcountry": "Martinique", "geolabelid": 3570785, "label": "Ducos"}]