[{"country": "Poland", "subcountry": "Masovian Voivodeship", "geolabelid": 752967, "label": "\u017byrard\u00f3w"}, {"country": "Poland", "subcountry": "Masovian Voivodeship", "geolabelid": 753142, "label": "\u017boliborz"}, {"country": "Poland", "subcountry": "Masovian Voivodeship", "geolabelid": 753276, "label": "Zielonka"}, {"country": "Poland", "subcountry": "Lublin Voivodeship", "geolabelid": 753866, "label": "Zamo\u015b\u0107"}, {"country": "Poland", "subcountry": "Podlasie", "geolabelid": 753895, "label": "Zambr\u00f3w"}, {"country": "Poland", "subcountry": "Masovian Voivodeship", "geolabelid": 754351, "label": "Z\u0105bki"}, {"country": "Poland", "subcountry": "Masovian Voivodeship", "geolabelid": 754454, "label": "Wyszk\u00f3w"}, {"country": "Poland", "subcountry": "Masovian Voivodeship", "geolabelid": 754800, "label": "Wo\u0142omin"}, {"country": "Poland", "subcountry": "Masovian Voivodeship", "geolabelid": 755330, "label": "Wola"}, {"country": "Poland", "subcountry": "Masovian Voivodeship", "geolabelid": 755475, "label": "W\u0142ochy"}, {"country": "Poland", "subcountry": "Lesser Poland Voivodeship", "geolabelid": 755889, "label": "Wieliczka"}, {"country": "Poland", "subcountry": "Masovian Voivodeship", "geolabelid": 756004, "label": "Weso\u0142a"}, {"country": "Poland", "subcountry": "Masovian Voivodeship", "geolabelid": 756092, "label": "Wawer"}, {"country": "Poland", "subcountry": "Masovian Voivodeship", "geolabelid": 756135, "label": "Warsaw"}, {"country": "Poland", "subcountry": "Masovian Voivodeship", "geolabelid": 756320, "label": "Ursus"}, {"country": "Poland", "subcountry": "\u0141\u00f3d\u017a Voivodeship", "geolabelid": 756867, "label": "Tomasz\u00f3w Mazowiecki"}, {"country": "Poland", "subcountry": "Lublin Voivodeship", "geolabelid": 756868, "label": "Tomasz\u00f3w Lubelski"}, {"country": "Poland", "subcountry": "Lesser Poland Voivodeship", "geolabelid": 757026, "label": "Tarn\u00f3w"}, {"country": "Poland", "subcountry": "Subcarpathian Voivodeship", "geolabelid": 757033, "label": "Tarnobrzeg"}, {"country": "Poland", "subcountry": "Masovian Voivodeship", "geolabelid": 757065, "label": "Targ\u00f3wek"}, {"country": "Poland", "subcountry": "Warmian-Masurian Voivodeship", "geolabelid": 757357, "label": "Szczytno"}, {"country": "Poland", "subcountry": "Lublin Voivodeship", "geolabelid": 757692, "label": "\u015awidnik"}, {"country": "Poland", "subcountry": "Podlasie", "geolabelid": 757718, "label": "Suwa\u0142ki"}, {"country": "Poland", "subcountry": "Masovian Voivodeship", "geolabelid": 757809, "label": "Sulej\u00f3wek"}, {"country": "Poland", "subcountry": "\u015awi\u0119tokrzyskie", "geolabelid": 758252, "label": "Stasz\u00f3w"}, {"country": "Poland", "subcountry": "\u015awi\u0119tokrzyskie", "geolabelid": 758390, "label": "Starachowice"}, {"country": "Poland", "subcountry": "Subcarpathian Voivodeship", "geolabelid": 758445, "label": "Stalowa Wola"}, {"country": "Poland", "subcountry": "Masovian Voivodeship", "geolabelid": 758470, "label": "\u015ar\u00f3dmie\u015bcie"}, {"country": "Poland", "subcountry": "Masovian Voivodeship", "geolabelid": 758626, "label": "Soko\u0142\u00f3w Podlaski"}, {"country": "Poland", "subcountry": "Podlasie", "geolabelid": 758651, "label": "Sok\u00f3\u0142ka"}, {"country": "Poland", "subcountry": "Masovian Voivodeship", "geolabelid": 758682, "label": "Sochaczew"}, {"country": "Poland", "subcountry": "\u0141\u00f3d\u017a Voivodeship", "geolabelid": 759123, "label": "Skierniewice"}, {"country": "Poland", "subcountry": "\u015awi\u0119tokrzyskie", "geolabelid": 759141, "label": "Skar\u017cysko-Kamienna"}, {"country": "Poland", "subcountry": "Podlasie", "geolabelid": 759320, "label": "Siemiatycze"}, {"country": "Poland", "subcountry": "Masovian Voivodeship", "geolabelid": 759412, "label": "Siedlce"}, {"country": "Poland", "subcountry": "Subcarpathian Voivodeship", "geolabelid": 759591, "label": "Sanok"}, {"country": "Poland", "subcountry": "\u015awi\u0119tokrzyskie", "geolabelid": 759603, "label": "Sandomierz"}, {"country": "Poland", "subcountry": "Subcarpathian Voivodeship", "geolabelid": 759734, "label": "Rzesz\u00f3w"}, {"country": "Poland", "subcountry": "Subcarpathian Voivodeship", "geolabelid": 760343, "label": "Ropczyce"}, {"country": "Poland", "subcountry": "Masovian Voivodeship", "geolabelid": 760503, "label": "Rembert\u00f3w"}, {"country": "Poland", "subcountry": "\u0141\u00f3d\u017a Voivodeship", "geolabelid": 760584, "label": "Rawa Mazowiecka"}, {"country": "Poland", "subcountry": "Lublin Voivodeship", "geolabelid": 760680, "label": "Radzy\u0144 Podlaski"}, {"country": "Poland", "subcountry": "Masovian Voivodeship", "geolabelid": 760778, "label": "Radom"}, {"country": "Poland", "subcountry": "Masovian Voivodeship", "geolabelid": 760917, "label": "Pu\u0142tusk"}, {"country": "Poland", "subcountry": "Lublin Voivodeship", "geolabelid": 760924, "label": "Pu\u0142awy"}, {"country": "Poland", "subcountry": "Subcarpathian Voivodeship", "geolabelid": 761131, "label": "Przeworsk"}, {"country": "Poland", "subcountry": "Subcarpathian Voivodeship", "geolabelid": 761168, "label": "Przemy\u015bl"}, {"country": "Poland", "subcountry": "Masovian Voivodeship", "geolabelid": 761218, "label": "Przasnysz"}, {"country": "Poland", "subcountry": "Masovian Voivodeship", "geolabelid": 761228, "label": "Pruszk\u00f3w"}, {"country": "Poland", "subcountry": "Masovian Voivodeship", "geolabelid": 762021, "label": "P\u0142o\u0144sk"}, {"country": "Poland", "subcountry": "Warmian-Masurian Voivodeship", "geolabelid": 762120, "label": "Pisz"}, {"country": "Poland", "subcountry": "Masovian Voivodeship", "geolabelid": 762199, "label": "Pionki"}, {"country": "Poland", "subcountry": "Masovian Voivodeship", "geolabelid": 762381, "label": "Piast\u00f3w"}, {"country": "Poland", "subcountry": "Masovian Voivodeship", "geolabelid": 762423, "label": "Piaseczno"}, {"country": "Poland", "subcountry": "Masovian Voivodeship", "geolabelid": 762788, "label": "Otwock"}, {"country": "Poland", "subcountry": "Masovian Voivodeship", "geolabelid": 762850, "label": "Ostr\u00f3w Mazowiecka"}, {"country": "Poland", "subcountry": "\u015awi\u0119tokrzyskie", "geolabelid": 762863, "label": "Ostrowiec \u015awi\u0119tokrzyski"}, {"country": "Poland", "subcountry": "Masovian Voivodeship", "geolabelid": 762909, "label": "Ostro\u0142\u0119ka"}, {"country": "Poland", "subcountry": "\u0141\u00f3d\u017a Voivodeship", "geolabelid": 763111, "label": "Opoczno"}, {"country": "Poland", "subcountry": "Warmian-Masurian Voivodeship", "geolabelid": 763166, "label": "Olsztyn"}, {"country": "Poland", "subcountry": "Warmian-Masurian Voivodeship", "geolabelid": 763291, "label": "Olecko"}, {"country": "Poland", "subcountry": "Masovian Voivodeship", "geolabelid": 763442, "label": "Ochota"}, {"country": "Poland", "subcountry": "Lesser Poland Voivodeship", "geolabelid": 763523, "label": "Nowy Targ"}, {"country": "Poland", "subcountry": "Lesser Poland Voivodeship", "geolabelid": 763534, "label": "Nowy S\u0105cz"}, {"country": "Poland", "subcountry": "Masovian Voivodeship", "geolabelid": 763556, "label": "Nowy Dw\u00f3r Mazowiecki"}, {"country": "Poland", "subcountry": "Subcarpathian Voivodeship", "geolabelid": 763829, "label": "Nisko"}, {"country": "Poland", "subcountry": "Warmian-Masurian Voivodeship", "geolabelid": 764312, "label": "Mr\u0105gowo"}, {"country": "Poland", "subcountry": "Masovian Voivodeship", "geolabelid": 764484, "label": "Mokot\u00f3w"}, {"country": "Poland", "subcountry": "Masovian Voivodeship", "geolabelid": 764634, "label": "M\u0142awa"}, {"country": "Poland", "subcountry": "Masovian Voivodeship", "geolabelid": 764679, "label": "Mi\u0144sk Mazowiecki"}, {"country": "Poland", "subcountry": "Masovian Voivodeship", "geolabelid": 764749, "label": "Milan\u00f3wek"}, {"country": "Poland", "subcountry": "Subcarpathian Voivodeship", "geolabelid": 764849, "label": "Mielec"}, {"country": "Poland", "subcountry": "Lublin Voivodeship", "geolabelid": 764862, "label": "Mi\u0119dzyrzec Podlaski"}, {"country": "Poland", "subcountry": "Masovian Voivodeship", "geolabelid": 765191, "label": "Marki"}, {"country": "Poland", "subcountry": "Lublin Voivodeship", "geolabelid": 765749, "label": "\u0141uk\u00f3w"}, {"country": "Poland", "subcountry": "Lublin Voivodeship", "geolabelid": 765876, "label": "Lublin"}, {"country": "Poland", "subcountry": "Lublin Voivodeship", "geolabelid": 765927, "label": "Lubart\u00f3w"}, {"country": "Poland", "subcountry": "Podlasie", "geolabelid": 766027, "label": "\u0141om\u017ca"}, {"country": "Poland", "subcountry": "Masovian Voivodeship", "geolabelid": 766042, "label": "\u0141omianki"}, {"country": "Poland", "subcountry": "Warmian-Masurian Voivodeship", "geolabelid": 766307, "label": "Lidzbark Warmi\u0144ski"}, {"country": "Poland", "subcountry": "Masovian Voivodeship", "geolabelid": 766555, "label": "Legionowo"}, {"country": "Poland", "subcountry": "Lublin Voivodeship", "geolabelid": 766583, "label": "\u0141\u0119czna"}, {"country": "Poland", "subcountry": "Podlasie", "geolabelid": 766783, "label": "\u0141apy"}, {"country": "Poland", "subcountry": "Subcarpathian Voivodeship", "geolabelid": 766810, "label": "\u0141a\u0144cut"}, {"country": "Poland", "subcountry": "Subcarpathian Voivodeship", "geolabelid": 767470, "label": "Krosno"}, {"country": "Poland", "subcountry": "Lublin Voivodeship", "geolabelid": 767605, "label": "Krasnystaw"}, {"country": "Poland", "subcountry": "Lublin Voivodeship", "geolabelid": 767623, "label": "Kra\u015bnik"}, {"country": "Poland", "subcountry": "Masovian Voivodeship", "geolabelid": 767814, "label": "Kozienice"}, {"country": "Poland", "subcountry": "Masovian Voivodeship", "geolabelid": 768216, "label": "Konstancin-Jeziorna"}, {"country": "Poland", "subcountry": "\u015awi\u0119tokrzyskie", "geolabelid": 768218, "label": "Ko\u0144skie"}, {"country": "Poland", "subcountry": "Masovian Voivodeship", "geolabelid": 768905, "label": "Koby\u0142ka"}, {"country": "Poland", "subcountry": "\u015awi\u0119tokrzyskie", "geolabelid": 769250, "label": "Kielce"}, {"country": "Poland", "subcountry": "Warmian-Masurian Voivodeship", "geolabelid": 769274, "label": "K\u0119trzyn"}, {"country": "Poland", "subcountry": "Masovian Voivodeship", "geolabelid": 769893, "label": "Kabaty"}, {"country": "Poland", "subcountry": "Masovian Voivodeship", "geolabelid": 769981, "label": "J\u00f3zef\u00f3w"}, {"country": "Poland", "subcountry": "\u015awi\u0119tokrzyskie", "geolabelid": 770157, "label": "J\u0119drzej\u00f3w"}, {"country": "Poland", "subcountry": "Subcarpathian Voivodeship", "geolabelid": 770293, "label": "Jas\u0142o"}, {"country": "Poland", "subcountry": "Subcarpathian Voivodeship", "geolabelid": 770380, "label": "Jaros\u0142aw"}, {"country": "Poland", "subcountry": "Lublin Voivodeship", "geolabelid": 770966, "label": "Hrubiesz\u00f3w"}, {"country": "Poland", "subcountry": "Podlasie", "geolabelid": 771158, "label": "Hajn\u00f3wka"}, {"country": "Poland", "subcountry": "Masovian Voivodeship", "geolabelid": 771401, "label": "Grodzisk Mazowiecki"}, {"country": "Poland", "subcountry": "Podlasie", "geolabelid": 771506, "label": "Grajewo"}, {"country": "Poland", "subcountry": "Lesser Poland Voivodeship", "geolabelid": 771804, "label": "Gorlice"}, {"country": "Poland", "subcountry": "Warmian-Masurian Voivodeship", "geolabelid": 772195, "label": "Gi\u017cycko"}, {"country": "Poland", "subcountry": "Warmian-Masurian Voivodeship", "geolabelid": 772227, "label": "Gier\u0142o\u017c"}, {"country": "Poland", "subcountry": "Masovian Voivodeship", "geolabelid": 772339, "label": "Garwolin"}, {"country": "Poland", "subcountry": "Warmian-Masurian Voivodeship", "geolabelid": 772621, "label": "E\u0142k"}, {"country": "Poland", "subcountry": "Warmian-Masurian Voivodeship", "geolabelid": 772748, "label": "Dzia\u0142dowo"}, {"country": "Poland", "subcountry": "Lublin Voivodeship", "geolabelid": 773357, "label": "D\u0119blin"}, {"country": "Poland", "subcountry": "Subcarpathian Voivodeship", "geolabelid": 773380, "label": "D\u0119bica"}, {"country": "Poland", "subcountry": "Masovian Voivodeship", "geolabelid": 774208, "label": "Ciechan\u00f3w"}, {"country": "Poland", "subcountry": "Lublin Voivodeship", "geolabelid": 774558, "label": "Che\u0142m"}, {"country": "Poland", "subcountry": "\u015awi\u0119tokrzyskie", "geolabelid": 774747, "label": "Busko-Zdr\u00f3j"}, {"country": "Poland", "subcountry": "Lesser Poland Voivodeship", "geolabelid": 775183, "label": "Brzesko"}, {"country": "Poland", "subcountry": "Lesser Poland Voivodeship", "geolabelid": 775758, "label": "Bochnia"}, {"country": "Poland", "subcountry": "Lublin Voivodeship", "geolabelid": 775922, "label": "Bi\u0142goraj"}, {"country": "Poland", "subcountry": "Podlasie", "geolabelid": 775986, "label": "Bielsk Podlaski"}, {"country": "Poland", "subcountry": "Masovian Voivodeship", "geolabelid": 776029, "label": "Bielany"}, {"country": "Poland", "subcountry": "Podlasie", "geolabelid": 776069, "label": "Bia\u0142ystok"}, {"country": "Poland", "subcountry": "Masovian Voivodeship", "geolabelid": 776103, "label": "Bia\u0142o\u0142eka"}, {"country": "Poland", "subcountry": "Lublin Voivodeship", "geolabelid": 776175, "label": "Bia\u0142a Podlaska"}, {"country": "Poland", "subcountry": "Masovian Voivodeship", "geolabelid": 776251, "label": "Bemowo"}, {"country": "Poland", "subcountry": "Warmian-Masurian Voivodeship", "geolabelid": 776337, "label": "Bartoszyce"}, {"country": "Poland", "subcountry": "Podlasie", "geolabelid": 776597, "label": "August\u00f3w"}, {"country": "Poland", "subcountry": "Silesian Voivodeship", "geolabelid": 3079855, "label": "\u017bywiec"}, {"country": "Poland", "subcountry": "Silesian Voivodeship", "geolabelid": 3080004, "label": "\u017bory"}, {"country": "Poland", "subcountry": "Greater Poland Voivodeship", "geolabelid": 3080071, "label": "Z\u0142ot\u00f3w"}, {"country": "Poland", "subcountry": "Lower Silesian Voivodeship", "geolabelid": 3080074, "label": "Z\u0142otoryja"}, {"country": "Poland", "subcountry": "Lubusz", "geolabelid": 3080165, "label": "Zielona G\u00f3ra"}, {"country": "Poland", "subcountry": "Lower Silesian Voivodeship", "geolabelid": 3080231, "label": "Zgorzelec"}, {"country": "Poland", "subcountry": "\u0141\u00f3d\u017a Voivodeship", "geolabelid": 3080251, "label": "Zgierz"}, {"country": "Poland", "subcountry": "\u0141\u00f3d\u017a Voivodeship", "geolabelid": 3080414, "label": "Zdu\u0144ska Wola"}, {"country": "Poland", "subcountry": "Silesian Voivodeship", "geolabelid": 3080526, "label": "Zawiercie"}, {"country": "Poland", "subcountry": "Lubusz", "geolabelid": 3080644, "label": "\u017bary"}, {"country": "Poland", "subcountry": "Lesser Poland Voivodeship", "geolabelid": 3080866, "label": "Zakopane"}, {"country": "Poland", "subcountry": "Lubusz", "geolabelid": 3080944, "label": "\u017baga\u0144"}, {"country": "Poland", "subcountry": "Silesian Voivodeship", "geolabelid": 3080985, "label": "Zabrze"}, {"country": "Poland", "subcountry": "Lower Silesian Voivodeship", "geolabelid": 3081046, "label": "Z\u0105bkowice \u015al\u0105skie"}, {"country": "Poland", "subcountry": "Greater Poland Voivodeship", "geolabelid": 3081324, "label": "Wrze\u015bnia"}, {"country": "Poland", "subcountry": "Lower Silesian Voivodeship", "geolabelid": 3081368, "label": "Wroc\u0142aw"}, {"country": "Poland", "subcountry": "Silesian Voivodeship", "geolabelid": 3081677, "label": "Wodzis\u0142aw \u015al\u0105ski"}, {"country": "Poland", "subcountry": "Kujawsko-Pomorskie", "geolabelid": 3081741, "label": "W\u0142oc\u0142awek"}, {"country": "Poland", "subcountry": "\u0141\u00f3d\u017a Voivodeship", "geolabelid": 3082197, "label": "Wielu\u0144"}, {"country": "Poland", "subcountry": "Pomeranian Voivodeship", "geolabelid": 3082473, "label": "Wejherowo"}, {"country": "Poland", "subcountry": "West Pomeranian Voivodeship", "geolabelid": 3082704, "label": "Wa\u0142cz"}, {"country": "Poland", "subcountry": "Lower Silesian Voivodeship", "geolabelid": 3082707, "label": "Wa\u0142brzych"}, {"country": "Poland", "subcountry": "Greater Poland Voivodeship", "geolabelid": 3082712, "label": "W\u0105growiec"}, {"country": "Poland", "subcountry": "Lesser Poland Voivodeship", "geolabelid": 3082722, "label": "Wadowice"}, {"country": "Poland", "subcountry": "Silesian Voivodeship", "geolabelid": 3082751, "label": "Ustro\u0144"}, {"country": "Poland", "subcountry": "Pomeranian Voivodeship", "geolabelid": 3082756, "label": "Ustka"}, {"country": "Poland", "subcountry": "Silesian Voivodeship", "geolabelid": 3082914, "label": "Tychy"}, {"country": "Poland", "subcountry": "Greater Poland Voivodeship", "geolabelid": 3082998, "label": "Turek"}, {"country": "Poland", "subcountry": "Lesser Poland Voivodeship", "geolabelid": 3083111, "label": "Trzebinia"}, {"country": "Poland", "subcountry": "Greater Poland Voivodeship", "geolabelid": 3083185, "label": "Trzcianka"}, {"country": "Poland", "subcountry": "Kujawsko-Pomorskie", "geolabelid": 3083271, "label": "Toru\u0144"}, {"country": "Poland", "subcountry": "Pomeranian Voivodeship", "geolabelid": 3083426, "label": "Tczew"}, {"country": "Poland", "subcountry": "Silesian Voivodeship", "geolabelid": 3083440, "label": "Tarnowskie G\u00f3ry"}, {"country": "Poland", "subcountry": "West Pomeranian Voivodeship", "geolabelid": 3083826, "label": "Szczecinek"}, {"country": "Poland", "subcountry": "West Pomeranian Voivodeship", "geolabelid": 3083829, "label": "Szczecin"}, {"country": "Poland", "subcountry": "Greater Poland Voivodeship", "geolabelid": 3083878, "label": "Szamotu\u0142y"}, {"country": "Poland", "subcountry": "West Pomeranian Voivodeship", "geolabelid": 3083955, "label": "\u015awinouj\u015bcie"}, {"country": "Poland", "subcountry": "Silesian Voivodeship", "geolabelid": 3083988, "label": "\u015awi\u0119toch\u0142owice"}, {"country": "Poland", "subcountry": "Lubusz", "geolabelid": 3084062, "label": "\u015awiebodzin"}, {"country": "Poland", "subcountry": "Kujawsko-Pomorskie", "geolabelid": 3084074, "label": "\u015awiecie"}, {"country": "Poland", "subcountry": "Lower Silesian Voivodeship", "geolabelid": 3084084, "label": "\u015awiebodzice"}, {"country": "Poland", "subcountry": "West Pomeranian Voivodeship", "geolabelid": 3084085, "label": "\u015awidwin"}, {"country": "Poland", "subcountry": "Lower Silesian Voivodeship", "geolabelid": 3084093, "label": "\u015awidnica"}, {"country": "Poland", "subcountry": "Greater Poland Voivodeship", "geolabelid": 3084130, "label": "Swarz\u0119dz"}, {"country": "Poland", "subcountry": "Lubusz", "geolabelid": 3084241, "label": "Sulech\u00f3w"}, {"country": "Poland", "subcountry": "Opole Voivodeship", "geolabelid": 3084415, "label": "Strzelce Opolskie"}, {"country": "Poland", "subcountry": "Lower Silesian Voivodeship", "geolabelid": 3084440, "label": "Strzegom"}, {"country": "Poland", "subcountry": "Pomeranian Voivodeship", "geolabelid": 3084826, "label": "Starogard Gda\u0144ski"}, {"country": "Poland", "subcountry": "West Pomeranian Voivodeship", "geolabelid": 3084840, "label": "Stargard Szczeci\u0144ski"}, {"country": "Poland", "subcountry": "Greater Poland Voivodeship", "geolabelid": 3085045, "label": "\u015aroda Wielkopolska"}, {"country": "Poland", "subcountry": "Greater Poland Voivodeship", "geolabelid": 3085056, "label": "\u015arem"}, {"country": "Poland", "subcountry": "Silesian Voivodeship", "geolabelid": 3085128, "label": "Sosnowiec"}, {"country": "Poland", "subcountry": "Pomeranian Voivodeship", "geolabelid": 3085151, "label": "Sopot"}, {"country": "Poland", "subcountry": "Kujawsko-Pomorskie", "geolabelid": 3085172, "label": "Solec Kujawski"}, {"country": "Poland", "subcountry": "Pomeranian Voivodeship", "geolabelid": 3085450, "label": "S\u0142upsk"}, {"country": "Poland", "subcountry": "Lubusz", "geolabelid": 3085495, "label": "S\u0142ubice"}, {"country": "Poland", "subcountry": "Lesser Poland Voivodeship", "geolabelid": 3085807, "label": "Skawina"}, {"country": "Poland", "subcountry": "Masovian Voivodeship", "geolabelid": 3085941, "label": "Sierpc"}, {"country": "Poland", "subcountry": "\u0141\u00f3d\u017a Voivodeship", "geolabelid": 3085978, "label": "Sieradz"}, {"country": "Poland", "subcountry": "Silesian Voivodeship", "geolabelid": 3086024, "label": "Siemianowice \u015al\u0105skie"}, {"country": "Poland", "subcountry": "Kujawsko-Pomorskie", "geolabelid": 3086511, "label": "Rypin"}, {"country": "Poland", "subcountry": "Silesian Voivodeship", "geolabelid": 3086531, "label": "Rydu\u0142towy"}, {"country": "Poland", "subcountry": "Silesian Voivodeship", "geolabelid": 3086586, "label": "Rybnik"}, {"country": "Poland", "subcountry": "Pomeranian Voivodeship", "geolabelid": 3086706, "label": "Rumia"}, {"country": "Poland", "subcountry": "Silesian Voivodeship", "geolabelid": 3086800, "label": "Ruda \u015al\u0105ska"}, {"country": "Poland", "subcountry": "Pomeranian Voivodeship", "geolabelid": 3087281, "label": "Reda"}, {"country": "Poland", "subcountry": "Greater Poland Voivodeship", "geolabelid": 3087307, "label": "Rawicz"}, {"country": "Poland", "subcountry": "Silesian Voivodeship", "geolabelid": 3087418, "label": "Radzionk\u00f3w"}, {"country": "Poland", "subcountry": "\u0141\u00f3d\u017a Voivodeship", "geolabelid": 3087497, "label": "Radomsko"}, {"country": "Poland", "subcountry": "Silesian Voivodeship", "geolabelid": 3087529, "label": "Radlin"}, {"country": "Poland", "subcountry": "Silesian Voivodeship", "geolabelid": 3087584, "label": "Racib\u00f3rz"}, {"country": "Poland", "subcountry": "Silesian Voivodeship", "geolabelid": 3087628, "label": "Pyskowice"}, {"country": "Poland", "subcountry": "Silesian Voivodeship", "geolabelid": 3087705, "label": "Pszczyna"}, {"country": "Poland", "subcountry": "Pomeranian Voivodeship", "geolabelid": 3088034, "label": "Pruszcz Gda\u0144ski"}, {"country": "Poland", "subcountry": "Opole Voivodeship", "geolabelid": 3088065, "label": "Prudnik"}, {"country": "Poland", "subcountry": "Greater Poland Voivodeship", "geolabelid": 3088171, "label": "Pozna\u0144"}, {"country": "Poland", "subcountry": "Lower Silesian Voivodeship", "geolabelid": 3088435, "label": "Polkowice"}, {"country": "Poland", "subcountry": "West Pomeranian Voivodeship", "geolabelid": 3088461, "label": "Police"}, {"country": "Poland", "subcountry": "Masovian Voivodeship", "geolabelid": 3088825, "label": "P\u0142ock"}, {"country": "Poland", "subcountry": "Greater Poland Voivodeship", "geolabelid": 3088848, "label": "Pleszew"}, {"country": "Poland", "subcountry": "\u0141\u00f3d\u017a Voivodeship", "geolabelid": 3088972, "label": "Piotrk\u00f3w Trybunalski"}, {"country": "Poland", "subcountry": "Greater Poland Voivodeship", "geolabelid": 3089033, "label": "Pi\u0142a"}, {"country": "Poland", "subcountry": "Silesian Voivodeship", "geolabelid": 3089125, "label": "Piekary \u015al\u0105skie"}, {"country": "Poland", "subcountry": "\u0141\u00f3d\u017a Voivodeship", "geolabelid": 3089578, "label": "Pabianice"}, {"country": "Poland", "subcountry": "\u0141\u00f3d\u017a Voivodeship", "geolabelid": 3089582, "label": "Ozork\u00f3w"}, {"country": "Poland", "subcountry": "Lesser Poland Voivodeship", "geolabelid": 3089658, "label": "O\u015bwi\u0119cim"}, {"country": "Poland", "subcountry": "Greater Poland Voivodeship", "geolabelid": 3089684, "label": "Ostr\u00f3w Wielkopolski"}, {"country": "Poland", "subcountry": "Warmian-Masurian Voivodeship", "geolabelid": 3089779, "label": "Ostr\u00f3da"}, {"country": "Poland", "subcountry": "Silesian Voivodeship", "geolabelid": 3089965, "label": "Orzesze"}, {"country": "Poland", "subcountry": "Opole Voivodeship", "geolabelid": 3090048, "label": "Opole"}, {"country": "Poland", "subcountry": "Lesser Poland Voivodeship", "geolabelid": 3090146, "label": "Olkusz"}, {"country": "Poland", "subcountry": "Lower Silesian Voivodeship", "geolabelid": 3090170, "label": "Ole\u015bnica"}, {"country": "Poland", "subcountry": "Lower Silesian Voivodeship", "geolabelid": 3090205, "label": "O\u0142awa"}, {"country": "Poland", "subcountry": "Greater Poland Voivodeship", "geolabelid": 3090403, "label": "Oborniki"}, {"country": "Poland", "subcountry": "Opole Voivodeship", "geolabelid": 3090436, "label": "Nysa"}, {"country": "Poland", "subcountry": "Greater Poland Voivodeship", "geolabelid": 3090452, "label": "Nowy Tomy\u015bl"}, {"country": "Poland", "subcountry": "West Pomeranian Voivodeship", "geolabelid": 3090558, "label": "Nowogard"}, {"country": "Poland", "subcountry": "Lubusz", "geolabelid": 3090764, "label": "Nowa S\u00f3l"}, {"country": "Poland", "subcountry": "Lower Silesian Voivodeship", "geolabelid": 3090768, "label": "Nowa Ruda"}, {"country": "Poland", "subcountry": "Opole Voivodeship", "geolabelid": 3091141, "label": "Namys\u0142\u00f3w"}, {"country": "Poland", "subcountry": "Kujawsko-Pomorskie", "geolabelid": 3091150, "label": "Nak\u0142o nad Noteci\u0105"}, {"country": "Poland", "subcountry": "Silesian Voivodeship", "geolabelid": 3091217, "label": "Myszk\u00f3w"}, {"country": "Poland", "subcountry": "Silesian Voivodeship", "geolabelid": 3091232, "label": "Mys\u0142owice"}, {"country": "Poland", "subcountry": "Lesser Poland Voivodeship", "geolabelid": 3091256, "label": "My\u015blenice"}, {"country": "Poland", "subcountry": "Silesian Voivodeship", "geolabelid": 3091831, "label": "Miko\u0142\u00f3w"}, {"country": "Poland", "subcountry": "Lubusz", "geolabelid": 3091969, "label": "Mi\u0119dzyrzecz"}, {"country": "Poland", "subcountry": "Pomeranian Voivodeship", "geolabelid": 3092472, "label": "Malbork"}, {"country": "Poland", "subcountry": "Greater Poland Voivodeship", "geolabelid": 3092856, "label": "Lubo\u0144"}, {"country": "Poland", "subcountry": "Silesian Voivodeship", "geolabelid": 3092906, "label": "Lubliniec"}, {"country": "Poland", "subcountry": "Lower Silesian Voivodeship", "geolabelid": 3092931, "label": "Lubin"}, {"country": "Poland", "subcountry": "Lower Silesian Voivodeship", "geolabelid": 3093040, "label": "Luba\u0144"}, {"country": "Poland", "subcountry": "\u0141\u00f3d\u017a Voivodeship", "geolabelid": 3093066, "label": "\u0141owicz"}, {"country": "Poland", "subcountry": "\u0141\u00f3d\u017a Voivodeship", "geolabelid": 3093133, "label": "\u0141\u00f3d\u017a"}, {"country": "Poland", "subcountry": "Lesser Poland Voivodeship", "geolabelid": 3093457, "label": "Libi\u0105\u017c"}, {"country": "Poland", "subcountry": "Greater Poland Voivodeship", "geolabelid": 3093524, "label": "Leszno"}, {"country": "Poland", "subcountry": "Lower Silesian Voivodeship", "geolabelid": 3093692, "label": "Legnica"}, {"country": "Poland", "subcountry": "Silesian Voivodeship", "geolabelid": 3093708, "label": "L\u0119dziny"}, {"country": "Poland", "subcountry": "\u0141\u00f3d\u017a Voivodeship", "geolabelid": 3093726, "label": "\u0141\u0119czyca"}, {"country": "Poland", "subcountry": "Pomeranian Voivodeship", "geolabelid": 3093739, "label": "L\u0119bork"}, {"country": "Poland", "subcountry": "Silesian Voivodeship", "geolabelid": 3093785, "label": "\u0141aziska G\u00f3rne"}, {"country": "Poland", "subcountry": "\u0141\u00f3d\u017a Voivodeship", "geolabelid": 3093902, "label": "\u0141ask"}, {"country": "Poland", "subcountry": "Pomeranian Voivodeship", "geolabelid": 3094086, "label": "Kwidzyn"}, {"country": "Poland", "subcountry": "\u0141\u00f3d\u017a Voivodeship", "geolabelid": 3094170, "label": "Kutno"}, {"country": "Poland", "subcountry": "Greater Poland Voivodeship", "geolabelid": 3094625, "label": "Krotoszyn"}, {"country": "Poland", "subcountry": "Opole Voivodeship", "geolabelid": 3094788, "label": "Krapkowice"}, {"country": "Poland", "subcountry": "Lesser Poland Voivodeship", "geolabelid": 3094802, "label": "Krak\u00f3w"}, {"country": "Poland", "subcountry": "West Pomeranian Voivodeship", "geolabelid": 3095049, "label": "Koszalin"}, {"country": "Poland", "subcountry": "Lubusz", "geolabelid": 3095057, "label": "Kostrzyn nad Odr\u0105"}, {"country": "Poland", "subcountry": "Pomeranian Voivodeship", "geolabelid": 3095126, "label": "Ko\u015bcierzyna"}, {"country": "Poland", "subcountry": "Greater Poland Voivodeship", "geolabelid": 3095151, "label": "Ko\u015bcian"}, {"country": "Poland", "subcountry": "\u0141\u00f3d\u017a Voivodeship", "geolabelid": 3095277, "label": "Konstantyn\u00f3w \u0141\u00f3dzki"}, {"country": "Poland", "subcountry": "Greater Poland Voivodeship", "geolabelid": 3095321, "label": "Konin"}, {"country": "Poland", "subcountry": "West Pomeranian Voivodeship", "geolabelid": 3095795, "label": "Ko\u0142obrzeg"}, {"country": "Poland", "subcountry": "Greater Poland Voivodeship", "geolabelid": 3095797, "label": "Ko\u0142o"}, {"country": "Poland", "subcountry": "Silesian Voivodeship", "geolabelid": 3095971, "label": "Knur\u00f3w"}, {"country": "Poland", "subcountry": "Opole Voivodeship", "geolabelid": 3096003, "label": "Kluczbork"}, {"country": "Poland", "subcountry": "Lower Silesian Voivodeship", "geolabelid": 3096053, "label": "K\u0142odzko"}, {"country": "Poland", "subcountry": "Lesser Poland Voivodeship", "geolabelid": 3096328, "label": "K\u0119ty"}, {"country": "Poland", "subcountry": "Opole Voivodeship", "geolabelid": 3096372, "label": "K\u0119dzierzyn-Ko\u017ale"}, {"country": "Poland", "subcountry": "Silesian Voivodeship", "geolabelid": 3096472, "label": "Katowice"}, {"country": "Poland", "subcountry": "Pomeranian Voivodeship", "geolabelid": 3096525, "label": "Kartuzy"}, {"country": "Poland", "subcountry": "Lower Silesian Voivodeship", "geolabelid": 3096779, "label": "Kamienna G\u00f3ra"}, {"country": "Poland", "subcountry": "Greater Poland Voivodeship", "geolabelid": 3096880, "label": "Kalisz"}, {"country": "Poland", "subcountry": "Lower Silesian Voivodeship", "geolabelid": 3097257, "label": "Jelenia G\u00f3ra"}, {"country": "Poland", "subcountry": "Lower Silesian Voivodeship", "geolabelid": 3097271, "label": "Jelcz"}, {"country": "Poland", "subcountry": "Silesian Voivodeship", "geolabelid": 3097333, "label": "Jaworzno"}, {"country": "Poland", "subcountry": "Lower Silesian Voivodeship", "geolabelid": 3097367, "label": "Jawor"}, {"country": "Poland", "subcountry": "Silesian Voivodeship", "geolabelid": 3097391, "label": "Jastrz\u0119bie Zdr\u00f3j"}, {"country": "Poland", "subcountry": "Greater Poland Voivodeship", "geolabelid": 3097528, "label": "Jarocin"}, {"country": "Poland", "subcountry": "Kujawsko-Pomorskie", "geolabelid": 3097872, "label": "Inowroc\u0142aw"}, {"country": "Poland", "subcountry": "Warmian-Masurian Voivodeship", "geolabelid": 3097902, "label": "I\u0142awa"}, {"country": "Poland", "subcountry": "Lubusz", "geolabelid": 3098130, "label": "Gubin"}, {"country": "Poland", "subcountry": "West Pomeranian Voivodeship", "geolabelid": 3098200, "label": "Gryfino"}, {"country": "Poland", "subcountry": "West Pomeranian Voivodeship", "geolabelid": 3098201, "label": "Gryfice"}, {"country": "Poland", "subcountry": "Kujawsko-Pomorskie", "geolabelid": 3098218, "label": "Grudzi\u0105dz"}, {"country": "Poland", "subcountry": "Masovian Voivodeship", "geolabelid": 3098619, "label": "Gostynin"}, {"country": "Poland", "subcountry": "Greater Poland Voivodeship", "geolabelid": 3098625, "label": "Gosty\u0144"}, {"country": "Poland", "subcountry": "Lubusz", "geolabelid": 3098722, "label": "Gorz\u00f3w Wielkopolski"}, {"country": "Poland", "subcountry": "West Pomeranian Voivodeship", "geolabelid": 3098966, "label": "Goleni\u00f3w"}, {"country": "Poland", "subcountry": "Greater Poland Voivodeship", "geolabelid": 3099112, "label": "Gniezno"}, {"country": "Poland", "subcountry": "Opole Voivodeship", "geolabelid": 3099169, "label": "G\u0142ucho\u0142azy"}, {"country": "Poland", "subcountry": "\u0141\u00f3d\u017a Voivodeship", "geolabelid": 3099180, "label": "G\u0142owno"}, {"country": "Poland", "subcountry": "Lower Silesian Voivodeship", "geolabelid": 3099213, "label": "G\u0142og\u00f3w"}, {"country": "Poland", "subcountry": "Silesian Voivodeship", "geolabelid": 3099230, "label": "Gliwice"}, {"country": "Poland", "subcountry": "Pomeranian Voivodeship", "geolabelid": 3099424, "label": "Gdynia"}, {"country": "Poland", "subcountry": "Pomeranian Voivodeship", "geolabelid": 3099434, "label": "Gda\u0144sk"}, {"country": "Poland", "subcountry": "Kujawsko-Pomorskie", "geolabelid": 3099654, "label": "Fordon"}, {"country": "Poland", "subcountry": "Warmian-Masurian Voivodeship", "geolabelid": 3099759, "label": "Elbl\u0105g"}, {"country": "Poland", "subcountry": "Lower Silesian Voivodeship", "geolabelid": 3099828, "label": "Dzier\u017coni\u00f3w"}, {"country": "Poland", "subcountry": "Silesian Voivodeship", "geolabelid": 3100796, "label": "D\u0105browa G\u00f3rnicza"}, {"country": "Poland", "subcountry": "Silesian Voivodeship", "geolabelid": 3100946, "label": "Cz\u0119stochowa"}, {"country": "Poland", "subcountry": "Silesian Voivodeship", "geolabelid": 3100974, "label": "Czerwionka-Leszczyny"}, {"country": "Poland", "subcountry": "Silesian Voivodeship", "geolabelid": 3101057, "label": "Czelad\u017a"}, {"country": "Poland", "subcountry": "Silesian Voivodeship", "geolabelid": 3101076, "label": "Czechowice-Dziedzice"}, {"country": "Poland", "subcountry": "Silesian Voivodeship", "geolabelid": 3101321, "label": "Cieszyn"}, {"country": "Poland", "subcountry": "Lesser Poland Voivodeship", "geolabelid": 3101547, "label": "Chrzan\u00f3w"}, {"country": "Poland", "subcountry": "West Pomeranian Voivodeship", "geolabelid": 3101613, "label": "Choszczno"}, {"country": "Poland", "subcountry": "Silesian Voivodeship", "geolabelid": 3101619, "label": "Chorz\u00f3w"}, {"country": "Poland", "subcountry": "Pomeranian Voivodeship", "geolabelid": 3101672, "label": "Chojnice"}, {"country": "Poland", "subcountry": "Greater Poland Voivodeship", "geolabelid": 3101680, "label": "Chodzie\u017c"}, {"country": "Poland", "subcountry": "Kujawsko-Pomorskie", "geolabelid": 3101787, "label": "Che\u0142m\u017ca"}, {"country": "Poland", "subcountry": "Kujawsko-Pomorskie", "geolabelid": 3101795, "label": "Che\u0142mno"}, {"country": "Poland", "subcountry": "Pomeranian Voivodeship", "geolabelid": 3101943, "label": "Byt\u00f3w"}, {"country": "Poland", "subcountry": "Silesian Voivodeship", "geolabelid": 3101950, "label": "Bytom"}, {"country": "Poland", "subcountry": "Kujawsko-Pomorskie", "geolabelid": 3102014, "label": "Bydgoszcz"}, {"country": "Poland", "subcountry": "Opole Voivodeship", "geolabelid": 3102459, "label": "Brzeg"}, {"country": "Poland", "subcountry": "Kujawsko-Pomorskie", "geolabelid": 3102627, "label": "Brodnica"}, {"country": "Poland", "subcountry": "Warmian-Masurian Voivodeship", "geolabelid": 3102677, "label": "Braniewo"}, {"country": "Poland", "subcountry": "Lower Silesian Voivodeship", "geolabelid": 3102987, "label": "Boles\u0142awiec"}, {"country": "Poland", "subcountry": "Lower Silesian Voivodeship", "geolabelid": 3103034, "label": "Bogusz\u00f3w-Gorce"}, {"country": "Poland", "subcountry": "Lower Silesian Voivodeship", "geolabelid": 3103096, "label": "Bogatynia"}, {"country": "Poland", "subcountry": "Silesian Voivodeship", "geolabelid": 3103365, "label": "Bieru\u0144"}, {"country": "Poland", "subcountry": "Silesian Voivodeship", "geolabelid": 3103402, "label": "Bielsko-Biala"}, {"country": "Poland", "subcountry": "Lower Silesian Voivodeship", "geolabelid": 3103476, "label": "Bielawa"}, {"country": "Poland", "subcountry": "West Pomeranian Voivodeship", "geolabelid": 3103556, "label": "Bia\u0142ogard"}, {"country": "Poland", "subcountry": "\u0141\u00f3d\u017a Voivodeship", "geolabelid": 3103709, "label": "Be\u0142chat\u00f3w"}, {"country": "Poland", "subcountry": "Silesian Voivodeship", "geolabelid": 3103719, "label": "B\u0119dzin"}, {"country": "Poland", "subcountry": "Lesser Poland Voivodeship", "geolabelid": 3104115, "label": "Andrych\u00f3w"}, {"country": "Poland", "subcountry": "\u0141\u00f3d\u017a Voivodeship", "geolabelid": 3104132, "label": "Aleksandr\u00f3w \u0141\u00f3dzki"}, {"country": "Poland", "subcountry": "Masovian Voivodeship", "geolabelid": 6545326, "label": "Ursyn\u00f3w"}, {"country": "Poland", "subcountry": "Masovian Voivodeship", "geolabelid": 6545347, "label": "Praga P\u00f3\u0142noc"}, {"country": "Poland", "subcountry": "Masovian Voivodeship", "geolabelid": 6545348, "label": "Praga Po\u0142udnie"}, {"country": "Poland", "subcountry": "Lower Silesian Voivodeship", "geolabelid": 7303641, "label": "Jelcz Laskowice"}]