[{"country": "Latvia", "subcountry": "Valmieras Rajons", "geolabelid": 453754, "label": "Valmiera"}, {"country": "Latvia", "subcountry": "Ventspils", "geolabelid": 454310, "label": "Ventspils"}, {"country": "Latvia", "subcountry": "Liep\u0101ja", "geolabelid": 454432, "label": "Vec-Liep\u0101ja"}, {"country": "Latvia", "subcountry": "Tukuma Rajons", "geolabelid": 454768, "label": "Tukums"}, {"country": "Latvia", "subcountry": "Salaspils", "geolabelid": 455898, "label": "Salaspils"}, {"country": "Latvia", "subcountry": "Riga", "geolabelid": 456172, "label": "Riga"}, {"country": "Latvia", "subcountry": "R\u0113zekne", "geolabelid": 456202, "label": "R\u0113zekne"}, {"country": "Latvia", "subcountry": "Ogre", "geolabelid": 457065, "label": "Ogre"}, {"country": "Latvia", "subcountry": "Liep\u0101ja", "geolabelid": 457954, "label": "Liep\u0101ja"}, {"country": "Latvia", "subcountry": "J\u016brmala", "geolabelid": 459201, "label": "J\u016brmala"}, {"country": "Latvia", "subcountry": "Jelgava", "geolabelid": 459279, "label": "Jelgava"}, {"country": "Latvia", "subcountry": "J\u0113kabpils Municipality", "geolabelid": 459283, "label": "J\u0113kabpils"}, {"country": "Latvia", "subcountry": "Daugavpils municipality", "geolabelid": 460413, "label": "Daugavpils"}, {"country": "Latvia", "subcountry": "C\u0113su Rajons", "geolabelid": 460570, "label": "C\u0113sis"}]