[{"country": "Japan", "subcountry": "Wakayama", "geolabelid": 1847947, "label": "Shing\u016b"}, {"country": "Japan", "subcountry": "Kanagawa", "geolabelid": 1847963, "label": "Atsugi"}, {"country": "Japan", "subcountry": "Hy\u014dgo", "geolabelid": 1847966, "label": "Akashi"}, {"country": "Japan", "subcountry": "Kanagawa", "geolabelid": 1847968, "label": "Zushi"}, {"country": "Japan", "subcountry": "Kanagawa", "geolabelid": 1848004, "label": "Zama"}, {"country": "Japan", "subcountry": "Yamagata", "geolabelid": 1848016, "label": "Yuza"}, {"country": "Japan", "subcountry": "Gifu", "geolabelid": 1848055, "label": "Gero"}, {"country": "Japan", "subcountry": "Fukuoka", "geolabelid": 1848087, "label": "Yukuhashi"}, {"country": "Japan", "subcountry": "Ibaraki", "geolabelid": 1848096, "label": "Y\u016bki"}, {"country": "Japan", "subcountry": "Kanagawa", "geolabelid": 1848113, "label": "Yugawara"}, {"country": "Japan", "subcountry": "Saitama", "geolabelid": 1848188, "label": "Yoshikawa"}, {"country": "Japan", "subcountry": "Gunma", "geolabelid": 1848194, "label": "Yoshii"}, {"country": "Japan", "subcountry": "Niigata", "geolabelid": 1848210, "label": "Yoshida-kasugach\u014d"}, {"country": "Japan", "subcountry": "Saitama", "geolabelid": 1848243, "label": "Yorii"}, {"country": "Japan", "subcountry": "Saitama", "geolabelid": 1848254, "label": "Yono"}, {"country": "Japan", "subcountry": "Tottori", "geolabelid": 1848277, "label": "Yonago"}, {"country": "Japan", "subcountry": "Kanagawa", "geolabelid": 1848313, "label": "Yokosuka"}, {"country": "Japan", "subcountry": "Kanagawa", "geolabelid": 1848354, "label": "Yokohama"}, {"country": "Japan", "subcountry": "Mie", "geolabelid": 1848373, "label": "Yokkaichi"}, {"country": "Japan", "subcountry": "Shiga Prefecture", "geolabelid": 1848382, "label": "Youkaichi"}, {"country": "Japan", "subcountry": "Kyoto", "geolabelid": 1848439, "label": "Yawata"}, {"country": "Japan", "subcountry": "Kumamoto", "geolabelid": 1848445, "label": "Yatsushiro"}, {"country": "Japan", "subcountry": "Toyama", "geolabelid": 1848447, "label": "Yatsuomachi-higashikumisaka"}, {"country": "Japan", "subcountry": "Shimane", "geolabelid": 1848482, "label": "Yasugich\u014d"}, {"country": "Japan", "subcountry": "Hy\u014dgo", "geolabelid": 1848498, "label": "Yashiro"}, {"country": "Japan", "subcountry": "Saitama", "geolabelid": 1848499, "label": "Yashio-shi"}, {"country": "Japan", "subcountry": "\u014csaka", "geolabelid": 1848522, "label": "Yao"}, {"country": "Japan", "subcountry": "Yamaguchi", "geolabelid": 1848550, "label": "Yanai"}, {"country": "Japan", "subcountry": "Fukuoka", "geolabelid": 1848573, "label": "Yanagawa"}, {"country": "Japan", "subcountry": "Hy\u014dgo", "geolabelid": 1848633, "label": "Yamazakich\u014d-nakabirose"}, {"country": "Japan", "subcountry": "Yamaguchi", "geolabelid": 1848689, "label": "Yamaguchi"}, {"country": "Japan", "subcountry": "Kumamoto", "geolabelid": 1848705, "label": "Yamaga"}, {"country": "Japan", "subcountry": "Shizuoka", "geolabelid": 1848774, "label": "Yaizu"}, {"country": "Japan", "subcountry": "Tochigi", "geolabelid": 1848776, "label": "Yaita"}, {"country": "Japan", "subcountry": "Tokushima", "geolabelid": 1848933, "label": "Wakimachi"}, {"country": "Japan", "subcountry": "Tochigi", "geolabelid": 1849053, "label": "Utsunomiya"}, {"country": "Japan", "subcountry": "Kumamoto", "geolabelid": 1849069, "label": "Uto"}, {"country": "Japan", "subcountry": "Oita", "geolabelid": 1849094, "label": "Usuki"}, {"country": "Japan", "subcountry": "Kumamoto", "geolabelid": 1849154, "label": "Ushibuka"}, {"country": "Japan", "subcountry": "Saga Prefecture", "geolabelid": 1849183, "label": "Ureshinomachi-shimojuku"}, {"country": "Japan", "subcountry": "Tokyo", "geolabelid": 1849186, "label": "Urayasu"}, {"country": "Japan", "subcountry": "Toyama", "geolabelid": 1849237, "label": "Uozu"}, {"country": "Japan", "subcountry": "Fukuoka", "geolabelid": 1849299, "label": "Umi"}, {"country": "Japan", "subcountry": "Tochigi", "geolabelid": 1849367, "label": "Ujiie"}, {"country": "Japan", "subcountry": "Kyoto", "geolabelid": 1849372, "label": "Uji"}, {"country": "Japan", "subcountry": "Yamanashi", "geolabelid": 1849407, "label": "Uenohara"}, {"country": "Japan", "subcountry": "Mie", "geolabelid": 1849414, "label": "Ueno-ebisumachi"}, {"country": "Japan", "subcountry": "Kumamoto", "geolabelid": 1849424, "label": "Ueki"}, {"country": "Japan", "subcountry": "Nagano", "geolabelid": 1849429, "label": "Ueda"}, {"country": "Japan", "subcountry": "Yamaguchi", "geolabelid": 1849498, "label": "Ube"}, {"country": "Japan", "subcountry": "Okayama", "geolabelid": 1849519, "label": "Tsuyama"}, {"country": "Japan", "subcountry": "Aichi", "geolabelid": 1849539, "label": "Tsushima"}, {"country": "Japan", "subcountry": "Oita", "geolabelid": 1849561, "label": "Tsurusaki"}, {"country": "Japan", "subcountry": "Yamagata", "geolabelid": 1849563, "label": "Tsuruoka"}, {"country": "Japan", "subcountry": "Ishikawa", "geolabelid": 1849584, "label": "Tsurugi-asahimachi"}, {"country": "Japan", "subcountry": "Fukui", "geolabelid": 1849592, "label": "Tsuruga"}, {"country": "Japan", "subcountry": "Miyazaki", "geolabelid": 1849647, "label": "Tsuma"}, {"country": "Japan", "subcountry": "Oita", "geolabelid": 1849661, "label": "Tsukumiura"}, {"country": "Japan", "subcountry": "Oita", "geolabelid": 1849706, "label": "Tsukawaki"}, {"country": "Japan", "subcountry": "Ishikawa", "geolabelid": 1849782, "label": "Tsubata"}, {"country": "Japan", "subcountry": "Niigata", "geolabelid": 1849788, "label": "Tsubame"}, {"country": "Japan", "subcountry": "Mie", "geolabelid": 1849796, "label": "Tsu"}, {"country": "Japan", "subcountry": "Aichi", "geolabelid": 1849814, "label": "Toyota"}, {"country": "Japan", "subcountry": "Nagano", "geolabelid": 1849817, "label": "Toyoshina"}, {"country": "Japan", "subcountry": "Hy\u014dgo", "geolabelid": 1849831, "label": "Toyooka"}, {"country": "Japan", "subcountry": "\u014csaka", "geolabelid": 1849837, "label": "Toyonaka"}, {"country": "Japan", "subcountry": "Aichi", "geolabelid": 1849845, "label": "Toyokawa"}, {"country": "Japan", "subcountry": "Aichi", "geolabelid": 1849846, "label": "Toyohashi"}, {"country": "Japan", "subcountry": "Aichi", "geolabelid": 1849850, "label": "Toyohama"}, {"country": "Japan", "subcountry": "Toyama", "geolabelid": 1849876, "label": "Toyama"}, {"country": "Japan", "subcountry": "Tottori", "geolabelid": 1849892, "label": "Tottori"}, {"country": "Japan", "subcountry": "Saga Prefecture", "geolabelid": 1849904, "label": "Tosu"}, {"country": "Japan", "subcountry": "Kagawa", "geolabelid": 1850004, "label": "Tonosh\u014d"}, {"country": "Japan", "subcountry": "\u014csaka", "geolabelid": 1850034, "label": "Tondabayashich\u014d"}, {"country": "Japan", "subcountry": "Gunma", "geolabelid": 1850091, "label": "Tomioka"}, {"country": "Japan", "subcountry": "Okinawa", "geolabelid": 1850108, "label": "Tomigusuku"}, {"country": "Japan", "subcountry": "Tokyo", "geolabelid": 1850147, "label": "Tokyo"}, {"country": "Japan", "subcountry": "Yamaguchi", "geolabelid": 1850152, "label": "Tokuyama"}, {"country": "Japan", "subcountry": "Tokushima", "geolabelid": 1850158, "label": "Tokushima"}, {"country": "Japan", "subcountry": "Saitama", "geolabelid": 1850181, "label": "Tokorozawa"}, {"country": "Japan", "subcountry": "Aichi", "geolabelid": 1850185, "label": "Tokolabel"}, {"country": "Japan", "subcountry": "Gifu", "geolabelid": 1850207, "label": "Toki"}, {"country": "Japan", "subcountry": "Niigata", "geolabelid": 1850217, "label": "T\u014dkamachi"}, {"country": "Japan", "subcountry": "Nagasaki", "geolabelid": 1850269, "label": "Togitsu"}, {"country": "Japan", "subcountry": "Niigata", "geolabelid": 1850307, "label": "Tochio-honch\u014d"}, {"country": "Japan", "subcountry": "Tochigi", "geolabelid": 1850311, "label": "Tochigi"}, {"country": "Japan", "subcountry": "Mie", "geolabelid": 1850345, "label": "Toba"}, {"country": "Japan", "subcountry": "Nara", "geolabelid": 1850396, "label": "Tenri"}, {"country": "Japan", "subcountry": "Akita", "geolabelid": 1850405, "label": "Tenn\u014d"}, {"country": "Japan", "subcountry": "Nara", "geolabelid": 1850472, "label": "Tawaramoto"}, {"country": "Japan", "subcountry": "Nagano", "geolabelid": 1850498, "label": "Tatsuno"}, {"country": "Japan", "subcountry": "Hy\u014dgo", "geolabelid": 1850499, "label": "Tatsunoch\u014d-tominaga"}, {"country": "Japan", "subcountry": "Chiba", "geolabelid": 1850523, "label": "Tateyama"}, {"country": "Japan", "subcountry": "Gunma", "geolabelid": 1850559, "label": "Tatebayashi"}, {"country": "Japan", "subcountry": "Kagoshima", "geolabelid": 1850589, "label": "Tarumizu"}, {"country": "Japan", "subcountry": "Gifu", "geolabelid": 1850600, "label": "Tarui"}, {"country": "Japan", "subcountry": "Fukuoka", "geolabelid": 1850627, "label": "Tanushimarumachi-toyoki"}, {"country": "Japan", "subcountry": "Tochigi", "geolabelid": 1850630, "label": "Tanuma"}, {"country": "Japan", "subcountry": "Tokyo", "geolabelid": 1850692, "label": "Nishi-Tokyo-shi"}, {"country": "Japan", "subcountry": "Tokyo", "geolabelid": 1850693, "label": "Tanashich\u014d"}, {"country": "Japan", "subcountry": "Kyoto", "geolabelid": 1850707, "label": "Tanabe"}, {"country": "Japan", "subcountry": "Wakayama", "geolabelid": 1850708, "label": "Tanabe"}, {"country": "Japan", "subcountry": "Okayama", "geolabelid": 1850742, "label": "Tamano"}, {"country": "Japan", "subcountry": "Kumamoto", "geolabelid": 1850745, "label": "Tamana"}, {"country": "Japan", "subcountry": "Gunma", "geolabelid": 1850746, "label": "Tamamura"}, {"country": "Japan", "subcountry": "Aichi", "geolabelid": 1850818, "label": "Taketoyo"}, {"country": "Japan", "subcountry": "Saga Prefecture", "geolabelid": 1850834, "label": "Takeoch\u014d-takeo"}, {"country": "Japan", "subcountry": "Hiroshima", "geolabelid": 1850860, "label": "Takehara"}, {"country": "Japan", "subcountry": "Fukui", "geolabelid": 1850872, "label": "Takefu"}, {"country": "Japan", "subcountry": "Oita", "geolabelid": 1850878, "label": "Takedamachi"}, {"country": "Japan", "subcountry": "Gifu", "geolabelid": 1850892, "label": "Takayama"}, {"country": "Japan", "subcountry": "\u014csaka", "geolabelid": 1850910, "label": "Takatsuki"}, {"country": "Japan", "subcountry": "Gunma", "geolabelid": 1851002, "label": "Takasaki"}, {"country": "Japan", "subcountry": "Hy\u014dgo", "geolabelid": 1851012, "label": "Takarazuka"}, {"country": "Japan", "subcountry": "Toyama", "geolabelid": 1851032, "label": "Takaoka"}, {"country": "Japan", "subcountry": "Miyazaki", "geolabelid": 1851068, "label": "Takanabe"}, {"country": "Japan", "subcountry": "Kagawa", "geolabelid": 1851100, "label": "Takamatsu"}, {"country": "Japan", "subcountry": "\u014csaka", "geolabelid": 1851125, "label": "Takaishi"}, {"country": "Japan", "subcountry": "Okayama", "geolabelid": 1851137, "label": "Takahashi"}, {"country": "Japan", "subcountry": "Aichi", "geolabelid": 1851155, "label": "Takahama"}, {"country": "Japan", "subcountry": "Oita", "geolabelid": 1851170, "label": "Bungo-Takada-shi"}, {"country": "Japan", "subcountry": "Gifu", "geolabelid": 1851193, "label": "Tajimi"}, {"country": "Japan", "subcountry": "Aichi", "geolabelid": 1851259, "label": "Tahara"}, {"country": "Japan", "subcountry": "Fukuoka", "geolabelid": 1851273, "label": "Tagawa"}, {"country": "Japan", "subcountry": "Kagawa", "geolabelid": 1851282, "label": "Tadotsu"}, {"country": "Japan", "subcountry": "Mie", "geolabelid": 1851348, "label": "Suzuka"}, {"country": "Japan", "subcountry": "Nagano", "geolabelid": 1851357, "label": "Suzaka"}, {"country": "Japan", "subcountry": "Nagano", "geolabelid": 1851368, "label": "Suwa"}, {"country": "Japan", "subcountry": "Kochi", "geolabelid": 1851390, "label": "Susaki"}, {"country": "Japan", "subcountry": "Hy\u014dgo", "geolabelid": 1851426, "label": "Sumoto"}, {"country": "Japan", "subcountry": "Kochi", "geolabelid": 1851462, "label": "Sukumo"}, {"country": "Japan", "subcountry": "\u014csaka", "geolabelid": 1851483, "label": "Suita"}, {"country": "Japan", "subcountry": "Niigata", "geolabelid": 1851494, "label": "Suibara"}, {"country": "Japan", "subcountry": "Saitama", "geolabelid": 1851504, "label": "Sugito"}, {"country": "Japan", "subcountry": "Kagoshima", "geolabelid": 1851542, "label": "Sueyoshich\u014d-ninokata"}, {"country": "Japan", "subcountry": "Saitama", "geolabelid": 1851604, "label": "S\u014dka"}, {"country": "Japan", "subcountry": "Okayama", "geolabelid": 1851606, "label": "S\u014dja"}, {"country": "Japan", "subcountry": "Aichi", "geolabelid": 1851622, "label": "Sobue"}, {"country": "Japan", "subcountry": "Saitama", "geolabelid": 1851711, "label": "Sh\u014dbu"}, {"country": "Japan", "subcountry": "Hiroshima", "geolabelid": 1851713, "label": "Sh\u014dbara"}, {"country": "Japan", "subcountry": "Shizuoka", "geolabelid": 1851717, "label": "Shizuoka"}, {"country": "Japan", "subcountry": "Niigata", "geolabelid": 1851813, "label": "Shirone"}, {"country": "Japan", "subcountry": "Saitama", "geolabelid": 1851883, "label": "Shiraoka"}, {"country": "Japan", "subcountry": "Hy\u014dgo", "geolabelid": 1851935, "label": "Shirahamach\u014d-usazakiminami"}, {"country": "Japan", "subcountry": "Niigata", "geolabelid": 1851952, "label": "Shiozawa"}, {"country": "Japan", "subcountry": "Nagano", "geolabelid": 1852003, "label": "Shiojiri"}, {"country": "Japan", "subcountry": "Aichi", "geolabelid": 1852046, "label": "Shinshiro"}, {"country": "Japan", "subcountry": "Hiroshima", "geolabelid": 1852102, "label": "Shin\u2019ichi"}, {"country": "Japan", "subcountry": "Fukuoka", "geolabelid": 1852109, "label": "Shing\u016b"}, {"country": "Japan", "subcountry": "Yamaguchi", "geolabelid": 1852225, "label": "Shimonoseki"}, {"country": "Japan", "subcountry": "Ibaraki", "geolabelid": 1852347, "label": "Shimodate"}, {"country": "Japan", "subcountry": "Shizuoka", "geolabelid": 1852357, "label": "Shimoda"}, {"country": "Japan", "subcountry": "Wakayama", "geolabelid": 1852383, "label": "Minato"}, {"country": "Japan", "subcountry": "Toyama", "geolabelid": 1852385, "label": "Nishishinminato"}, {"country": "Japan", "subcountry": "Shizuoka", "geolabelid": 1852472, "label": "Shimada"}, {"country": "Japan", "subcountry": "Nagasaki", "geolabelid": 1852479, "label": "Shimabara"}, {"country": "Japan", "subcountry": "Saitama", "geolabelid": 1852502, "label": "Shiki"}, {"country": "Japan", "subcountry": "Kagawa", "geolabelid": 1852561, "label": "Shido"}, {"country": "Japan", "subcountry": "Kagoshima", "geolabelid": 1852588, "label": "Shibushi"}, {"country": "Japan", "subcountry": "Gunma", "geolabelid": 1852595, "label": "Shibukawa"}, {"country": "Japan", "subcountry": "Niigata", "geolabelid": 1852607, "label": "Shibata"}, {"country": "Japan", "subcountry": "Aichi", "geolabelid": 1852663, "label": "Seto"}, {"country": "Japan", "subcountry": "Fukuoka", "geolabelid": 1852673, "label": "Setakamachi-takayanagi"}, {"country": "Japan", "subcountry": "Kagoshima", "geolabelid": 1852736, "label": "Satsumasendai"}, {"country": "Japan", "subcountry": "Saitama", "geolabelid": 1852849, "label": "Satte"}, {"country": "Japan", "subcountry": "Nagasaki", "geolabelid": 1852899, "label": "Sasebo"}, {"country": "Japan", "subcountry": "Hy\u014dgo", "geolabelid": 1852901, "label": "Sasayama"}, {"country": "Japan", "subcountry": "Fukuoka", "geolabelid": 1852915, "label": "Sasaguri"}, {"country": "Japan", "subcountry": "Tochigi", "geolabelid": 1852964, "label": "Sano"}, {"country": "Japan", "subcountry": "Niigata", "geolabelid": 1852984, "label": "Sanj\u014d"}, {"country": "Japan", "subcountry": "Hy\u014dgo", "geolabelid": 1853008, "label": "Sandach\u014d"}, {"country": "Japan", "subcountry": "Nara", "geolabelid": 1853066, "label": "Sakurai"}, {"country": "Japan", "subcountry": "Nagano", "geolabelid": 1853081, "label": "Saku"}, {"country": "Japan", "subcountry": "Yamagata", "geolabelid": 1853140, "label": "Sakata"}, {"country": "Japan", "subcountry": "Shimane", "geolabelid": 1853174, "label": "Sakaiminato"}, {"country": "Japan", "subcountry": "Kagawa", "geolabelid": 1853190, "label": "Sakaidech\u014d"}, {"country": "Japan", "subcountry": "Gunma", "geolabelid": 1853192, "label": "Sakai-nakajima"}, {"country": "Japan", "subcountry": "Ibaraki", "geolabelid": 1853193, "label": "Sakai"}, {"country": "Japan", "subcountry": "\u014csaka", "geolabelid": 1853195, "label": "Sakai"}, {"country": "Japan", "subcountry": "Saitama", "geolabelid": 1853209, "label": "Sakado"}, {"country": "Japan", "subcountry": "Oita", "geolabelid": 1853237, "label": "Saiki"}, {"country": "Japan", "subcountry": "Shizuoka", "geolabelid": 1853280, "label": "Sagara"}, {"country": "Japan", "subcountry": "Saga Prefecture", "geolabelid": 1853303, "label": "Saga"}, {"country": "Japan", "subcountry": "Fukui", "geolabelid": 1853338, "label": "Sabae"}, {"country": "Japan", "subcountry": "Yamanashi", "geolabelid": 1853354, "label": "Ry\u016b\u014d"}, {"country": "Japan", "subcountry": "Niigata", "geolabelid": 1853371, "label": "Ry\u014dtsu-minato"}, {"country": "Japan", "subcountry": "Kumamoto", "geolabelid": 1853433, "label": "\u014czu"}, {"country": "Japan", "subcountry": "Tochigi", "geolabelid": 1853483, "label": "Oyama"}, {"country": "Japan", "subcountry": "Shizuoka", "geolabelid": 1853486, "label": "\u014cyama"}, {"country": "Japan", "subcountry": "Mie", "geolabelid": 1853514, "label": "Owase"}, {"country": "Japan", "subcountry": "Yamanashi", "geolabelid": 1853564, "label": "\u014ctsuki"}, {"country": "Japan", "subcountry": "Shiga Prefecture", "geolabelid": 1853574, "label": "\u014ctsu"}, {"country": "Japan", "subcountry": "Yamaguchi", "geolabelid": 1853662, "label": "\u014ctake"}, {"country": "Japan", "subcountry": "Gunma", "geolabelid": 1853677, "label": "\u014cta"}, {"country": "Japan", "subcountry": "\u014csaka", "geolabelid": 1853909, "label": "Osaka"}, {"country": "Japan", "subcountry": "Hiroshima", "geolabelid": 1853992, "label": "Onomichi"}, {"country": "Japan", "subcountry": "Yamaguchi", "geolabelid": 1854018, "label": "Onoda"}, {"country": "Japan", "subcountry": "Fukui", "geolabelid": 1854022, "label": "Ono"}, {"country": "Japan", "subcountry": "Hy\u014dgo", "geolabelid": 1854026, "label": "Ono"}, {"country": "Japan", "subcountry": "Hiroshima", "geolabelid": 1854028, "label": "\u014cno-hara"}, {"country": "Japan", "subcountry": "Fukuoka", "geolabelid": 1854083, "label": "\u014cmuta"}, {"country": "Japan", "subcountry": "Nagasaki", "geolabelid": 1854093, "label": "\u014cmura"}, {"country": "Japan", "subcountry": "Tokyo", "geolabelid": 1854162, "label": "\u014cme"}, {"country": "Japan", "subcountry": "Gunma", "geolabelid": 1854177, "label": "\u014cmamach\u014d-\u014dmama"}, {"country": "Japan", "subcountry": "Nagano", "geolabelid": 1854186, "label": "\u014cmachi"}, {"country": "Japan", "subcountry": "Kagoshima", "geolabelid": 1854246, "label": "\u014ckuchi-shinohara"}, {"country": "Japan", "subcountry": "Saitama", "geolabelid": 1854371, "label": "Okegawa"}, {"country": "Japan", "subcountry": "Aichi", "geolabelid": 1854376, "label": "Okazaki"}, {"country": "Japan", "subcountry": "Okayama", "geolabelid": 1854383, "label": "Okayama"}, {"country": "Japan", "subcountry": "Nagano", "geolabelid": 1854384, "label": "Okaya"}, {"country": "Japan", "subcountry": "Saga Prefecture", "geolabelid": 1854405, "label": "\u014ckawa"}, {"country": "Japan", "subcountry": "Niigata", "geolabelid": 1854444, "label": "Ojiya"}, {"country": "Japan", "subcountry": "Oita", "geolabelid": 1854487, "label": "\u014cita"}, {"country": "Japan", "subcountry": "Kanagawa", "geolabelid": 1854492, "label": "\u014ciso"}, {"country": "Japan", "subcountry": "Saitama", "geolabelid": 1854530, "label": "\u014ci"}, {"country": "Japan", "subcountry": "Yamaguchi", "geolabelid": 1854629, "label": "Og\u014dri-shimog\u014d"}, {"country": "Japan", "subcountry": "Saitama", "geolabelid": 1854665, "label": "Ogawa"}, {"country": "Japan", "subcountry": "Gifu", "geolabelid": 1854703, "label": "\u014cgaki"}, {"country": "Japan", "subcountry": "Kanagawa", "geolabelid": 1854747, "label": "Odawara"}, {"country": "Japan", "subcountry": "Shimane", "geolabelid": 1854774, "label": "\u014cdach\u014d-\u014dda"}, {"country": "Japan", "subcountry": "Aichi", "geolabelid": 1854803, "label": "\u014cbu"}, {"country": "Japan", "subcountry": "Nagasaki", "geolabelid": 1854807, "label": "Obita"}, {"country": "Japan", "subcountry": "Fukui", "geolabelid": 1854849, "label": "Obama"}, {"country": "Japan", "subcountry": "Toyama", "geolabelid": 1854868, "label": "Ny\u016bzen"}, {"country": "Japan", "subcountry": "Shizuoka", "geolabelid": 1854902, "label": "Numazu"}, {"country": "Japan", "subcountry": "Gunma", "geolabelid": 1854905, "label": "Numata"}, {"country": "Japan", "subcountry": "Ishikawa", "geolabelid": 1854979, "label": "Nonoichi"}, {"country": "Japan", "subcountry": "Fukuoka", "geolabelid": 1855066, "label": "N\u014dgata"}, {"country": "Japan", "subcountry": "Chiba", "geolabelid": 1855078, "label": "Noda"}, {"country": "Japan", "subcountry": "Miyazaki", "geolabelid": 1855095, "label": "Nobeoka"}, {"country": "Japan", "subcountry": "Hy\u014dgo", "geolabelid": 1855134, "label": "Nishiwaki"}, {"country": "Japan", "subcountry": "Aichi", "geolabelid": 1855189, "label": "Nishio"}, {"country": "Japan", "subcountry": "Kagoshima", "geolabelid": 1855203, "label": "Nishinoomote"}, {"country": "Japan", "subcountry": "Hy\u014dgo", "geolabelid": 1855207, "label": "Nishinomiya-hama"}, {"country": "Japan", "subcountry": "Yamanashi", "geolabelid": 1855363, "label": "Nirasaki"}, {"country": "Japan", "subcountry": "Kanagawa", "geolabelid": 1855380, "label": "Ninomiya"}, {"country": "Japan", "subcountry": "Tochigi", "geolabelid": 1855395, "label": "Nikk\u014d"}, {"country": "Japan", "subcountry": "Niigata", "geolabelid": 1855410, "label": "Niitsu-honch\u014d"}, {"country": "Japan", "subcountry": "Okayama", "geolabelid": 1855416, "label": "Niimi"}, {"country": "Japan", "subcountry": "Ehime", "geolabelid": 1855425, "label": "Niihama"}, {"country": "Japan", "subcountry": "Niigata", "geolabelid": 1855431, "label": "Niigata"}, {"country": "Japan", "subcountry": "Miyazaki", "geolabelid": 1855476, "label": "Nichinan"}, {"country": "Japan", "subcountry": "Kagoshima", "geolabelid": 1855540, "label": "Naze"}, {"country": "Japan", "subcountry": "Tokushima", "geolabelid": 1855580, "label": "Narutoch\u014d-mitsuishi"}, {"country": "Japan", "subcountry": "Nara", "geolabelid": 1855612, "label": "Nara-shi"}, {"country": "Japan", "subcountry": "Ishikawa", "geolabelid": 1855670, "label": "Nanao"}, {"country": "Japan", "subcountry": "Toyama", "geolabelid": 1855694, "label": "labelrikawa"}, {"country": "Japan", "subcountry": "Gifu", "geolabelid": 1855753, "label": "Nakatsugawa"}, {"country": "Japan", "subcountry": "Fukuoka", "geolabelid": 1855757, "label": "Nakatsu"}, {"country": "Japan", "subcountry": "Gunma", "geolabelid": 1855852, "label": "Nakanoj\u014dmachi"}, {"country": "Japan", "subcountry": "Nagano", "geolabelid": 1855863, "label": "Nakano"}, {"country": "Japan", "subcountry": "Kochi", "geolabelid": 1855891, "label": "Nakamura"}, {"country": "Japan", "subcountry": "Fukuoka", "geolabelid": 1855907, "label": "Nakama"}, {"country": "Japan", "subcountry": "Okinawa", "geolabelid": 1856035, "label": "Naha"}, {"country": "Japan", "subcountry": "Aichi", "geolabelid": 1856057, "label": "Nagoya"}, {"country": "Japan", "subcountry": "Okinawa", "geolabelid": 1856068, "label": "Nago"}, {"country": "Japan", "subcountry": "Nagasaki", "geolabelid": 1856177, "label": "Nagasaki"}, {"country": "Japan", "subcountry": "Chiba", "geolabelid": 1856184, "label": "Nagareyama"}, {"country": "Japan", "subcountry": "Niigata", "geolabelid": 1856199, "label": "Nagaoka"}, {"country": "Japan", "subcountry": "Nagano", "geolabelid": 1856215, "label": "Nagano"}, {"country": "Japan", "subcountry": "Shiga Prefecture", "geolabelid": 1856243, "label": "Nagahama"}, {"country": "Japan", "subcountry": "Mie", "geolabelid": 1856293, "label": "Nabari"}, {"country": "Japan", "subcountry": "Tokyo", "geolabelid": 1856367, "label": "Musashino"}, {"country": "Japan", "subcountry": "Kochi", "geolabelid": 1856392, "label": "Muroto-misakicho"}, {"country": "Japan", "subcountry": "Niigata", "geolabelid": 1856426, "label": "Muramatsu"}, {"country": "Japan", "subcountry": "Niigata", "geolabelid": 1856434, "label": "Murakami"}, {"country": "Japan", "subcountry": "Kyoto", "geolabelid": 1856456, "label": "Muk\u014d"}, {"country": "Japan", "subcountry": "Niigata", "geolabelid": 1856476, "label": "Muikamachi"}, {"country": "Japan", "subcountry": "Saitama", "geolabelid": 1856560, "label": "Morohong\u014d"}, {"country": "Japan", "subcountry": "Shiga Prefecture", "geolabelid": 1856569, "label": "Moriyama"}, {"country": "Japan", "subcountry": "\u014csaka", "geolabelid": 1856584, "label": "Moriguchi"}, {"country": "Japan", "subcountry": "Shizuoka", "geolabelid": 1856586, "label": "Mori"}, {"country": "Japan", "subcountry": "Gifu", "geolabelid": 1856667, "label": "Mizunami"}, {"country": "Japan", "subcountry": "Hiroshima", "geolabelid": 1856698, "label": "Miyoshi"}, {"country": "Japan", "subcountry": "Kyoto", "geolabelid": 1856703, "label": "Miyazu"}, {"country": "Japan", "subcountry": "Miyazaki", "geolabelid": 1856717, "label": "Miyazaki"}, {"country": "Japan", "subcountry": "Miyazaki", "geolabelid": 1856775, "label": "Miyakonoj\u014d"}, {"country": "Japan", "subcountry": "Fukuoka", "geolabelid": 1856828, "label": "Miyata"}, {"country": "Japan", "subcountry": "Niigata", "geolabelid": 1856878, "label": "Mitsuke"}, {"country": "Japan", "subcountry": "Ibaraki", "geolabelid": 1856881, "label": "Mitsukaid\u014d"}, {"country": "Japan", "subcountry": "Gifu", "geolabelid": 1856938, "label": "Mitake"}, {"country": "Japan", "subcountry": "Tokyo", "geolabelid": 1856942, "label": "Mitaka-shi"}, {"country": "Japan", "subcountry": "Shizuoka", "geolabelid": 1856977, "label": "Mishima"}, {"country": "Japan", "subcountry": "\u014csaka", "geolabelid": 1857046, "label": "Mino"}, {"country": "Japan", "subcountry": "Gifu", "geolabelid": 1857062, "label": "Mino"}, {"country": "Japan", "subcountry": "Kanagawa", "geolabelid": 1857144, "label": "Minamirinkan"}, {"country": "Japan", "subcountry": "Kumamoto", "geolabelid": 1857208, "label": "Minamata"}, {"country": "Japan", "subcountry": "Shiga Prefecture", "geolabelid": 1857209, "label": "Minakuchich\u014d-matoba"}, {"country": "Japan", "subcountry": "Fukui", "geolabelid": 1857260, "label": "Mikuni"}, {"country": "Japan", "subcountry": "Hy\u014dgo", "geolabelid": 1857276, "label": "Miki"}, {"country": "Japan", "subcountry": "Hiroshima", "geolabelid": 1857334, "label": "Mihara"}, {"country": "Japan", "subcountry": "Tochigi", "geolabelid": 1857379, "label": "Mibu"}, {"country": "Japan", "subcountry": "Saitama", "geolabelid": 1857403, "label": "Menuma"}, {"country": "Japan", "subcountry": "Ishikawa", "geolabelid": 1857470, "label": "Matsut\u014d"}, {"country": "Japan", "subcountry": "Nagano", "geolabelid": 1857519, "label": "Matsumoto"}, {"country": "Japan", "subcountry": "Shimane", "geolabelid": 1857550, "label": "Matsue"}, {"country": "Japan", "subcountry": "Chiba", "geolabelid": 1857553, "label": "Matsudo"}, {"country": "Japan", "subcountry": "Kumamoto", "geolabelid": 1857560, "label": "Matsubase"}, {"country": "Japan", "subcountry": "\u014csaka", "geolabelid": 1857568, "label": "Matsubara"}, {"country": "Japan", "subcountry": "Shimane", "geolabelid": 1857594, "label": "Masuda"}, {"country": "Japan", "subcountry": "Fukui", "geolabelid": 1857651, "label": "Maruoka"}, {"country": "Japan", "subcountry": "Nagano", "geolabelid": 1857659, "label": "Kamimaruko"}, {"country": "Japan", "subcountry": "Kagawa", "geolabelid": 1857665, "label": "Marugame"}, {"country": "Japan", "subcountry": "Kagoshima", "geolabelid": 1857712, "label": "Makurazaki"}, {"country": "Japan", "subcountry": "Niigata", "geolabelid": 1857751, "label": "Maki"}, {"country": "Japan", "subcountry": "Kyoto", "geolabelid": 1857766, "label": "Maizuru"}, {"country": "Japan", "subcountry": "Gunma", "geolabelid": 1857843, "label": "Maebashi"}, {"country": "Japan", "subcountry": "Fukuoka", "geolabelid": 1857844, "label": "Maebaru-ch\u016b\u014d"}, {"country": "Japan", "subcountry": "Tokyo", "geolabelid": 1857871, "label": "Machida"}, {"country": "Japan", "subcountry": "Kyoto", "geolabelid": 1857910, "label": "Kyoto"}, {"country": "Japan", "subcountry": "Kagoshima", "geolabelid": 1858041, "label": "Kushikino"}, {"country": "Japan", "subcountry": "Shiga Prefecture", "geolabelid": 1858067, "label": "Kusatsu"}, {"country": "Japan", "subcountry": "Fukuoka", "geolabelid": 1858088, "label": "Kurume"}, {"country": "Japan", "subcountry": "Aichi", "geolabelid": 1858249, "label": "Kuroda"}, {"country": "Japan", "subcountry": "Saitama", "geolabelid": 1858283, "label": "Kurihashi"}, {"country": "Japan", "subcountry": "Hiroshima", "geolabelid": 1858296, "label": "Kure"}, {"country": "Japan", "subcountry": "Tottori", "geolabelid": 1858301, "label": "Kurayoshi"}, {"country": "Japan", "subcountry": "Okayama", "geolabelid": 1858311, "label": "Kurashiki"}, {"country": "Japan", "subcountry": "Kumamoto", "geolabelid": 1858421, "label": "Kumamoto"}, {"country": "Japan", "subcountry": "Saitama", "geolabelid": 1858428, "label": "Kumagaya"}, {"country": "Japan", "subcountry": "Saitama", "geolabelid": 1858445, "label": "Kukich\u016b\u014d"}, {"country": "Japan", "subcountry": "Yamaguchi", "geolabelid": 1858498, "label": "Kudamatsu"}, {"country": "Japan", "subcountry": "Aichi", "geolabelid": 1858591, "label": "Kozakai-ch\u014d"}, {"country": "Japan", "subcountry": "Saitama", "geolabelid": 1858729, "label": "Koshigaya"}, {"country": "Japan", "subcountry": "Shizuoka", "geolabelid": 1858756, "label": "Kosai-shi"}, {"country": "Japan", "subcountry": "Saitama", "geolabelid": 1858794, "label": "K\u014dnosu"}, {"country": "Japan", "subcountry": "Aichi", "geolabelid": 1858836, "label": "K\u014dnan"}, {"country": "Japan", "subcountry": "Nagano", "geolabelid": 1858858, "label": "Komoro"}, {"country": "Japan", "subcountry": "Mie", "geolabelid": 1858866, "label": "Komono"}, {"country": "Japan", "subcountry": "Tokushima", "geolabelid": 1858902, "label": "Komatsushimach\u014d"}, {"country": "Japan", "subcountry": "Ishikawa", "geolabelid": 1858910, "label": "Komatsu"}, {"country": "Japan", "subcountry": "Aichi", "geolabelid": 1858926, "label": "Komaki"}, {"country": "Japan", "subcountry": "Tokyo", "geolabelid": 1858964, "label": "Kokubunji"}, {"country": "Japan", "subcountry": "Kagoshima", "geolabelid": 1858972, "label": "Kokubu-matsuki"}, {"country": "Japan", "subcountry": "Ibaraki", "geolabelid": 1859093, "label": "Koga"}, {"country": "Japan", "subcountry": "Fukuoka", "geolabelid": 1859094, "label": "Koga"}, {"country": "Japan", "subcountry": "Yamanashi", "geolabelid": 1859100, "label": "K\u014dfu"}, {"country": "Japan", "subcountry": "Saitama", "geolabelid": 1859113, "label": "Kodamach\u014d-kodamaminami"}, {"country": "Japan", "subcountry": "Kochi", "geolabelid": 1859146, "label": "Kochi"}, {"country": "Japan", "subcountry": "Hy\u014dgo", "geolabelid": 1859171, "label": "Kobe"}, {"country": "Japan", "subcountry": "Miyazaki", "geolabelid": 1859175, "label": "Kobayashi"}, {"country": "Japan", "subcountry": "Oita", "geolabelid": 1859234, "label": "Kitsuki"}, {"country": "Japan", "subcountry": "Fukuoka", "geolabelid": 1859307, "label": "Kitakyushu"}, {"country": "Japan", "subcountry": "Fukushima", "geolabelid": 1859319, "label": "Kitakata"}, {"country": "Japan", "subcountry": "Shiga Prefecture", "geolabelid": 1859335, "label": "Kitahama"}, {"country": "Japan", "subcountry": "\u014csaka", "geolabelid": 1859383, "label": "Kishiwada"}, {"country": "Japan", "subcountry": "Chiba", "geolabelid": 1859393, "label": "Kisarazu"}, {"country": "Japan", "subcountry": "Saitama", "geolabelid": 1859400, "label": "Kisai"}, {"country": "Japan", "subcountry": "Gunma", "geolabelid": 1859405, "label": "Kiry\u016b"}, {"country": "Japan", "subcountry": "Kumamoto", "geolabelid": 1859492, "label": "Kikuchi"}, {"country": "Japan", "subcountry": "Saitama", "geolabelid": 1859586, "label": "Kazo"}, {"country": "Japan", "subcountry": "Kanagawa", "geolabelid": 1859642, "label": "Kawasaki"}, {"country": "Japan", "subcountry": "Fukuoka", "geolabelid": 1859647, "label": "Kawasaki"}, {"country": "Japan", "subcountry": "Hy\u014dgo", "geolabelid": 1859675, "label": "Kawanishi"}, {"country": "Japan", "subcountry": "Saitama", "geolabelid": 1859730, "label": "Kawaguchi"}, {"country": "Japan", "subcountry": "Saitama", "geolabelid": 1859740, "label": "Kawagoe"}, {"country": "Japan", "subcountry": "Fukui", "geolabelid": 1859765, "label": "Katsuyama"}, {"country": "Japan", "subcountry": "Saitama", "geolabelid": 1859884, "label": "Kasukabe"}, {"country": "Japan", "subcountry": "Aichi", "geolabelid": 1859891, "label": "Kasugai"}, {"country": "Japan", "subcountry": "Niigata", "geolabelid": 1859908, "label": "Kashiwazaki"}, {"country": "Japan", "subcountry": "Chiba", "geolabelid": 1859924, "label": "Kashiwa"}, {"country": "Japan", "subcountry": "Saga Prefecture", "geolabelid": 1859941, "label": "Kashima"}, {"country": "Japan", "subcountry": "Nara", "geolabelid": 1859951, "label": "Kashihara-shi"}, {"country": "Japan", "subcountry": "\u014csaka", "geolabelid": 1859952, "label": "Kashihara"}, {"country": "Japan", "subcountry": "Kagoshima", "geolabelid": 1859964, "label": "Kaseda-shirakame"}, {"country": "Japan", "subcountry": "Okayama", "geolabelid": 1859990, "label": "Kasaoka"}, {"country": "Japan", "subcountry": "Gifu", "geolabelid": 1859998, "label": "Kasamatsuch\u014d"}, {"country": "Japan", "subcountry": "Aichi", "geolabelid": 1860034, "label": "Kariya"}, {"country": "Japan", "subcountry": "Saga Prefecture", "geolabelid": 1860063, "label": "Karatsu"}, {"country": "Japan", "subcountry": "Saga Prefecture", "geolabelid": 1860095, "label": "Kanzakimachi-kanzaki"}, {"country": "Japan", "subcountry": "Tochigi", "geolabelid": 1860098, "label": "Kanuma"}, {"country": "Japan", "subcountry": "Kagoshima", "geolabelid": 1860112, "label": "Kanoya"}, {"country": "Japan", "subcountry": "Kagawa", "geolabelid": 1860122, "label": "Kan\u2019onjich\u014d"}, {"country": "Japan", "subcountry": "Hiroshima", "geolabelid": 1860176, "label": "Kannabech\u014d-yahiro"}, {"country": "Japan", "subcountry": "Aichi", "geolabelid": 1860191, "label": "Kanie"}, {"country": "Japan", "subcountry": "Gunma", "geolabelid": 1860211, "label": "Kanekomachi"}, {"country": "Japan", "subcountry": "Fukuoka", "geolabelid": 1860234, "label": "Kanda"}, {"country": "Japan", "subcountry": "Ishikawa", "geolabelid": 1860243, "label": "Kanazawa"}, {"country": "Japan", "subcountry": "Shizuoka", "geolabelid": 1860256, "label": "Kanaya"}, {"country": "Japan", "subcountry": "Tokushima", "geolabelid": 1860321, "label": "Kamojimach\u014d-j\u014dgejima"}, {"country": "Japan", "subcountry": "Okayama", "geolabelid": 1860335, "label": "Kamogatach\u014d-kamogata"}, {"country": "Japan", "subcountry": "Niigata", "geolabelid": 1860341, "label": "Kamo"}, {"country": "Japan", "subcountry": "Tokyo", "geolabelid": 1860437, "label": "Kamirenjaku"}, {"country": "Japan", "subcountry": "Tochigi", "geolabelid": 1860458, "label": "Kaminokawa"}, {"country": "Japan", "subcountry": "Toyama", "geolabelid": 1860563, "label": "Kamiichi"}, {"country": "Japan", "subcountry": "Mie", "geolabelid": 1860626, "label": "Kameyama"}, {"country": "Japan", "subcountry": "Kyoto", "geolabelid": 1860635, "label": "Kameoka"}, {"country": "Japan", "subcountry": "Niigata", "geolabelid": 1860648, "label": "Kameda-honch\u014d"}, {"country": "Japan", "subcountry": "Kanagawa", "geolabelid": 1860672, "label": "Kamakura"}, {"country": "Japan", "subcountry": "Hy\u014dgo", "geolabelid": 1860704, "label": "Kakogawach\u014d-honmachi"}, {"country": "Japan", "subcountry": "Shizuoka", "geolabelid": 1860728, "label": "Kakegawa"}, {"country": "Japan", "subcountry": "Gifu", "geolabelid": 1860735, "label": "Kakamigahara"}, {"country": "Japan", "subcountry": "Ibaraki", "geolabelid": 1860748, "label": "Kashima-shi"}, {"country": "Japan", "subcountry": "Kagoshima", "geolabelid": 1860750, "label": "Kajiki"}, {"country": "Japan", "subcountry": "\u014csaka", "geolabelid": 1860765, "label": "Kaizuka"}, {"country": "Japan", "subcountry": "Wakayama", "geolabelid": 1860785, "label": "Kainan"}, {"country": "Japan", "subcountry": "Kagoshima", "geolabelid": 1860827, "label": "Kagoshima"}, {"country": "Japan", "subcountry": "\u014csaka", "geolabelid": 1860871, "label": "Kadoma"}, {"country": "Japan", "subcountry": "Shimane", "geolabelid": 1861084, "label": "Izumo"}, {"country": "Japan", "subcountry": "\u014csaka", "geolabelid": 1861095, "label": "Izumi\u014dtsu"}, {"country": "Japan", "subcountry": "\u014csaka", "geolabelid": 1861107, "label": "Izumi"}, {"country": "Japan", "subcountry": "Kagoshima", "geolabelid": 1861108, "label": "Izumi"}, {"country": "Japan", "subcountry": "Saitama", "geolabelid": 1861164, "label": "Iwatsuki"}, {"country": "Japan", "subcountry": "Shizuoka", "geolabelid": 1861171, "label": "Iwata"}, {"country": "Japan", "subcountry": "Aichi", "geolabelid": 1861207, "label": "Iwakura"}, {"country": "Japan", "subcountry": "Yamaguchi", "geolabelid": 1861212, "label": "Iwakuni"}, {"country": "Japan", "subcountry": "Ibaraki", "geolabelid": 1861223, "label": "Iwai"}, {"country": "Japan", "subcountry": "Wakayama", "geolabelid": 1861244, "label": "Iwade"}, {"country": "Japan", "subcountry": "Tokyo", "geolabelid": 1861261, "label": "Itsukaichi"}, {"country": "Japan", "subcountry": "Okinawa", "geolabelid": 1861280, "label": "Itoman"}, {"country": "Japan", "subcountry": "Niigata", "geolabelid": 1861285, "label": "Itoigawa"}, {"country": "Japan", "subcountry": "Shizuoka", "geolabelid": 1861290, "label": "It\u014d"}, {"country": "Japan", "subcountry": "Hy\u014dgo", "geolabelid": 1861310, "label": "Itami"}, {"country": "Japan", "subcountry": "Aichi", "geolabelid": 1861383, "label": "Ishiki"}, {"country": "Japan", "subcountry": "Okinawa", "geolabelid": 1861393, "label": "Ishikawa"}, {"country": "Japan", "subcountry": "Tokushima", "geolabelid": 1861400, "label": "Ishii"}, {"country": "Japan", "subcountry": "Ibaraki", "geolabelid": 1861406, "label": "Ishige"}, {"country": "Japan", "subcountry": "Okinawa", "geolabelid": 1861416, "label": "Ishigaki"}, {"country": "Japan", "subcountry": "Gunma", "geolabelid": 1861436, "label": "Isesaki"}, {"country": "Japan", "subcountry": "Kanagawa", "geolabelid": 1861449, "label": "Isehara"}, {"country": "Japan", "subcountry": "Mie", "geolabelid": 1861450, "label": "Ise"}, {"country": "Japan", "subcountry": "Yamanashi", "geolabelid": 1861454, "label": "Isawa"}, {"country": "Japan", "subcountry": "Nagasaki", "geolabelid": 1861464, "label": "Isahaya"}, {"country": "Japan", "subcountry": "Gifu", "geolabelid": 1861528, "label": "Inuyama"}, {"country": "Japan", "subcountry": "Kochi", "geolabelid": 1861584, "label": "Ino"}, {"country": "Japan", "subcountry": "Hiroshima", "geolabelid": 1861586, "label": "Innoshima"}, {"country": "Japan", "subcountry": "Aichi", "geolabelid": 1861602, "label": "Inazawa"}, {"country": "Japan", "subcountry": "Nagano", "geolabelid": 1861641, "label": "Ina"}, {"country": "Japan", "subcountry": "Saga Prefecture", "geolabelid": 1861677, "label": "Imarich\u014d-k\u014d"}, {"country": "Japan", "subcountry": "Tochigi", "geolabelid": 1861699, "label": "Imaichi"}, {"country": "Japan", "subcountry": "Nara", "geolabelid": 1861749, "label": "Ikoma"}, {"country": "Japan", "subcountry": "\u014csaka", "geolabelid": 1861795, "label": "Ikeda"}, {"country": "Japan", "subcountry": "Tokushima", "geolabelid": 1861799, "label": "Ikedach\u014d"}, {"country": "Japan", "subcountry": "Kagoshima", "geolabelid": 1861825, "label": "Ij\u016bin"}, {"country": "Japan", "subcountry": "Fukuoka", "geolabelid": 1861835, "label": "Iizuka"}, {"country": "Japan", "subcountry": "Nagano", "geolabelid": 1861838, "label": "Iiyama"}, {"country": "Japan", "subcountry": "Nagano", "geolabelid": 1861864, "label": "Iida"}, {"country": "Japan", "subcountry": "Aichi", "geolabelid": 1861949, "label": "Ichinomiya"}, {"country": "Japan", "subcountry": "Kagoshima", "geolabelid": 1862010, "label": "Ibusuki"}, {"country": "Japan", "subcountry": "\u014csaka", "geolabelid": 1862033, "label": "Ibaraki"}, {"country": "Japan", "subcountry": "Okayama", "geolabelid": 1862034, "label": "Ibara"}, {"country": "Japan", "subcountry": "Nagano", "geolabelid": 1862098, "label": "Hotaka"}, {"country": "Japan", "subcountry": "Saitama", "geolabelid": 1862198, "label": "Honj\u014d"}, {"country": "Japan", "subcountry": "Kumamoto", "geolabelid": 1862230, "label": "Hondo"}, {"country": "Japan", "subcountry": "Yamaguchi", "geolabelid": 1862302, "label": "H\u014dfu"}, {"country": "Japan", "subcountry": "Kumamoto", "geolabelid": 1862352, "label": "Hitoyoshi"}, {"country": "Japan", "subcountry": "Oita", "geolabelid": 1862373, "label": "Hita"}, {"country": "Japan", "subcountry": "Mie", "geolabelid": 1862389, "label": "Hisai-motomachi"}, {"country": "Japan", "subcountry": "Hiroshima", "geolabelid": 1862415, "label": "Hiroshima"}, {"country": "Japan", "subcountry": "Kanagawa", "geolabelid": 1862462, "label": "Hiratsuka"}, {"country": "Japan", "subcountry": "Shimane", "geolabelid": 1862471, "label": "Hiratach\u014d"}, {"country": "Japan", "subcountry": "Okinawa", "geolabelid": 1862505, "label": "Hirara"}, {"country": "Japan", "subcountry": "\u014csaka", "geolabelid": 1862540, "label": "Hirakata"}, {"country": "Japan", "subcountry": "Nagasaki", "geolabelid": 1862555, "label": "Hirado"}, {"country": "Japan", "subcountry": "Tokyo", "geolabelid": 1862599, "label": "Hino"}, {"country": "Japan", "subcountry": "Shiga Prefecture", "geolabelid": 1862601, "label": "Hino"}, {"country": "Japan", "subcountry": "Toyama", "geolabelid": 1862612, "label": "Himimachi"}, {"country": "Japan", "subcountry": "Hy\u014dgo", "geolabelid": 1862627, "label": "Himeji"}, {"country": "Japan", "subcountry": "Shiga Prefecture", "geolabelid": 1862636, "label": "Hikone"}, {"country": "Japan", "subcountry": "Oita", "geolabelid": 1862689, "label": "Hiji"}, {"country": "Japan", "subcountry": "Aichi", "geolabelid": 1862912, "label": "Hekinan"}, {"country": "Japan", "subcountry": "Kanagawa", "geolabelid": 1862992, "label": "Hayama"}, {"country": "Japan", "subcountry": "Hiroshima", "geolabelid": 1863018, "label": "Hatsukaichi"}, {"country": "Japan", "subcountry": "Saitama", "geolabelid": 1863023, "label": "Hatogaya-honch\u014d"}, {"country": "Japan", "subcountry": "Wakayama", "geolabelid": 1863082, "label": "Hashimoto"}, {"country": "Japan", "subcountry": "Saitama", "geolabelid": 1863173, "label": "Hany\u016b"}, {"country": "Japan", "subcountry": "Saitama", "geolabelid": 1863183, "label": "Hann\u014d"}, {"country": "Japan", "subcountry": "Aichi", "geolabelid": 1863209, "label": "Handa"}, {"country": "Japan", "subcountry": "Kagoshima", "geolabelid": 1863279, "label": "Hamanoichi"}, {"country": "Japan", "subcountry": "Shizuoka", "geolabelid": 1863289, "label": "Hamamatsu"}, {"country": "Japan", "subcountry": "Shizuoka", "geolabelid": 1863293, "label": "Hamakita"}, {"country": "Japan", "subcountry": "Shimane", "geolabelid": 1863310, "label": "Hamada"}, {"country": "Japan", "subcountry": "Ishikawa", "geolabelid": 1863341, "label": "Hakui"}, {"country": "Japan", "subcountry": "Nara", "geolabelid": 1863398, "label": "Haibara-akanedai"}, {"country": "Japan", "subcountry": "Yamaguchi", "geolabelid": 1863418, "label": "Hagi"}, {"country": "Japan", "subcountry": "Okinawa", "geolabelid": 1863426, "label": "Katsuren-haebaru"}, {"country": "Japan", "subcountry": "Kanagawa", "geolabelid": 1863431, "label": "Hadano"}, {"country": "Japan", "subcountry": "Tokyo", "geolabelid": 1863440, "label": "Hachi\u014dji"}, {"country": "Japan", "subcountry": "Shiga Prefecture", "geolabelid": 1863451, "label": "\u014cmihachiman"}, {"country": "Japan", "subcountry": "Saitama", "geolabelid": 1863482, "label": "Gy\u014dda"}, {"country": "Japan", "subcountry": "Okinawa", "geolabelid": 1863495, "label": "Gushikawa"}, {"country": "Japan", "subcountry": "Shimane", "geolabelid": 1863521, "label": "G\u014dtsuch\u014d"}, {"country": "Japan", "subcountry": "Shizuoka", "geolabelid": 1863528, "label": "Gotenba"}, {"country": "Japan", "subcountry": "Niigata", "geolabelid": 1863540, "label": "Gosen"}, {"country": "Japan", "subcountry": "Nara", "geolabelid": 1863541, "label": "Gose"}, {"country": "Japan", "subcountry": "Nara", "geolabelid": 1863592, "label": "Goj\u014d"}, {"country": "Japan", "subcountry": "Gifu", "geolabelid": 1863611, "label": "G\u014ddo"}, {"country": "Japan", "subcountry": "Wakayama", "geolabelid": 1863614, "label": "Gob\u014d"}, {"country": "Japan", "subcountry": "Okinawa", "geolabelid": 1863627, "label": "Ginowan"}, {"country": "Japan", "subcountry": "Gifu", "geolabelid": 1863641, "label": "Gifu-shi"}, {"country": "Japan", "subcountry": "Aichi", "geolabelid": 1863693, "label": "Gamag\u014dri"}, {"country": "Japan", "subcountry": "Chiba", "geolabelid": 1863713, "label": "Futtsu"}, {"country": "Japan", "subcountry": "Chiba", "geolabelid": 1863905, "label": "Honch\u014d"}, {"country": "Japan", "subcountry": "Hiroshima", "geolabelid": 1863917, "label": "Fukuyama"}, {"country": "Japan", "subcountry": "Shizuoka", "geolabelid": 1863945, "label": "Fukuroi"}, {"country": "Japan", "subcountry": "Hy\u014dgo", "geolabelid": 1863953, "label": "Fukura"}, {"country": "Japan", "subcountry": "Fukuoka", "geolabelid": 1863967, "label": "Fukuoka"}, {"country": "Japan", "subcountry": "Toyama", "geolabelid": 1863973, "label": "Fukumitsu"}, {"country": "Japan", "subcountry": "Fukuoka", "geolabelid": 1863978, "label": "Nishifukuma"}, {"country": "Japan", "subcountry": "Fukui", "geolabelid": 1863985, "label": "Fukui-shi"}, {"country": "Japan", "subcountry": "Nagasaki", "geolabelid": 1863997, "label": "Fukuech\u014d"}, {"country": "Japan", "subcountry": "Kyoto", "geolabelid": 1864009, "label": "Fukuchiyama"}, {"country": "Japan", "subcountry": "Saitama", "geolabelid": 1864025, "label": "Fukiage-fujimi"}, {"country": "Japan", "subcountry": "Saitama", "geolabelid": 1864031, "label": "Fukayach\u014d"}, {"country": "Japan", "subcountry": "Kanagawa", "geolabelid": 1864092, "label": "Fujisawa"}, {"country": "Japan", "subcountry": "Tochigi", "geolabelid": 1864098, "label": "Fujioka"}, {"country": "Japan", "subcountry": "Gunma", "geolabelid": 1864099, "label": "Fujioka"}, {"country": "Japan", "subcountry": "Shizuoka", "geolabelid": 1864105, "label": "Fujinomiya"}, {"country": "Japan", "subcountry": "Shizuoka", "geolabelid": 1864132, "label": "Fujieda"}, {"country": "Japan", "subcountry": "Shizuoka", "geolabelid": 1864134, "label": "Fuji"}, {"country": "Japan", "subcountry": "Hiroshima", "geolabelid": 1864155, "label": "Fuch\u016bch\u014d"}, {"country": "Japan", "subcountry": "Yamanashi", "geolabelid": 1864180, "label": "Enzan"}, {"country": "Japan", "subcountry": "\u014csaka", "geolabelid": 1864416, "label": "Dait\u014dch\u014d"}, {"country": "Japan", "subcountry": "Tokyo", "geolabelid": 1864518, "label": "Ch\u014dfugaoka"}, {"country": "Japan", "subcountry": "Aichi", "geolabelid": 1864549, "label": "Chiry\u016b"}, {"country": "Japan", "subcountry": "Nagano", "geolabelid": 1864557, "label": "Chino"}, {"country": "Japan", "subcountry": "Fukuoka", "geolabelid": 1864572, "label": "Chikushino-shi"}, {"country": "Japan", "subcountry": "Kanagawa", "geolabelid": 1864624, "label": "Chigasaki"}, {"country": "Japan", "subcountry": "Saitama", "geolabelid": 1864637, "label": "Chichibu"}, {"country": "Japan", "subcountry": "Okinawa", "geolabelid": 1864652, "label": "Chatan"}, {"country": "Japan", "subcountry": "Oita", "geolabelid": 1864750, "label": "Beppu"}, {"country": "Japan", "subcountry": "Kyoto", "geolabelid": 1864873, "label": "Ayabe"}, {"country": "Japan", "subcountry": "Shizuoka", "geolabelid": 1864945, "label": "Atami"}, {"country": "Japan", "subcountry": "Hy\u014dgo", "geolabelid": 1864985, "label": "Ashiya"}, {"country": "Japan", "subcountry": "Tochigi", "geolabelid": 1865005, "label": "Ashikaga"}, {"country": "Japan", "subcountry": "Niigata", "geolabelid": 1865207, "label": "Arai"}, {"country": "Japan", "subcountry": "Gunma", "geolabelid": 1865290, "label": "Annaka"}, {"country": "Japan", "subcountry": "Aichi", "geolabelid": 1865294, "label": "Anj\u014d"}, {"country": "Japan", "subcountry": "Tokushima", "geolabelid": 1865309, "label": "Anan"}, {"country": "Japan", "subcountry": "Fukuoka", "geolabelid": 1865375, "label": "Amagi"}, {"country": "Japan", "subcountry": "Hy\u014dgo", "geolabelid": 1865387, "label": "Amagasaki"}, {"country": "Japan", "subcountry": "Kagoshima", "geolabelid": 1865401, "label": "Akune"}, {"country": "Japan", "subcountry": "Hy\u014dgo", "geolabelid": 1865412, "label": "Kariya"}, {"country": "Japan", "subcountry": "Kochi", "geolabelid": 1865449, "label": "Aki"}, {"country": "Japan", "subcountry": "Hy\u014dgo", "geolabelid": 1865661, "label": "Aioi"}, {"country": "Japan", "subcountry": "Saitama", "geolabelid": 1865714, "label": "Ageoshimo"}, {"country": "Japan", "subcountry": "Okinawa", "geolabelid": 1894616, "label": "Okinawa"}, {"country": "Japan", "subcountry": "Miyazaki", "geolabelid": 1895695, "label": "Kushima"}, {"country": "Japan", "subcountry": "Yamaguchi", "geolabelid": 1896348, "label": "Hikari"}, {"country": "Japan", "subcountry": "Yamaguchi", "geolabelid": 1899102, "label": "Nagato"}, {"country": "Japan", "subcountry": "Saitama", "geolabelid": 1907123, "label": "Hasuda"}, {"country": "Japan", "subcountry": "Saitama", "geolabelid": 1907125, "label": "Kamifukuoka"}, {"country": "Japan", "subcountry": "Saitama", "geolabelid": 1907146, "label": "Sayama"}, {"country": "Japan", "subcountry": "Tokyo", "geolabelid": 1907148, "label": "Fussa"}, {"country": "Japan", "subcountry": "Saitama", "geolabelid": 1907299, "label": "Asaka"}, {"country": "Japan", "subcountry": "Saitama", "geolabelid": 1907300, "label": "Wako"}, {"country": "Japan", "subcountry": "Saitama", "geolabelid": 1907301, "label": "Shimotoda"}, {"country": "Japan", "subcountry": "Chiba", "geolabelid": 1907307, "label": "Kimitsu"}, {"country": "Japan", "subcountry": "Kanagawa", "geolabelid": 1907309, "label": "Miura"}, {"country": "Japan", "subcountry": "Wakayama", "geolabelid": 1926004, "label": "Wakayama"}, {"country": "Japan", "subcountry": "Ehime", "geolabelid": 1926006, "label": "Iyo"}, {"country": "Japan", "subcountry": "Ehime", "geolabelid": 1926020, "label": "Uwajima"}, {"country": "Japan", "subcountry": "Ehime", "geolabelid": 1926054, "label": "Saij\u014d"}, {"country": "Japan", "subcountry": "Ehime", "geolabelid": 1926055, "label": "\u014czu"}, {"country": "Japan", "subcountry": "Ehime", "geolabelid": 1926099, "label": "Matsuyama"}, {"country": "Japan", "subcountry": "Ehime", "geolabelid": 1926101, "label": "Masaki-ch\u014d"}, {"country": "Japan", "subcountry": "Ehime", "geolabelid": 1926116, "label": "Kawanoech\u014d"}, {"country": "Japan", "subcountry": "Ehime", "geolabelid": 1926142, "label": "H\u014dj\u014d"}, {"country": "Japan", "subcountry": "Akita", "geolabelid": 2110460, "label": "Yuzawa"}, {"country": "Japan", "subcountry": "Chiba", "geolabelid": 2110480, "label": "Yotsukaid\u014d"}, {"country": "Japan", "subcountry": "Yamagata", "geolabelid": 2110498, "label": "Yonezawa"}, {"country": "Japan", "subcountry": "Akita", "geolabelid": 2110506, "label": "Yokotemachi"}, {"country": "Japan", "subcountry": "Chiba", "geolabelid": 2110518, "label": "Y\u014dkaichiba"}, {"country": "Japan", "subcountry": "Fukushima", "geolabelid": 2110538, "label": "Yanagawamachi-saiwaich\u014d"}, {"country": "Japan", "subcountry": "Miyagi", "geolabelid": 2110541, "label": "Yamoto"}, {"country": "Japan", "subcountry": "Yamagata", "geolabelid": 2110556, "label": "Yamagata"}, {"country": "Japan", "subcountry": "Iwate", "geolabelid": 2110560, "label": "Yamada"}, {"country": "Japan", "subcountry": "Chiba", "geolabelid": 2110579, "label": "Yachimata"}, {"country": "Japan", "subcountry": "Miyagi", "geolabelid": 2110586, "label": "Watari"}, {"country": "Japan", "subcountry": "Miyagi", "geolabelid": 2110596, "label": "Wakuya"}, {"country": "Japan", "subcountry": "Ibaraki", "geolabelid": 2110629, "label": "Ushiku"}, {"country": "Japan", "subcountry": "Ibaraki", "geolabelid": 2110683, "label": "Tsukuba"}, {"country": "Japan", "subcountry": "Ibaraki", "geolabelid": 2110729, "label": "Toride"}, {"country": "Japan", "subcountry": "Iwate", "geolabelid": 2110735, "label": "T\u014dno"}, {"country": "Japan", "subcountry": "Ibaraki", "geolabelid": 2110743, "label": "Tomobe"}, {"country": "Japan", "subcountry": "Miyagi", "geolabelid": 2110744, "label": "Tomiya"}, {"country": "Japan", "subcountry": "Chiba", "geolabelid": 2110774, "label": "T\u014dgane"}, {"country": "Japan", "subcountry": "Yamagata", "geolabelid": 2110793, "label": "Tend\u014d"}, {"country": "Japan", "subcountry": "Yamagata", "geolabelid": 2110891, "label": "Takahata"}, {"country": "Japan", "subcountry": "Ibaraki", "geolabelid": 2110893, "label": "Takahagi"}, {"country": "Japan", "subcountry": "Fukushima", "geolabelid": 2110959, "label": "Sukagawa"}, {"country": "Japan", "subcountry": "Iwate", "geolabelid": 2110994, "label": "Shizukuishi"}, {"country": "Japan", "subcountry": "Chiba", "geolabelid": 2111008, "label": "Shisui"}, {"country": "Japan", "subcountry": "Miyagi", "geolabelid": 2111016, "label": "Shiroishi"}, {"country": "Japan", "subcountry": "Chiba", "geolabelid": 2111018, "label": "Shiroi"}, {"country": "Japan", "subcountry": "Miyagi", "geolabelid": 2111049, "label": "Shiogama"}, {"country": "Japan", "subcountry": "Yamagata", "geolabelid": 2111065, "label": "Shinj\u014d"}, {"country": "Japan", "subcountry": "Miyagi", "geolabelid": 2111149, "label": "Sendai"}, {"country": "Japan", "subcountry": "Chiba", "geolabelid": 2111173, "label": "Sawara"}, {"country": "Japan", "subcountry": "Chiba", "geolabelid": 2111220, "label": "Sakura"}, {"country": "Japan", "subcountry": "Yamagata", "geolabelid": 2111248, "label": "Sagae"}, {"country": "Japan", "subcountry": "Ibaraki", "geolabelid": 2111258, "label": "Ry\u016bgasaki"}, {"country": "Japan", "subcountry": "Miyagi", "geolabelid": 2111277, "label": "Rifu"}, {"country": "Japan", "subcountry": "Iwate", "geolabelid": 2111310, "label": "\u014ctsuchi"}, {"country": "Japan", "subcountry": "Tochigi", "geolabelid": 2111325, "label": "\u014ctawara"}, {"country": "Japan", "subcountry": "Ibaraki", "geolabelid": 2111425, "label": "\u014cmiya"}, {"country": "Japan", "subcountry": "Chiba", "geolabelid": 2111429, "label": "Omigawa"}, {"country": "Japan", "subcountry": "Akita", "geolabelid": 2111435, "label": "\u014cmagari"}, {"country": "Japan", "subcountry": "Ibaraki", "geolabelid": 2111441, "label": "Okunoya"}, {"country": "Japan", "subcountry": "Miyagi", "geolabelid": 2111461, "label": "\u014ckawara"}, {"country": "Japan", "subcountry": "Chiba", "geolabelid": 2111495, "label": "\u014chara"}, {"country": "Japan", "subcountry": "Iwate", "geolabelid": 2111530, "label": "\u014cfunato"}, {"country": "Japan", "subcountry": "Yamagata", "geolabelid": 2111559, "label": "Obanazawa"}, {"country": "Japan", "subcountry": "Ibaraki", "geolabelid": 2111567, "label": "\u014carai"}, {"country": "Japan", "subcountry": "Chiba", "geolabelid": 2111568, "label": "\u014cami"}, {"country": "Japan", "subcountry": "Fukushima", "geolabelid": 2111656, "label": "Nihommatsu"}, {"country": "Japan", "subcountry": "Chiba", "geolabelid": 2111677, "label": "Narut\u014d"}, {"country": "Japan", "subcountry": "Chiba", "geolabelid": 2111684, "label": "Narita"}, {"country": "Japan", "subcountry": "Fukushima", "geolabelid": 2111704, "label": "Namie"}, {"country": "Japan", "subcountry": "Ibaraki", "geolabelid": 2111749, "label": "Naka"}, {"country": "Japan", "subcountry": "Yamagata", "geolabelid": 2111781, "label": "Nagai"}, {"country": "Japan", "subcountry": "Fukushima", "geolabelid": 2111824, "label": "Motomiya"}, {"country": "Japan", "subcountry": "Tochigi", "geolabelid": 2111827, "label": "Motegi"}, {"country": "Japan", "subcountry": "Ibaraki", "geolabelid": 2111831, "label": "Moriya"}, {"country": "Japan", "subcountry": "Iwate", "geolabelid": 2111834, "label": "Morioka"}, {"country": "Japan", "subcountry": "Tochigi", "geolabelid": 2111836, "label": "Mooka"}, {"country": "Japan", "subcountry": "Chiba", "geolabelid": 2111855, "label": "Mobara"}, {"country": "Japan", "subcountry": "Iwate", "geolabelid": 2111859, "label": "Mizusawa"}, {"country": "Japan", "subcountry": "Iwate", "geolabelid": 2111884, "label": "Miyako"}, {"country": "Japan", "subcountry": "Ibaraki", "geolabelid": 2111901, "label": "Mito"}, {"country": "Japan", "subcountry": "Fukushima", "geolabelid": 2111943, "label": "Miharu"}, {"country": "Japan", "subcountry": "Miyagi", "geolabelid": 2111964, "label": "Matsushima"}, {"country": "Japan", "subcountry": "Tochigi", "geolabelid": 2111999, "label": "Mashiko"}, {"country": "Japan", "subcountry": "Miyagi", "geolabelid": 2112008, "label": "Marumori"}, {"country": "Japan", "subcountry": "Ibaraki", "geolabelid": 2112019, "label": "Makabe"}, {"country": "Japan", "subcountry": "Tochigi", "geolabelid": 2112077, "label": "Kuroiso"}, {"country": "Japan", "subcountry": "Fukushima", "geolabelid": 2112141, "label": "K\u014driyama"}, {"country": "Japan", "subcountry": "Miyagi", "geolabelid": 2112182, "label": "Kogota"}, {"country": "Japan", "subcountry": "Iwate", "geolabelid": 2112227, "label": "Kitakami"}, {"country": "Japan", "subcountry": "Ibaraki", "geolabelid": 2112232, "label": "Kitaibaraki"}, {"country": "Japan", "subcountry": "Chiba", "geolabelid": 2112297, "label": "Kamogawa"}, {"country": "Japan", "subcountry": "Chiba", "geolabelid": 2112309, "label": "Katsuura"}, {"country": "Japan", "subcountry": "Ibaraki", "geolabelid": 2112312, "label": "Katsuta"}, {"country": "Japan", "subcountry": "Chiba", "geolabelid": 2112319, "label": "Katori-shi"}, {"country": "Japan", "subcountry": "Ibaraki", "geolabelid": 2112343, "label": "Kasama"}, {"country": "Japan", "subcountry": "Tochigi", "geolabelid": 2112354, "label": "Karasuyama"}, {"country": "Japan", "subcountry": "Yamagata", "geolabelid": 2112409, "label": "Kaminoyama"}, {"country": "Japan", "subcountry": "Iwate", "geolabelid": 2112444, "label": "Kamaishi"}, {"country": "Japan", "subcountry": "Miyagi", "geolabelid": 2112455, "label": "Kakuda"}, {"country": "Japan", "subcountry": "Ibaraki", "geolabelid": 2112521, "label": "Iwase"}, {"country": "Japan", "subcountry": "Miyagi", "geolabelid": 2112527, "label": "Iwanuma"}, {"country": "Japan", "subcountry": "Fukushima", "geolabelid": 2112539, "label": "Iwaki"}, {"country": "Japan", "subcountry": "Ibaraki", "geolabelid": 2112555, "label": "Itako"}, {"country": "Japan", "subcountry": "Ibaraki", "geolabelid": 2112571, "label": "Ishioka"}, {"country": "Japan", "subcountry": "Miyagi", "geolabelid": 2112576, "label": "Ishinomaki"}, {"country": "Japan", "subcountry": "Fukushima", "geolabelid": 2112583, "label": "Ishikawa"}, {"country": "Japan", "subcountry": "Fukushima", "geolabelid": 2112615, "label": "Inawashiro"}, {"country": "Japan", "subcountry": "Iwate", "geolabelid": 2112656, "label": "Ichinoseki"}, {"country": "Japan", "subcountry": "Chiba", "geolabelid": 2112664, "label": "Ichihara"}, {"country": "Japan", "subcountry": "Fukushima", "geolabelid": 2112692, "label": "Hobaramachi"}, {"country": "Japan", "subcountry": "Ibaraki", "geolabelid": 2112708, "label": "Hitachi"}, {"country": "Japan", "subcountry": "Yamagata", "geolabelid": 2112758, "label": "Higashine"}, {"country": "Japan", "subcountry": "Chiba", "geolabelid": 2112802, "label": "Hasaki"}, {"country": "Japan", "subcountry": "Iwate", "geolabelid": 2112823, "label": "Hanamaki"}, {"country": "Japan", "subcountry": "Miyagi", "geolabelid": 2112899, "label": "Furukawa"}, {"country": "Japan", "subcountry": "Fukushima", "geolabelid": 2112903, "label": "Funehikimachi-funehiki"}, {"country": "Japan", "subcountry": "Ibaraki", "geolabelid": 2112913, "label": "Funaishikawa"}, {"country": "Japan", "subcountry": "Fukushima", "geolabelid": 2112923, "label": "Fukushima"}, {"country": "Japan", "subcountry": "Ibaraki", "geolabelid": 2112940, "label": "Fujishiro"}, {"country": "Japan", "subcountry": "Ibaraki", "geolabelid": 2112963, "label": "Edosaki"}, {"country": "Japan", "subcountry": "Ibaraki", "geolabelid": 2112989, "label": "Daigo"}, {"country": "Japan", "subcountry": "Chiba", "geolabelid": 2113015, "label": "Chiba"}, {"country": "Japan", "subcountry": "Chiba", "geolabelid": 2113077, "label": "Asahi"}, {"country": "Japan", "subcountry": "Ibaraki", "geolabelid": 2113115, "label": "Ami"}, {"country": "Japan", "subcountry": "Akita", "geolabelid": 2113126, "label": "Akita"}, {"country": "Japan", "subcountry": "Chiba", "geolabelid": 2113164, "label": "Abiko"}, {"country": "Japan", "subcountry": "Akita", "geolabelid": 2113719, "label": "Akitashi"}, {"country": "Japan", "subcountry": "Hokkaido", "geolabelid": 2127383, "label": "Bihoro"}, {"country": "Japan", "subcountry": "Hokkaido", "geolabelid": 2127515, "label": "Wakkanai"}, {"country": "Japan", "subcountry": "Hokkaido", "geolabelid": 2127733, "label": "Tomakomai"}, {"country": "Japan", "subcountry": "Hokkaido", "geolabelid": 2127802, "label": "T\u014dbetsu"}, {"country": "Japan", "subcountry": "Aomori", "geolabelid": 2127878, "label": "Mutsu"}, {"country": "Japan", "subcountry": "Hokkaido", "geolabelid": 2127896, "label": "Takikawa"}, {"country": "Japan", "subcountry": "Akita", "geolabelid": 2127910, "label": "Takanosu"}, {"country": "Japan", "subcountry": "Hokkaido", "geolabelid": 2127955, "label": "Sunagawa"}, {"country": "Japan", "subcountry": "Hokkaido", "geolabelid": 2128025, "label": "Shizunai-furukawach\u014d"}, {"country": "Japan", "subcountry": "Hokkaido", "geolabelid": 2128072, "label": "Shiraoi"}, {"country": "Japan", "subcountry": "Hokkaido", "geolabelid": 2128147, "label": "Shimo-furano"}, {"country": "Japan", "subcountry": "Hokkaido", "geolabelid": 2128206, "label": "Shibetsu"}, {"country": "Japan", "subcountry": "Hokkaido", "geolabelid": 2128295, "label": "Sapporo"}, {"country": "Japan", "subcountry": "Hokkaido", "geolabelid": 2128382, "label": "Rumoi"}, {"country": "Japan", "subcountry": "Hokkaido", "geolabelid": 2128558, "label": "Otofuke"}, {"country": "Japan", "subcountry": "Hokkaido", "geolabelid": 2128574, "label": "Otaru"}, {"country": "Japan", "subcountry": "Akita", "geolabelid": 2128787, "label": "\u014cdate"}, {"country": "Japan", "subcountry": "Hokkaido", "geolabelid": 2128815, "label": "Obihiro"}, {"country": "Japan", "subcountry": "Akita", "geolabelid": 2128867, "label": "Noshiro"}, {"country": "Japan", "subcountry": "Hokkaido", "geolabelid": 2128975, "label": "Nemuro"}, {"country": "Japan", "subcountry": "Hokkaido", "geolabelid": 2128983, "label": "Nayoro"}, {"country": "Japan", "subcountry": "Hokkaido", "geolabelid": 2129003, "label": "Nanae"}, {"country": "Japan", "subcountry": "Aomori", "geolabelid": 2129005, "label": "Namioka"}, {"country": "Japan", "subcountry": "Hokkaido", "geolabelid": 2129101, "label": "Muroran"}, {"country": "Japan", "subcountry": "Hokkaido", "geolabelid": 2129163, "label": "Mombetsu"}, {"country": "Japan", "subcountry": "Aomori", "geolabelid": 2129211, "label": "Misawa"}, {"country": "Japan", "subcountry": "Hokkaido", "geolabelid": 2129218, "label": "Yoichi"}, {"country": "Japan", "subcountry": "Hokkaido", "geolabelid": 2129324, "label": "Makubetsu"}, {"country": "Japan", "subcountry": "Hokkaido", "geolabelid": 2129376, "label": "Kushiro"}, {"country": "Japan", "subcountry": "Aomori", "geolabelid": 2129395, "label": "Kuroishi"}, {"country": "Japan", "subcountry": "Aomori", "geolabelid": 2129513, "label": "Shimokizukuri"}, {"country": "Japan", "subcountry": "Hokkaido", "geolabelid": 2129537, "label": "Kitami"}, {"country": "Japan", "subcountry": "Hokkaido", "geolabelid": 2129766, "label": "Kamiiso"}, {"country": "Japan", "subcountry": "Hokkaido", "geolabelid": 2129868, "label": "Iwanai"}, {"country": "Japan", "subcountry": "Hokkaido", "geolabelid": 2129870, "label": "Iwamizawa"}, {"country": "Japan", "subcountry": "Hokkaido", "geolabelid": 2129909, "label": "Ishikari"}, {"country": "Japan", "subcountry": "Iwate", "geolabelid": 2129961, "label": "Ichinohe"}, {"country": "Japan", "subcountry": "Hokkaido", "geolabelid": 2130054, "label": "Kitahiroshima"}, {"country": "Japan", "subcountry": "Aomori", "geolabelid": 2130057, "label": "Hirosaki"}, {"country": "Japan", "subcountry": "Akita", "geolabelid": 2130146, "label": "Hanawa"}, {"country": "Japan", "subcountry": "Hokkaido", "geolabelid": 2130188, "label": "Hakodate"}, {"country": "Japan", "subcountry": "Aomori", "geolabelid": 2130203, "label": "Hachinohe"}, {"country": "Japan", "subcountry": "Hokkaido", "geolabelid": 2130332, "label": "Fukagawa"}, {"country": "Japan", "subcountry": "Hokkaido", "geolabelid": 2130404, "label": "Ebetsu"}, {"country": "Japan", "subcountry": "Hokkaido", "geolabelid": 2130421, "label": "Date"}, {"country": "Japan", "subcountry": "Hokkaido", "geolabelid": 2130452, "label": "Chitose"}, {"country": "Japan", "subcountry": "Hokkaido", "geolabelid": 2130534, "label": "Bibai"}, {"country": "Japan", "subcountry": "Hokkaido", "geolabelid": 2130612, "label": "Ashibetsu"}, {"country": "Japan", "subcountry": "Hokkaido", "geolabelid": 2130629, "label": "Asahikawa"}, {"country": "Japan", "subcountry": "Aomori", "geolabelid": 2130658, "label": "Aomorishi"}, {"country": "Japan", "subcountry": "Hokkaido", "geolabelid": 2130741, "label": "Abashiri"}, {"country": "Japan", "subcountry": "Aomori", "geolabelid": 2131612, "label": "Goshogawara"}, {"country": "Japan", "subcountry": "Kumamoto", "geolabelid": 6324583, "label": "Aso"}, {"country": "Japan", "subcountry": "Toyama", "geolabelid": 6694821, "label": "Nanto-shi"}, {"country": "Japan", "subcountry": "Mie", "geolabelid": 6696932, "label": "Kawage"}, {"country": "Japan", "subcountry": "\u014csaka", "geolabelid": 6697563, "label": "Neyagawa"}, {"country": "Japan", "subcountry": "Ibaraki", "geolabelid": 6822096, "label": "Hitachi-Naka"}, {"country": "Japan", "subcountry": "Ibaraki", "geolabelid": 6822108, "label": "Inashiki"}, {"country": "Japan", "subcountry": "Fukuoka", "geolabelid": 6822146, "label": "\u014cnoj\u014d"}, {"country": "Japan", "subcountry": "Gifu", "geolabelid": 6822217, "label": "Minokamo"}, {"country": "Japan", "subcountry": "Gifu", "geolabelid": 6822219, "label": "Guj\u014d"}, {"country": "Japan", "subcountry": "Niigata", "geolabelid": 6825489, "label": "J\u014detsu"}, {"country": "Japan", "subcountry": "Saitama", "geolabelid": 6940394, "label": "Saitama"}, {"country": "Japan", "subcountry": "Tokyo", "geolabelid": 7279570, "label": "Higashimurayama-shi"}, {"country": "Japan", "subcountry": "Yamanashi", "geolabelid": 7281819, "label": "Fujikawaguchiko"}, {"country": "Japan", "subcountry": "Fukuoka", "geolabelid": 7422816, "label": "Dazaifu"}, {"country": "Japan", "subcountry": "Kyoto", "geolabelid": 8125829, "label": "Kamigy\u014d-ku"}, {"country": "Japan", "subcountry": "Fukuoka", "geolabelid": 8198709, "label": "Buzen"}, {"country": "Japan", "subcountry": "Miyagi", "geolabelid": 8555918, "label": "Sendai"}]