[{"country": "Belgium", "subcountry": "Flanders", "geolabelid": 2783081, "label": "Zwijndrecht"}, {"country": "Belgium", "subcountry": "Flanders", "geolabelid": 2783089, "label": "Zwevegem"}, {"country": "Belgium", "subcountry": "Flanders", "geolabelid": 2783175, "label": "Zottegem"}, {"country": "Belgium", "subcountry": "Flanders", "geolabelid": 2783188, "label": "Zonhoven"}, {"country": "Belgium", "subcountry": "Flanders", "geolabelid": 2783204, "label": "Zoersel"}, {"country": "Belgium", "subcountry": "Flanders", "geolabelid": 2783274, "label": "Zemst"}, {"country": "Belgium", "subcountry": "Flanders", "geolabelid": 2783293, "label": "Zele"}, {"country": "Belgium", "subcountry": "Flanders", "geolabelid": 2783308, "label": "Zedelgem"}, {"country": "Belgium", "subcountry": "Flanders", "geolabelid": 2783310, "label": "Zaventem"}, {"country": "Belgium", "subcountry": "Flanders", "geolabelid": 2783416, "label": "Wuustwezel"}, {"country": "Belgium", "subcountry": "Flanders", "geolabelid": 2783632, "label": "Willebroek"}, {"country": "Belgium", "subcountry": "Flanders", "geolabelid": 2783759, "label": "Wevelgem"}, {"country": "Belgium", "subcountry": "Flanders", "geolabelid": 2783763, "label": "Wetteren"}, {"country": "Belgium", "subcountry": "Flanders", "geolabelid": 2783801, "label": "Westerlo"}, {"country": "Belgium", "subcountry": "Flanders", "geolabelid": 2783820, "label": "Wervik"}, {"country": "Belgium", "subcountry": "Wallonia", "geolabelid": 2783941, "label": "Wavre"}, {"country": "Belgium", "subcountry": "Wallonia", "geolabelid": 2783985, "label": "Waterloo"}, {"country": "Belgium", "subcountry": "Flanders", "geolabelid": 2784068, "label": "Waregem"}, {"country": "Belgium", "subcountry": "Wallonia", "geolabelid": 2784189, "label": "Walcourt"}, {"country": "Belgium", "subcountry": "Wallonia", "geolabelid": 2784548, "label": "Vis\u00e9"}, {"country": "Belgium", "subcountry": "Flanders", "geolabelid": 2784604, "label": "Vilvoorde"}, {"country": "Belgium", "subcountry": "Wallonia", "geolabelid": 2784821, "label": "Verviers"}, {"country": "Belgium", "subcountry": "Flanders", "geolabelid": 2785141, "label": "Turnhout"}, {"country": "Belgium", "subcountry": "Wallonia", "geolabelid": 2785169, "label": "Tubize"}, {"country": "Belgium", "subcountry": "Wallonia", "geolabelid": 2785341, "label": "Tournai"}, {"country": "Belgium", "subcountry": "Flanders", "geolabelid": 2785364, "label": "Torhout"}, {"country": "Belgium", "subcountry": "Flanders", "geolabelid": 2785389, "label": "Tongeren"}, {"country": "Belgium", "subcountry": "Flanders", "geolabelid": 2785470, "label": "Tienen"}, {"country": "Belgium", "subcountry": "Flanders", "geolabelid": 2785476, "label": "Tielt"}, {"country": "Belgium", "subcountry": "Flanders", "geolabelid": 2785612, "label": "Tessenderlo"}, {"country": "Belgium", "subcountry": "Flanders", "geolabelid": 2785622, "label": "Tervuren"}, {"country": "Belgium", "subcountry": "Flanders", "geolabelid": 2785778, "label": "Temse"}, {"country": "Belgium", "subcountry": "Flanders", "geolabelid": 2786087, "label": "Stekene"}, {"country": "Belgium", "subcountry": "Flanders", "geolabelid": 2786229, "label": "Stabroek"}, {"country": "Belgium", "subcountry": "Wallonia", "geolabelid": 2786344, "label": "Soumagne"}, {"country": "Belgium", "subcountry": "Wallonia", "geolabelid": 2786420, "label": "Soignies"}, {"country": "Belgium", "subcountry": "Flanders", "geolabelid": 2786545, "label": "Sint-Truiden"}, {"country": "Belgium", "subcountry": "Flanders", "geolabelid": 2786559, "label": "Sint-Pieters-Leeuw"}, {"country": "Belgium", "subcountry": "Flanders", "geolabelid": 2786578, "label": "Sint-Niklaas"}, {"country": "Belgium", "subcountry": "Flanders", "geolabelid": 2786634, "label": "Sint-Kruis"}, {"country": "Belgium", "subcountry": "Flanders", "geolabelid": 2786641, "label": "Sint-Katelijne-Waver"}, {"country": "Belgium", "subcountry": "Flanders", "geolabelid": 2786694, "label": "Sint-Gillis-Waas"}, {"country": "Belgium", "subcountry": "Flanders", "geolabelid": 2786700, "label": "Sint-Genesius-Rode"}, {"country": "Belgium", "subcountry": "Wallonia", "geolabelid": 2786824, "label": "Seraing"}, {"country": "Belgium", "subcountry": "Flanders", "geolabelid": 2786963, "label": "Schoten"}, {"country": "Belgium", "subcountry": "Flanders", "geolabelid": 2787048, "label": "Schilde"}, {"country": "Belgium", "subcountry": "Wallonia", "geolabelid": 2787356, "label": "Saint-Nicolas"}, {"country": "Belgium", "subcountry": "Wallonia", "geolabelid": 2787416, "label": "Saint-Ghislain"}, {"country": "Belgium", "subcountry": "Flanders", "geolabelid": 2787662, "label": "Rotselaar"}, {"country": "Belgium", "subcountry": "Flanders", "geolabelid": 2787769, "label": "Ronse"}, {"country": "Belgium", "subcountry": "Flanders", "geolabelid": 2787889, "label": "Roeselare"}, {"country": "Belgium", "subcountry": "Wallonia", "geolabelid": 2787989, "label": "Rixensart"}, {"country": "Belgium", "subcountry": "Flanders", "geolabelid": 2788088, "label": "Riemst"}, {"country": "Belgium", "subcountry": "Flanders", "geolabelid": 2788348, "label": "Ranst"}, {"country": "Belgium", "subcountry": "Wallonia", "geolabelid": 2788499, "label": "Quaregnon"}, {"country": "Belgium", "subcountry": "Flanders", "geolabelid": 2788506, "label": "Puurs"}, {"country": "Belgium", "subcountry": "Flanders", "geolabelid": 2788521, "label": "Putte"}, {"country": "Belgium", "subcountry": "Flanders", "geolabelid": 2788726, "label": "Poperinge"}, {"country": "Belgium", "subcountry": "Wallonia", "geolabelid": 2788765, "label": "Pont-\u00e0-Celles"}, {"country": "Belgium", "subcountry": "Wallonia", "geolabelid": 2789162, "label": "P\u00e9ruwelz"}, {"country": "Belgium", "subcountry": "Flanders", "geolabelid": 2789232, "label": "Peer"}, {"country": "Belgium", "subcountry": "Flanders", "geolabelid": 2789413, "label": "Overijse"}, {"country": "Belgium", "subcountry": "Wallonia", "geolabelid": 2789471, "label": "Oupeye"}, {"country": "Belgium", "subcountry": "Flanders", "geolabelid": 2789529, "label": "Oudenaarde"}, {"country": "Belgium", "subcountry": "Flanders", "geolabelid": 2789751, "label": "Oostkamp"}, {"country": "Belgium", "subcountry": "Flanders", "geolabelid": 2789786, "label": "Ostend"}, {"country": "Belgium", "subcountry": "Wallonia", "geolabelid": 2790101, "label": "Nivelles"}, {"country": "Belgium", "subcountry": "Flanders", "geolabelid": 2790114, "label": "Ninove"}, {"country": "Belgium", "subcountry": "Flanders", "geolabelid": 2790135, "label": "Nijlen"}, {"country": "Belgium", "subcountry": "Flanders", "geolabelid": 2790357, "label": "Neerpelt"}, {"country": "Belgium", "subcountry": "Wallonia", "geolabelid": 2790471, "label": "Namur"}, {"country": "Belgium", "subcountry": "Wallonia", "geolabelid": 2790595, "label": "Mouscron"}, {"country": "Belgium", "subcountry": "Flanders", "geolabelid": 2790676, "label": "Mortsel"}, {"country": "Belgium", "subcountry": "Wallonia", "geolabelid": 2790697, "label": "Morlanwelz-Mariemont"}, {"country": "Belgium", "subcountry": "Wallonia", "geolabelid": 2790869, "label": "Mons"}, {"country": "Belgium", "subcountry": "Flanders", "geolabelid": 2791067, "label": "Mol"}, {"country": "Belgium", "subcountry": "Flanders", "geolabelid": 2791194, "label": "Middelkerke"}, {"country": "Belgium", "subcountry": "Flanders", "geolabelid": 2791315, "label": "Merelbeke"}, {"country": "Belgium", "subcountry": "Flanders", "geolabelid": 2791343, "label": "Menen"}, {"country": "Belgium", "subcountry": "Flanders", "geolabelid": 2791424, "label": "Meise"}, {"country": "Belgium", "subcountry": "Flanders", "geolabelid": 2791537, "label": "Mechelen"}, {"country": "Belgium", "subcountry": "Wallonia", "geolabelid": 2791744, "label": "Marche-en-Famenne"}, {"country": "Belgium", "subcountry": "Wallonia", "geolabelid": 2791814, "label": "Manage"}, {"country": "Belgium", "subcountry": "Flanders", "geolabelid": 2791857, "label": "Maldegem"}, {"country": "Belgium", "subcountry": "Flanders", "geolabelid": 2791961, "label": "Maasmechelen"}, {"country": "Belgium", "subcountry": "Flanders", "geolabelid": 2791964, "label": "Maaseik"}, {"country": "Belgium", "subcountry": "Wallonia", "geolabelid": 2792073, "label": "Louvain-la-Neuve"}, {"country": "Belgium", "subcountry": "Flanders", "geolabelid": 2792165, "label": "Londerzeel"}, {"country": "Belgium", "subcountry": "Flanders", "geolabelid": 2792179, "label": "Lommel"}, {"country": "Belgium", "subcountry": "Flanders", "geolabelid": 2792196, "label": "Lokeren"}, {"country": "Belgium", "subcountry": "Flanders", "geolabelid": 2792235, "label": "Lochristi"}, {"country": "Belgium", "subcountry": "Flanders", "geolabelid": 2792360, "label": "Lille"}, {"country": "Belgium", "subcountry": "Flanders", "geolabelid": 2792397, "label": "Lier"}, {"country": "Belgium", "subcountry": "Wallonia", "geolabelid": 2792413, "label": "Li\u00e8ge"}, {"country": "Belgium", "subcountry": "Flanders", "geolabelid": 2792482, "label": "Leuven"}, {"country": "Belgium", "subcountry": "Wallonia", "geolabelid": 2792567, "label": "Lessines"}, {"country": "Belgium", "subcountry": "Flanders", "geolabelid": 2793077, "label": "Lede"}, {"country": "Belgium", "subcountry": "Flanders", "geolabelid": 2793144, "label": "Lebbeke"}, {"country": "Belgium", "subcountry": "Flanders", "geolabelid": 2793446, "label": "Lanaken"}, {"country": "Belgium", "subcountry": "Wallonia", "geolabelid": 2793508, "label": "La Louvi\u00e8re"}, {"country": "Belgium", "subcountry": "Flanders", "geolabelid": 2794055, "label": "Kortrijk"}, {"country": "Belgium", "subcountry": "Flanders", "geolabelid": 2794070, "label": "Kortenberg"}, {"country": "Belgium", "subcountry": "Flanders", "geolabelid": 2794117, "label": "Kontich"}, {"country": "Belgium", "subcountry": "Flanders", "geolabelid": 2794166, "label": "Koksijde"}, {"country": "Belgium", "subcountry": "Flanders", "geolabelid": 2794210, "label": "Knokke-Heist"}, {"country": "Belgium", "subcountry": "Flanders", "geolabelid": 2794663, "label": "Kasterlee"}, {"country": "Belgium", "subcountry": "Flanders", "geolabelid": 2794730, "label": "Kapellen"}, {"country": "Belgium", "subcountry": "Flanders", "geolabelid": 2794788, "label": "Kalmthout"}, {"country": "Belgium", "subcountry": "Flanders", "geolabelid": 2795009, "label": "Izegem"}, {"country": "Belgium", "subcountry": "Flanders", "geolabelid": 2795100, "label": "Ieper"}, {"country": "Belgium", "subcountry": "Wallonia", "geolabelid": 2795113, "label": "Huy"}, {"country": "Belgium", "subcountry": "Flanders", "geolabelid": 2795261, "label": "Houthalen"}, {"country": "Belgium", "subcountry": "Flanders", "geolabelid": 2795398, "label": "Hoogstraten"}, {"country": "Belgium", "subcountry": "Flanders", "geolabelid": 2795730, "label": "Hoboken"}, {"country": "Belgium", "subcountry": "Flanders", "geolabelid": 2795800, "label": "Heusden"}, {"country": "Belgium", "subcountry": "Flanders", "geolabelid": 2795908, "label": "Herzele"}, {"country": "Belgium", "subcountry": "Wallonia", "geolabelid": 2795912, "label": "Herve"}, {"country": "Belgium", "subcountry": "Wallonia", "geolabelid": 2795930, "label": "Herstal"}, {"country": "Belgium", "subcountry": "Flanders", "geolabelid": 2796009, "label": "Herentals"}, {"country": "Belgium", "subcountry": "Flanders", "geolabelid": 2796012, "label": "Herent"}, {"country": "Belgium", "subcountry": "Flanders", "geolabelid": 2796132, "label": "Helchteren"}, {"country": "Belgium", "subcountry": "Flanders", "geolabelid": 2796153, "label": "Heist-op-den-Berg"}, {"country": "Belgium", "subcountry": "Flanders", "geolabelid": 2796491, "label": "Hasselt"}, {"country": "Belgium", "subcountry": "Flanders", "geolabelid": 2796542, "label": "Harelbeke"}, {"country": "Belgium", "subcountry": "Flanders", "geolabelid": 2796637, "label": "Hamme"}, {"country": "Belgium", "subcountry": "Flanders", "geolabelid": 2796696, "label": "Halle"}, {"country": "Belgium", "subcountry": "Flanders", "geolabelid": 2796833, "label": "Haaltert"}, {"country": "Belgium", "subcountry": "Flanders", "geolabelid": 2797114, "label": "Grimbergen"}, {"country": "Belgium", "subcountry": "Flanders", "geolabelid": 2797638, "label": "Geraardsbergen"}, {"country": "Belgium", "subcountry": "Flanders", "geolabelid": 2797656, "label": "Gent"}, {"country": "Belgium", "subcountry": "Flanders", "geolabelid": 2797670, "label": "Genk"}, {"country": "Belgium", "subcountry": "Wallonia", "geolabelid": 2797713, "label": "Gembloux"}, {"country": "Belgium", "subcountry": "Flanders", "geolabelid": 2797779, "label": "Geel"}, {"country": "Belgium", "subcountry": "Wallonia", "geolabelid": 2798023, "label": "Frameries"}, {"country": "Belgium", "subcountry": "Wallonia", "geolabelid": 2798297, "label": "Fleurus"}, {"country": "Belgium", "subcountry": "Wallonia", "geolabelid": 2798301, "label": "Fl\u00e9ron"}, {"country": "Belgium", "subcountry": "Wallonia", "geolabelid": 2798307, "label": "Fl\u00e9malle-Haute"}, {"country": "Belgium", "subcountry": "Flanders", "geolabelid": 2798551, "label": "Evergem"}, {"country": "Belgium", "subcountry": "Wallonia", "geolabelid": 2798573, "label": "Eupen"}, {"country": "Belgium", "subcountry": "Flanders", "geolabelid": 2798615, "label": "Essen"}, {"country": "Belgium", "subcountry": "Flanders", "geolabelid": 2798987, "label": "Eeklo"}, {"country": "Belgium", "subcountry": "Flanders", "geolabelid": 2799007, "label": "Edegem"}, {"country": "Belgium", "subcountry": "Flanders", "geolabelid": 2799090, "label": "Duffel"}, {"country": "Belgium", "subcountry": "Wallonia", "geolabelid": 2799226, "label": "Dour"}, {"country": "Belgium", "subcountry": "Flanders", "geolabelid": 2799365, "label": "Dilbeek"}, {"country": "Belgium", "subcountry": "Flanders", "geolabelid": 2799369, "label": "Diksmuide"}, {"country": "Belgium", "subcountry": "Flanders", "geolabelid": 2799397, "label": "Diest"}, {"country": "Belgium", "subcountry": "Flanders", "geolabelid": 2799412, "label": "Diepenbeek"}, {"country": "Belgium", "subcountry": "Flanders", "geolabelid": 2799496, "label": "Destelbergen"}, {"country": "Belgium", "subcountry": "Flanders", "geolabelid": 2799645, "label": "Dendermonde"}, {"country": "Belgium", "subcountry": "Flanders", "geolabelid": 2799647, "label": "Denderleeuw"}, {"country": "Belgium", "subcountry": "Flanders", "geolabelid": 2799746, "label": "Deinze"}, {"country": "Belgium", "subcountry": "Wallonia", "geolabelid": 2800063, "label": "Courcelles"}, {"country": "Belgium", "subcountry": "Wallonia", "geolabelid": 2800220, "label": "Colfontaine"}, {"country": "Belgium", "subcountry": "Wallonia", "geolabelid": 2800438, "label": "Chaudfontaine"}, {"country": "Belgium", "subcountry": "Wallonia", "geolabelid": 2800448, "label": "Ch\u00e2telet"}, {"country": "Belgium", "subcountry": "Wallonia", "geolabelid": 2800461, "label": "Chasse Royale"}, {"country": "Belgium", "subcountry": "Wallonia", "geolabelid": 2800481, "label": "Charleroi"}, {"country": "Belgium", "subcountry": "Brussels Capital", "geolabelid": 2800866, "label": "Brussels"}, {"country": "Belgium", "subcountry": "Flanders", "geolabelid": 2800931, "label": "Brugge"}, {"country": "Belgium", "subcountry": "Flanders", "geolabelid": 2801106, "label": "Brecht"}, {"country": "Belgium", "subcountry": "Flanders", "geolabelid": 2801117, "label": "Brasschaat"}, {"country": "Belgium", "subcountry": "Wallonia", "geolabelid": 2801150, "label": "Braine-le-Comte"}, {"country": "Belgium", "subcountry": "Wallonia", "geolabelid": 2801154, "label": "Braine-l'Alleud"}, {"country": "Belgium", "subcountry": "Wallonia", "geolabelid": 2801226, "label": "Boussu"}, {"country": "Belgium", "subcountry": "Flanders", "geolabelid": 2801447, "label": "Bornem"}, {"country": "Belgium", "subcountry": "Flanders", "geolabelid": 2801494, "label": "Boom"}, {"country": "Belgium", "subcountry": "Flanders", "geolabelid": 2801858, "label": "Blankenberge"}, {"country": "Belgium", "subcountry": "Wallonia", "geolabelid": 2801922, "label": "Binche"}, {"country": "Belgium", "subcountry": "Flanders", "geolabelid": 2801924, "label": "Bilzen"}, {"country": "Belgium", "subcountry": "Flanders", "geolabelid": 2802031, "label": "Beveren"}, {"country": "Belgium", "subcountry": "Flanders", "geolabelid": 2802170, "label": "Beringen"}, {"country": "Belgium", "subcountry": "Flanders", "geolabelid": 2802433, "label": "Beersel"}, {"country": "Belgium", "subcountry": "Flanders", "geolabelid": 2802435, "label": "Beerse"}, {"country": "Belgium", "subcountry": "Flanders", "geolabelid": 2802743, "label": "Balen"}, {"country": "Belgium", "subcountry": "Wallonia", "geolabelid": 2803010, "label": "Ath"}, {"country": "Belgium", "subcountry": "Flanders", "geolabelid": 2803033, "label": "Asse"}, {"country": "Belgium", "subcountry": "Wallonia", "geolabelid": 2803073, "label": "Arlon"}, {"country": "Belgium", "subcountry": "Flanders", "geolabelid": 2803138, "label": "Antwerpen"}, {"country": "Belgium", "subcountry": "Wallonia", "geolabelid": 2803160, "label": "Ans"}, {"country": "Belgium", "subcountry": "Wallonia", "geolabelid": 2803204, "label": "Andenne"}, {"country": "Belgium", "subcountry": "Flanders", "geolabelid": 2803429, "label": "Aarschot"}, {"country": "Belgium", "subcountry": "Flanders", "geolabelid": 2803443, "label": "Aalter"}, {"country": "Belgium", "subcountry": "Flanders", "geolabelid": 2803448, "label": "Aalst"}]