[{"country": "Iraq", "subcountry": "Dah\u016bk", "geolabelid": 89570, "label": "Zaxo"}, {"country": "Iraq", "subcountry": "Basra Governorate", "geolabelid": 89824, "label": "Umm Qa\u015fr"}, {"country": "Iraq", "subcountry": "Salah ad Din Governorate", "geolabelid": 90026, "label": "Tozkhurmato"}, {"country": "Iraq", "subcountry": "Salah ad Din Governorate", "geolabelid": 90150, "label": "Tikr\u012bt"}, {"country": "Iraq", "subcountry": "N\u012bnaw\u00e1", "geolabelid": 90353, "label": "Tallkayf"}, {"country": "Iraq", "subcountry": "Dah\u016bk", "geolabelid": 90708, "label": "S\u012bnah"}, {"country": "Iraq", "subcountry": "Salah ad Din Governorate", "geolabelid": 91597, "label": "S\u0101marr\u0101\u2019"}, {"country": "Iraq", "subcountry": "B\u0101bil", "geolabelid": 91812, "label": "N\u0101\u1e29\u012byat Saddat al Hind\u012byah"}, {"country": "Iraq", "subcountry": "Arb\u012bl", "geolabelid": 92002, "label": "Ruw\u0101ndiz"}, {"country": "Iraq", "subcountry": "Anbar", "geolabelid": 92004, "label": "R\u0101wah"}, {"country": "Iraq", "subcountry": "N\u012bnaw\u00e1", "geolabelid": 92430, "label": "Al-Hamdaniya"}, {"country": "Iraq", "subcountry": "Diy\u0101l\u00e1", "geolabelid": 93709, "label": "Mandal\u012b"}, {"country": "Iraq", "subcountry": "Arb\u012bl", "geolabelid": 94220, "label": "Koysinceq"}, {"country": "Iraq", "subcountry": "Diy\u0101l\u00e1", "geolabelid": 94298, "label": "Kifr\u012b"}, {"country": "Iraq", "subcountry": "At Ta\u02bcm\u012bm", "geolabelid": 94787, "label": "Kirkuk"}, {"country": "Iraq", "subcountry": "Karbal\u0101\u02bc", "geolabelid": 94824, "label": "Karbala"}, {"country": "Iraq", "subcountry": "Arb\u012bl", "geolabelid": 95446, "label": "Erbil"}, {"country": "Iraq", "subcountry": "Anbar", "geolabelid": 95788, "label": "H\u012bt"}, {"country": "Iraq", "subcountry": "As Sulaym\u0101n\u012byah", "geolabelid": 96205, "label": "\u1e28alabjah"}, {"country": "Iraq", "subcountry": "Anbar", "geolabelid": 96309, "label": "\u1e28ad\u012bthah"}, {"country": "Iraq", "subcountry": "Dah\u016bk", "geolabelid": 96994, "label": "Dihok"}, {"country": "Iraq", "subcountry": "As Sulaym\u0101n\u012byah", "geolabelid": 97417, "label": "Jamjam\u0101l"}, {"country": "Iraq", "subcountry": "Salah ad Din Governorate", "geolabelid": 97783, "label": "Bayj\u012b"}, {"country": "Iraq", "subcountry": "Diy\u0101l\u00e1", "geolabelid": 97990, "label": "Baqubah"}, {"country": "Iraq", "subcountry": "As Sulaym\u0101n\u012byah", "geolabelid": 98012, "label": "Baynjiwayn"}, {"country": "Iraq", "subcountry": "Salah ad Din Governorate", "geolabelid": 98112, "label": "Balad"}, {"country": "Iraq", "subcountry": "Mayorality of Baghdad", "geolabelid": 98182, "label": "Baghdad"}, {"country": "Iraq", "subcountry": "Basra Governorate", "geolabelid": 98245, "label": "Az Zubayr"}, {"country": "Iraq", "subcountry": "W\u0101si\u0163", "geolabelid": 98459, "label": "A\u015f \u015euwayrah"}, {"country": "Iraq", "subcountry": "As Sulaym\u0101n\u012byah", "geolabelid": 98463, "label": "As Sulaym\u0101n\u012byah"}, {"country": "Iraq", "subcountry": "Al Muthann\u00e1", "geolabelid": 98530, "label": "As Samawah"}, {"country": "Iraq", "subcountry": "Al Q\u0101dis\u012byah", "geolabelid": 98589, "label": "N\u0101\u1e29iyat ash Shin\u0101f\u012byah"}, {"country": "Iraq", "subcountry": "Dhi Qar", "geolabelid": 98622, "label": "Ash Sha\u0163rah"}, {"country": "Iraq", "subcountry": "Al Q\u0101dis\u012byah", "geolabelid": 98629, "label": "Ash Sh\u0101m\u012byah"}, {"country": "Iraq", "subcountry": "Anbar", "geolabelid": 98677, "label": "Ar Ru\u0163bah"}, {"country": "Iraq", "subcountry": "Al Muthann\u00e1", "geolabelid": 98685, "label": "Ar Rumaythah"}, {"country": "Iraq", "subcountry": "Anbar", "geolabelid": 98717, "label": "Ramadi"}, {"country": "Iraq", "subcountry": "N\u012bnaw\u00e1", "geolabelid": 98822, "label": "\u2018Aqrah"}, {"country": "Iraq", "subcountry": "Dhi Qar", "geolabelid": 98854, "label": "An N\u0101\u015fir\u012byah"}, {"country": "Iraq", "subcountry": "An Najaf", "geolabelid": 98860, "label": "Najaf"}, {"country": "Iraq", "subcountry": "Anbar", "geolabelid": 98885, "label": "\u2018Anat al Qad\u012bmah"}, {"country": "Iraq", "subcountry": "B\u0101bil", "geolabelid": 99010, "label": "Imam Qasim"}, {"country": "Iraq", "subcountry": "B\u0101bil", "geolabelid": 99039, "label": "Al Musayyib"}, {"country": "Iraq", "subcountry": "An Najaf", "geolabelid": 99060, "label": "Al Mishkh\u0101b"}, {"country": "Iraq", "subcountry": "Diy\u0101l\u00e1", "geolabelid": 99062, "label": "Al Miqd\u0101d\u012byah"}, {"country": "Iraq", "subcountry": "N\u012bnaw\u00e1", "geolabelid": 99071, "label": "Al Maw\u015fil al Jad\u012bdah"}, {"country": "Iraq", "subcountry": "N\u012bnaw\u00e1", "geolabelid": 99072, "label": "Mosul"}, {"country": "Iraq", "subcountry": "W\u0101si\u0163", "geolabelid": 99131, "label": "Al K\u016bt"}, {"country": "Iraq", "subcountry": "An Najaf", "geolabelid": 99135, "label": "Kufa"}, {"country": "Iraq", "subcountry": "Diy\u0101l\u00e1", "geolabelid": 99169, "label": "Kh\u0101li\u015f"}, {"country": "Iraq", "subcountry": "Maysan", "geolabelid": 99306, "label": "\u2018Al\u012b al Gharb\u012b"}, {"country": "Iraq", "subcountry": "Karbal\u0101\u02bc", "geolabelid": 99344, "label": "Al Hind\u012byah"}, {"country": "Iraq", "subcountry": "B\u0101bil", "geolabelid": 99347, "label": "Al \u1e28illah"}, {"country": "Iraq", "subcountry": "W\u0101si\u0163", "geolabelid": 99350, "label": "Al \u1e28ayy"}, {"country": "Iraq", "subcountry": "Basra Governorate", "geolabelid": 99369, "label": "Al H\u0101rithah"}, {"country": "Iraq", "subcountry": "Al Q\u0101dis\u012byah", "geolabelid": 99434, "label": "Nahiyat Ghammas"}, {"country": "Iraq", "subcountry": "Dhi Qar", "geolabelid": 99439, "label": "N\u0101\u1e29iyat al Fuh\u016bd"}, {"country": "Iraq", "subcountry": "Basra Governorate", "geolabelid": 99446, "label": "Al F\u0101w"}, {"country": "Iraq", "subcountry": "Anbar", "geolabelid": 99454, "label": "Al Fall\u016bjah"}, {"country": "Iraq", "subcountry": "Basra Governorate", "geolabelid": 99532, "label": "Basrah"}, {"country": "Iraq", "subcountry": "W\u0101si\u0163", "geolabelid": 99548, "label": "Al \u2018Az\u012bz\u012byah"}, {"country": "Iraq", "subcountry": "Maysan", "geolabelid": 99608, "label": "Al \u2018Am\u0101rah"}, {"country": "Iraq", "subcountry": "Al Q\u0101dis\u012byah", "geolabelid": 99738, "label": "\u2018Afak"}, {"country": "Iraq", "subcountry": "Salah ad Din Governorate", "geolabelid": 99759, "label": "Ad Dujayl"}, {"country": "Iraq", "subcountry": "Al Q\u0101dis\u012byah", "geolabelid": 99762, "label": "Ad D\u012bw\u0101n\u012byah"}, {"country": "Iraq", "subcountry": "Mayorality of Baghdad", "geolabelid": 100077, "label": "Ab\u016b Ghurayb"}, {"country": "Iraq", "subcountry": "Basra Governorate", "geolabelid": 388349, "label": "Al Ba\u015frah al Qad\u012bmah"}, {"country": "Iraq", "subcountry": "N\u012bnaw\u00e1", "geolabelid": 448149, "label": "Sinj\u0101r"}]