[{"country": "South Africa", "subcountry": "Gauteng", "geolabelid": 936374, "label": "Roodepoort"}, {"country": "South Africa", "subcountry": "North-West", "geolabelid": 937136, "label": "Zeerust"}, {"country": "South Africa", "subcountry": "North-West", "geolabelid": 938457, "label": "Wolmaransstad"}, {"country": "South Africa", "subcountry": "Mpumalanga", "geolabelid": 938694, "label": "White River"}, {"country": "South Africa", "subcountry": "Mpumalanga", "geolabelid": 939270, "label": "Witbank"}, {"country": "South Africa", "subcountry": "Gauteng", "geolabelid": 940316, "label": "Westonaria"}, {"country": "South Africa", "subcountry": "Orange Free State", "geolabelid": 940424, "label": "Wesselsbron"}, {"country": "South Africa", "subcountry": "Orange Free State", "geolabelid": 940909, "label": "Welkom"}, {"country": "South Africa", "subcountry": "Northern Cape", "geolabelid": 941931, "label": "Warrenton"}, {"country": "South Africa", "subcountry": "Limpopo", "geolabelid": 941966, "label": "Warmbaths"}, {"country": "South Africa", "subcountry": "KwaZulu-Natal", "geolabelid": 942470, "label": "Vryheid"}, {"country": "South Africa", "subcountry": "North-West", "geolabelid": 942511, "label": "Vryburg"}, {"country": "South Africa", "subcountry": "Mpumalanga", "geolabelid": 943032, "label": "Volksrust"}, {"country": "South Africa", "subcountry": "Orange Free State", "geolabelid": 943882, "label": "Virginia"}, {"country": "South Africa", "subcountry": "Orange Free State", "geolabelid": 943960, "label": "Viljoenskroon"}, {"country": "South Africa", "subcountry": "Gauteng", "geolabelid": 944385, "label": "Vereeniging"}, {"country": "South Africa", "subcountry": "Gauteng", "geolabelid": 944986, "label": "Vanderbijlpark"}, {"country": "South Africa", "subcountry": "Northern Cape", "geolabelid": 945945, "label": "Upington"}, {"country": "South Africa", "subcountry": "Eastern Cape", "geolabelid": 946058, "label": "Mthatha"}, {"country": "South Africa", "subcountry": "KwaZulu-Natal", "geolabelid": 946128, "label": "Umkomaas"}, {"country": "South Africa", "subcountry": "KwaZulu-Natal", "geolabelid": 946257, "label": "Ulundi"}, {"country": "South Africa", "subcountry": "Eastern Cape", "geolabelid": 946877, "label": "Uitenhage"}, {"country": "South Africa", "subcountry": "Limpopo", "geolabelid": 946973, "label": "Tzaneen"}, {"country": "South Africa", "subcountry": "Limpopo", "geolabelid": 949224, "label": "Thohoyandou"}, {"country": "South Africa", "subcountry": "Orange Free State", "geolabelid": 949282, "label": "Theunissen"}, {"country": "South Africa", "subcountry": "Orange Free State", "geolabelid": 949703, "label": "Thaba Nchu"}, {"country": "South Africa", "subcountry": "Gauteng", "geolabelid": 949880, "label": "Tembisa"}, {"country": "South Africa", "subcountry": "Eastern Cape", "geolabelid": 951650, "label": "Stutterheim"}, {"country": "South Africa", "subcountry": "North-West", "geolabelid": 952192, "label": "Stilfontein"}, {"country": "South Africa", "subcountry": "KwaZulu-Natal", "geolabelid": 952734, "label": "Stanger"}, {"country": "South Africa", "subcountry": "Mpumalanga", "geolabelid": 952747, "label": "Standerton"}, {"country": "South Africa", "subcountry": "Gauteng", "geolabelid": 952865, "label": "Springs"}, {"country": "South Africa", "subcountry": "Gauteng", "geolabelid": 953781, "label": "Soweto"}, {"country": "South Africa", "subcountry": "Eastern Cape", "geolabelid": 954161, "label": "Somerset East"}, {"country": "South Africa", "subcountry": "Mpumalanga", "geolabelid": 955313, "label": "Siyabuswa"}, {"country": "South Africa", "subcountry": "Orange Free State", "geolabelid": 956507, "label": "Senekal"}, {"country": "South Africa", "subcountry": "Mpumalanga", "geolabelid": 956767, "label": "Secunda"}, {"country": "South Africa", "subcountry": "KwaZulu-Natal", "geolabelid": 956878, "label": "Scottburgh"}, {"country": "South Africa", "subcountry": "North-West", "geolabelid": 956907, "label": "Schweizer-Reneke"}, {"country": "South Africa", "subcountry": "Orange Free State", "geolabelid": 957487, "label": "Sasolburg"}, {"country": "South Africa", "subcountry": "North-West", "geolabelid": 958724, "label": "Rustenburg"}, {"country": "South Africa", "subcountry": "KwaZulu-Natal", "geolabelid": 962330, "label": "Richmond"}, {"country": "South Africa", "subcountry": "KwaZulu-Natal", "geolabelid": 962367, "label": "Richards Bay"}, {"country": "South Africa", "subcountry": "Orange Free State", "geolabelid": 962847, "label": "Reitz"}, {"country": "South Africa", "subcountry": "Gauteng", "geolabelid": 963230, "label": "Randfontein"}, {"country": "South Africa", "subcountry": "Eastern Cape", "geolabelid": 963516, "label": "Queenstown"}, {"country": "South Africa", "subcountry": "Eastern Cape", "geolabelid": 963525, "label": "Queensdale"}, {"country": "South Africa", "subcountry": "Gauteng", "geolabelid": 964137, "label": "Pretoria"}, {"country": "South Africa", "subcountry": "Limpopo", "geolabelid": 964315, "label": "Mokopane"}, {"country": "South Africa", "subcountry": "North-West", "geolabelid": 964349, "label": "Potchefstroom"}, {"country": "South Africa", "subcountry": "KwaZulu-Natal", "geolabelid": 964406, "label": "Port Shepstone"}, {"country": "South Africa", "subcountry": "Eastern Cape", "geolabelid": 964420, "label": "Port Elizabeth"}, {"country": "South Africa", "subcountry": "Eastern Cape", "geolabelid": 964432, "label": "Port Alfred"}, {"country": "South Africa", "subcountry": "Western Cape", "geolabelid": 964712, "label": "Plettenberg Bay"}, {"country": "South Africa", "subcountry": "Mpumalanga", "geolabelid": 965241, "label": "Piet Retief"}, {"country": "South Africa", "subcountry": "Limpopo", "geolabelid": 965289, "label": "Polokwane"}, {"country": "South Africa", "subcountry": "KwaZulu-Natal", "geolabelid": 965301, "label": "Pietermaritzburg"}, {"country": "South Africa", "subcountry": "Orange Free State", "geolabelid": 965401, "label": "Phuthaditjhaba"}, {"country": "South Africa", "subcountry": "Limpopo", "geolabelid": 965528, "label": "Phalaborwa"}, {"country": "South Africa", "subcountry": "Orange Free State", "geolabelid": 966166, "label": "Parys"}, {"country": "South Africa", "subcountry": "North-West", "geolabelid": 966380, "label": "Pampierstad"}, {"country": "South Africa", "subcountry": "Western Cape", "geolabelid": 967106, "label": "Oudtshoorn"}, {"country": "South Africa", "subcountry": "North-West", "geolabelid": 967476, "label": "Orkney"}, {"country": "South Africa", "subcountry": "Limpopo", "geolabelid": 968665, "label": "Modimolle"}, {"country": "South Africa", "subcountry": "Limpopo", "geolabelid": 970341, "label": "Nkowakowa"}, {"country": "South Africa", "subcountry": "Gauteng", "geolabelid": 970566, "label": "Nigel"}, {"country": "South Africa", "subcountry": "KwaZulu-Natal", "geolabelid": 971421, "label": "Newcastle"}, {"country": "South Africa", "subcountry": "Mpumalanga", "geolabelid": 971534, "label": "Nelspruit"}, {"country": "South Africa", "subcountry": "KwaZulu-Natal", "geolabelid": 973111, "label": "Mpumalanga"}, {"country": "South Africa", "subcountry": "KwaZulu-Natal", "geolabelid": 973139, "label": "Mpophomeni"}, {"country": "South Africa", "subcountry": "Western Cape", "geolabelid": 973709, "label": "Mossel Bay"}, {"country": "South Africa", "subcountry": "KwaZulu-Natal", "geolabelid": 974670, "label": "Mondlo"}, {"country": "South Africa", "subcountry": "North-West", "geolabelid": 975436, "label": "Mmabatho"}, {"country": "South Africa", "subcountry": "Eastern Cape", "geolabelid": 976358, "label": "Middelburg"}, {"country": "South Africa", "subcountry": "Mpumalanga", "geolabelid": 976361, "label": "Middelburg"}, {"country": "South Africa", "subcountry": "Limpopo", "geolabelid": 976885, "label": "Messina"}, {"country": "South Africa", "subcountry": "KwaZulu-Natal", "geolabelid": 978895, "label": "Margate"}, {"country": "South Africa", "subcountry": "Gauteng", "geolabelid": 980921, "label": "Mabopane"}, {"country": "South Africa", "subcountry": "Mpumalanga", "geolabelid": 981158, "label": "Lydenburg"}, {"country": "South Africa", "subcountry": "Limpopo", "geolabelid": 981827, "label": "Louis Trichardt"}, {"country": "South Africa", "subcountry": "North-West", "geolabelid": 982899, "label": "Lichtenburg"}, {"country": "South Africa", "subcountry": "Limpopo", "geolabelid": 984087, "label": "Lebowakgomo"}, {"country": "South Africa", "subcountry": "Eastern Cape", "geolabelid": 985011, "label": "Lady Frere"}, {"country": "South Africa", "subcountry": "Orange Free State", "geolabelid": 985015, "label": "Ladybrand"}, {"country": "South Africa", "subcountry": "Orange Free State", "geolabelid": 986083, "label": "Kutloanong"}, {"country": "South Africa", "subcountry": "Eastern Cape", "geolabelid": 986717, "label": "Kruisfontein"}, {"country": "South Africa", "subcountry": "Gauteng", "geolabelid": 986822, "label": "Krugersdorp"}, {"country": "South Africa", "subcountry": "Orange Free State", "geolabelid": 986846, "label": "Kroonstad"}, {"country": "South Africa", "subcountry": "Mpumalanga", "geolabelid": 987202, "label": "Kriel"}, {"country": "South Africa", "subcountry": "Mpumalanga", "geolabelid": 988290, "label": "Komatipoort"}, {"country": "South Africa", "subcountry": "KwaZulu-Natal", "geolabelid": 988356, "label": "Kokstad"}, {"country": "South Africa", "subcountry": "Western Cape", "geolabelid": 988698, "label": "Knysna"}, {"country": "South Africa", "subcountry": "North-West", "geolabelid": 989921, "label": "Klerksdorp"}, {"country": "South Africa", "subcountry": "Northern Cape", "geolabelid": 990930, "label": "Kimberley"}, {"country": "South Africa", "subcountry": "Gauteng", "geolabelid": 993800, "label": "Johannesburg"}, {"country": "South Africa", "subcountry": "KwaZulu-Natal", "geolabelid": 995202, "label": "Howick"}, {"country": "South Africa", "subcountry": "Orange Free State", "geolabelid": 996918, "label": "Hennenman"}, {"country": "South Africa", "subcountry": "Mpumalanga", "geolabelid": 996930, "label": "Hendrina"}, {"country": "South Africa", "subcountry": "Orange Free State", "geolabelid": 997140, "label": "Heilbron"}, {"country": "South Africa", "subcountry": "Gauteng", "geolabelid": 997151, "label": "Heidelberg"}, {"country": "South Africa", "subcountry": "Orange Free State", "geolabelid": 997751, "label": "Harrismith"}, {"country": "South Africa", "subcountry": "Eastern Cape", "geolabelid": 1000501, "label": "Grahamstown"}, {"country": "South Africa", "subcountry": "Eastern Cape", "geolabelid": 1000543, "label": "Graaff-Reinet"}, {"country": "South Africa", "subcountry": "Limpopo", "geolabelid": 1001860, "label": "Giyani"}, {"country": "South Africa", "subcountry": "Western Cape", "geolabelid": 1002145, "label": "George"}, {"country": "South Africa", "subcountry": "North-West", "geolabelid": 1002851, "label": "Ga-Rankuwa"}, {"country": "South Africa", "subcountry": "Eastern Cape", "geolabelid": 1003953, "label": "Fort Beaufort"}, {"country": "South Africa", "subcountry": "North-West", "geolabelid": 1004109, "label": "Fochville"}, {"country": "South Africa", "subcountry": "KwaZulu-Natal", "geolabelid": 1005029, "label": "eSikhawini"}, {"country": "South Africa", "subcountry": "Mpumalanga", "geolabelid": 1005125, "label": "Ermelo"}, {"country": "South Africa", "subcountry": "KwaZulu-Natal", "geolabelid": 1005544, "label": "Empangeni"}, {"country": "South Africa", "subcountry": "Mpumalanga", "geolabelid": 1005646, "label": "eMbalenhle"}, {"country": "South Africa", "subcountry": "Eastern Cape", "geolabelid": 1006984, "label": "East London"}, {"country": "South Africa", "subcountry": "KwaZulu-Natal", "geolabelid": 1007311, "label": "Durban"}, {"country": "South Africa", "subcountry": "KwaZulu-Natal", "geolabelid": 1007400, "label": "Dundee"}, {"country": "South Africa", "subcountry": "Limpopo", "geolabelid": 1007514, "label": "Duiwelskloof"}, {"country": "South Africa", "subcountry": "Mpumalanga", "geolabelid": 1008261, "label": "Driefontein"}, {"country": "South Africa", "subcountry": "Mpumalanga", "geolabelid": 1011031, "label": "Delmas"}, {"country": "South Africa", "subcountry": "Northern Cape", "geolabelid": 1011632, "label": "De Aar"}, {"country": "South Africa", "subcountry": "Gauteng", "geolabelid": 1012413, "label": "Cullinan"}, {"country": "South Africa", "subcountry": "Eastern Cape", "geolabelid": 1012600, "label": "Cradock"}, {"country": "South Africa", "subcountry": "North-West", "geolabelid": 1013550, "label": "Christiana"}, {"country": "South Africa", "subcountry": "Gauteng", "geolabelid": 1014073, "label": "Carletonville"}, {"country": "South Africa", "subcountry": "Eastern Cape", "geolabelid": 1014489, "label": "Butterworth"}, {"country": "South Africa", "subcountry": "Gauteng", "geolabelid": 1015504, "label": "Bronkhorstspruit"}, {"country": "South Africa", "subcountry": "North-West", "geolabelid": 1015621, "label": "Brits"}, {"country": "South Africa", "subcountry": "Gauteng", "geolabelid": 1016181, "label": "Brakpan"}, {"country": "South Africa", "subcountry": "Orange Free State", "geolabelid": 1016670, "label": "Botshabelo"}, {"country": "South Africa", "subcountry": "Orange Free State", "geolabelid": 1016698, "label": "Bothaville"}, {"country": "South Africa", "subcountry": "Gauteng", "geolabelid": 1017780, "label": "Boksburg"}, {"country": "South Africa", "subcountry": "North-West", "geolabelid": 1018673, "label": "Bloemhof"}, {"country": "South Africa", "subcountry": "Orange Free State", "geolabelid": 1018725, "label": "Bloemfontein"}, {"country": "South Africa", "subcountry": "Eastern Cape", "geolabelid": 1019330, "label": "Bhisho"}, {"country": "South Africa", "subcountry": "Orange Free State", "geolabelid": 1019704, "label": "Bethlehem"}, {"country": "South Africa", "subcountry": "Mpumalanga", "geolabelid": 1019760, "label": "Bethal"}, {"country": "South Africa", "subcountry": "Gauteng", "geolabelid": 1020098, "label": "Benoni"}, {"country": "South Africa", "subcountry": "Western Cape", "geolabelid": 1020641, "label": "Beaufort West"}, {"country": "South Africa", "subcountry": "Mpumalanga", "geolabelid": 1021086, "label": "Barberton"}, {"country": "South Africa", "subcountry": "KwaZulu-Natal", "geolabelid": 1021360, "label": "Ballitoville"}, {"country": "South Africa", "subcountry": "Mpumalanga", "geolabelid": 1021396, "label": "Balfour"}, {"country": "South Africa", "subcountry": "Orange Free State", "geolabelid": 1023287, "label": "Allanridge"}, {"country": "South Africa", "subcountry": "Eastern Cape", "geolabelid": 1023309, "label": "Aliwal North"}, {"country": "South Africa", "subcountry": "Gauteng", "geolabelid": 1105726, "label": "Ekangala"}, {"country": "South Africa", "subcountry": "Gauteng", "geolabelid": 1105776, "label": "Midrand"}, {"country": "South Africa", "subcountry": "Gauteng", "geolabelid": 1105777, "label": "Centurion"}, {"country": "South Africa", "subcountry": "Western Cape", "geolabelid": 3359041, "label": "Worcester"}, {"country": "South Africa", "subcountry": "Western Cape", "geolabelid": 3361025, "label": "Stellenbosch"}, {"country": "South Africa", "subcountry": "Western Cape", "geolabelid": 3361934, "label": "Saldanha"}, {"country": "South Africa", "subcountry": "Western Cape", "geolabelid": 3363094, "label": "Paarl"}, {"country": "South Africa", "subcountry": "Western Cape", "geolabelid": 3364346, "label": "Malmesbury"}, {"country": "South Africa", "subcountry": "Western Cape", "geolabelid": 3364682, "label": "Lansdowne"}, {"country": "South Africa", "subcountry": "Western Cape", "geolabelid": 3365083, "label": "Kraaifontein"}, {"country": "South Africa", "subcountry": "Western Cape", "geolabelid": 3366880, "label": "Hermanus"}, {"country": "South Africa", "subcountry": "Western Cape", "geolabelid": 3367513, "label": "Grabouw"}, {"country": "South Africa", "subcountry": "Western Cape", "geolabelid": 3369129, "label": "Ceres"}, {"country": "South Africa", "subcountry": "Western Cape", "geolabelid": 3369157, "label": "Cape Town"}, {"country": "South Africa", "subcountry": "Western Cape", "geolabelid": 3370352, "label": "Atlantis"}, {"country": "South Africa", "subcountry": "Western Cape", "geolabelid": 7302802, "label": "Rondebosch"}, {"country": "South Africa", "subcountry": "Western Cape", "geolabelid": 8604596, "label": "Retreat"}, {"country": "South Africa", "subcountry": "Gauteng", "geolabelid": 8764562, "label": "Diepsloot"}]