[{"country": "South Sudan", "subcountry": "Central Equatoria", "geolabelid": 363619, "label": "Yei"}, {"country": "South Sudan", "subcountry": "Western Equatoria", "geolabelid": 363656, "label": "Yambio"}, {"country": "South Sudan", "subcountry": "Western Bahr al Ghazal", "geolabelid": 363885, "label": "Wau"}, {"country": "South Sudan", "subcountry": "Northern Bahr al Ghazal", "geolabelid": 364367, "label": "Aweil"}, {"country": "South Sudan", "subcountry": "Eastern Equatoria", "geolabelid": 365742, "label": "Torit"}, {"country": "South Sudan", "subcountry": "Warrap", "geolabelid": 365763, "label": "Tonj"}, {"country": "South Sudan", "subcountry": "Lakes", "geolabelid": 367927, "label": "Rumbek"}, {"country": "South Sudan", "subcountry": "Upper Nile", "geolabelid": 370737, "label": "Malakal"}, {"country": "South Sudan", "subcountry": "Central Equatoria", "geolabelid": 373303, "label": "Juba"}, {"country": "South Sudan", "subcountry": "Warrap", "geolabelid": 374739, "label": "Gogrial"}, {"country": "South Sudan", "subcountry": "Eastern Equatoria", "geolabelid": 375495, "label": "Pajok"}, {"country": "South Sudan", "subcountry": "Jonglei", "geolabelid": 377241, "label": "Bor"}]