[{"country": "Bolivia", "subcountry": "Tarija", "geolabelid": 3901178, "label": "Yacuiba"}, {"country": "Bolivia", "subcountry": "Santa Cruz", "geolabelid": 3901301, "label": "Warnes"}, {"country": "Bolivia", "subcountry": "Potos\u00ed", "geolabelid": 3901501, "label": "Villaz\u00f3n"}, {"country": "Bolivia", "subcountry": "Santa Cruz", "geolabelid": 3901504, "label": "Villa Yapacan\u00ed"}, {"country": "Bolivia", "subcountry": "Tarija", "geolabelid": 3901547, "label": "Villamontes"}, {"country": "Bolivia", "subcountry": "Potos\u00ed", "geolabelid": 3902202, "label": "Tupiza"}, {"country": "Bolivia", "subcountry": "El Beni", "geolabelid": 3902377, "label": "Trinidad"}, {"country": "Bolivia", "subcountry": "Tarija", "geolabelid": 3903320, "label": "Tarija"}, {"country": "Bolivia", "subcountry": "Chuquisaca", "geolabelid": 3903987, "label": "Sucre"}, {"country": "Bolivia", "subcountry": "Santa Cruz", "geolabelid": 3904666, "label": "Santiago del Torno"}, {"country": "Bolivia", "subcountry": "Santa Cruz", "geolabelid": 3904906, "label": "Santa Cruz de la Sierra"}, {"country": "Bolivia", "subcountry": "Santa Cruz", "geolabelid": 3905658, "label": "San Ignacio de Velasco"}, {"country": "Bolivia", "subcountry": "El Beni", "geolabelid": 3905792, "label": "San Borja"}, {"country": "Bolivia", "subcountry": "El Beni", "geolabelid": 3906466, "label": "Riberalta"}, {"country": "Bolivia", "subcountry": "Cochabamba", "geolabelid": 3907080, "label": "Punata"}, {"country": "Bolivia", "subcountry": "Potos\u00ed", "geolabelid": 3907584, "label": "Potos\u00ed"}, {"country": "Bolivia", "subcountry": "Oruro", "geolabelid": 3909234, "label": "Oruro"}, {"country": "Bolivia", "subcountry": "Santa Cruz", "geolabelid": 3910027, "label": "Montero"}, {"country": "Bolivia", "subcountry": "Cochabamba", "geolabelid": 3910291, "label": "Mizque"}, {"country": "Bolivia", "subcountry": "Potos\u00ed", "geolabelid": 3911409, "label": "Llallagua"}, {"country": "Bolivia", "subcountry": "La Paz", "geolabelid": 3911925, "label": "La Paz"}, {"country": "Bolivia", "subcountry": "Oruro", "geolabelid": 3914839, "label": "Huanuni"}, {"country": "Bolivia", "subcountry": "El Beni", "geolabelid": 3915350, "label": "Guayaramer\u00edn"}, {"country": "Bolivia", "subcountry": "Santa Cruz", "geolabelid": 3918937, "label": "Cotoca"}, {"country": "Bolivia", "subcountry": "Cochabamba", "geolabelid": 3919968, "label": "Cochabamba"}, {"country": "Bolivia", "subcountry": "Pando", "geolabelid": 3919998, "label": "Cobija"}, {"country": "Bolivia", "subcountry": "Santa Cruz", "geolabelid": 3922414, "label": "Camiri"}]