[{"country": "Kenya", "subcountry": "Bungoma", "geolabelid": 178202, "label": "Webuye"}, {"country": "Kenya", "subcountry": "Wajir", "geolabelid": 178443, "label": "Wajir"}, {"country": "Kenya", "subcountry": "Taita Taveta", "geolabelid": 178522, "label": "Voi"}, {"country": "Kenya", "subcountry": "Nairobi Area", "geolabelid": 179330, "label": "Thika"}, {"country": "Kenya", "subcountry": "Nakuru", "geolabelid": 181135, "label": "Rongai"}, {"country": "Kenya", "subcountry": "Nairobi Area", "geolabelid": 181501, "label": "Pumwani"}, {"country": "Kenya", "subcountry": "Nyeri", "geolabelid": 182701, "label": "Nyeri"}, {"country": "Kenya", "subcountry": "Laikipia", "geolabelid": 183027, "label": "Nyahururu"}, {"country": "Kenya", "subcountry": "Narok", "geolabelid": 184379, "label": "Narok"}, {"country": "Kenya", "subcountry": "Laikipia", "geolabelid": 184433, "label": "Nanyuki"}, {"country": "Kenya", "subcountry": "Nakuru", "geolabelid": 184622, "label": "Nakuru"}, {"country": "Kenya", "subcountry": "Nakuru", "geolabelid": 184707, "label": "Naivasha"}, {"country": "Kenya", "subcountry": "Nairobi Area", "geolabelid": 184745, "label": "Nairobi"}, {"country": "Kenya", "subcountry": "Kakamega", "geolabelid": 185702, "label": "Mumias"}, {"country": "Kenya", "subcountry": "Kisumu", "geolabelid": 185939, "label": "Muhoroni"}, {"country": "Kenya", "subcountry": "Marsabit", "geolabelid": 186180, "label": "Moyale"}, {"country": "Kenya", "subcountry": "Mombasa", "geolabelid": 186301, "label": "Mombasa"}, {"country": "Kenya", "subcountry": "Nakuru", "geolabelid": 186315, "label": "Molo"}, {"country": "Kenya", "subcountry": "Migori", "geolabelid": 186731, "label": "Migori"}, {"country": "Kenya", "subcountry": "Meru", "geolabelid": 186827, "label": "Meru"}, {"country": "Kenya", "subcountry": "Vihiga", "geolabelid": 187110, "label": "Mbale"}, {"country": "Kenya", "subcountry": "Marsabit", "geolabelid": 187585, "label": "Marsabit"}, {"country": "Kenya", "subcountry": "Samburu", "geolabelid": 187725, "label": "Maralal"}, {"country": "Kenya", "subcountry": "Mandera", "geolabelid": 187896, "label": "Mandera"}, {"country": "Kenya", "subcountry": "Kilifi", "geolabelid": 187968, "label": "Malindi"}, {"country": "Kenya", "subcountry": "Makueni", "geolabelid": 188080, "label": "Makueni"}, {"country": "Kenya", "subcountry": "Machakos", "geolabelid": 188492, "label": "Machakos"}, {"country": "Kenya", "subcountry": "Busia", "geolabelid": 188657, "label": "Lugulu"}, {"country": "Kenya", "subcountry": "Turkana", "geolabelid": 189280, "label": "Lodwar"}, {"country": "Kenya", "subcountry": "Lamu", "geolabelid": 189741, "label": "Lamu"}, {"country": "Kenya", "subcountry": "Kitui", "geolabelid": 191038, "label": "Kitui"}, {"country": "Kenya", "subcountry": "Trans Nzoia", "geolabelid": 191220, "label": "Kitale"}, {"country": "Kenya", "subcountry": "Kisumu", "geolabelid": 191245, "label": "Kisumu"}, {"country": "Kenya", "subcountry": "Kisii", "geolabelid": 191299, "label": "Kisii"}, {"country": "Kenya", "subcountry": "Kilifi", "geolabelid": 192067, "label": "Kilifi"}, {"country": "Kenya", "subcountry": "Kiambu", "geolabelid": 192710, "label": "Kiambu"}, {"country": "Kenya", "subcountry": "Kirinyaga", "geolabelid": 192859, "label": "Keruguya"}, {"country": "Kenya", "subcountry": "Kericho", "geolabelid": 192900, "label": "Kericho"}, {"country": "Kenya", "subcountry": "Murang'A", "geolabelid": 193627, "label": "Karuri"}, {"country": "Kenya", "subcountry": "West Pokot", "geolabelid": 194160, "label": "Kapenguria"}, {"country": "Kenya", "subcountry": "Kakamega", "geolabelid": 195272, "label": "Kakamega"}, {"country": "Kenya", "subcountry": "Baringo", "geolabelid": 195821, "label": "Kabarnet"}, {"country": "Kenya", "subcountry": "Isiolo", "geolabelid": 196231, "label": "Isiolo"}, {"country": "Kenya", "subcountry": "Homa Bay", "geolabelid": 196742, "label": "Homa Bay"}, {"country": "Kenya", "subcountry": "Garissa", "geolabelid": 197745, "label": "Garissa"}, {"country": "Kenya", "subcountry": "Embu", "geolabelid": 198476, "label": "Embu"}, {"country": "Kenya", "subcountry": "Uasin Gishu", "geolabelid": 198629, "label": "Eldoret"}, {"country": "Kenya", "subcountry": "Busia", "geolabelid": 199989, "label": "Busia"}, {"country": "Kenya", "subcountry": "Bungoma", "geolabelid": 200067, "label": "Bungoma"}, {"country": "Kenya", "subcountry": "Machakos", "geolabelid": 200787, "label": "Athi River"}, {"country": "Kenya", "subcountry": "Siaya", "geolabelid": 383388, "label": "Siaya"}, {"country": "Kenya", "subcountry": "Nyandarua", "geolabelid": 7931933, "label": "Ol Kalou"}]