[{"country": "Uruguay", "subcountry": "R\u00edo Negro", "geolabelid": 3439525, "label": "Young"}, {"country": "Uruguay", "subcountry": "Flores", "geolabelid": 3439748, "label": "Trinidad"}, {"country": "Uruguay", "subcountry": "Flores", "geolabelid": 3439749, "label": "Trinidad"}, {"country": "Uruguay", "subcountry": "Treinta y Tres", "geolabelid": 3439781, "label": "Treinta y Tres"}, {"country": "Uruguay", "subcountry": "Tacuaremb\u00f3", "geolabelid": 3440034, "label": "Tacuaremb\u00f3"}, {"country": "Uruguay", "subcountry": "Canelones", "geolabelid": 3440571, "label": "Santa Luc\u00eda"}, {"country": "Uruguay", "subcountry": "San Jos\u00e9", "geolabelid": 3440639, "label": "San Jos\u00e9 de Mayo"}, {"country": "Uruguay", "subcountry": "Maldonado", "geolabelid": 3440696, "label": "San Carlos"}, {"country": "Uruguay", "subcountry": "Salto", "geolabelid": 3440714, "label": "Salto"}, {"country": "Uruguay", "subcountry": "Rocha", "geolabelid": 3440777, "label": "Rocha"}, {"country": "Uruguay", "subcountry": "Rivera", "geolabelid": 3440781, "label": "Rivera"}, {"country": "Uruguay", "subcountry": "Canelones", "geolabelid": 3440963, "label": "Progreso"}, {"country": "Uruguay", "subcountry": "Paysand\u00fa", "geolabelid": 3441243, "label": "Paysand\u00fa"}, {"country": "Uruguay", "subcountry": "Canelones", "geolabelid": 3441292, "label": "Paso de Carrasco"}, {"country": "Uruguay", "subcountry": "Canelones", "geolabelid": 3441354, "label": "Pando"}, {"country": "Uruguay", "subcountry": "Montevideo", "geolabelid": 3441575, "label": "Montevideo"}, {"country": "Uruguay", "subcountry": "Lavalleja", "geolabelid": 3441665, "label": "Minas"}, {"country": "Uruguay", "subcountry": "Soriano", "geolabelid": 3441684, "label": "Mercedes"}, {"country": "Uruguay", "subcountry": "Cerro Largo", "geolabelid": 3441702, "label": "Melo"}, {"country": "Uruguay", "subcountry": "Maldonado", "geolabelid": 3441894, "label": "Maldonado"}, {"country": "Uruguay", "subcountry": "Canelones", "geolabelid": 3442057, "label": "Las Piedras"}, {"country": "Uruguay", "subcountry": "Canelones", "geolabelid": 3442098, "label": "La Paz"}, {"country": "Uruguay", "subcountry": "R\u00edo Negro", "geolabelid": 3442568, "label": "Fray Bentos"}, {"country": "Uruguay", "subcountry": "Florida", "geolabelid": 3442585, "label": "Florida"}, {"country": "Uruguay", "subcountry": "Durazno", "geolabelid": 3442727, "label": "Durazno"}, {"country": "Uruguay", "subcountry": "Soriano", "geolabelid": 3442750, "label": "Dolores"}, {"country": "Uruguay", "subcountry": "San Jos\u00e9", "geolabelid": 3442778, "label": "Delta del Tigre"}, {"country": "Uruguay", "subcountry": "Colonia", "geolabelid": 3443013, "label": "Colonia del Sacramento"}, {"country": "Uruguay", "subcountry": "Colonia", "geolabelid": 3443341, "label": "Carmelo"}, {"country": "Uruguay", "subcountry": "Canelones", "geolabelid": 3443413, "label": "Canelones"}, {"country": "Uruguay", "subcountry": "Artigas", "geolabelid": 3443758, "label": "Artigas"}]