[{"country": "Madagascar", "subcountry": "Atsinanana", "geolabelid": 1053384, "label": "Toamasina"}, {"country": "Madagascar", "subcountry": "Atsimo-Atsinanana", "geolabelid": 1053507, "label": "Vondrozo"}, {"country": "Madagascar", "subcountry": "Atsimo-Atsinanana", "geolabelid": 1053778, "label": "Vohipaho"}, {"country": "Madagascar", "subcountry": "Atsinanana", "geolabelid": 1054035, "label": "Vohibinany"}, {"country": "Madagascar", "subcountry": "Analanjirofo", "geolabelid": 1054192, "label": "Vavatenina"}, {"country": "Madagascar", "subcountry": "Atsimo-Atsinanana", "geolabelid": 1054329, "label": "Vangaindrano"}, {"country": "Madagascar", "subcountry": "Bongolava", "geolabelid": 1054463, "label": "Tsiroanomandidy"}, {"country": "Madagascar", "subcountry": "Androy", "geolabelid": 1054500, "label": "Tsiombe"}, {"country": "Madagascar", "subcountry": "Betsiboka", "geolabelid": 1055059, "label": "Tsaratanana"}, {"country": "Madagascar", "subcountry": "Atsimo-Andrefana", "geolabelid": 1055429, "label": "Toliara"}, {"country": "Madagascar", "subcountry": "Anosy", "geolabelid": 1055433, "label": "Fort Dauphin"}, {"country": "Madagascar", "subcountry": "Itasy", "geolabelid": 1056151, "label": "Soavinandriana"}, {"country": "Madagascar", "subcountry": "Vakinankaratra", "geolabelid": 1056381, "label": "Soanindrariny"}, {"country": "Madagascar", "subcountry": "Analanjirofo", "geolabelid": 1056386, "label": "Soanierana Ivongo"}, {"country": "Madagascar", "subcountry": "Boeny", "geolabelid": 1056531, "label": "Sitampiky"}, {"country": "Madagascar", "subcountry": "Sava", "geolabelid": 1056899, "label": "Sambava"}, {"country": "Madagascar", "subcountry": "Atsimo-Andrefana", "geolabelid": 1057095, "label": "Sakaraha"}, {"country": "Madagascar", "subcountry": "Vatovavy Fitovinany", "geolabelid": 1057277, "label": "Sahavato"}, {"country": "Madagascar", "subcountry": "Analamanga", "geolabelid": 1057688, "label": "Sadabe"}, {"country": "Madagascar", "subcountry": "Vatovavy Fitovinany", "geolabelid": 1058080, "label": "Nosy Varika"}, {"country": "Madagascar", "subcountry": "Menabe", "geolabelid": 1058381, "label": "Morondava"}, {"country": "Madagascar", "subcountry": "Alaotra Mangoro", "geolabelid": 1058532, "label": "Moramanga"}, {"country": "Madagascar", "subcountry": "Menabe", "geolabelid": 1059051, "label": "Miandrivazo"}, {"country": "Madagascar", "subcountry": "Vakinankaratra", "geolabelid": 1059059, "label": "Miandrarivo"}, {"country": "Madagascar", "subcountry": "Boeny", "geolabelid": 1059507, "label": "Marovoay"}, {"country": "Madagascar", "subcountry": "Atsinanana", "geolabelid": 1060007, "label": "Marolambo"}, {"country": "Madagascar", "subcountry": "Analanjirofo", "geolabelid": 1060283, "label": "Maroantsetra"}, {"country": "Madagascar", "subcountry": "Analamanga", "geolabelid": 1060673, "label": "Manjakandriana"}, {"country": "Madagascar", "subcountry": "Vatovavy Fitovinany", "geolabelid": 1061335, "label": "Mananjary"}, {"country": "Madagascar", "subcountry": "Analanjirofo", "geolabelid": 1061412, "label": "Mananara"}, {"country": "Madagascar", "subcountry": "Vatovavy Fitovinany", "geolabelid": 1061605, "label": "Manakara"}, {"country": "Madagascar", "subcountry": "Melaky", "geolabelid": 1061912, "label": "Maintirano"}, {"country": "Madagascar", "subcountry": "Atsinanana", "geolabelid": 1062553, "label": "Mahanoro"}, {"country": "Madagascar", "subcountry": "Boeny", "geolabelid": 1062663, "label": "Mahajanga"}, {"country": "Madagascar", "subcountry": "Betsiboka", "geolabelid": 1062842, "label": "Maevatanana"}, {"country": "Madagascar", "subcountry": "Vatovavy Fitovinany", "geolabelid": 1064234, "label": "Ikongo"}, {"country": "Madagascar", "subcountry": "Upper Matsiatra", "geolabelid": 1064258, "label": "Ikalamavony"}, {"country": "Madagascar", "subcountry": "Ihorombe", "geolabelid": 1064275, "label": "Ihosy"}, {"country": "Madagascar", "subcountry": "Vatovavy Fitovinany", "geolabelid": 1064366, "label": "Ifanadiana"}, {"country": "Madagascar", "subcountry": "Upper Matsiatra", "geolabelid": 1064890, "label": "Fianarantsoa"}, {"country": "Madagascar", "subcountry": "Bongolava", "geolabelid": 1064978, "label": "Fenoarivo Be"}, {"country": "Madagascar", "subcountry": "Analanjirofo", "geolabelid": 1064980, "label": "Fenoarivo Atsinanana"}, {"country": "Madagascar", "subcountry": "Vakinankaratra", "geolabelid": 1065140, "label": "Faratsiho"}, {"country": "Madagascar", "subcountry": "Atsimo-Atsinanana", "geolabelid": 1065158, "label": "Farafangana"}, {"country": "Madagascar", "subcountry": "Amoron'i Mania", "geolabelid": 1065222, "label": "Fandriana"}, {"country": "Madagascar", "subcountry": "Atsimo-Andrefana", "geolabelid": 1066310, "label": "Betioky"}, {"country": "Madagascar", "subcountry": "Vakinankaratra", "geolabelid": 1066514, "label": "Betafo"}, {"country": "Madagascar", "subcountry": "Atsimo-Andrefana", "geolabelid": 1066831, "label": "Beroroha"}, {"country": "Madagascar", "subcountry": "Menabe", "geolabelid": 1067531, "label": "Belo sur Tsiribihina"}, {"country": "Madagascar", "subcountry": "Androy", "geolabelid": 1067565, "label": "Beloha"}, {"country": "Madagascar", "subcountry": "Sofia", "geolabelid": 1068670, "label": "Bealanana"}, {"country": "Madagascar", "subcountry": "Itasy", "geolabelid": 1068865, "label": "Arivonimamo"}, {"country": "Madagascar", "subcountry": "Diana", "geolabelid": 1068955, "label": "Antsohimbondrona"}, {"country": "Madagascar", "subcountry": "Sofia", "geolabelid": 1068971, "label": "Antsohihy"}, {"country": "Madagascar", "subcountry": "Diana", "geolabelid": 1069129, "label": "Antsiranana"}, {"country": "Madagascar", "subcountry": "Vakinankaratra", "geolabelid": 1069166, "label": "Antsirabe"}, {"country": "Madagascar", "subcountry": "Vakinankaratra", "geolabelid": 1070661, "label": "Antanifotsy"}, {"country": "Madagascar", "subcountry": "Analamanga", "geolabelid": 1070940, "label": "Antananarivo"}, {"country": "Madagascar", "subcountry": "Sava", "geolabelid": 1071296, "label": "Antalaha"}, {"country": "Madagascar", "subcountry": "Analamanga", "geolabelid": 1072711, "label": "Ankazondandy"}, {"country": "Madagascar", "subcountry": "Analamanga", "geolabelid": 1072849, "label": "Ankazobe"}, {"country": "Madagascar", "subcountry": "Atsimo-Andrefana", "geolabelid": 1072879, "label": "Ankazoabo"}, {"country": "Madagascar", "subcountry": "Analamanga", "geolabelid": 1073482, "label": "Anjozorobe"}, {"country": "Madagascar", "subcountry": "Diana", "geolabelid": 1076105, "label": "Hell-Ville"}, {"country": "Madagascar", "subcountry": "Alaotra Mangoro", "geolabelid": 1076194, "label": "Andilamena"}, {"country": "Madagascar", "subcountry": "Sava", "geolabelid": 1076454, "label": "Andapa"}, {"country": "Madagascar", "subcountry": "Atsinanana", "geolabelid": 1078171, "label": "Ampasimanolotra"}, {"country": "Madagascar", "subcountry": "Alaotra Mangoro", "geolabelid": 1078446, "label": "Amparafaravola"}, {"country": "Madagascar", "subcountry": "Atsimo-Andrefana", "geolabelid": 1078553, "label": "Ampanihy"}, {"country": "Madagascar", "subcountry": "Sava", "geolabelid": 1078966, "label": "Ampahana"}, {"country": "Madagascar", "subcountry": "Androy", "geolabelid": 1079048, "label": "Ambovombe"}, {"country": "Madagascar", "subcountry": "Amoron'i Mania", "geolabelid": 1079088, "label": "Ambositra"}, {"country": "Madagascar", "subcountry": "Analamanga", "geolabelid": 1079777, "label": "Ambohitrolomahitsy"}, {"country": "Madagascar", "subcountry": "Anosy", "geolabelid": 1081790, "label": "Amboasary"}, {"country": "Madagascar", "subcountry": "Vatovavy Fitovinany", "geolabelid": 1081863, "label": "Amboanjo"}, {"country": "Madagascar", "subcountry": "Diana", "geolabelid": 1082243, "label": "Ambilobe"}, {"country": "Madagascar", "subcountry": "Alaotra Mangoro", "geolabelid": 1082639, "label": "Ambatondrazaka"}, {"country": "Madagascar", "subcountry": "Vakinankaratra", "geolabelid": 1082992, "label": "Ambatolampy"}, {"country": "Madagascar", "subcountry": "Amoron'i Mania", "geolabelid": 1083239, "label": "Ambatofinandrahana"}, {"country": "Madagascar", "subcountry": "Boeny", "geolabelid": 1083257, "label": "Ambato Boeny"}, {"country": "Madagascar", "subcountry": "Diana", "geolabelid": 1083676, "label": "Ambarakaraka"}, {"country": "Madagascar", "subcountry": "Diana", "geolabelid": 1083724, "label": "Ambanja"}, {"country": "Madagascar", "subcountry": "Upper Matsiatra", "geolabelid": 1083968, "label": "Ambalavao"}, {"country": "Madagascar", "subcountry": "Analamanga", "geolabelid": 1084740, "label": "Alarobia"}]