[{"country": "Hong Kong", "subcountry": "Tsuen Wan", "geolabelid": 1818209, "label": "Tsuen Wan"}, {"country": "Hong Kong", "subcountry": "Yuen Long", "geolabelid": 1818223, "label": "Yuen Long Kau Hui"}, {"country": "Hong Kong", "subcountry": "Tuen Mun", "geolabelid": 1818446, "label": "Tuen Mun"}, {"country": "Hong Kong", "subcountry": "Tai Po", "geolabelid": 1818673, "label": "Tai Po"}, {"country": "Hong Kong", "subcountry": "Sha Tin", "geolabelid": 1818920, "label": "Sha Tin"}, {"country": "Hong Kong", "subcountry": "Kowloon City", "geolabelid": 1819609, "label": "Kowloon"}, {"country": "Hong Kong", "subcountry": "Central and Western", "geolabelid": 1819729, "label": "Hong Kong"}]