[{"country": "Gabon", "subcountry": "Nyanga", "geolabelid": 2396253, "label": "Tchibanga"}, {"country": "Gabon", "subcountry": "Ogoou\u00e9-Maritime", "geolabelid": 2396518, "label": "Port-Gentil"}, {"country": "Gabon", "subcountry": "Woleu-Ntem", "geolabelid": 2396646, "label": "Oyem"}, {"country": "Gabon", "subcountry": "Ngouni\u00e9", "geolabelid": 2398073, "label": "Mouila"}, {"country": "Gabon", "subcountry": "Haut-Ogoou\u00e9", "geolabelid": 2398269, "label": "Moanda"}, {"country": "Gabon", "subcountry": "Estuaire", "geolabelid": 2399697, "label": "Libreville"}, {"country": "Gabon", "subcountry": "Moyen-Ogoou\u00e9", "geolabelid": 2399888, "label": "Lambar\u00e9n\u00e9"}, {"country": "Gabon", "subcountry": "Ogoou\u00e9-Lolo", "geolabelid": 2399959, "label": "Koulamoutou"}, {"country": "Gabon", "subcountry": "Haut-Ogoou\u00e9", "geolabelid": 2400555, "label": "Franceville"}]