[{"country": "Bahrain", "subcountry": "Manama", "geolabelid": 290104, "label": "Sitrah"}, {"country": "Bahrain", "subcountry": "Southern Governorate", "geolabelid": 290187, "label": "Mad\u012bnat \u2018\u012as\u00e1"}, {"country": "Bahrain", "subcountry": "Manama", "geolabelid": 290215, "label": "Jidd \u1e28af\u015f"}, {"country": "Bahrain", "subcountry": "Central Governorate", "geolabelid": 290247, "label": "Mad\u012bnat \u1e28amad"}, {"country": "Bahrain", "subcountry": "Southern Governorate", "geolabelid": 290269, "label": "D\u0101r Kulayb"}, {"country": "Bahrain", "subcountry": "Muharraq", "geolabelid": 290332, "label": "Al Muharraq"}, {"country": "Bahrain", "subcountry": "Manama", "geolabelid": 290340, "label": "Manama"}, {"country": "Bahrain", "subcountry": "Southern Governorate", "geolabelid": 385038, "label": "Ar Rif\u0101\u2018"}]