[{"country": "Sri Lanka", "subcountry": "Western", "geolabelid": 1223648, "label": "Welisara"}, {"country": "Sri Lanka", "subcountry": "Southern", "geolabelid": 1223738, "label": "Weligama"}, {"country": "Sri Lanka", "subcountry": "Western", "geolabelid": 1224085, "label": "Wattala"}, {"country": "Sri Lanka", "subcountry": "Northern Province", "geolabelid": 1225018, "label": "Vavuniya"}, {"country": "Sri Lanka", "subcountry": "Northern Province", "geolabelid": 1225142, "label": "Valvedditturai"}, {"country": "Sri Lanka", "subcountry": "Eastern Province", "geolabelid": 1226260, "label": "Trincomalee"}, {"country": "Sri Lanka", "subcountry": "Sabaragamuwa", "geolabelid": 1228730, "label": "Ratnapura"}, {"country": "Sri Lanka", "subcountry": "North Western", "geolabelid": 1229293, "label": "Puttalam"}, {"country": "Sri Lanka", "subcountry": "Northern Province", "geolabelid": 1229989, "label": "Point Pedro"}, {"country": "Sri Lanka", "subcountry": "Western", "geolabelid": 1230089, "label": "Pita Kotte"}, {"country": "Sri Lanka", "subcountry": "Western", "geolabelid": 1230613, "label": "Peliyagoda"}, {"country": "Sri Lanka", "subcountry": "Western", "geolabelid": 1231410, "label": "Panadura"}, {"country": "Sri Lanka", "subcountry": "Central", "geolabelid": 1232783, "label": "Nuwara Eliya"}, {"country": "Sri Lanka", "subcountry": "Western", "geolabelid": 1233369, "label": "Negombo"}, {"country": "Sri Lanka", "subcountry": "Western", "geolabelid": 1234378, "label": "Mulleriyawa"}, {"country": "Sri Lanka", "subcountry": "Western", "geolabelid": 1234569, "label": "Dehiwala-Mount Lavinia"}, {"country": "Sri Lanka", "subcountry": "Western", "geolabelid": 1234633, "label": "Moratuwa"}, {"country": "Sri Lanka", "subcountry": "Southern", "geolabelid": 1235846, "label": "Matara"}, {"country": "Sri Lanka", "subcountry": "Western", "geolabelid": 1236854, "label": "Maharagama"}, {"country": "Sri Lanka", "subcountry": "North Western", "geolabelid": 1237980, "label": "Kurunegala"}, {"country": "Sri Lanka", "subcountry": "Western", "geolabelid": 1238992, "label": "Sri Jayewardenepura Kotte"}, {"country": "Sri Lanka", "subcountry": "Western", "geolabelid": 1239047, "label": "Kotikawatta"}, {"country": "Sri Lanka", "subcountry": "Western", "geolabelid": 1239593, "label": "Kolonnawa"}, {"country": "Sri Lanka", "subcountry": "Western", "geolabelid": 1240622, "label": "Kelaniya"}, {"country": "Sri Lanka", "subcountry": "Western", "geolabelid": 1240935, "label": "Katunayaka"}, {"country": "Sri Lanka", "subcountry": "Central", "geolabelid": 1241622, "label": "Kandy"}, {"country": "Sri Lanka", "subcountry": "Western", "geolabelid": 1241750, "label": "Kandana"}, {"country": "Sri Lanka", "subcountry": "Western", "geolabelid": 1241964, "label": "Kalutara"}, {"country": "Sri Lanka", "subcountry": "Eastern Province", "geolabelid": 1242110, "label": "Kalmunai"}, {"country": "Sri Lanka", "subcountry": "Northern Province", "geolabelid": 1242833, "label": "Jaffna"}, {"country": "Sri Lanka", "subcountry": "Western", "geolabelid": 1242835, "label": "Ja Ela"}, {"country": "Sri Lanka", "subcountry": "Western", "geolabelid": 1243936, "label": "Homagama"}, {"country": "Sri Lanka", "subcountry": "Western", "geolabelid": 1244397, "label": "Hendala"}, {"country": "Sri Lanka", "subcountry": "Central", "geolabelid": 1244596, "label": "Hatton"}, {"country": "Sri Lanka", "subcountry": "Western", "geolabelid": 1244773, "label": "Hanwella Ihala"}, {"country": "Sri Lanka", "subcountry": "Central", "geolabelid": 1246000, "label": "Gampola"}, {"country": "Sri Lanka", "subcountry": "Southern", "geolabelid": 1246294, "label": "Galle"}, {"country": "Sri Lanka", "subcountry": "Western", "geolabelid": 1246321, "label": "Galkissa"}, {"country": "Sri Lanka", "subcountry": "Eastern Province", "geolabelid": 1246924, "label": "Eravur Town"}, {"country": "Sri Lanka", "subcountry": "Central", "geolabelid": 1248749, "label": "Dambulla"}, {"country": "Sri Lanka", "subcountry": "Western", "geolabelid": 1248991, "label": "Colombo"}, {"country": "Sri Lanka", "subcountry": "North Western", "geolabelid": 1249145, "label": "Chilaw"}, {"country": "Sri Lanka", "subcountry": "Western", "geolabelid": 1249931, "label": "Beruwala"}, {"country": "Sri Lanka", "subcountry": "Southern", "geolabelid": 1249978, "label": "Bentota"}, {"country": "Sri Lanka", "subcountry": "Eastern Province", "geolabelid": 1250161, "label": "Batticaloa"}, {"country": "Sri Lanka", "subcountry": "Western", "geolabelid": 1250164, "label": "Battaramulla South"}, {"country": "Sri Lanka", "subcountry": "Uva", "geolabelid": 1250615, "label": "Badulla"}, {"country": "Sri Lanka", "subcountry": "North Central", "geolabelid": 1251081, "label": "Anuradhapura"}, {"country": "Sri Lanka", "subcountry": "Eastern Province", "geolabelid": 1251459, "label": "Ampara"}, {"country": "Sri Lanka", "subcountry": "Southern", "geolabelid": 1251574, "label": "Ambalangoda"}, {"country": "Sri Lanka", "subcountry": "Eastern Province", "geolabelid": 8260318, "label": "Shanjeev Home"}, {"country": "Sri Lanka", "subcountry": "Western", "geolabelid": 9259456, "label": "Mount Lavinia"}]