[{"country": "Puerto Rico", "subcountry": "Aguadilla", "geolabelid": 4562506, "label": "Aguadilla"}, {"country": "Puerto Rico", "subcountry": "Arecibo", "geolabelid": 4562635, "label": "Arecibo"}, {"country": "Puerto Rico", "subcountry": "Barceloneta", "geolabelid": 4562768, "label": "Barceloneta"}, {"country": "Puerto Rico", "subcountry": "Bayam\u00f3n", "geolabelid": 4562831, "label": "Bayam\u00f3n"}, {"country": "Puerto Rico", "subcountry": "Caguas", "geolabelid": 4563008, "label": "Caguas"}, {"country": "Puerto Rico", "subcountry": "Toa Baja", "geolabelid": 4563122, "label": "Candelaria"}, {"country": "Puerto Rico", "subcountry": "Carolina", "geolabelid": 4563243, "label": "Carolina"}, {"country": "Puerto Rico", "subcountry": "Catano", "geolabelid": 4563298, "label": "Cata\u00f1o"}, {"country": "Puerto Rico", "subcountry": "Cayey", "geolabelid": 4563308, "label": "Cayey"}, {"country": "Puerto Rico", "subcountry": "Fajardo", "geolabelid": 4564946, "label": "Fajardo"}, {"country": "Puerto Rico", "subcountry": "Guayama", "geolabelid": 4565105, "label": "Guayama"}, {"country": "Puerto Rico", "subcountry": "Guaynabo", "geolabelid": 4565119, "label": "Guaynabo"}, {"country": "Puerto Rico", "subcountry": "Humacao", "geolabelid": 4565564, "label": "Humacao"}, {"country": "Puerto Rico", "subcountry": "Toa Baja", "geolabelid": 4566002, "label": "Levittown"}, {"country": "Puerto Rico", "subcountry": "Manati", "geolabelid": 4566137, "label": "Manat\u00ed"}, {"country": "Puerto Rico", "subcountry": "Mayaguez", "geolabelid": 4566385, "label": "Mayag\u00fcez"}, {"country": "Puerto Rico", "subcountry": "Ponce", "geolabelid": 4566880, "label": "Ponce"}, {"country": "Puerto Rico", "subcountry": "San Juan", "geolabelid": 4568127, "label": "San Juan"}, {"country": "Puerto Rico", "subcountry": "Trujillo Alto", "geolabelid": 4568451, "label": "Trujillo Alto"}, {"country": "Puerto Rico", "subcountry": "Vega Baja", "geolabelid": 4568533, "label": "Vega Baja"}, {"country": "Puerto Rico", "subcountry": "Yauco", "geolabelid": 4568917, "label": "Yauco"}]