[{"country": "Moldova", "subcountry": "Raionul Edine\u0163", "geolabelid": 617076, "label": "Edine\u0163"}, {"country": "Moldova", "subcountry": "Ungheni", "geolabelid": 617180, "label": "Ungheni"}, {"country": "Moldova", "subcountry": "St\u00eenga Nistrului", "geolabelid": 617239, "label": "Tiraspolul"}, {"country": "Moldova", "subcountry": "Str\u0103\u0219eni", "geolabelid": 617302, "label": "Stra\u015feni"}, {"country": "Moldova", "subcountry": "S\u00eengerei", "geolabelid": 617345, "label": "Bilicenii Vechi"}, {"country": "Moldova", "subcountry": "Raionul Soroca", "geolabelid": 617367, "label": "Soroca"}, {"country": "Moldova", "subcountry": "St\u00eenga Nistrului", "geolabelid": 617381, "label": "Slobozia"}, {"country": "Moldova", "subcountry": "St\u00eenga Nistrului", "geolabelid": 617486, "label": "R\u00eebni\u0163a"}, {"country": "Moldova", "subcountry": "Orhei", "geolabelid": 617638, "label": "Orhei"}, {"country": "Moldova", "subcountry": "H\u00eence\u015fti", "geolabelid": 617993, "label": "H\u00eence\u015fti"}, {"country": "Moldova", "subcountry": "C\u0103u\u015feni", "geolabelid": 618120, "label": "C\u0103u\u015feni"}, {"country": "Moldova", "subcountry": "Flore\u015fti", "geolabelid": 618329, "label": "Flore\u015fti"}, {"country": "Moldova", "subcountry": "Telene\u015fti", "geolabelid": 618365, "label": "Dub\u0103sari"}, {"country": "Moldova", "subcountry": "Drochia", "geolabelid": 618370, "label": "Drochia"}, {"country": "Moldova", "subcountry": "G\u0103g\u0103uzia", "geolabelid": 618405, "label": "Comrat"}, {"country": "Moldova", "subcountry": "Chi\u015fin\u0103u", "geolabelid": 618426, "label": "Chi\u015fin\u0103u"}, {"country": "Moldova", "subcountry": "G\u0103g\u0103uzia", "geolabelid": 618450, "label": "Cead\u00eer-Lunga"}, {"country": "Moldova", "subcountry": "Cahul", "geolabelid": 618456, "label": "Cahul"}, {"country": "Moldova", "subcountry": "Bender", "geolabelid": 618577, "label": "Bender"}, {"country": "Moldova", "subcountry": "B\u0103l\u0163i", "geolabelid": 618605, "label": "B\u0103l\u0163i"}]