[{"country": "Yemen", "subcountry": "Abyan", "geolabelid": 69426, "label": "Zinjib\u0101r"}, {"country": "Yemen", "subcountry": "Mu\u1e29\u0101faz\u0327at al \u1e28udaydah", "geolabelid": 69500, "label": "Zab\u012bd"}, {"country": "Yemen", "subcountry": "Ibb", "geolabelid": 69559, "label": "Yar\u012bm"}, {"country": "Yemen", "subcountry": "Ta\u2018izz", "geolabelid": 70225, "label": "Ta\u2018izz"}, {"country": "Yemen", "subcountry": "Sanaa", "geolabelid": 70979, "label": "Sayy\u0101n"}, {"country": "Yemen", "subcountry": "Sanaa", "geolabelid": 71137, "label": "Sanaa"}, {"country": "Yemen", "subcountry": "Sanaa", "geolabelid": 71273, "label": "Sa\u1e29ar"}, {"country": "Yemen", "subcountry": "\u015ea\u2018dah", "geolabelid": 71334, "label": "Sa'dah"}, {"country": "Yemen", "subcountry": "Ma\u2019rib", "geolabelid": 72968, "label": "Ma'rib"}, {"country": "Yemen", "subcountry": "La\u1e29ij", "geolabelid": 73560, "label": "La\u1e29ij"}, {"country": "Yemen", "subcountry": "Ibb", "geolabelid": 74477, "label": "Ibb"}, {"country": "Yemen", "subcountry": "\u1e28ajjah", "geolabelid": 75337, "label": "\u1e28ajjah"}, {"country": "Yemen", "subcountry": "Ibb", "geolabelid": 76154, "label": "Dh\u012b as Suf\u0101l"}, {"country": "Yemen", "subcountry": "Dham\u0101r", "geolabelid": 76184, "label": "Dham\u0101r"}, {"country": "Yemen", "subcountry": "Mu\u1e29\u0101faz\u0327at al \u1e28udaydah", "geolabelid": 76991, "label": "Bayt al Faq\u012bh"}, {"country": "Yemen", "subcountry": "Mu\u1e29\u0101faz\u0327at al \u1e28udaydah", "geolabelid": 77408, "label": "B\u0101jil"}, {"country": "Yemen", "subcountry": "Shabwah", "geolabelid": 77726, "label": "Ataq"}, {"country": "Yemen", "subcountry": "Omran", "geolabelid": 78428, "label": "\u2018Amr\u0101n"}, {"country": "Yemen", "subcountry": "Mu\u1e29\u0101faz\u0327at \u1e28a\u1e11ramawt", "geolabelid": 78754, "label": "Al Mukall\u0101"}, {"country": "Yemen", "subcountry": "Mu\u1e29\u0101faz\u0327at al \u1e28udaydah", "geolabelid": 79415, "label": "Al \u1e28udaydah"}, {"country": "Yemen", "subcountry": "Al Jawf", "geolabelid": 79455, "label": "Al \u1e28azm"}, {"country": "Yemen", "subcountry": "Al Bay\u1e11\u0101\u02bc", "geolabelid": 79836, "label": "Al Bay\u1e11\u0101\u2019"}, {"country": "Yemen", "subcountry": "Aden", "geolabelid": 415189, "label": "Aden"}]