[{"country": "Laos", "subcountry": "Vientiane", "geolabelid": 1651944, "label": "Vientiane"}, {"country": "Laos", "subcountry": "Houaphan", "geolabelid": 1652203, "label": "Xam Nua"}, {"country": "Laos", "subcountry": "Savannahkh\u00e9t", "geolabelid": 1653316, "label": "Savannakh\u00e9t"}, {"country": "Laos", "subcountry": "Champasak", "geolabelid": 1654379, "label": "Pakx\u00e9"}, {"country": "Laos", "subcountry": "Oud\u00f4mxai", "geolabelid": 1655078, "label": "Muang Xay"}, {"country": "Laos", "subcountry": "Vientiane Province", "geolabelid": 1655087, "label": "Vangviang"}, {"country": "Laos", "subcountry": "Xiangkhoang", "geolabelid": 1655123, "label": "Muang Ph\u00f4nsavan"}, {"country": "Laos", "subcountry": "Bolikhamsai Province", "geolabelid": 1655140, "label": "Muang Pakxan"}, {"country": "Laos", "subcountry": "Khammouan", "geolabelid": 1655199, "label": "Thakh\u00e8k"}, {"country": "Laos", "subcountry": "Louangphabang", "geolabelid": 1655559, "label": "Luang Prabang"}, {"country": "Laos", "subcountry": "Bokeo Province", "geolabelid": 1904391, "label": "Ban Houakhoua"}, {"country": "Laos", "subcountry": "Xiangkhoang", "geolabelid": 1952156, "label": "Phonsavan"}]