[{"country": "Ukraine", "subcountry": "Sumy", "geolabelid": 613273, "label": "Lebedyn"}, {"country": "Ukraine", "subcountry": "Donetsk", "geolabelid": 616743, "label": "Druzhkivka"}, {"country": "Ukraine", "subcountry": "Zaporizhia", "geolabelid": 686729, "label": "Vasylivka"}, {"country": "Ukraine", "subcountry": "Cherkasy", "geolabelid": 686803, "label": "Zvenyhorodka"}, {"country": "Ukraine", "subcountry": "Donetsk", "geolabelid": 686818, "label": "Zuhres"}, {"country": "Ukraine", "subcountry": "Cherkasy", "geolabelid": 686875, "label": "Zolotonosha"}, {"country": "Ukraine", "subcountry": "Lviv", "geolabelid": 686896, "label": "Zolochiv"}, {"country": "Ukraine", "subcountry": "Kirovohrad", "geolabelid": 686919, "label": "Znomenka"}, {"country": "Ukraine", "subcountry": "Kharkiv", "geolabelid": 686928, "label": "Zmiyiv"}, {"country": "Ukraine", "subcountry": "Zhytomyr", "geolabelid": 686967, "label": "Zhytomyr"}, {"country": "Ukraine", "subcountry": "Vinnyts'ka", "geolabelid": 687116, "label": "Zhmerynka"}, {"country": "Ukraine", "subcountry": "Dnipropetrovsk", "geolabelid": 687196, "label": "Zhovti Vody"}, {"country": "Ukraine", "subcountry": "Cherkasy", "geolabelid": 687245, "label": "Zhashkiv"}, {"country": "Ukraine", "subcountry": "Rivne", "geolabelid": 687432, "label": "Zdolbuniv"}, {"country": "Ukraine", "subcountry": "Zaporizhia", "geolabelid": 687700, "label": "Zaporizhzhya"}, {"country": "Ukraine", "subcountry": "Odessa", "geolabelid": 687997, "label": "Yuzhne"}, {"country": "Ukraine", "subcountry": "Crimea", "geolabelid": 688105, "label": "Yevpatoriya"}, {"country": "Ukraine", "subcountry": "Donetsk", "geolabelid": 688148, "label": "Yenakiyeve"}, {"country": "Ukraine", "subcountry": "Donetsk", "geolabelid": 688373, "label": "Yasynuvata"}, {"country": "Ukraine", "subcountry": "Crimea", "geolabelid": 688533, "label": "Yalta"}, {"country": "Ukraine", "subcountry": "Kiev", "geolabelid": 688587, "label": "Yahotyn"}, {"country": "Ukraine", "subcountry": "Kiev", "geolabelid": 688723, "label": "Vyshhorod"}, {"country": "Ukraine", "subcountry": "Zakarpattia", "geolabelid": 688746, "label": "Vynohradiv"}, {"country": "Ukraine", "subcountry": "Mykolaiv", "geolabelid": 688860, "label": "Voznesensk"}, {"country": "Ukraine", "subcountry": "Donetsk", "geolabelid": 689198, "label": "Volnovakha"}, {"country": "Ukraine", "subcountry": "Kharkiv", "geolabelid": 689304, "label": "Vovchans\u2019k"}, {"country": "Ukraine", "subcountry": "Volyn", "geolabelid": 689378, "label": "Volodymyr-Volyns\u2019kyy"}, {"country": "Ukraine", "subcountry": "Kiev", "geolabelid": 689487, "label": "Vyshneve"}, {"country": "Ukraine", "subcountry": "Vinnyts'ka", "geolabelid": 689558, "label": "Vinnytsya"}, {"country": "Ukraine", "subcountry": "Cherkasy", "geolabelid": 690312, "label": "Vatutine"}, {"country": "Ukraine", "subcountry": "Kiev", "geolabelid": 690412, "label": "Vasylkiv"}, {"country": "Ukraine", "subcountry": "Zakarpattia", "geolabelid": 690548, "label": "Uzhhorod"}, {"country": "Ukraine", "subcountry": "Cherkasy", "geolabelid": 690688, "label": "Uman\u2019"}, {"country": "Ukraine", "subcountry": "Vinnyts'ka", "geolabelid": 691016, "label": "Tul\u2019chyn"}, {"country": "Ukraine", "subcountry": "Kherson", "geolabelid": 691037, "label": "Tsyurupyns\u2019k"}, {"country": "Ukraine", "subcountry": "Lviv", "geolabelid": 691179, "label": "Truskavets"}, {"country": "Ukraine", "subcountry": "Donetsk", "geolabelid": 691374, "label": "Torez"}, {"country": "Ukraine", "subcountry": "Zaporizhia", "geolabelid": 691469, "label": "Tokmak"}, {"country": "Ukraine", "subcountry": "Ternopil", "geolabelid": 691650, "label": "Ternopil\u2019"}, {"country": "Ukraine", "subcountry": "Cherkasy", "geolabelid": 691936, "label": "Tal\u2019ne"}, {"country": "Ukraine", "subcountry": "Luhansk", "geolabelid": 691999, "label": "Syevyerodonets\u2019k"}, {"country": "Ukraine", "subcountry": "Kirovohrad", "geolabelid": 692087, "label": "Svitlovods\u2019k"}, {"country": "Ukraine", "subcountry": "Luhansk", "geolabelid": 692105, "label": "Sverdlovs\u2019k"}, {"country": "Ukraine", "subcountry": "Luhansk", "geolabelid": 692118, "label": "Svatove"}, {"country": "Ukraine", "subcountry": "Zakarpattia", "geolabelid": 692129, "label": "Svalyava"}, {"country": "Ukraine", "subcountry": "Sumy", "geolabelid": 692194, "label": "Sumy"}, {"country": "Ukraine", "subcountry": "Lviv", "geolabelid": 692372, "label": "Stryi"}, {"country": "Ukraine", "subcountry": "Lviv", "geolabelid": 692632, "label": "Stebnyk"}, {"country": "Ukraine", "subcountry": "Khmelnytskyi", "geolabelid": 692818, "label": "Starokostyantyniv"}, {"country": "Ukraine", "subcountry": "Luhansk", "geolabelid": 692832, "label": "Starobil\u2019s\u2019k"}, {"country": "Ukraine", "subcountry": "Luhansk", "geolabelid": 692975, "label": "Stakhanov"}, {"country": "Ukraine", "subcountry": "Lviv", "geolabelid": 693301, "label": "Sokal\u2019"}, {"country": "Ukraine", "subcountry": "Donetsk", "geolabelid": 693381, "label": "Snizhne"}, {"country": "Ukraine", "subcountry": "Cherkasy", "geolabelid": 693457, "label": "Smila"}, {"country": "Ukraine", "subcountry": "Donetsk", "geolabelid": 693468, "label": "Sloviansk"}, {"country": "Ukraine", "subcountry": "Khmelnytskyi", "geolabelid": 693581, "label": "Slavuta"}, {"country": "Ukraine", "subcountry": "Kiev", "geolabelid": 693615, "label": "Skvyra"}, {"country": "Ukraine", "subcountry": "Kherson", "geolabelid": 693709, "label": "Skadovs\u2019k"}, {"country": "Ukraine", "subcountry": "Dnipropetrovsk", "geolabelid": 693796, "label": "Synel\u2019nykove"}, {"country": "Ukraine", "subcountry": "Crimea", "geolabelid": 693805, "label": "Simferopol"}, {"country": "Ukraine", "subcountry": "Cherkasy", "geolabelid": 693920, "label": "Shpola"}, {"country": "Ukraine", "subcountry": "Sumy", "geolabelid": 693942, "label": "Shostka"}, {"country": "Ukraine", "subcountry": "Khmelnytskyi", "geolabelid": 694216, "label": "Shepetivka"}, {"country": "Ukraine", "subcountry": "Donetsk", "geolabelid": 694382, "label": "Shakhtars\u2019k"}, {"country": "Ukraine", "subcountry": "Misto Sevastopol\u2019", "geolabelid": 694423, "label": "Sevastopol"}, {"country": "Ukraine", "subcountry": "Donetsk", "geolabelid": 694677, "label": "Selydove"}, {"country": "Ukraine", "subcountry": "Rivne", "geolabelid": 694792, "label": "Sarny"}, {"country": "Ukraine", "subcountry": "Lviv", "geolabelid": 694864, "label": "Sambir"}, {"country": "Ukraine", "subcountry": "Crimea", "geolabelid": 694910, "label": "Saky"}, {"country": "Ukraine", "subcountry": "Luhansk", "geolabelid": 695274, "label": "Rubizhne"}, {"country": "Ukraine", "subcountry": "Odessa", "geolabelid": 695344, "label": "Rozdil\u2019na"}, {"country": "Ukraine", "subcountry": "Luhansk", "geolabelid": 695379, "label": "Roven\u2019ky"}, {"country": "Ukraine", "subcountry": "Sumy", "geolabelid": 695464, "label": "Romny"}, {"country": "Ukraine", "subcountry": "Rivne", "geolabelid": 695594, "label": "Rivne"}, {"country": "Ukraine", "subcountry": "Odessa", "geolabelid": 695670, "label": "Reni"}, {"country": "Ukraine", "subcountry": "Zhytomyr", "geolabelid": 695912, "label": "Radomyshl\u2019"}, {"country": "Ukraine", "subcountry": "Dnipropetrovsk", "geolabelid": 695965, "label": "Piatykhatky"}, {"country": "Ukraine", "subcountry": "Sumy", "geolabelid": 696008, "label": "Putyvl\u2019"}, {"country": "Ukraine", "subcountry": "Chernihiv", "geolabelid": 696108, "label": "Pryluky"}, {"country": "Ukraine", "subcountry": "Luhansk", "geolabelid": 696566, "label": "Popasna"}, {"country": "Ukraine", "subcountry": "Poltava", "geolabelid": 696643, "label": "Poltava"}, {"country": "Ukraine", "subcountry": "Khmelnytskyi", "geolabelid": 696660, "label": "Polonne"}, {"country": "Ukraine", "subcountry": "Zaporizhia", "geolabelid": 696677, "label": "Polohy"}, {"country": "Ukraine", "subcountry": "Dnipropetrovsk", "geolabelid": 696943, "label": "Pidhorodne"}, {"country": "Ukraine", "subcountry": "Poltava", "geolabelid": 697183, "label": "Pyryatyn"}, {"country": "Ukraine", "subcountry": "Luhansk", "geolabelid": 697592, "label": "Pervomays\u2019k"}, {"country": "Ukraine", "subcountry": "Mykolaiv", "geolabelid": 697593, "label": "Pervomays\u2019k"}, {"country": "Ukraine", "subcountry": "Kiev", "geolabelid": 697637, "label": "Pereyaslav-Khmel\u2019nyts\u2019kyy"}, {"country": "Ukraine", "subcountry": "Luhansk", "geolabelid": 697650, "label": "Pereval\u2019s\u2019k"}, {"country": "Ukraine", "subcountry": "Dnipropetrovsk", "geolabelid": 697889, "label": "Pavlohrad"}, {"country": "Ukraine", "subcountry": "Zhytomyr", "geolabelid": 698131, "label": "Ovruch"}, {"country": "Ukraine", "subcountry": "Zaporizhia", "geolabelid": 698428, "label": "Orikhiv"}, {"country": "Ukraine", "subcountry": "Kirovohrad", "geolabelid": 698625, "label": "Oleksandriya"}, {"country": "Ukraine", "subcountry": "Odessa", "geolabelid": 698740, "label": "Odessa"}, {"country": "Ukraine", "subcountry": "Mykolaiv", "geolabelid": 698770, "label": "Ochakiv"}, {"country": "Ukraine", "subcountry": "Kiev", "geolabelid": 698782, "label": "Obukhiv"}, {"country": "Ukraine", "subcountry": "Mykolaiv", "geolabelid": 698953, "label": "Novyy Buh"}, {"country": "Ukraine", "subcountry": "Volyn", "geolabelid": 699035, "label": "Novovolyns\u2019k"}, {"country": "Ukraine", "subcountry": "Kirovohrad", "geolabelid": 699078, "label": "Novoukrayinka"}, {"country": "Ukraine", "subcountry": "Dnipropetrovsk", "geolabelid": 699445, "label": "Novomoskovs\u2019k"}, {"country": "Ukraine", "subcountry": "Zhytomyr", "geolabelid": 699553, "label": "Novohrad-Volyns\u2019kyy"}, {"country": "Ukraine", "subcountry": "Kherson", "geolabelid": 699839, "label": "Nova Kakhovka"}, {"country": "Ukraine", "subcountry": "Chernihiv", "geolabelid": 699917, "label": "Nosivka"}, {"country": "Ukraine", "subcountry": "Chernihiv", "geolabelid": 699942, "label": "Nizhyn"}, {"country": "Ukraine", "subcountry": "Crimea", "geolabelid": 700019, "label": "Nyzhn\u2019ohirs\u2019kyy"}, {"country": "Ukraine", "subcountry": "Dnipropetrovsk", "geolabelid": 700051, "label": "Nikopol\u2019"}, {"country": "Ukraine", "subcountry": "Khmelnytskyi", "geolabelid": 700261, "label": "Netishyn"}, {"country": "Ukraine", "subcountry": "Ivano-Frankivsk", "geolabelid": 700507, "label": "Nadvirna"}, {"country": "Ukraine", "subcountry": "Mykolaiv", "geolabelid": 700569, "label": "Mykolayiv"}, {"country": "Ukraine", "subcountry": "Zakarpattia", "geolabelid": 700646, "label": "Mukacheve"}, {"country": "Ukraine", "subcountry": "Luhansk", "geolabelid": 700829, "label": "Molodohvardiys\u2019k"}, {"country": "Ukraine", "subcountry": "Vinnyts'ka", "geolabelid": 700918, "label": "Mohyliv-Podil\u2019s\u2019kyy"}, {"country": "Ukraine", "subcountry": "Crimea", "geolabelid": 700997, "label": "Miskhor"}, {"country": "Ukraine", "subcountry": "Poltava", "geolabelid": 701075, "label": "Myrhorod"}, {"country": "Ukraine", "subcountry": "Kharkiv", "geolabelid": 701347, "label": "Merefa"}, {"country": "Ukraine", "subcountry": "Zaporizhia", "geolabelid": 701404, "label": "Melitopol\u2019"}, {"country": "Ukraine", "subcountry": "Donetsk", "geolabelid": 701822, "label": "Mariupol"}, {"country": "Ukraine", "subcountry": "Dnipropetrovsk", "geolabelid": 701855, "label": "Marhanets\u2019"}, {"country": "Ukraine", "subcountry": "Zhytomyr", "geolabelid": 702116, "label": "Malyn"}, {"country": "Ukraine", "subcountry": "Donetsk", "geolabelid": 702320, "label": "Makiyivka"}, {"country": "Ukraine", "subcountry": "Kharkiv", "geolabelid": 702417, "label": "Lyubotyn"}, {"country": "Ukraine", "subcountry": "Lviv", "geolabelid": 702550, "label": "Lviv"}, {"country": "Ukraine", "subcountry": "Luhansk", "geolabelid": 702563, "label": "Lutuhyne"}, {"country": "Ukraine", "subcountry": "Volyn", "geolabelid": 702569, "label": "Luts\u2019k"}, {"country": "Ukraine", "subcountry": "Luhansk", "geolabelid": 702658, "label": "Luhansk"}, {"country": "Ukraine", "subcountry": "Poltava", "geolabelid": 702723, "label": "Lubny"}, {"country": "Ukraine", "subcountry": "Kharkiv", "geolabelid": 702760, "label": "Lozova"}, {"country": "Ukraine", "subcountry": "Luhansk", "geolabelid": 702972, "label": "Lysychans\u2019k"}, {"country": "Ukraine", "subcountry": "Vinnyts'ka", "geolabelid": 703428, "label": "Ladyzhyn"}, {"country": "Ukraine", "subcountry": "Kyiv City", "geolabelid": 703448, "label": "Kiev"}, {"country": "Ukraine", "subcountry": "Rivne", "geolabelid": 703464, "label": "Kuznetsovs\u2019k"}, {"country": "Ukraine", "subcountry": "Donetsk", "geolabelid": 703646, "label": "Kurakhovo"}, {"country": "Ukraine", "subcountry": "Kharkiv", "geolabelid": 703656, "label": "Kupjansk"}, {"country": "Ukraine", "subcountry": "Dnipropetrovsk", "geolabelid": 703845, "label": "Kryvyi Rih"}, {"country": "Ukraine", "subcountry": "Sumy", "geolabelid": 704000, "label": "Krolevets\u2019"}, {"country": "Ukraine", "subcountry": "Luhansk", "geolabelid": 704138, "label": "Kreminna"}, {"country": "Ukraine", "subcountry": "Ternopil", "geolabelid": 704143, "label": "Kremenets\u2019"}, {"country": "Ukraine", "subcountry": "Poltava", "geolabelid": 704147, "label": "Kremenchuk"}, {"country": "Ukraine", "subcountry": "Luhansk", "geolabelid": 704202, "label": "Krasnyy Luch"}, {"country": "Ukraine", "subcountry": "Donetsk", "geolabelid": 704204, "label": "Krasnyy Lyman"}, {"country": "Ukraine", "subcountry": "Crimea", "geolabelid": 704362, "label": "Krasnoperekops\u2019k"}, {"country": "Ukraine", "subcountry": "Kharkiv", "geolabelid": 704388, "label": "Krasnohrad"}, {"country": "Ukraine", "subcountry": "Luhansk", "geolabelid": 704403, "label": "Krasnodon"}, {"country": "Ukraine", "subcountry": "Donetsk", "geolabelid": 704422, "label": "Krasnoarmiys\u2019k"}, {"country": "Ukraine", "subcountry": "Khmelnytskyi", "geolabelid": 704492, "label": "Krasyliv"}, {"country": "Ukraine", "subcountry": "Donetsk", "geolabelid": 704508, "label": "Kramators\u2019k"}, {"country": "Ukraine", "subcountry": "Kharkiv", "geolabelid": 704608, "label": "Kivsharivka"}, {"country": "Ukraine", "subcountry": "Volyn", "geolabelid": 704617, "label": "Kovel\u2019"}, {"country": "Ukraine", "subcountry": "Odessa", "geolabelid": 704679, "label": "Kotovs\u2019k"}, {"country": "Ukraine", "subcountry": "Rivne", "geolabelid": 704737, "label": "Kostopil\u2019"}, {"country": "Ukraine", "subcountry": "Cherkasy", "geolabelid": 704858, "label": "Korsun\u2019-Shevchenkivs\u2019kyy"}, {"country": "Ukraine", "subcountry": "Zhytomyr", "geolabelid": 704885, "label": "Korostyshiv"}, {"country": "Ukraine", "subcountry": "Zhytomyr", "geolabelid": 704901, "label": "Korosten\u2019"}, {"country": "Ukraine", "subcountry": "Donetsk", "geolabelid": 705104, "label": "Kostyantynivka"}, {"country": "Ukraine", "subcountry": "Sumy", "geolabelid": 705135, "label": "Konotop"}, {"country": "Ukraine", "subcountry": "Kharkiv", "geolabelid": 705183, "label": "Komsomol\u2019s\u2019ke"}, {"country": "Ukraine", "subcountry": "Ivano-Frankivsk", "geolabelid": 705392, "label": "Kolomyya"}, {"country": "Ukraine", "subcountry": "Volyn", "geolabelid": 705730, "label": "Kivertsi"}, {"country": "Ukraine", "subcountry": "Luhansk", "geolabelid": 705809, "label": "Kirovs\u2019k"}, {"country": "Ukraine", "subcountry": "Kirovohrad", "geolabelid": 705812, "label": "Kirovohrad"}, {"country": "Ukraine", "subcountry": "Odessa", "geolabelid": 705883, "label": "Kiliya"}, {"country": "Ukraine", "subcountry": "Zakarpattia", "geolabelid": 706165, "label": "Khust"}, {"country": "Ukraine", "subcountry": "Khmelnytskyi", "geolabelid": 706369, "label": "Khmel\u2019nyts\u2019kyy"}, {"country": "Ukraine", "subcountry": "Vinnyts'ka", "geolabelid": 706380, "label": "Khmil\u2019nyk"}, {"country": "Ukraine", "subcountry": "Kherson", "geolabelid": 706448, "label": "Kherson"}, {"country": "Ukraine", "subcountry": "Donetsk", "geolabelid": 706466, "label": "Khartsyz\u2019k"}, {"country": "Ukraine", "subcountry": "Kharkiv", "geolabelid": 706483, "label": "Kharkiv"}, {"country": "Ukraine", "subcountry": "Crimea", "geolabelid": 706524, "label": "Kerch"}, {"country": "Ukraine", "subcountry": "Vinnyts'ka", "geolabelid": 706571, "label": "Kozyatyn"}, {"country": "Ukraine", "subcountry": "Poltava", "geolabelid": 706749, "label": "Karlivka"}, {"country": "Ukraine", "subcountry": "Cherkasy", "geolabelid": 706900, "label": "Kaniv"}, {"country": "Ukraine", "subcountry": "Khmelnytskyi", "geolabelid": 706950, "label": "Kamieniec Podolski"}, {"country": "Ukraine", "subcountry": "Ivano-Frankivsk", "geolabelid": 707099, "label": "Kalush"}, {"country": "Ukraine", "subcountry": "Vinnyts'ka", "geolabelid": 707155, "label": "Kalynivka"}, {"country": "Ukraine", "subcountry": "Kherson", "geolabelid": 707244, "label": "Kakhovka"}, {"country": "Ukraine", "subcountry": "Kharkiv", "geolabelid": 707292, "label": "Izyum"}, {"country": "Ukraine", "subcountry": "Khmelnytskyi", "geolabelid": 707296, "label": "Izyaslav"}, {"country": "Ukraine", "subcountry": "Odessa", "geolabelid": 707308, "label": "Izmayil"}, {"country": "Ukraine", "subcountry": "Ivano-Frankivsk", "geolabelid": 707471, "label": "Ivano-Frankivs\u2019k"}, {"country": "Ukraine", "subcountry": "Kiev", "geolabelid": 707565, "label": "Irpin"}, {"country": "Ukraine", "subcountry": "Donetsk", "geolabelid": 707679, "label": "Ilovays\u2019k"}, {"country": "Ukraine", "subcountry": "Odessa", "geolabelid": 707688, "label": "Illichivs\u2019k"}, {"country": "Ukraine", "subcountry": "Khmelnytskyi", "geolabelid": 707752, "label": "Horodok"}, {"country": "Ukraine", "subcountry": "Donetsk", "geolabelid": 707753, "label": "Horlivka"}, {"country": "Ukraine", "subcountry": "Sumy", "geolabelid": 707758, "label": "Hlukhiv"}, {"country": "Ukraine", "subcountry": "Zaporizhia", "geolabelid": 707898, "label": "Hulyaypole"}, {"country": "Ukraine", "subcountry": "Lviv", "geolabelid": 708313, "label": "Horodok"}, {"country": "Ukraine", "subcountry": "Cherkasy", "geolabelid": 708366, "label": "Horodyshche"}, {"country": "Ukraine", "subcountry": "Kherson", "geolabelid": 708632, "label": "Hola Prystan\u2019"}, {"country": "Ukraine", "subcountry": "Kherson", "geolabelid": 708878, "label": "Heniches\u2019k"}, {"country": "Ukraine", "subcountry": "Kirovohrad", "geolabelid": 708898, "label": "Hayvoron"}, {"country": "Ukraine", "subcountry": "Vinnyts'ka", "geolabelid": 708901, "label": "Haysyn"}, {"country": "Ukraine", "subcountry": "Poltava", "geolabelid": 709054, "label": "Hadyach"}, {"country": "Ukraine", "subcountry": "Crimea", "geolabelid": 709161, "label": "Feodosiya"}, {"country": "Ukraine", "subcountry": "Kiev", "geolabelid": 709248, "label": "Fastiv"}, {"country": "Ukraine", "subcountry": "Zaporizhia", "geolabelid": 709276, "label": "Energodar"}, {"country": "Ukraine", "subcountry": "Crimea", "geolabelid": 709334, "label": "Dzhankoy"}, {"country": "Ukraine", "subcountry": "Donetsk", "geolabelid": 709354, "label": "Dzerzhyns\u2019k"}, {"country": "Ukraine", "subcountry": "Khmelnytskyi", "geolabelid": 709429, "label": "Dunaivtsi"}, {"country": "Ukraine", "subcountry": "Rivne", "geolabelid": 709540, "label": "Dubno"}, {"country": "Ukraine", "subcountry": "Lviv", "geolabelid": 709611, "label": "Drohobych"}, {"country": "Ukraine", "subcountry": "Donetsk", "geolabelid": 709717, "label": "Donetsk"}, {"country": "Ukraine", "subcountry": "Ivano-Frankivsk", "geolabelid": 709755, "label": "Dolyna"}, {"country": "Ukraine", "subcountry": "Kirovohrad", "geolabelid": 709782, "label": "Dolyns'ka"}, {"country": "Ukraine", "subcountry": "Donetsk", "geolabelid": 709835, "label": "Dokuchayevs\u2019k"}, {"country": "Ukraine", "subcountry": "Donetsk", "geolabelid": 709900, "label": "Dobropillya"}, {"country": "Ukraine", "subcountry": "Dnipropetrovsk", "geolabelid": 709930, "label": "Dnipropetrovsk"}, {"country": "Ukraine", "subcountry": "Dnipropetrovsk", "geolabelid": 709932, "label": "Dniprodzerzhyns\u2019k"}, {"country": "Ukraine", "subcountry": "Zaporizhia", "geolabelid": 709960, "label": "Dniprorudne"}, {"country": "Ukraine", "subcountry": "Donetsk", "geolabelid": 710035, "label": "Dymytrov"}, {"country": "Ukraine", "subcountry": "Kharkiv", "geolabelid": 710098, "label": "Derhachi"}, {"country": "Ukraine", "subcountry": "Donetsk", "geolabelid": 710229, "label": "Debal\u2019tseve"}, {"country": "Ukraine", "subcountry": "Kharkiv", "geolabelid": 710374, "label": "Chuhuyiv"}, {"country": "Ukraine", "subcountry": "Ternopil", "geolabelid": 710400, "label": "Chortkiv"}, {"country": "Ukraine", "subcountry": "Luhansk", "geolabelid": 710548, "label": "Chervonopartyzans\u2019k"}, {"country": "Ukraine", "subcountry": "Lviv", "geolabelid": 710554, "label": "Chervonohrad"}, {"country": "Ukraine", "subcountry": "Chernivtsi", "geolabelid": 710719, "label": "Chernivtsi"}, {"country": "Ukraine", "subcountry": "Chernihiv", "geolabelid": 710735, "label": "Chernihiv"}, {"country": "Ukraine", "subcountry": "Cherkasy", "geolabelid": 710791, "label": "Cherkasy"}, {"country": "Ukraine", "subcountry": "Kiev", "geolabelid": 711350, "label": "Bucha"}, {"country": "Ukraine", "subcountry": "Luhansk", "geolabelid": 711369, "label": "Bryanka"}, {"country": "Ukraine", "subcountry": "Kiev", "geolabelid": 711390, "label": "Brovary"}, {"country": "Ukraine", "subcountry": "Lviv", "geolabelid": 711416, "label": "Brody"}, {"country": "Ukraine", "subcountry": "Kiev", "geolabelid": 711515, "label": "Boyarka"}, {"country": "Ukraine", "subcountry": "Kiev", "geolabelid": 711660, "label": "Boryspil\u2019"}, {"country": "Ukraine", "subcountry": "Lviv", "geolabelid": 711669, "label": "Boryslav"}, {"country": "Ukraine", "subcountry": "Odessa", "geolabelid": 711841, "label": "Bolhrad"}, {"country": "Ukraine", "subcountry": "Kiev", "geolabelid": 711867, "label": "Bohuslav"}, {"country": "Ukraine", "subcountry": "Kharkiv", "geolabelid": 711894, "label": "Bohodukhiv"}, {"country": "Ukraine", "subcountry": "Odessa", "geolabelid": 712160, "label": "Bilhorod-Dnistrovs\u2019kyy"}, {"country": "Ukraine", "subcountry": "Kiev", "geolabelid": 712165, "label": "Bila Tserkva"}, {"country": "Ukraine", "subcountry": "Ternopil", "geolabelid": 712374, "label": "\u0411\u0435\u0440\u0435\u0436\u0430\u043d\u0438"}, {"country": "Ukraine", "subcountry": "Zakarpattia", "geolabelid": 712423, "label": "Berehove"}, {"country": "Ukraine", "subcountry": "Zhytomyr", "geolabelid": 712441, "label": "Berdychiv"}, {"country": "Ukraine", "subcountry": "Zaporizhia", "geolabelid": 712451, "label": "Berdyans\u2019k"}, {"country": "Ukraine", "subcountry": "Sumy", "geolabelid": 712559, "label": "Bilopillya"}, {"country": "Ukraine", "subcountry": "Crimea", "geolabelid": 712587, "label": "Bilohirs\u2019k"}, {"country": "Ukraine", "subcountry": "Vinnyts'ka", "geolabelid": 712861, "label": "Bar"}, {"country": "Ukraine", "subcountry": "Odessa", "geolabelid": 712886, "label": "Balta"}, {"country": "Ukraine", "subcountry": "Kharkiv", "geolabelid": 712926, "label": "Balakliya"}, {"country": "Ukraine", "subcountry": "Misto Sevastopol\u2019", "geolabelid": 712930, "label": "Balaklava"}, {"country": "Ukraine", "subcountry": "Chernihiv", "geolabelid": 712967, "label": "Bakhmach"}, {"country": "Ukraine", "subcountry": "Crimea", "geolabelid": 712969, "label": "Bakhchysaray"}, {"country": "Ukraine", "subcountry": "Donetsk", "geolabelid": 713122, "label": "Avdiyivka"}, {"country": "Ukraine", "subcountry": "Odessa", "geolabelid": 713163, "label": "Artsyz"}, {"country": "Ukraine", "subcountry": "Donetsk", "geolabelid": 713174, "label": "Artemivs\u2019k"}, {"country": "Ukraine", "subcountry": "Crimea", "geolabelid": 713203, "label": "Armyans\u2019k"}, {"country": "Ukraine", "subcountry": "Dnipropetrovsk", "geolabelid": 713245, "label": "Apostolove"}, {"country": "Ukraine", "subcountry": "Luhansk", "geolabelid": 713259, "label": "Antratsyt"}, {"country": "Ukraine", "subcountry": "Donetsk", "geolabelid": 713504, "label": "Amvrosiyivka"}, {"country": "Ukraine", "subcountry": "Crimea", "geolabelid": 713513, "label": "Alushta"}, {"country": "Ukraine", "subcountry": "Luhansk", "geolabelid": 713716, "label": "Alchevs\u2019k"}, {"country": "Ukraine", "subcountry": "Sumy", "geolabelid": 713749, "label": "Okhtyrka"}, {"country": "Ukraine", "subcountry": "Poltava", "geolabelid": 6559559, "label": "Komsomolsk"}, {"country": "Ukraine", "subcountry": "Kiev", "geolabelid": 6930327, "label": "\u0421\u043b\u0430\u0432\u0443\u0442\u0438\u0447"}, {"country": "Ukraine", "subcountry": "Mykolaiv", "geolabelid": 7525990, "label": "Yuzhnoukrains'k"}, {"country": "Ukraine", "subcountry": "Lviv", "geolabelid": 8468760, "label": "Novoyavorivs'k"}]