[{"country": "Palestinian Territory", "subcountry": "Gaza Strip", "geolabelid": 281102, "label": "Rafa\u1e29"}, {"country": "Palestinian Territory", "subcountry": "Gaza Strip", "geolabelid": 281109, "label": "An Nu\u015fayr\u0101t"}, {"country": "Palestinian Territory", "subcountry": "Gaza Strip", "geolabelid": 281124, "label": "Kh\u0101n Y\u016bnis"}, {"country": "Palestinian Territory", "subcountry": "Gaza Strip", "geolabelid": 281129, "label": "Jab\u0101ly\u0101"}, {"country": "Palestinian Territory", "subcountry": "Gaza Strip", "geolabelid": 281133, "label": "Gaza"}, {"country": "Palestinian Territory", "subcountry": "Gaza Strip", "geolabelid": 281141, "label": "Dayr al Bala\u1e29"}, {"country": "Palestinian Territory", "subcountry": "Gaza Strip", "geolabelid": 281145, "label": "Bayt L\u0101hy\u0101"}, {"country": "Palestinian Territory", "subcountry": "Gaza Strip", "geolabelid": 281146, "label": "Bayt \u1e28\u0101n\u016bn"}, {"country": "Palestinian Territory", "subcountry": "Gaza Strip", "geolabelid": 281148, "label": "Ban\u012b Suhayl\u0101"}, {"country": "Palestinian Territory", "subcountry": "Gaza Strip", "geolabelid": 281161, "label": "Al Burayj"}, {"country": "Palestinian Territory", "subcountry": "Gaza Strip", "geolabelid": 281165, "label": "\u2018Abas\u0101n al Kab\u012brah"}, {"country": "Palestinian Territory", "subcountry": "West Bank", "geolabelid": 281292, "label": "Yuta"}, {"country": "Palestinian Territory", "subcountry": "West Bank", "geolabelid": 281577, "label": "\u0162\u016blkarm"}, {"country": "Palestinian Territory", "subcountry": "West Bank", "geolabelid": 281581, "label": "\u0162\u016bb\u0101s"}, {"country": "Palestinian Territory", "subcountry": "West Bank", "geolabelid": 281793, "label": "Sa\u2018\u012br"}, {"country": "Palestinian Territory", "subcountry": "West Bank", "geolabelid": 282239, "label": "Ramallah"}, {"country": "Palestinian Territory", "subcountry": "West Bank", "geolabelid": 282457, "label": "Qalq\u012blyah"}, {"country": "Palestinian Territory", "subcountry": "West Bank", "geolabelid": 282476, "label": "Qab\u0101\u0163\u012byah"}, {"country": "Palestinian Territory", "subcountry": "West Bank", "geolabelid": 282615, "label": "Nablus"}, {"country": "Palestinian Territory", "subcountry": "West Bank", "geolabelid": 283506, "label": "Jan\u012bn"}, {"country": "Palestinian Territory", "subcountry": "West Bank", "geolabelid": 283621, "label": "Idhn\u0101"}, {"country": "Palestinian Territory", "subcountry": "West Bank", "geolabelid": 283806, "label": "\u1e28al\u1e29\u016bl"}, {"country": "Palestinian Territory", "subcountry": "West Bank", "geolabelid": 284011, "label": "D\u016br\u0101"}, {"country": "Palestinian Territory", "subcountry": "West Bank", "geolabelid": 284315, "label": "Bethlehem"}, {"country": "Palestinian Territory", "subcountry": "West Bank", "geolabelid": 284324, "label": "Bayt J\u0101l\u0101"}, {"country": "Palestinian Territory", "subcountry": "West Bank", "geolabelid": 284431, "label": "Ban\u012b Na\u2018\u012bm"}, {"country": "Palestinian Territory", "subcountry": "West Bank", "geolabelid": 284446, "label": "Bal\u0101\u0163ah"}, {"country": "Palestinian Territory", "subcountry": "West Bank", "geolabelid": 284486, "label": "Az\u0327 Z\u0327\u0101hir\u012byah"}, {"country": "Palestinian Territory", "subcountry": "West Bank", "geolabelid": 284583, "label": "As Sam\u016b\u2018"}, {"country": "Palestinian Territory", "subcountry": "West Bank", "geolabelid": 284890, "label": "Ar R\u0101m wa \u1e10\u0101\u1e29iyat al Bar\u012bd"}, {"country": "Palestinian Territory", "subcountry": "West Bank", "geolabelid": 284899, "label": "Jericho"}, {"country": "Palestinian Territory", "subcountry": "West Bank", "geolabelid": 284999, "label": "Al Y\u0101m\u016bn"}, {"country": "Palestinian Territory", "subcountry": "West Bank", "geolabelid": 285066, "label": "Hebron"}, {"country": "Palestinian Territory", "subcountry": "West Bank", "geolabelid": 285108, "label": "Al B\u012brah"}, {"country": "Palestinian Territory", "subcountry": "West Bank", "geolabelid": 285111, "label": "Al \u2018Ayzar\u012byah"}, {"country": "Palestinian Territory", "subcountry": "West Bank", "geolabelid": 6945291, "label": "Old City"}, {"country": "Palestinian Territory", "subcountry": "Gaza Strip", "geolabelid": 6967865, "label": "Al Qar\u0101rah"}, {"country": "Palestinian Territory", "subcountry": "Gaza Strip", "geolabelid": 6967990, "label": "Az Zuw\u0101ydah"}, {"country": "Palestinian Territory", "subcountry": "West Bank", "geolabelid": 7303419, "label": "East Jerusalem"}]