[{"country": "Croatia", "subcountry": "Zagreba\u010dka", "geolabelid": 3186781, "label": "Zapre\u0161i\u0107"}, {"country": "Croatia", "subcountry": "Grad Zagreb", "geolabelid": 3186886, "label": "Zagreb"}, {"country": "Croatia", "subcountry": "Zadarska", "geolabelid": 3186952, "label": "Zadar"}, {"country": "Croatia", "subcountry": "Vukovarsko-Srijemska", "geolabelid": 3187047, "label": "Vukovar"}, {"country": "Croatia", "subcountry": "Viroviti\u010dk-Podravska", "geolabelid": 3187694, "label": "Virovitica"}, {"country": "Croatia", "subcountry": "Vukovarsko-Srijemska", "geolabelid": 3187719, "label": "Vinkovci"}, {"country": "Croatia", "subcountry": "Zagreba\u010dka", "geolabelid": 3188244, "label": "Velika Gorica"}, {"country": "Croatia", "subcountry": "Vara\u017edinska", "geolabelid": 3188383, "label": "Vara\u017edin"}, {"country": "Croatia", "subcountry": "Splitsko-Dalmatinska", "geolabelid": 3190261, "label": "Split"}, {"country": "Croatia", "subcountry": "Splitsko-Dalmatinska", "geolabelid": 3190359, "label": "Solin"}, {"country": "Croatia", "subcountry": "Brodsko-Posavska", "geolabelid": 3190586, "label": "Slavonski Brod"}, {"country": "Croatia", "subcountry": "Po\u017ee\u0161ko-Slavonska", "geolabelid": 3190589, "label": "Po\u017eega"}, {"country": "Croatia", "subcountry": "Sisa\u010dko-Moslava\u010dka", "geolabelid": 3190813, "label": "Sisak"}, {"country": "Croatia", "subcountry": "\u0160ibensko-Kniniska", "geolabelid": 3190941, "label": "\u0160ibenik"}, {"country": "Croatia", "subcountry": "Grad Zagreb", "geolabelid": 3190966, "label": "Sesvete"}, {"country": "Croatia", "subcountry": "Zagreba\u010dka", "geolabelid": 3191316, "label": "Samobor"}, {"country": "Croatia", "subcountry": "Primorsko-Goranska", "geolabelid": 3191648, "label": "Rijeka"}, {"country": "Croatia", "subcountry": "Istarska", "geolabelid": 3192224, "label": "Pula"}, {"country": "Croatia", "subcountry": "Osje\u010dko-Baranjska", "geolabelid": 3193935, "label": "Osijek"}, {"country": "Croatia", "subcountry": "Koprivni\u010dko-Kri\u017eeva\u010dka", "geolabelid": 3197728, "label": "Koprivnica"}, {"country": "Croatia", "subcountry": "Karlova\u010dka", "geolabelid": 3198259, "label": "Karlovac"}, {"country": "Croatia", "subcountry": "Dubrova\u010dko-Neretvanska", "geolabelid": 3201047, "label": "Dubrovnik"}, {"country": "Croatia", "subcountry": "Me\u0111imurska", "geolabelid": 3202888, "label": "\u010cakovec"}, {"country": "Croatia", "subcountry": "Bjelovarsko-Bilogorska", "geolabelid": 3203982, "label": "Bjelovar"}, {"country": "Croatia", "subcountry": "Grad Zagreb", "geolabelid": 3209380, "label": "Zagreb- Stenjevec"}, {"country": "Croatia", "subcountry": "Grad Zagreb", "geolabelid": 6618983, "label": "Zagreb - Centar"}]