[{"country": "Myanmar", "subcountry": "Magway", "geolabelid": 1285173, "label": "Yenangyaung"}, {"country": "Myanmar", "subcountry": "Ayeyarwady", "geolabelid": 1285871, "label": "Nyaungdon"}, {"country": "Myanmar", "subcountry": "Mandalay", "geolabelid": 1285899, "label": "Yamethin"}, {"country": "Myanmar", "subcountry": "Ayeyarwady", "geolabelid": 1289828, "label": "Wakema"}, {"country": "Myanmar", "subcountry": "Yangon", "geolabelid": 1290374, "label": "Twante"}, {"country": "Myanmar", "subcountry": "Bago", "geolabelid": 1290596, "label": "Taungoo"}, {"country": "Myanmar", "subcountry": "Yangon", "geolabelid": 1291193, "label": "Thongwa"}, {"country": "Myanmar", "subcountry": "Magway", "geolabelid": 1292037, "label": "Thayetmyo"}, {"country": "Myanmar", "subcountry": "Mon", "geolabelid": 1292288, "label": "Thaton"}, {"country": "Myanmar", "subcountry": "Bago", "geolabelid": 1292313, "label": "Tharyarwady"}, {"country": "Myanmar", "subcountry": "Bago", "geolabelid": 1292579, "label": "Thanatpin"}, {"country": "Myanmar", "subcountry": "Bago", "geolabelid": 1292580, "label": "Thanatpin"}, {"country": "Myanmar", "subcountry": "Tanintharyi", "geolabelid": 1293625, "label": "Dawei"}, {"country": "Myanmar", "subcountry": "Shan", "geolabelid": 1293960, "label": "Taunggyi"}, {"country": "Myanmar", "subcountry": "Magway", "geolabelid": 1294041, "label": "Taungdwingyi"}, {"country": "Myanmar", "subcountry": "Yangon", "geolabelid": 1295395, "label": "Syriam"}, {"country": "Myanmar", "subcountry": "Rakhine", "geolabelid": 1295765, "label": "Sittwe"}, {"country": "Myanmar", "subcountry": "Sagain", "geolabelid": 1296736, "label": "Shwebo"}, {"country": "Myanmar", "subcountry": "Sagain", "geolabelid": 1298482, "label": "Sagaing"}, {"country": "Myanmar", "subcountry": "Yangon", "geolabelid": 1298824, "label": "Yangon"}, {"country": "Myanmar", "subcountry": "Bago", "geolabelid": 1298911, "label": "Pyu"}, {"country": "Myanmar", "subcountry": "Mandalay", "geolabelid": 1298987, "label": "Pyinmana"}, {"country": "Myanmar", "subcountry": "Bago", "geolabelid": 1299154, "label": "Pyay"}, {"country": "Myanmar", "subcountry": "Ayeyarwady", "geolabelid": 1299237, "label": "Pyapon"}, {"country": "Myanmar", "subcountry": "Bago", "geolabelid": 1300466, "label": "Bago"}, {"country": "Myanmar", "subcountry": "Bago", "geolabelid": 1300969, "label": "Paungde"}, {"country": "Myanmar", "subcountry": "Magway", "geolabelid": 1302439, "label": "Pakokku"}, {"country": "Myanmar", "subcountry": "Kayin", "geolabelid": 1302849, "label": "Hpa-an"}, {"country": "Myanmar", "subcountry": "Bago", "geolabelid": 1303406, "label": "Nyaunglebin"}, {"country": "Myanmar", "subcountry": "Kachin", "geolabelid": 1307741, "label": "Myitkyina"}, {"country": "Myanmar", "subcountry": "Mandalay", "geolabelid": 1307835, "label": "Myingyan"}, {"country": "Myanmar", "subcountry": "Kayin", "geolabelid": 1308052, "label": "Myawadi"}, {"country": "Myanmar", "subcountry": "Ayeyarwady", "geolabelid": 1308204, "label": "Myanaung"}, {"country": "Myanmar", "subcountry": "Mon", "geolabelid": 1308415, "label": "Mudon"}, {"country": "Myanmar", "subcountry": "Ayeyarwady", "geolabelid": 1308464, "label": "Mawlamyinegyunn"}, {"country": "Myanmar", "subcountry": "Mon", "geolabelid": 1308465, "label": "Mawlamyine"}, {"country": "Myanmar", "subcountry": "Sagain", "geolabelid": 1308522, "label": "Monywa"}, {"country": "Myanmar", "subcountry": "Mandalay", "geolabelid": 1308937, "label": "Mogok"}, {"country": "Myanmar", "subcountry": "Magway", "geolabelid": 1309289, "label": "Minbu"}, {"country": "Myanmar", "subcountry": "Tanintharyi", "geolabelid": 1309611, "label": "Myeik"}, {"country": "Myanmar", "subcountry": "Mandalay", "geolabelid": 1309793, "label": "Meiktila"}, {"country": "Myanmar", "subcountry": "Mandalay", "geolabelid": 1309937, "label": "Pyin Oo Lwin"}, {"country": "Myanmar", "subcountry": "Sagain", "geolabelid": 1310120, "label": "Mawlaik"}, {"country": "Myanmar", "subcountry": "Ayeyarwady", "geolabelid": 1310362, "label": "Maubin"}, {"country": "Myanmar", "subcountry": "Mon", "geolabelid": 1310460, "label": "Martaban"}, {"country": "Myanmar", "subcountry": "Mandalay", "geolabelid": 1311874, "label": "Mandalay"}, {"country": "Myanmar", "subcountry": "Magway", "geolabelid": 1312609, "label": "Magway"}, {"country": "Myanmar", "subcountry": "Kayah", "geolabelid": 1313479, "label": "Loikaw"}, {"country": "Myanmar", "subcountry": "Bago", "geolabelid": 1314042, "label": "Letpandan"}, {"country": "Myanmar", "subcountry": "Shan", "geolabelid": 1314759, "label": "Lashio"}, {"country": "Myanmar", "subcountry": "Mandalay", "geolabelid": 1316703, "label": "Kyaukse"}, {"country": "Myanmar", "subcountry": "Mon", "geolabelid": 1317375, "label": "Kyaikto"}, {"country": "Myanmar", "subcountry": "Ayeyarwady", "geolabelid": 1317397, "label": "Kyaiklat"}, {"country": "Myanmar", "subcountry": "Mon", "geolabelid": 1317402, "label": "Kyaikkami"}, {"country": "Myanmar", "subcountry": "Yangon", "geolabelid": 1319533, "label": "Kayan"}, {"country": "Myanmar", "subcountry": "Yangon", "geolabelid": 1320944, "label": "Kanbe"}, {"country": "Myanmar", "subcountry": "Ayeyarwady", "geolabelid": 1325211, "label": "Hinthada"}, {"country": "Myanmar", "subcountry": "Chin", "geolabelid": 1325443, "label": "Hakha"}, {"country": "Myanmar", "subcountry": "Magway", "geolabelid": 1327659, "label": "Chauk"}, {"country": "Myanmar", "subcountry": "Ayeyarwady", "geolabelid": 1328121, "label": "Bogale"}, {"country": "Myanmar", "subcountry": "Kachin", "geolabelid": 1328218, "label": "Bhamo"}, {"country": "Myanmar", "subcountry": "Ayeyarwady", "geolabelid": 1328421, "label": "Pathein"}, {"country": "Myanmar", "subcountry": "Magway", "geolabelid": 1329239, "label": "Myaydo"}, {"country": "Myanmar", "subcountry": "Mandalay", "geolabelid": 6611854, "label": "Nay Pyi Taw"}]