[{"country": "Ethiopia", "subcountry": "Oromiya", "geolabelid": 325579, "label": "Ziway"}, {"country": "Ethiopia", "subcountry": "Southern Nations, Nationalities, and People's Region", "geolabelid": 325780, "label": "Yirga \u2018Alem"}, {"country": "Ethiopia", "subcountry": "Oromiya", "geolabelid": 326036, "label": "Yab\u0113lo"}, {"country": "Ethiopia", "subcountry": "Amhara", "geolabelid": 326206, "label": "Werota"}, {"country": "Ethiopia", "subcountry": "Oromiya", "geolabelid": 326308, "label": "Wenj\u012b"}, {"country": "Ethiopia", "subcountry": "Southern Nations, Nationalities, and People's Region", "geolabelid": 327694, "label": "Tippi"}, {"country": "Ethiopia", "subcountry": "Oromiya", "geolabelid": 328689, "label": "Shashemen\u0113"}, {"country": "Ethiopia", "subcountry": "Oromiya", "geolabelid": 328709, "label": "Shambu"}, {"country": "Ethiopia", "subcountry": "Oromiya", "geolabelid": 328716, "label": "Shak\u012bso"}, {"country": "Ethiopia", "subcountry": "Oromiya", "geolabelid": 329114, "label": "Sebeta"}, {"country": "Ethiopia", "subcountry": "Amhara", "geolabelid": 329586, "label": "Rob\u012bt"}, {"country": "Ethiopia", "subcountry": "Oromiya", "geolabelid": 330120, "label": "Nejo"}, {"country": "Ethiopia", "subcountry": "Oromiya", "geolabelid": 330186, "label": "Nazr\u0113t"}, {"country": "Ethiopia", "subcountry": "Oromiya", "geolabelid": 330491, "label": "Mojo"}, {"country": "Ethiopia", "subcountry": "Oromiya", "geolabelid": 330764, "label": "Metu"}, {"country": "Ethiopia", "subcountry": "Oromiya", "geolabelid": 330811, "label": "Metah\u0101ra"}, {"country": "Ethiopia", "subcountry": "Oromiya", "geolabelid": 331038, "label": "Mend\u012b"}, {"country": "Ethiopia", "subcountry": "Tigray", "geolabelid": 331180, "label": "Mekele"}, {"country": "Ethiopia", "subcountry": "Tigray", "geolabelid": 331416, "label": "Maych\u2019ew"}, {"country": "Ethiopia", "subcountry": "Tigray", "geolabelid": 332746, "label": "Korem"}, {"country": "Ethiopia", "subcountry": "Southern Nations, Nationalities, and People's Region", "geolabelid": 332880, "label": "K\u2019ol\u012bto"}, {"country": "Ethiopia", "subcountry": "Oromiya", "geolabelid": 333103, "label": "Kibre Mengist"}, {"country": "Ethiopia", "subcountry": "Amhara", "geolabelid": 333356, "label": "Kemis\u0113"}, {"country": "Ethiopia", "subcountry": "Amhara", "geolabelid": 333373, "label": "Kombolcha"}, {"country": "Ethiopia", "subcountry": "Southern Nations, Nationalities, and People's Region", "geolabelid": 333750, "label": "Jinka"}, {"country": "Ethiopia", "subcountry": "Oromiya", "geolabelid": 333772, "label": "J\u012bma"}, {"country": "Ethiopia", "subcountry": "Somali", "geolabelid": 333795, "label": "Jijiga"}, {"country": "Ethiopia", "subcountry": "Tigray", "geolabelid": 334227, "label": "Inda Silas\u0113"}, {"country": "Ethiopia", "subcountry": "Harari", "geolabelid": 335035, "label": "Harar"}, {"country": "Ethiopia", "subcountry": "Oromiya", "geolabelid": 335288, "label": "H\u0101gere Hiywet"}, {"country": "Ethiopia", "subcountry": "Amhara", "geolabelid": 336014, "label": "Gondar"}, {"country": "Ethiopia", "subcountry": "Oromiya", "geolabelid": 336350, "label": "Goba"}, {"country": "Ethiopia", "subcountry": "Oromiya", "geolabelid": 336372, "label": "Waliso"}, {"country": "Ethiopia", "subcountry": "Oromiya", "geolabelid": 336454, "label": "Ginir"}, {"country": "Ethiopia", "subcountry": "Oromiya", "geolabelid": 336496, "label": "Gimbi"}, {"country": "Ethiopia", "subcountry": "Oromiya", "geolabelid": 336931, "label": "Genet"}, {"country": "Ethiopia", "subcountry": "Oromiya", "geolabelid": 337010, "label": "Gelemso"}, {"country": "Ethiopia", "subcountry": "Oromiya", "geolabelid": 337152, "label": "Gebre Guracha"}, {"country": "Ethiopia", "subcountry": "Gambela", "geolabelid": 337405, "label": "Gamb\u0113la"}, {"country": "Ethiopia", "subcountry": "Amhara", "geolabelid": 337712, "label": "Finote Selam"}, {"country": "Ethiopia", "subcountry": "Oromiya", "geolabelid": 337771, "label": "Fich\u0113"}, {"country": "Ethiopia", "subcountry": "Southern Nations, Nationalities, and People's Region", "geolabelid": 337853, "label": "Felege Neway"}, {"country": "Ethiopia", "subcountry": "\u0100far", "geolabelid": 338554, "label": "Dubti"}, {"country": "Ethiopia", "subcountry": "Oromiya", "geolabelid": 338726, "label": "Dodola"}, {"country": "Ethiopia", "subcountry": "Dire Dawa", "geolabelid": 338832, "label": "Dire Dawa"}, {"country": "Ethiopia", "subcountry": "Southern Nations, Nationalities, and People's Region", "geolabelid": 338998, "label": "D\u012bla"}, {"country": "Ethiopia", "subcountry": "Amhara", "geolabelid": 339219, "label": "Des\u0113"}, {"country": "Ethiopia", "subcountry": "Oromiya", "geolabelid": 339448, "label": "Demb\u012b Dolo"}, {"country": "Ethiopia", "subcountry": "Oromiya", "geolabelid": 339666, "label": "Bishoftu"}, {"country": "Ethiopia", "subcountry": "Amhara", "geolabelid": 339686, "label": "Debre Tabor"}, {"country": "Ethiopia", "subcountry": "Amhara", "geolabelid": 339708, "label": "Debre Mark\u2019os"}, {"country": "Ethiopia", "subcountry": "Amhara", "geolabelid": 339734, "label": "Debre Birhan"}, {"country": "Ethiopia", "subcountry": "Amhara", "geolabelid": 339823, "label": "Debark\u2019"}, {"country": "Ethiopia", "subcountry": "Southern Nations, Nationalities, and People's Region", "geolabelid": 341297, "label": "Butaj\u012bra"}, {"country": "Ethiopia", "subcountry": "Amhara", "geolabelid": 341397, "label": "Bur\u0113"}, {"country": "Ethiopia", "subcountry": "Southern Nations, Nationalities, and People's Region", "geolabelid": 341742, "label": "Bonga"}, {"country": "Ethiopia", "subcountry": "Southern Nations, Nationalities, and People's Region", "geolabelid": 341877, "label": "Bod\u012bt\u012b"}, {"country": "Ethiopia", "subcountry": "Amhara", "geolabelid": 342190, "label": "Bichena"}, {"country": "Ethiopia", "subcountry": "Oromiya", "geolabelid": 342559, "label": "Bed\u0113sa"}, {"country": "Ethiopia", "subcountry": "Oromiya", "geolabelid": 342567, "label": "Bedel\u0113"}, {"country": "Ethiopia", "subcountry": "Amhara", "geolabelid": 342641, "label": "Bat\u012b"}, {"country": "Ethiopia", "subcountry": "Southern Nations, Nationalities, and People's Region", "geolabelid": 342856, "label": "Bako"}, {"country": "Ethiopia", "subcountry": "Amhara", "geolabelid": 342884, "label": "Bahir Dar"}, {"country": "Ethiopia", "subcountry": "Southern Nations, Nationalities, and People's Region", "geolabelid": 343137, "label": "Hawassa"}, {"country": "Ethiopia", "subcountry": "B\u012bnshangul Gumuz", "geolabelid": 343292, "label": "\u0100sosa"}, {"country": "Ethiopia", "subcountry": "Oromiya", "geolabelid": 343402, "label": "\u0100sbe Tefer\u012b"}, {"country": "Ethiopia", "subcountry": "\u0100far", "geolabelid": 343409, "label": "Asaita"}, {"country": "Ethiopia", "subcountry": "Oromiya", "geolabelid": 343413, "label": "\u0100sasa"}, {"country": "Ethiopia", "subcountry": "Southern Nations, Nationalities, and People's Region", "geolabelid": 343593, "label": "\u0100reka"}, {"country": "Ethiopia", "subcountry": "Southern Nations, Nationalities, and People's Region", "geolabelid": 343663, "label": "\u0100rba Minch\u2019"}, {"country": "Ethiopia", "subcountry": "Tigray", "geolabelid": 344420, "label": "Axum"}, {"country": "Ethiopia", "subcountry": "Oromiya", "geolabelid": 344620, "label": "Hagere Maryam"}, {"country": "Ethiopia", "subcountry": "Oromiya", "geolabelid": 344661, "label": "\u0100garo"}, {"country": "Ethiopia", "subcountry": "Amhara", "geolabelid": 344923, "label": "\u0100d\u012bs Zemen"}, {"country": "Ethiopia", "subcountry": "\u0100d\u012bs \u0100beba", "geolabelid": 344979, "label": "Addis Ababa"}, {"country": "Ethiopia", "subcountry": "Tigray", "geolabelid": 345149, "label": "\u0100d\u012bgrat"}, {"country": "Ethiopia", "subcountry": "Amhara", "geolabelid": 345353, "label": "Addiet Canna"}, {"country": "Ethiopia", "subcountry": "Amhara", "geolabelid": 345704, "label": "Abomsa"}]