[{"country": "Armenia", "subcountry": "Syunik Province", "geolabelid": 174875, "label": "Kapan"}, {"country": "Armenia", "subcountry": "Syunik Province", "geolabelid": 174895, "label": "Goris"}, {"country": "Armenia", "subcountry": "Syunik Province", "geolabelid": 174972, "label": "Hats\u2019avan"}, {"country": "Armenia", "subcountry": "Ararat Province", "geolabelid": 174979, "label": "Artashat"}, {"country": "Armenia", "subcountry": "Ararat Province", "geolabelid": 174991, "label": "Ararat"}, {"country": "Armenia", "subcountry": "Yerevan", "geolabelid": 616052, "label": "Yerevan"}, {"country": "Armenia", "subcountry": "Armavir Province", "geolabelid": 616062, "label": "Ejmiatsin"}, {"country": "Armenia", "subcountry": "Lori Province", "geolabelid": 616199, "label": "Spitak"}, {"country": "Armenia", "subcountry": "Gegharkunik Province", "geolabelid": 616250, "label": "Sevan"}, {"country": "Armenia", "subcountry": "Ararat Province", "geolabelid": 616435, "label": "Masis"}, {"country": "Armenia", "subcountry": "Lori Province", "geolabelid": 616530, "label": "Vanadzor"}, {"country": "Armenia", "subcountry": "Gegharkunik Province", "geolabelid": 616599, "label": "Gavarr"}, {"country": "Armenia", "subcountry": "Kotayk Province", "geolabelid": 616629, "label": "Hrazdan"}, {"country": "Armenia", "subcountry": "Armavir Province", "geolabelid": 616631, "label": "Armavir"}, {"country": "Armenia", "subcountry": "Shirak Province", "geolabelid": 616635, "label": "Gyumri"}, {"country": "Armenia", "subcountry": "Aragatsotn Province", "geolabelid": 616877, "label": "Ashtarak"}, {"country": "Armenia", "subcountry": "Kotayk Province", "geolabelid": 617026, "label": "Abovyan"}]