[{"country": "Sweden", "subcountry": "V\u00e4sterbotten", "geolabelid": 602150, "label": "Ume\u00e5"}, {"country": "Sweden", "subcountry": "V\u00e4sterbotten", "geolabelid": 602913, "label": "Skellefte\u00e5"}, {"country": "Sweden", "subcountry": "Norrbotten", "geolabelid": 603570, "label": "Pite\u00e5"}, {"country": "Sweden", "subcountry": "Norrbotten", "geolabelid": 604490, "label": "Lule\u00e5"}, {"country": "Sweden", "subcountry": "Norrbotten", "geolabelid": 605155, "label": "Kiruna"}, {"country": "Sweden", "subcountry": "Norrbotten", "geolabelid": 606531, "label": "Boden"}, {"country": "Sweden", "subcountry": "Sk\u00e5ne", "geolabelid": 2662149, "label": "Ystad"}, {"country": "Sweden", "subcountry": "Gotland", "geolabelid": 2662689, "label": "Visby"}, {"country": "Sweden", "subcountry": "Kronoberg", "geolabelid": 2663536, "label": "V\u00e4xj\u00f6"}, {"country": "Sweden", "subcountry": "Kalmar", "geolabelid": 2664203, "label": "V\u00e4stervik"}, {"country": "Sweden", "subcountry": "V\u00e4stmanland", "geolabelid": 2664454, "label": "V\u00e4ster\u00e5s"}, {"country": "Sweden", "subcountry": "J\u00f6nk\u00f6ping", "geolabelid": 2664855, "label": "V\u00e4rnamo"}, {"country": "Sweden", "subcountry": "Halland", "geolabelid": 2664996, "label": "Varberg"}, {"country": "Sweden", "subcountry": "V\u00e4stra G\u00f6taland", "geolabelid": 2665171, "label": "V\u00e4nersborg"}, {"country": "Sweden", "subcountry": "Stockholm", "geolabelid": 2665452, "label": "Vallentuna"}, {"country": "Sweden", "subcountry": "Uppsala", "geolabelid": 2666199, "label": "Uppsala"}, {"country": "Sweden", "subcountry": "Stockholm", "geolabelid": 2666238, "label": "Upplands V\u00e4sby"}, {"country": "Sweden", "subcountry": "V\u00e4stra G\u00f6taland", "geolabelid": 2666670, "label": "Uddevalla"}, {"country": "Sweden", "subcountry": "Stockholm", "geolabelid": 2667094, "label": "Tumba"}, {"country": "Sweden", "subcountry": "Stockholm", "geolabelid": 2667109, "label": "Tullinge"}, {"country": "Sweden", "subcountry": "V\u00e4stra G\u00f6taland", "geolabelid": 2667303, "label": "Trollh\u00e4ttan"}, {"country": "Sweden", "subcountry": "Sk\u00e5ne", "geolabelid": 2667402, "label": "Trelleborg"}, {"country": "Sweden", "subcountry": "Stockholm", "geolabelid": 2669772, "label": "T\u00e4by"}, {"country": "Sweden", "subcountry": "V\u00e4sternorrland", "geolabelid": 2670781, "label": "Sundsvall"}, {"country": "Sweden", "subcountry": "Stockholm", "geolabelid": 2670879, "label": "Sundbyberg"}, {"country": "Sweden", "subcountry": "Stockholm", "geolabelid": 2673730, "label": "Stockholm"}, {"country": "Sweden", "subcountry": "Stockholm", "geolabelid": 2675397, "label": "Solna"}, {"country": "Sweden", "subcountry": "Stockholm", "geolabelid": 2675408, "label": "Sollentuna"}, {"country": "Sweden", "subcountry": "Stockholm", "geolabelid": 2676176, "label": "S\u00f6dert\u00e4lje"}, {"country": "Sweden", "subcountry": "V\u00e4stra G\u00f6taland", "geolabelid": 2677234, "label": "Sk\u00f6vde"}, {"country": "Sweden", "subcountry": "V\u00e4stra G\u00f6taland", "geolabelid": 2678210, "label": "Skara"}, {"country": "Sweden", "subcountry": "G\u00e4vleborg", "geolabelid": 2680075, "label": "Sandviken"}, {"country": "Sweden", "subcountry": "Stockholm", "geolabelid": 2683034, "label": "R\u00e5sunda"}, {"country": "Sweden", "subcountry": "V\u00e4stra G\u00f6taland", "geolabelid": 2684395, "label": "Partille"}, {"country": "Sweden", "subcountry": "J\u00e4mtland", "geolabelid": 2685750, "label": "\u00d6stersund"}, {"country": "Sweden", "subcountry": "Stockholm", "geolabelid": 2685828, "label": "\u00d6stermalm"}, {"country": "Sweden", "subcountry": "Kalmar", "geolabelid": 2686162, "label": "Oskarshamn"}, {"country": "Sweden", "subcountry": "V\u00e4sternorrland", "geolabelid": 2686469, "label": "\u00d6rnsk\u00f6ldsvik"}, {"country": "Sweden", "subcountry": "\u00d6rebro", "geolabelid": 2686657, "label": "\u00d6rebro"}, {"country": "Sweden", "subcountry": "S\u00f6dermanland", "geolabelid": 2687700, "label": "Nyk\u00f6ping"}, {"country": "Sweden", "subcountry": "Stockholm", "geolabelid": 2688250, "label": "Norrt\u00e4lje"}, {"country": "Sweden", "subcountry": "\u00d6sterg\u00f6tland", "geolabelid": 2688368, "label": "Norrk\u00f6ping"}, {"country": "Sweden", "subcountry": "J\u00f6nk\u00f6ping", "geolabelid": 2690170, "label": "N\u00e4ssj\u00f6"}, {"country": "Sweden", "subcountry": "Stockholm", "geolabelid": 2690580, "label": "Nacka"}, {"country": "Sweden", "subcountry": "\u00d6sterg\u00f6tland", "geolabelid": 2690960, "label": "Motala"}, {"country": "Sweden", "subcountry": "V\u00e4stra G\u00f6taland", "geolabelid": 2691459, "label": "M\u00f6lndal"}, {"country": "Sweden", "subcountry": "Stockholm", "geolabelid": 2692475, "label": "M\u00e4rsta"}, {"country": "Sweden", "subcountry": "Sk\u00e5ne", "geolabelid": 2692969, "label": "Malm\u00f6"}, {"country": "Sweden", "subcountry": "Sk\u00e5ne", "geolabelid": 2693678, "label": "Lund"}, {"country": "Sweden", "subcountry": "\u00d6sterg\u00f6tland", "geolabelid": 2694762, "label": "Link\u00f6ping"}, {"country": "Sweden", "subcountry": "V\u00e4stra G\u00f6taland", "geolabelid": 2696329, "label": "Lidk\u00f6ping"}, {"country": "Sweden", "subcountry": "Stockholm", "geolabelid": 2696334, "label": "Liding\u00f6"}, {"country": "Sweden", "subcountry": "V\u00e4stra G\u00f6taland", "geolabelid": 2696503, "label": "Lerum"}, {"country": "Sweden", "subcountry": "Sk\u00e5ne", "geolabelid": 2697720, "label": "Landskrona"}, {"country": "Sweden", "subcountry": "Halland", "geolabelid": 2698729, "label": "Kungsbacka"}, {"country": "Sweden", "subcountry": "V\u00e4stra G\u00f6taland", "geolabelid": 2698739, "label": "Kung\u00e4lv"}, {"country": "Sweden", "subcountry": "V\u00e4rmland", "geolabelid": 2699282, "label": "Kristinehamn"}, {"country": "Sweden", "subcountry": "Sk\u00e5ne", "geolabelid": 2699310, "label": "Kristianstad"}, {"country": "Sweden", "subcountry": "V\u00e4stmanland", "geolabelid": 2699791, "label": "K\u00f6ping"}, {"country": "Sweden", "subcountry": "S\u00f6dermanland", "geolabelid": 2701223, "label": "Katrineholm"}, {"country": "Sweden", "subcountry": "V\u00e4rmland", "geolabelid": 2701680, "label": "Karlstad"}, {"country": "Sweden", "subcountry": "Blekinge", "geolabelid": 2701713, "label": "Karlskrona"}, {"country": "Sweden", "subcountry": "\u00d6rebro", "geolabelid": 2701715, "label": "Karlskoga"}, {"country": "Sweden", "subcountry": "Blekinge", "geolabelid": 2701727, "label": "Karlshamn"}, {"country": "Sweden", "subcountry": "Kalmar", "geolabelid": 2702261, "label": "Kalmar"}, {"country": "Sweden", "subcountry": "J\u00f6nk\u00f6ping", "geolabelid": 2702979, "label": "J\u00f6nk\u00f6ping"}, {"country": "Sweden", "subcountry": "Stockholm", "geolabelid": 2703396, "label": "Jakobsberg"}, {"country": "Sweden", "subcountry": "J\u00f6nk\u00f6ping", "geolabelid": 2704136, "label": "Huskvarna"}, {"country": "Sweden", "subcountry": "Stockholm", "geolabelid": 2704620, "label": "Huddinge"}, {"country": "Sweden", "subcountry": "Sk\u00e5ne", "geolabelid": 2706767, "label": "Helsingborg"}, {"country": "Sweden", "subcountry": "Sk\u00e5ne", "geolabelid": 2707399, "label": "H\u00e4ssleholm"}, {"country": "Sweden", "subcountry": "V\u00e4sternorrland", "geolabelid": 2707684, "label": "H\u00e4rn\u00f6sand"}, {"country": "Sweden", "subcountry": "Stockholm", "geolabelid": 2707953, "label": "Haninge"}, {"country": "Sweden", "subcountry": "Halland", "geolabelid": 2708365, "label": "Halmstad"}, {"country": "Sweden", "subcountry": "V\u00e4stra G\u00f6taland", "geolabelid": 2711537, "label": "G\u00f6teborg"}, {"country": "Sweden", "subcountry": "G\u00e4vleborg", "geolabelid": 2712414, "label": "G\u00e4vle"}, {"country": "Sweden", "subcountry": "Uppsala", "geolabelid": 2712993, "label": "Gamla Uppsala"}, {"country": "Sweden", "subcountry": "Dalarna", "geolabelid": 2715459, "label": "Falun"}, {"country": "Sweden", "subcountry": "V\u00e4stra G\u00f6taland", "geolabelid": 2715568, "label": "Falk\u00f6ping"}, {"country": "Sweden", "subcountry": "Halland", "geolabelid": 2715573, "label": "Falkenberg"}, {"country": "Sweden", "subcountry": "Sk\u00e5ne", "geolabelid": 2715946, "label": "Esl\u00f6v"}, {"country": "Sweden", "subcountry": "S\u00f6dermanland", "geolabelid": 2715953, "label": "Eskilstuna"}, {"country": "Sweden", "subcountry": "Uppsala", "geolabelid": 2716166, "label": "Enk\u00f6ping"}, {"country": "Sweden", "subcountry": "Stockholm", "geolabelid": 2719111, "label": "Bromma"}, {"country": "Sweden", "subcountry": "Dalarna", "geolabelid": 2720383, "label": "Borl\u00e4nge"}, {"country": "Sweden", "subcountry": "V\u00e4stra G\u00f6taland", "geolabelid": 2720501, "label": "Bor\u00e5s"}, {"country": "Sweden", "subcountry": "Stockholm", "geolabelid": 2721259, "label": "Boo"}, {"country": "Sweden", "subcountry": "Stockholm", "geolabelid": 2725201, "label": "\u00c5rsta"}, {"country": "Sweden", "subcountry": "Sk\u00e5ne", "geolabelid": 2725901, "label": "\u00c4ngelholm"}, {"country": "Sweden", "subcountry": "V\u00e4stra G\u00f6taland", "geolabelid": 2726756, "label": "Alings\u00e5s"}, {"country": "Sweden", "subcountry": "Stockholm", "geolabelid": 2727234, "label": "\u00c5kersberga"}, {"country": "Sweden", "subcountry": "V\u00e4stra G\u00f6taland", "geolabelid": 6619708, "label": "Majorna"}]