[{"country": "Belarus", "subcountry": "Minsk", "geolabelid": 618800, "label": "Horad Zhodzina"}, {"country": "Belarus", "subcountry": "Gomel", "geolabelid": 618806, "label": "Zhlobin"}, {"country": "Belarus", "subcountry": "Vitebsk", "geolabelid": 620127, "label": "Vitebsk"}, {"country": "Belarus", "subcountry": "Minsk", "geolabelid": 620181, "label": "Vilyeyka"}, {"country": "Belarus", "subcountry": "Grodnenskaya", "geolabelid": 620391, "label": "Vawkavysk"}, {"country": "Belarus", "subcountry": "Gomel", "geolabelid": 621074, "label": "Svyetlahorsk"}, {"country": "Belarus", "subcountry": "Minsk", "geolabelid": 621266, "label": "Stowbtsy"}, {"country": "Belarus", "subcountry": "Grodnenskaya", "geolabelid": 621713, "label": "Smarhon\u2019"}, {"country": "Belarus", "subcountry": "Minsk", "geolabelid": 621741, "label": "Slutsk"}, {"country": "Belarus", "subcountry": "Grodnenskaya", "geolabelid": 621754, "label": "Slonim"}, {"country": "Belarus", "subcountry": "Grodnenskaya", "geolabelid": 622113, "label": "Shchuchin"}, {"country": "Belarus", "subcountry": "Minsk", "geolabelid": 622428, "label": "Salihorsk"}, {"country": "Belarus", "subcountry": "Gomel", "geolabelid": 622739, "label": "Rahachow"}, {"country": "Belarus", "subcountry": "Gomel", "geolabelid": 622794, "label": "Rechytsa"}, {"country": "Belarus", "subcountry": "Brest", "geolabelid": 622997, "label": "Pruzhany"}, {"country": "Belarus", "subcountry": "Vitebsk", "geolabelid": 623317, "label": "Polatsk"}, {"country": "Belarus", "subcountry": "Brest", "geolabelid": 623549, "label": "Pinsk"}, {"country": "Belarus", "subcountry": "Vitebsk", "geolabelid": 623760, "label": "Pastavy"}, {"country": "Belarus", "subcountry": "Mogilev", "geolabelid": 624034, "label": "Asipovichy"}, {"country": "Belarus", "subcountry": "Vitebsk", "geolabelid": 624079, "label": "Orsha"}, {"country": "Belarus", "subcountry": "Minsk City", "geolabelid": 624400, "label": "Novoye Medvezhino"}, {"country": "Belarus", "subcountry": "Vitebsk", "geolabelid": 624784, "label": "Navapolatsk"}, {"country": "Belarus", "subcountry": "Grodnenskaya", "geolabelid": 624785, "label": "Navahrudak"}, {"country": "Belarus", "subcountry": "Minsk City", "geolabelid": 625144, "label": "Minsk"}, {"country": "Belarus", "subcountry": "Gomel", "geolabelid": 625324, "label": "Mazyr"}, {"country": "Belarus", "subcountry": "Grodnenskaya", "geolabelid": 625367, "label": "Masty"}, {"country": "Belarus", "subcountry": "Minsk", "geolabelid": 625409, "label": "Mar\u2019\u2019ina Horka"}, {"country": "Belarus", "subcountry": "Minsk", "geolabelid": 625625, "label": "Maladzyechna"}, {"country": "Belarus", "subcountry": "Mogilev", "geolabelid": 625665, "label": "Mahilyow"}, {"country": "Belarus", "subcountry": "Vitebsk", "geolabelid": 625743, "label": "Lyepyel\u2019"}, {"country": "Belarus", "subcountry": "Brest", "geolabelid": 625818, "label": "Luninyets"}, {"country": "Belarus", "subcountry": "Grodnenskaya", "geolabelid": 626081, "label": "Lida"}, {"country": "Belarus", "subcountry": "Mogilev", "geolabelid": 626450, "label": "Krychaw"}, {"country": "Belarus", "subcountry": "Minsk", "geolabelid": 627083, "label": "Kalodzishchy"}, {"country": "Belarus", "subcountry": "Brest", "geolabelid": 627145, "label": "Kobryn"}, {"country": "Belarus", "subcountry": "Gomel", "geolabelid": 627751, "label": "Kalinkavichy"}, {"country": "Belarus", "subcountry": "Brest", "geolabelid": 627800, "label": "Ivatsevichy"}, {"country": "Belarus", "subcountry": "Grodnenskaya", "geolabelid": 627904, "label": "Hrodna"}, {"country": "Belarus", "subcountry": "Mogilev", "geolabelid": 627905, "label": "Horki"}, {"country": "Belarus", "subcountry": "Gomel", "geolabelid": 627907, "label": "Gomel"}, {"country": "Belarus", "subcountry": "Vitebsk", "geolabelid": 627908, "label": "Hlybokaye"}, {"country": "Belarus", "subcountry": "Minsk", "geolabelid": 628634, "label": "Dzyarzhynsk"}, {"country": "Belarus", "subcountry": "Gomel", "geolabelid": 629018, "label": "Dobrush"}, {"country": "Belarus", "subcountry": "Mogilev", "geolabelid": 629447, "label": "Bykhaw"}, {"country": "Belarus", "subcountry": "Brest", "geolabelid": 629454, "label": "Byaroza"}, {"country": "Belarus", "subcountry": "Brest", "geolabelid": 629634, "label": "Brest"}, {"country": "Belarus", "subcountry": "Minsk", "geolabelid": 630376, "label": "Horad Barysaw"}, {"country": "Belarus", "subcountry": "Brest", "geolabelid": 630429, "label": "Baranovichi"}, {"country": "Belarus", "subcountry": "Mogilev", "geolabelid": 630468, "label": "Babruysk"}, {"country": "Belarus", "subcountry": "Minsk City", "geolabelid": 8020218, "label": "Malinovka"}]