[{"country": "Mexico", "subcountry": "Tamaulipas", "geolabelid": 3482969, "label": "Gustavo A. Madero"}, {"country": "Mexico", "subcountry": "Tamaulipas", "geolabelid": 3483197, "label": "San Fernando"}, {"country": "Mexico", "subcountry": "M\u00e9xico", "geolabelid": 3513966, "label": "Zumpango"}, {"country": "Mexico", "subcountry": "Guerrero", "geolabelid": 3513967, "label": "Zumpango del R\u00edo"}, {"country": "Mexico", "subcountry": "Hidalgo", "geolabelid": 3514134, "label": "Zacualtip\u00e1n"}, {"country": "Mexico", "subcountry": "Puebla", "geolabelid": 3514148, "label": "Zacatl\u00e1n"}, {"country": "Mexico", "subcountry": "Morelos", "geolabelid": 3514163, "label": "Zacatepec"}, {"country": "Mexico", "subcountry": "Morelos", "geolabelid": 3514278, "label": "Yecapixtla"}, {"country": "Mexico", "subcountry": "Morelos", "geolabelid": 3514321, "label": "Yautepec"}, {"country": "Mexico", "subcountry": "Morelos", "geolabelid": 3514398, "label": "Xoxocotla"}, {"country": "Mexico", "subcountry": "Morelos", "geolabelid": 3514409, "label": "Xonacatl\u00e1n"}, {"country": "Mexico", "subcountry": "Morelos", "geolabelid": 3514437, "label": "Xochitepec"}, {"country": "Mexico", "subcountry": "Mexico City", "geolabelid": 3514450, "label": "Xochimilco"}, {"country": "Mexico", "subcountry": "Puebla", "geolabelid": 3514510, "label": "Xicotepec de Ju\u00e1rez"}, {"country": "Mexico", "subcountry": "Veracruz", "geolabelid": 3514518, "label": "Xico"}, {"country": "Mexico", "subcountry": "M\u00e9xico", "geolabelid": 3514519, "label": "San Miguel Xico Viejo"}, {"country": "Mexico", "subcountry": "Mexico City", "geolabelid": 3514663, "label": "\u00c1lvaro Obreg\u00f3n"}, {"country": "Mexico", "subcountry": "Tabasco", "geolabelid": 3514670, "label": "Villahermosa"}, {"country": "Mexico", "subcountry": "Mexico City", "geolabelid": 3514674, "label": "Gustavo A. Madero"}, {"country": "Mexico", "subcountry": "M\u00e9xico", "geolabelid": 3514683, "label": "Villa Cuauht\u00e9moc Otzolotepec"}, {"country": "Mexico", "subcountry": "Veracruz", "geolabelid": 3514783, "label": "Veracruz"}, {"country": "Mexico", "subcountry": "Chiapas", "geolabelid": 3514785, "label": "Venustiano Carranza"}, {"country": "Mexico", "subcountry": "Tamaulipas", "geolabelid": 3514868, "label": "Valle Hermoso"}, {"country": "Mexico", "subcountry": "Yucat\u00e1n", "geolabelid": 3514876, "label": "Valladolid"}, {"country": "Mexico", "subcountry": "Yucat\u00e1n", "geolabelid": 3514929, "label": "Uman"}, {"country": "Mexico", "subcountry": "Chiapas", "geolabelid": 3515001, "label": "Tuxtla Guti\u00e9rrez"}, {"country": "Mexico", "subcountry": "Veracruz", "geolabelid": 3515011, "label": "Tuxpan de Rodr\u00edguez Cano"}, {"country": "Mexico", "subcountry": "M\u00e9xico", "geolabelid": 3515042, "label": "Tultitl\u00e1n"}, {"country": "Mexico", "subcountry": "M\u00e9xico", "geolabelid": 3515044, "label": "Tultepec"}, {"country": "Mexico", "subcountry": "Hidalgo", "geolabelid": 3515062, "label": "Tulancingo"}, {"country": "Mexico", "subcountry": "Hidalgo", "geolabelid": 3515064, "label": "Tula de Allende"}, {"country": "Mexico", "subcountry": "M\u00e9xico", "geolabelid": 3515302, "label": "Toluca"}, {"country": "Mexico", "subcountry": "Puebla", "geolabelid": 3515358, "label": "Tlazcalancingo"}, {"country": "Mexico", "subcountry": "Morelos", "geolabelid": 3515373, "label": "Tlaquiltenango"}, {"country": "Mexico", "subcountry": "Guerrero", "geolabelid": 3515384, "label": "Tlapa de Comonfort"}, {"country": "Mexico", "subcountry": "Veracruz", "geolabelid": 3515386, "label": "Tlapacoyan"}, {"country": "Mexico", "subcountry": "Mexico City", "geolabelid": 3515428, "label": "Tlalpan"}, {"country": "Mexico", "subcountry": "M\u00e9xico", "geolabelid": 3515431, "label": "Tlalnepantla"}, {"country": "Mexico", "subcountry": "Mexico City", "geolabelid": 3515463, "label": "Tlahuac"}, {"country": "Mexico", "subcountry": "Yucat\u00e1n", "geolabelid": 3515504, "label": "Tizim\u00edn"}, {"country": "Mexico", "subcountry": "Morelos", "geolabelid": 3515505, "label": "Tizayuca"}, {"country": "Mexico", "subcountry": "Guerrero", "geolabelid": 3515510, "label": "Tixtla de Guerrero"}, {"country": "Mexico", "subcountry": "Yucat\u00e1n", "geolabelid": 3515665, "label": "Ticul"}, {"country": "Mexico", "subcountry": "M\u00e9xico", "geolabelid": 3515679, "label": "Santiago T\u00edanguistenco"}, {"country": "Mexico", "subcountry": "Hidalgo", "geolabelid": 3515690, "label": "Tezontepec de Aldama"}, {"country": "Mexico", "subcountry": "Puebla", "geolabelid": 3515696, "label": "Teziutlan"}, {"country": "Mexico", "subcountry": "M\u00e9xico", "geolabelid": 3515715, "label": "Texcoco de Mora"}, {"country": "Mexico", "subcountry": "M\u00e9xico", "geolabelid": 3515794, "label": "Tequixquiac"}, {"country": "Mexico", "subcountry": "Quer\u00e9taro", "geolabelid": 3515796, "label": "Tequisquiapan"}, {"country": "Mexico", "subcountry": "M\u00e9xico", "geolabelid": 3515807, "label": "Cuautitl\u00e1n Izcalli"}, {"country": "Mexico", "subcountry": "Morelos", "geolabelid": 3515811, "label": "Tepoztl\u00e1n"}, {"country": "Mexico", "subcountry": "M\u00e9xico", "geolabelid": 3515827, "label": "Tepotzotl\u00e1n"}, {"country": "Mexico", "subcountry": "Hidalgo", "geolabelid": 3515887, "label": "Tepeji de Ocampo"}, {"country": "Mexico", "subcountry": "Puebla", "geolabelid": 3515904, "label": "Tepeaca"}, {"country": "Mexico", "subcountry": "Puebla", "geolabelid": 3515906, "label": "Tepatlaxco de Hidalgo"}, {"country": "Mexico", "subcountry": "M\u00e9xico", "geolabelid": 3515942, "label": "Teoloyucan"}, {"country": "Mexico", "subcountry": "Tabasco", "geolabelid": 3515956, "label": "Tenosique de Pino Su\u00e1rez"}, {"country": "Mexico", "subcountry": "Morelos", "geolabelid": 3515993, "label": "Tenango de Arista"}, {"country": "Mexico", "subcountry": "Morelos", "geolabelid": 3516035, "label": "Temixco"}, {"country": "Mexico", "subcountry": "Veracruz", "geolabelid": 3516053, "label": "Temapache"}, {"country": "Mexico", "subcountry": "Guerrero", "geolabelid": 3516060, "label": "Teloloapan"}, {"country": "Mexico", "subcountry": "Yucat\u00e1n", "geolabelid": 3516076, "label": "Tecax"}, {"country": "Mexico", "subcountry": "Puebla", "geolabelid": 3516109, "label": "Tehuac\u00e1n"}, {"country": "Mexico", "subcountry": "Puebla", "geolabelid": 3516188, "label": "Tecamachalco"}, {"country": "Mexico", "subcountry": "Tabasco", "geolabelid": 3516210, "label": "Teapa"}, {"country": "Mexico", "subcountry": "Guerrero", "geolabelid": 3516225, "label": "Taxco de Alarc\u00f3n"}, {"country": "Mexico", "subcountry": "Chiapas", "geolabelid": 3516266, "label": "Tapachula"}, {"country": "Mexico", "subcountry": "Veracruz", "geolabelid": 3516271, "label": "Tantoyuca"}, {"country": "Mexico", "subcountry": "Tamaulipas", "geolabelid": 3516355, "label": "Tampico"}, {"country": "Mexico", "subcountry": "San Luis Potos\u00ed", "geolabelid": 3516385, "label": "Tamazunchale"}, {"country": "Mexico", "subcountry": "Oaxaca", "geolabelid": 3516843, "label": "Santo Domingo Tehuantepec"}, {"country": "Mexico", "subcountry": "Veracruz", "geolabelid": 3516912, "label": "Santiago Tuxtla"}, {"country": "Mexico", "subcountry": "Oaxaca", "geolabelid": 3516926, "label": "Santiago Pinotepa Nacional"}, {"country": "Mexico", "subcountry": "Hidalgo", "geolabelid": 3516982, "label": "Santiago Tulantepec"}, {"country": "Mexico", "subcountry": "Puebla", "geolabelid": 3517231, "label": "Moyotzingo"}, {"country": "Mexico", "subcountry": "M\u00e9xico", "geolabelid": 3517270, "label": "Santa Mar\u00eda Chimalhuac\u00e1n"}, {"country": "Mexico", "subcountry": "Oaxaca", "geolabelid": 3517517, "label": "Santa Cruz Xoxocotl\u00e1n"}, {"country": "Mexico", "subcountry": "Morelos", "geolabelid": 3517524, "label": "Tecamac de Felipe Villanueva"}, {"country": "Mexico", "subcountry": "Tlaxcala", "geolabelid": 3517742, "label": "Chiautempan"}, {"country": "Mexico", "subcountry": "Puebla", "geolabelid": 3517831, "label": "San Salvador El Seco"}, {"country": "Mexico", "subcountry": "M\u00e9xico", "geolabelid": 3517832, "label": "San Salvador Atenco"}, {"country": "Mexico", "subcountry": "M\u00e9xico", "geolabelid": 3518135, "label": "San Pablo de las Salinas"}, {"country": "Mexico", "subcountry": "Morelos", "geolabelid": 3518138, "label": "San Pablo Autopan"}, {"country": "Mexico", "subcountry": "M\u00e9xico", "geolabelid": 3518221, "label": "San Miguel Zinacantepec"}, {"country": "Mexico", "subcountry": "M\u00e9xico", "geolabelid": 3518277, "label": "Coatlinch\u00e1n"}, {"country": "Mexico", "subcountry": "Morelos", "geolabelid": 3518387, "label": "San Mateo Atenco"}, {"country": "Mexico", "subcountry": "Puebla", "geolabelid": 3518407, "label": "San Martin Texmelucan de Labastida"}, {"country": "Mexico", "subcountry": "Tlaxcala", "geolabelid": 3518475, "label": "Teolocholco"}, {"country": "Mexico", "subcountry": "Morelos", "geolabelid": 3518618, "label": "Teotihuac\u00e1n de Arista"}, {"country": "Mexico", "subcountry": "Quer\u00e9taro", "geolabelid": 3518692, "label": "San Juan del R\u00edo"}, {"country": "Mexico", "subcountry": "Oaxaca", "geolabelid": 3518723, "label": "Tuxtepec"}, {"country": "Mexico", "subcountry": "M\u00e9xico", "geolabelid": 3519290, "label": "San Francisco Acuautla"}, {"country": "Mexico", "subcountry": "Puebla", "geolabelid": 3519531, "label": "Sanctorum"}, {"country": "Mexico", "subcountry": "Chiapas", "geolabelid": 3519537, "label": "San Crist\u00f3bal de las Casas"}, {"country": "Mexico", "subcountry": "Veracruz", "geolabelid": 3519907, "label": "San Andres Tuxtla"}, {"country": "Mexico", "subcountry": "Oaxaca", "geolabelid": 3520064, "label": "Salina Cruz"}, {"country": "Mexico", "subcountry": "San Luis Potos\u00ed", "geolabelid": 3520235, "label": "R\u00edo Verde"}, {"country": "Mexico", "subcountry": "Tamaulipas", "geolabelid": 3520271, "label": "R\u00edo Bravo"}, {"country": "Mexico", "subcountry": "Veracruz", "geolabelid": 3520274, "label": "R\u00edo Blanco"}, {"country": "Mexico", "subcountry": "Tamaulipas", "geolabelid": 3520339, "label": "Reynosa"}, {"country": "Mexico", "subcountry": "Oaxaca", "geolabelid": 3520994, "label": "Puerto Escondido"}, {"country": "Mexico", "subcountry": "Morelos", "geolabelid": 3521051, "label": "Puente de Ixtla"}, {"country": "Mexico", "subcountry": "Puebla", "geolabelid": 3521081, "label": "Puebla"}, {"country": "Mexico", "subcountry": "Hidalgo", "geolabelid": 3521103, "label": "Progreso de Alvaro Obregon"}, {"country": "Mexico", "subcountry": "Yucat\u00e1n", "geolabelid": 3521108, "label": "Progreso de Castro"}, {"country": "Mexico", "subcountry": "Veracruz", "geolabelid": 3521168, "label": "Poza Rica de Hidalgo"}, {"country": "Mexico", "subcountry": "Mexico City", "geolabelid": 3521305, "label": "Polanco"}, {"country": "Mexico", "subcountry": "Quintana Roo", "geolabelid": 3521342, "label": "Playa del Carmen"}, {"country": "Mexico", "subcountry": "Chiapas", "geolabelid": 3521476, "label": "Pijijiapan"}, {"country": "Mexico", "subcountry": "Yucat\u00e1n", "geolabelid": 3521596, "label": "Peto"}, {"country": "Mexico", "subcountry": "Veracruz", "geolabelid": 3521628, "label": "Perote"}, {"country": "Mexico", "subcountry": "Tabasco", "geolabelid": 3521912, "label": "Paraiso"}, {"country": "Mexico", "subcountry": "Veracruz", "geolabelid": 3521922, "label": "Papantla de Olarte"}, {"country": "Mexico", "subcountry": "Veracruz", "geolabelid": 3521941, "label": "P\u00e1nuco"}, {"country": "Mexico", "subcountry": "Puebla", "geolabelid": 3522118, "label": "Palmarito Tochap\u00e1n"}, {"country": "Mexico", "subcountry": "Chiapas", "geolabelid": 3522164, "label": "Palenque"}, {"country": "Mexico", "subcountry": "Hidalgo", "geolabelid": 3522210, "label": "Pachuca de Soto"}, {"country": "Mexico", "subcountry": "M\u00e9xico", "geolabelid": 3522232, "label": "Ozumba de Alzate"}, {"country": "Mexico", "subcountry": "Yucat\u00e1n", "geolabelid": 3522251, "label": "Oxkutzkab"}, {"country": "Mexico", "subcountry": "Veracruz", "geolabelid": 3522307, "label": "Orizaba"}, {"country": "Mexico", "subcountry": "Guerrero", "geolabelid": 3522343, "label": "Ometepec"}, {"country": "Mexico", "subcountry": "Chiapas", "geolabelid": 3522444, "label": "Ocozocoautla de Espinosa"}, {"country": "Mexico", "subcountry": "Morelos", "geolabelid": 3522445, "label": "Ocoyoacac"}, {"country": "Mexico", "subcountry": "Chiapas", "geolabelid": 3522484, "label": "Ocosingo"}, {"country": "Mexico", "subcountry": "Oaxaca", "geolabelid": 3522507, "label": "Oaxaca de Ju\u00e1rez"}, {"country": "Mexico", "subcountry": "Tamaulipas", "geolabelid": 3522551, "label": "Nuevo Laredo"}, {"country": "Mexico", "subcountry": "Veracruz", "geolabelid": 3522696, "label": "Nogales"}, {"country": "Mexico", "subcountry": "M\u00e9xico", "geolabelid": 3522732, "label": "Nicol\u00e1s Romero"}, {"country": "Mexico", "subcountry": "M\u00e9xico", "geolabelid": 3522790, "label": "Naucalpan de Ju\u00e1rez"}, {"country": "Mexico", "subcountry": "Veracruz", "geolabelid": 3522804, "label": "Naranjos"}, {"country": "Mexico", "subcountry": "Veracruz", "geolabelid": 3522845, "label": "Villa Nanchital"}, {"country": "Mexico", "subcountry": "Yucat\u00e1n", "geolabelid": 3522924, "label": "Motul"}, {"country": "Mexico", "subcountry": "Chiapas", "geolabelid": 3522926, "label": "Motozintla"}, {"country": "Mexico", "subcountry": "Nuevo Le\u00f3n", "geolabelid": 3523011, "label": "Montemorelos"}, {"country": "Mexico", "subcountry": "Puebla", "geolabelid": 3523061, "label": "Santiago Momoxpan"}, {"country": "Mexico", "subcountry": "Hidalgo", "geolabelid": 3523127, "label": "Mixquiahuala de Juarez"}, {"country": "Mexico", "subcountry": "Veracruz", "geolabelid": 3523141, "label": "Misantla"}, {"country": "Mexico", "subcountry": "Tamaulipas", "geolabelid": 3523149, "label": "Miramar"}, {"country": "Mexico", "subcountry": "Veracruz", "geolabelid": 3523183, "label": "Minatitlan"}, {"country": "Mexico", "subcountry": "Mexico City", "geolabelid": 3523202, "label": "Milpa Alta"}, {"country": "Mexico", "subcountry": "Oaxaca", "geolabelid": 3523240, "label": "Miahuatl\u00e1n de Porfirio D\u00edaz"}, {"country": "Mexico", "subcountry": "Morelos", "geolabelid": 3523303, "label": "Metepec"}, {"country": "Mexico", "subcountry": "Yucat\u00e1n", "geolabelid": 3523349, "label": "M\u00e9rida"}, {"country": "Mexico", "subcountry": "Oaxaca", "geolabelid": 3523450, "label": "Mat\u00edas Romero"}, {"country": "Mexico", "subcountry": "Tamaulipas", "geolabelid": 3523466, "label": "Heroica Matamoros"}, {"country": "Mexico", "subcountry": "Veracruz", "geolabelid": 3523513, "label": "Mart\u00ednez de la Torre"}, {"country": "Mexico", "subcountry": "Chiapas", "geolabelid": 3523590, "label": "Mapastepec"}, {"country": "Mexico", "subcountry": "Guerrero", "geolabelid": 3523683, "label": "Malinaltepec"}, {"country": "Mexico", "subcountry": "Mexico City", "geolabelid": 3523760, "label": "Magdalena Contreras"}, {"country": "Mexico", "subcountry": "Tabasco", "geolabelid": 3523791, "label": "Macuspana"}, {"country": "Mexico", "subcountry": "Morelos", "geolabelid": 3523900, "label": "Reyes Acozac"}, {"country": "Mexico", "subcountry": "M\u00e9xico", "geolabelid": 3523908, "label": "Los Reyes La Paz"}, {"country": "Mexico", "subcountry": "Nuevo Le\u00f3n", "geolabelid": 3524348, "label": "Linares"}, {"country": "Mexico", "subcountry": "Morelos", "geolabelid": 3524389, "label": "Lerma de Villada"}, {"country": "Mexico", "subcountry": "Veracruz", "geolabelid": 3524391, "label": "Lerdo de Tejada"}, {"country": "Mexico", "subcountry": "Chiapas", "geolabelid": 3524744, "label": "Las Margaritas"}, {"country": "Mexico", "subcountry": "Veracruz", "geolabelid": 3524903, "label": "Las Choapas"}, {"country": "Mexico", "subcountry": "Veracruz", "geolabelid": 3525596, "label": "La Isla"}, {"country": "Mexico", "subcountry": "Yucat\u00e1n", "geolabelid": 3526323, "label": "Kanas\u00edn"}, {"country": "Mexico", "subcountry": "Oaxaca", "geolabelid": 3526357, "label": "Juchit\u00e1n de Zaragoza"}, {"country": "Mexico", "subcountry": "Morelos", "geolabelid": 3526467, "label": "Jojutla"}, {"country": "Mexico", "subcountry": "Morelos", "geolabelid": 3526485, "label": "Jiutepec"}, {"country": "Mexico", "subcountry": "Tabasco", "geolabelid": 3526603, "label": "Jalpa de M\u00e9ndez"}, {"country": "Mexico", "subcountry": "Veracruz", "geolabelid": 3526617, "label": "Xalapa de Enr\u00edquez"}, {"country": "Mexico", "subcountry": "Puebla", "geolabelid": 3526657, "label": "Iz\u00facar de Matamoros"}, {"country": "Mexico", "subcountry": "Oaxaca", "geolabelid": 3526674, "label": "San Jer\u00f3nimo Ixtepec"}, {"country": "Mexico", "subcountry": "M\u00e9xico", "geolabelid": 3526681, "label": "Ixtapan de la Sal"}, {"country": "Mexico", "subcountry": "M\u00e9xico", "geolabelid": 3526682, "label": "Ixtapaluca"}, {"country": "Mexico", "subcountry": "Mexico City", "geolabelid": 3526683, "label": "Iztapalapa"}, {"country": "Mexico", "subcountry": "Veracruz", "geolabelid": 3526696, "label": "Ixtac Zoquitl\u00e1n"}, {"country": "Mexico", "subcountry": "Mexico City", "geolabelid": 3526700, "label": "Iztacalco"}, {"country": "Mexico", "subcountry": "Hidalgo", "geolabelid": 3526708, "label": "Ixmiquilpan"}, {"country": "Mexico", "subcountry": "Guerrero", "geolabelid": 3526798, "label": "Iguala de la Independencia"}, {"country": "Mexico", "subcountry": "Yucat\u00e1n", "geolabelid": 3526838, "label": "Hunucm\u00e1"}, {"country": "Mexico", "subcountry": "Chiapas", "geolabelid": 3526855, "label": "Huixtla"}, {"country": "Mexico", "subcountry": "Guerrero", "geolabelid": 3526864, "label": "Huitzuco de los Figueroa"}, {"country": "Mexico", "subcountry": "Tabasco", "geolabelid": 3526908, "label": "Huimanguillo"}, {"country": "Mexico", "subcountry": "Hidalgo", "geolabelid": 3526952, "label": "Huejutla de Reyes"}, {"country": "Mexico", "subcountry": "Puebla", "geolabelid": 3526953, "label": "Huejotzingo"}, {"country": "Mexico", "subcountry": "Puebla", "geolabelid": 3526992, "label": "Huauchinango"}, {"country": "Mexico", "subcountry": "Veracruz", "geolabelid": 3526993, "label": "Huatusco de Chicuellar"}, {"country": "Mexico", "subcountry": "Oaxaca", "geolabelid": 3527023, "label": "Ciudad de Huajuapan de Le\u00f3n"}, {"country": "Mexico", "subcountry": "Chiapas", "geolabelid": 3527542, "label": "Frontera Comalapa"}, {"country": "Mexico", "subcountry": "Tabasco", "geolabelid": 3527545, "label": "Frontera"}, {"country": "Mexico", "subcountry": "Veracruz", "geolabelid": 3527596, "label": "Fort\u00edn de las Flores"}, {"country": "Mexico", "subcountry": "Quintana Roo", "geolabelid": 3527639, "label": "Felipe Carrillo Puerto"}, {"country": "Mexico", "subcountry": "Campeche", "geolabelid": 3527795, "label": "Esc\u00e1rcega"}, {"country": "Mexico", "subcountry": "Morelos", "geolabelid": 3527879, "label": "Emiliano Zapata"}, {"country": "Mexico", "subcountry": "Chiapas", "geolabelid": 3527880, "label": "Emiliano Zapata"}, {"country": "Mexico", "subcountry": "Tamaulipas", "geolabelid": 3528756, "label": "Ciudad Mante"}, {"country": "Mexico", "subcountry": "M\u00e9xico", "geolabelid": 3529612, "label": "Ecatepec"}, {"country": "Mexico", "subcountry": "Tabasco", "geolabelid": 3529886, "label": "Cunduac\u00e1n"}, {"country": "Mexico", "subcountry": "Morelos", "geolabelid": 3529947, "label": "Cuernavaca"}, {"country": "Mexico", "subcountry": "Puebla", "geolabelid": 3529981, "label": "Cuautlancingo"}, {"country": "Mexico", "subcountry": "Morelos", "geolabelid": 3529982, "label": "Cuautla Morelos"}, {"country": "Mexico", "subcountry": "M\u00e9xico", "geolabelid": 3529986, "label": "Cuautitl\u00e1n"}, {"country": "Mexico", "subcountry": "Hidalgo", "geolabelid": 3529989, "label": "Cuautepec de Hinojosa"}, {"country": "Mexico", "subcountry": "Mexico City", "geolabelid": 3530049, "label": "Cuajimalpa"}, {"country": "Mexico", "subcountry": "Quintana Roo", "geolabelid": 3530103, "label": "San Miguel de Cozumel"}, {"country": "Mexico", "subcountry": "Morelos", "geolabelid": 3530123, "label": "Coyotepec"}, {"country": "Mexico", "subcountry": "Mexico City", "geolabelid": 3530139, "label": "Coyoac\u00e1n"}, {"country": "Mexico", "subcountry": "Veracruz", "geolabelid": 3530167, "label": "Cosoleacaque"}, {"country": "Mexico", "subcountry": "Veracruz", "geolabelid": 3530177, "label": "Cosamaloapan de Carpio"}, {"country": "Mexico", "subcountry": "Veracruz", "geolabelid": 3530240, "label": "C\u00f3rdoba"}, {"country": "Mexico", "subcountry": "Tlaxcala", "geolabelid": 3530276, "label": "San Bernardino Contla"}, {"country": "Mexico", "subcountry": "Chiapas", "geolabelid": 3530367, "label": "Comit\u00e1n"}, {"country": "Mexico", "subcountry": "Tabasco", "geolabelid": 3530385, "label": "Comalcalco"}, {"country": "Mexico", "subcountry": "Veracruz", "geolabelid": 3530513, "label": "Coatzintla"}, {"country": "Mexico", "subcountry": "Veracruz", "geolabelid": 3530517, "label": "Coatzacoalcos"}, {"country": "Mexico", "subcountry": "Veracruz", "geolabelid": 3530531, "label": "Coatepec"}, {"country": "Mexico", "subcountry": "M\u00e9xico", "geolabelid": 3530569, "label": "Coacalco"}, {"country": "Mexico", "subcountry": "Tamaulipas", "geolabelid": 3530580, "label": "Ciudad Victoria"}, {"country": "Mexico", "subcountry": "San Luis Potos\u00ed", "geolabelid": 3530582, "label": "Ciudad Valles"}, {"country": "Mexico", "subcountry": "Puebla", "geolabelid": 3530584, "label": "Ciudad Serd\u00e1n"}, {"country": "Mexico", "subcountry": "Hidalgo", "geolabelid": 3530587, "label": "Ciudad Sahagun"}, {"country": "Mexico", "subcountry": "M\u00e9xico", "geolabelid": 3530589, "label": "Ciudad Nezahualcoyotl"}, {"country": "Mexico", "subcountry": "Tamaulipas", "geolabelid": 3530590, "label": "Ciudad Miguel Alem\u00e1n"}, {"country": "Mexico", "subcountry": "Veracruz", "geolabelid": 3530592, "label": "Ciudad Mendoza"}, {"country": "Mexico", "subcountry": "Tamaulipas", "geolabelid": 3530594, "label": "Ciudad Madero"}, {"country": "Mexico", "subcountry": "San Luis Potos\u00ed", "geolabelid": 3530596, "label": "Ciudad Fern\u00e1ndez"}, {"country": "Mexico", "subcountry": "Mexico City", "geolabelid": 3530597, "label": "Mexico City"}, {"country": "Mexico", "subcountry": "Campeche", "geolabelid": 3530599, "label": "Ciudad del Carmen"}, {"country": "Mexico", "subcountry": "Chiapas", "geolabelid": 3530617, "label": "Cintalapa de Figueroa"}, {"country": "Mexico", "subcountry": "Puebla", "geolabelid": 3530757, "label": "Cholula"}, {"country": "Mexico", "subcountry": "Guerrero", "geolabelid": 3530870, "label": "Chilpancingo de los Bravos"}, {"country": "Mexico", "subcountry": "Guerrero", "geolabelid": 3530886, "label": "Chilapa de Alvarez"}, {"country": "Mexico", "subcountry": "Puebla", "geolabelid": 3530908, "label": "Chignahuapan"}, {"country": "Mexico", "subcountry": "M\u00e9xico", "geolabelid": 3530932, "label": "Chiconcuac"}, {"country": "Mexico", "subcountry": "M\u00e9xico", "geolabelid": 3530937, "label": "San Vicente Chicoloapan"}, {"country": "Mexico", "subcountry": "Yucat\u00e1n", "geolabelid": 3530978, "label": "Chich\u00e9n-Itz\u00e1"}, {"country": "Mexico", "subcountry": "M\u00e9xico", "geolabelid": 3531007, "label": "Chiautla"}, {"country": "Mexico", "subcountry": "Chiapas", "geolabelid": 3531013, "label": "Chiapa de Corzo"}, {"country": "Mexico", "subcountry": "Quintana Roo", "geolabelid": 3531023, "label": "Chetumal"}, {"country": "Mexico", "subcountry": "Campeche", "geolabelid": 3531177, "label": "Champot\u00f3n"}, {"country": "Mexico", "subcountry": "M\u00e9xico", "geolabelid": 3531200, "label": "Chalco de D\u00edaz Covarrubias"}, {"country": "Mexico", "subcountry": "Veracruz", "geolabelid": 3531321, "label": "Cerro Azul"}, {"country": "Mexico", "subcountry": "Veracruz", "geolabelid": 3531416, "label": "Catemaco"}, {"country": "Mexico", "subcountry": "Veracruz", "geolabelid": 3531556, "label": "Carlos A. Carrillo"}, {"country": "Mexico", "subcountry": "San Luis Potos\u00ed", "geolabelid": 3531574, "label": "Cardenas"}, {"country": "Mexico", "subcountry": "Tabasco", "geolabelid": 3531576, "label": "C\u00e1rdenas"}, {"country": "Mexico", "subcountry": "Morelos", "geolabelid": 3531598, "label": "Capulhuac"}, {"country": "Mexico", "subcountry": "Quintana Roo", "geolabelid": 3531673, "label": "Canc\u00fan"}, {"country": "Mexico", "subcountry": "Campeche", "geolabelid": 3531732, "label": "Campeche"}, {"country": "Mexico", "subcountry": "Hidalgo", "geolabelid": 3531784, "label": "Calpulalpan"}, {"country": "Mexico", "subcountry": "Nuevo Le\u00f3n", "geolabelid": 3531865, "label": "Cadereyta"}, {"country": "Mexico", "subcountry": "Chiapas", "geolabelid": 3532254, "label": "Berrioz\u00e1bal"}, {"country": "Mexico", "subcountry": "Veracruz", "geolabelid": 3532414, "label": "Banderilla"}, {"country": "Mexico", "subcountry": "Mexico City", "geolabelid": 3532497, "label": "Azcapotzalco"}, {"country": "Mexico", "subcountry": "Morelos", "geolabelid": 3532545, "label": "Axochiapan"}, {"country": "Mexico", "subcountry": "Puebla", "geolabelid": 3532592, "label": "Atlixco"}, {"country": "Mexico", "subcountry": "M\u00e9xico", "geolabelid": 3532617, "label": "Atlacomulco"}, {"country": "Mexico", "subcountry": "M\u00e9xico", "geolabelid": 3532624, "label": "Ciudad L\u00f3pez Mateos"}, {"country": "Mexico", "subcountry": "Tlaxcala", "geolabelid": 3532792, "label": "Apizaco"}, {"country": "Mexico", "subcountry": "Hidalgo", "geolabelid": 3532815, "label": "Apan"}, {"country": "Mexico", "subcountry": "Puebla", "geolabelid": 3532881, "label": "Amozoc de Mota"}, {"country": "Mexico", "subcountry": "M\u00e9xico", "geolabelid": 3532899, "label": "Amecameca"}, {"country": "Mexico", "subcountry": "Veracruz", "geolabelid": 3532964, "label": "Heroica Alvarado"}, {"country": "Mexico", "subcountry": "Veracruz", "geolabelid": 3532969, "label": "Altotonga"}, {"country": "Mexico", "subcountry": "Puebla", "geolabelid": 3532989, "label": "Altepexi"}, {"country": "Mexico", "subcountry": "Tamaulipas", "geolabelid": 3533005, "label": "Altamira"}, {"country": "Mexico", "subcountry": "Veracruz", "geolabelid": 3533056, "label": "Allende"}, {"country": "Mexico", "subcountry": "Veracruz", "geolabelid": 3533107, "label": "\u00c1lamo"}, {"country": "Mexico", "subcountry": "Puebla", "geolabelid": 3533126, "label": "Ajalpan"}, {"country": "Mexico", "subcountry": "Veracruz", "geolabelid": 3533269, "label": "Agua Dulce"}, {"country": "Mexico", "subcountry": "Hidalgo", "geolabelid": 3533389, "label": "Actopan"}, {"country": "Mexico", "subcountry": "Veracruz", "geolabelid": 3533426, "label": "Acayucan"}, {"country": "Mexico", "subcountry": "Puebla", "geolabelid": 3533433, "label": "Acatzingo de Hidalgo"}, {"country": "Mexico", "subcountry": "Puebla", "geolabelid": 3533440, "label": "Acatl\u00e1n de Osorio"}, {"country": "Mexico", "subcountry": "Guerrero", "geolabelid": 3533462, "label": "Acapulco de Ju\u00e1rez"}, {"country": "Mexico", "subcountry": "Puebla", "geolabelid": 3533486, "label": "Acajete"}, {"country": "Mexico", "subcountry": "Oaxaca", "geolabelid": 3762770, "label": "San Antonio de la Cal"}, {"country": "Mexico", "subcountry": "Nuevo Le\u00f3n", "geolabelid": 3792044, "label": "Hidalgo"}, {"country": "Mexico", "subcountry": "Tabasco", "geolabelid": 3802739, "label": "R\u00edo de Teapa"}, {"country": "Mexico", "subcountry": "Tlaxcala", "geolabelid": 3815324, "label": "Huamantla"}, {"country": "Mexico", "subcountry": "Tlaxcala", "geolabelid": 3815392, "label": "Zacatelco"}, {"country": "Mexico", "subcountry": "Tlaxcala", "geolabelid": 3815415, "label": "Tlaxcala de Xicohtencatl"}, {"country": "Mexico", "subcountry": "Tlaxcala", "geolabelid": 3815447, "label": "Papalotla"}, {"country": "Mexico", "subcountry": "Tlaxcala", "geolabelid": 3815453, "label": "Vicente Guerrero"}, {"country": "Mexico", "subcountry": "Chiapas", "geolabelid": 3816721, "label": "Tonal\u00e1"}, {"country": "Mexico", "subcountry": "Chiapas", "geolabelid": 3816739, "label": "Arriaga"}, {"country": "Mexico", "subcountry": "Puebla", "geolabelid": 3818742, "label": "San Andr\u00e9s Cholula"}, {"country": "Mexico", "subcountry": "Tamaulipas", "geolabelid": 3824166, "label": "Tampico"}, {"country": "Mexico", "subcountry": "Veracruz", "geolabelid": 3824536, "label": "Alto Lucero"}, {"country": "Mexico", "subcountry": "Morelos", "geolabelid": 3827254, "label": "San Mateo Otzacatipan"}, {"country": "Mexico", "subcountry": "M\u00e9xico", "geolabelid": 3827256, "label": "Santa Mar\u00eda Totoltepec"}, {"country": "Mexico", "subcountry": "Mexico City", "geolabelid": 3827403, "label": "San Lorenzo Acopilco"}, {"country": "Mexico", "subcountry": "Mexico City", "geolabelid": 3827406, "label": "Benito Juarez"}, {"country": "Mexico", "subcountry": "Mexico City", "geolabelid": 3827407, "label": "Venustiano Carranza"}, {"country": "Mexico", "subcountry": "Mexico City", "geolabelid": 3827408, "label": "Miguel Hidalgo"}, {"country": "Mexico", "subcountry": "Mexico City", "geolabelid": 3827409, "label": "Cuauht\u00e9moc"}, {"country": "Mexico", "subcountry": "M\u00e9xico", "geolabelid": 3827414, "label": "Huixquilucan"}, {"country": "Mexico", "subcountry": "M\u00e9xico", "geolabelid": 3827586, "label": "Melchor Ocampo"}, {"country": "Mexico", "subcountry": "M\u00e9xico", "geolabelid": 3827588, "label": "Huilango"}, {"country": "Mexico", "subcountry": "M\u00e9xico", "geolabelid": 3827596, "label": "Santiago Teyahualco"}, {"country": "Mexico", "subcountry": "M\u00e9xico", "geolabelid": 3827598, "label": "Ojo de Agua"}, {"country": "Mexico", "subcountry": "M\u00e9xico", "geolabelid": 3827606, "label": "Buenavista"}, {"country": "Mexico", "subcountry": "Sonora", "geolabelid": 3970972, "label": "Miguel Alem\u00e1n (La Doce)"}, {"country": "Mexico", "subcountry": "Sinaloa", "geolabelid": 3976775, "label": "Leyva Solano"}, {"country": "Mexico", "subcountry": "Jalisco", "geolabelid": 3976999, "label": "Cihuatl\u00e1n"}, {"country": "Mexico", "subcountry": "Baja California", "geolabelid": 3979505, "label": "Guadalupe Victoria"}, {"country": "Mexico", "subcountry": "Guerrero", "geolabelid": 3979673, "label": "Ixtapa-Zihuatanejo"}, {"country": "Mexico", "subcountry": "Jalisco", "geolabelid": 3979717, "label": "Zapotlanejo"}, {"country": "Mexico", "subcountry": "Jalisco", "geolabelid": 3979727, "label": "Zapotiltic"}, {"country": "Mexico", "subcountry": "Jalisco", "geolabelid": 3979770, "label": "Zapopan"}, {"country": "Mexico", "subcountry": "Michoac\u00e1n", "geolabelid": 3979802, "label": "Zamora"}, {"country": "Mexico", "subcountry": "Jalisco", "geolabelid": 3979822, "label": "Zacoalco de Torres"}, {"country": "Mexico", "subcountry": "Zacatecas", "geolabelid": 3979844, "label": "Zacatecas"}, {"country": "Mexico", "subcountry": "Michoac\u00e1n", "geolabelid": 3979846, "label": "Zacap\u00fa"}, {"country": "Mexico", "subcountry": "Guanajuato", "geolabelid": 3979855, "label": "Yuriria"}, {"country": "Mexico", "subcountry": "Michoac\u00e1n", "geolabelid": 3979856, "label": "Yur\u00e9cuaro"}, {"country": "Mexico", "subcountry": "Guanajuato", "geolabelid": 3980174, "label": "Villagr\u00e1n"}, {"country": "Mexico", "subcountry": "Coahuila", "geolabelid": 3980180, "label": "Ciudad Frontera"}, {"country": "Mexico", "subcountry": "Nuevo Le\u00f3n", "geolabelid": 3980190, "label": "Garc\u00eda"}, {"country": "Mexico", "subcountry": "Colima", "geolabelid": 3980194, "label": "Ciudad de Villa de \u00c1lvarez"}, {"country": "Mexico", "subcountry": "Guanajuato", "geolabelid": 3980605, "label": "Valle de Santiago"}, {"country": "Mexico", "subcountry": "M\u00e9xico", "geolabelid": 3980621, "label": "Valle de Bravo"}, {"country": "Mexico", "subcountry": "Michoac\u00e1n", "geolabelid": 3980760, "label": "Uruapan"}, {"country": "Mexico", "subcountry": "Guanajuato", "geolabelid": 3980777, "label": "Uriangato"}, {"country": "Mexico", "subcountry": "Jalisco", "geolabelid": 3980844, "label": "Tuxpan"}, {"country": "Mexico", "subcountry": "Coahuila", "geolabelid": 3981254, "label": "Torreon"}, {"country": "Mexico", "subcountry": "Jalisco", "geolabelid": 3981369, "label": "Tonal\u00e1"}, {"country": "Mexico", "subcountry": "Jalisco", "geolabelid": 3981461, "label": "Tlaquepaque"}, {"country": "Mexico", "subcountry": "Jalisco", "geolabelid": 3981467, "label": "Tlajomulco de Z\u00fa\u00f1iga"}, {"country": "Mexico", "subcountry": "Baja California", "geolabelid": 3981609, "label": "Tijuana"}, {"country": "Mexico", "subcountry": "Jalisco", "geolabelid": 3981791, "label": "Tesist\u00e1n"}, {"country": "Mexico", "subcountry": "Jalisco", "geolabelid": 3981885, "label": "Tequila"}, {"country": "Mexico", "subcountry": "Nayarit", "geolabelid": 3981941, "label": "Tepic"}, {"country": "Mexico", "subcountry": "Jalisco", "geolabelid": 3981984, "label": "Tepatitl\u00e1n de Morelos"}, {"country": "Mexico", "subcountry": "Michoac\u00e1n", "geolabelid": 3982007, "label": "Tepalcatepec"}, {"country": "Mexico", "subcountry": "Jalisco", "geolabelid": 3982034, "label": "Teocaltiche"}, {"country": "Mexico", "subcountry": "M\u00e9xico", "geolabelid": 3982121, "label": "Tejupilco de Hidalgo"}, {"country": "Mexico", "subcountry": "Colima", "geolabelid": 3982213, "label": "Tecoman"}, {"country": "Mexico", "subcountry": "Baja California", "geolabelid": 3982266, "label": "Tecate"}, {"country": "Mexico", "subcountry": "M\u00e9xico", "geolabelid": 3982545, "label": "Tanganc\u00edcuaro de Arista"}, {"country": "Mexico", "subcountry": "Jalisco", "geolabelid": 3982567, "label": "Tamazula de Gordiano"}, {"country": "Mexico", "subcountry": "Jalisco", "geolabelid": 3982616, "label": "Tala"}, {"country": "Mexico", "subcountry": "Michoac\u00e1n", "geolabelid": 3982693, "label": "Tac\u00e1mbaro de Codallos"}, {"country": "Mexico", "subcountry": "Zacatecas", "geolabelid": 3982887, "label": "Sombrerete"}, {"country": "Mexico", "subcountry": "San Luis Potos\u00ed", "geolabelid": 3982912, "label": "Soledad D\u00edez Guti\u00e9rrez"}, {"country": "Mexico", "subcountry": "Guanajuato", "geolabelid": 3983058, "label": "Silao"}, {"country": "Mexico", "subcountry": "Jalisco", "geolabelid": 3983216, "label": "Sayula"}, {"country": "Mexico", "subcountry": "Durango", "geolabelid": 3983631, "label": "Santiago Papasquiaro"}, {"country": "Mexico", "subcountry": "Nayarit", "geolabelid": 3983636, "label": "Santiago Ixcuintla"}, {"country": "Mexico", "subcountry": "Nuevo Le\u00f3n", "geolabelid": 3983671, "label": "Santiago"}, {"country": "Mexico", "subcountry": "Quer\u00e9taro", "geolabelid": 3983820, "label": "Santa Rosa Jauregui"}, {"country": "Mexico", "subcountry": "Nuevo Le\u00f3n", "geolabelid": 3984583, "label": "Santa Catarina"}, {"country": "Mexico", "subcountry": "Jalisco", "geolabelid": 3984680, "label": "Santa Anita"}, {"country": "Mexico", "subcountry": "Jalisco", "geolabelid": 3984791, "label": "San Sebasti\u00e1n el Grande"}, {"country": "Mexico", "subcountry": "Coahuila", "geolabelid": 3985129, "label": "San Pedro"}, {"country": "Mexico", "subcountry": "Nuevo Le\u00f3n", "geolabelid": 3985241, "label": "San Nicol\u00e1s de los Garza"}, {"country": "Mexico", "subcountry": "Jalisco", "geolabelid": 3985323, "label": "San Miguel el Alto"}, {"country": "Mexico", "subcountry": "Durango", "geolabelid": 3985327, "label": "San Miguel de Papasquiaro"}, {"country": "Mexico", "subcountry": "Guanajuato", "geolabelid": 3985344, "label": "San Miguel de Allende"}, {"country": "Mexico", "subcountry": "Sonora", "geolabelid": 3985604, "label": "San Luis R\u00edo Colorado"}, {"country": "Mexico", "subcountry": "San Luis Potos\u00ed", "geolabelid": 3985606, "label": "San Luis Potos\u00ed"}, {"country": "Mexico", "subcountry": "Guanajuato", "geolabelid": 3985620, "label": "San Luis de la Paz"}, {"country": "Mexico", "subcountry": "Guerrero", "geolabelid": 3985621, "label": "San Luis de la Paz"}, {"country": "Mexico", "subcountry": "Baja California Sur", "geolabelid": 3985710, "label": "Cabo San Lucas"}, {"country": "Mexico", "subcountry": "Jalisco", "geolabelid": 3985865, "label": "San Juan de los Lagos"}, {"country": "Mexico", "subcountry": "Guanajuato", "geolabelid": 3986088, "label": "San Jos\u00e9 Iturbide"}, {"country": "Mexico", "subcountry": "Baja California Sur", "geolabelid": 3986172, "label": "San Jos\u00e9 del Cabo"}, {"country": "Mexico", "subcountry": "Guanajuato", "geolabelid": 3986984, "label": "San Francisco del Rinc\u00f3n"}, {"country": "Mexico", "subcountry": "Baja California", "geolabelid": 3987224, "label": "San Felipe"}, {"country": "Mexico", "subcountry": "Guanajuato", "geolabelid": 3987246, "label": "San Felipe"}, {"country": "Mexico", "subcountry": "Coahuila", "geolabelid": 3987500, "label": "San Buenaventura"}, {"country": "Mexico", "subcountry": "Jalisco", "geolabelid": 3988025, "label": "Nicol\u00e1s R Casillas"}, {"country": "Mexico", "subcountry": "Guanajuato", "geolabelid": 3988050, "label": "Salvatierra"}, {"country": "Mexico", "subcountry": "Coahuila", "geolabelid": 3988086, "label": "Saltillo"}, {"country": "Mexico", "subcountry": "Guanajuato", "geolabelid": 3988214, "label": "Salamanca"}, {"country": "Mexico", "subcountry": "Michoac\u00e1n", "geolabelid": 3988258, "label": "Sahuayo de Morelos"}, {"country": "Mexico", "subcountry": "Nuevo Le\u00f3n", "geolabelid": 3988327, "label": "Sabinas Hidalgo"}, {"country": "Mexico", "subcountry": "Coahuila", "geolabelid": 3988333, "label": "Ciudad Sabinas"}, {"country": "Mexico", "subcountry": "Baja California", "geolabelid": 3988392, "label": "Rosarito"}, {"country": "Mexico", "subcountry": "Guanajuato", "geolabelid": 3988462, "label": "Romita"}, {"country": "Mexico", "subcountry": "Zacatecas", "geolabelid": 3988594, "label": "R\u00edo Grande"}, {"country": "Mexico", "subcountry": "Aguascalientes", "geolabelid": 3988651, "label": "Rinc\u00f3n de Romos"}, {"country": "Mexico", "subcountry": "Coahuila", "geolabelid": 3991043, "label": "Ramos Arizpe"}, {"country": "Mexico", "subcountry": "Quer\u00e9taro", "geolabelid": 3991164, "label": "Santiago de Quer\u00e9taro"}, {"country": "Mexico", "subcountry": "M\u00e9xico", "geolabelid": 3991219, "label": "Puru\u00e1ndiro"}, {"country": "Mexico", "subcountry": "Jalisco", "geolabelid": 3991328, "label": "Puerto Vallarta"}, {"country": "Mexico", "subcountry": "Sonora", "geolabelid": 3991347, "label": "Puerto Pe\u00f1asco"}, {"country": "Mexico", "subcountry": "Coahuila", "geolabelid": 3992619, "label": "Piedras Negras"}, {"country": "Mexico", "subcountry": "Guerrero", "geolabelid": 3992842, "label": "Petatl\u00e1n"}, {"country": "Mexico", "subcountry": "Guanajuato", "geolabelid": 3992986, "label": "P\u00e9njamo"}, {"country": "Mexico", "subcountry": "Michoac\u00e1n", "geolabelid": 3993179, "label": "P\u00e1tzcuaro"}, {"country": "Mexico", "subcountry": "Coahuila", "geolabelid": 3993335, "label": "Parras de la Fuente"}, {"country": "Mexico", "subcountry": "Michoac\u00e1n", "geolabelid": 3993457, "label": "Paracho de Verduzco"}, {"country": "Mexico", "subcountry": "Coahuila", "geolabelid": 3993893, "label": "Palau"}, {"country": "Mexico", "subcountry": "Chihuahua", "geolabelid": 3994469, "label": "Ojinaga"}, {"country": "Mexico", "subcountry": "Jalisco", "geolabelid": 3994489, "label": "Ocotl\u00e1n"}, {"country": "Mexico", "subcountry": "Jalisco", "geolabelid": 3994604, "label": "Nuevo M\u00e9xico"}, {"country": "Mexico", "subcountry": "Chihuahua", "geolabelid": 3994616, "label": "Nuevo Casas Grandes"}, {"country": "Mexico", "subcountry": "Coahuila", "geolabelid": 3994667, "label": "Nueva Rosita"}, {"country": "Mexico", "subcountry": "Michoac\u00e1n", "geolabelid": 3994674, "label": "Nueva Italia de Ruiz"}, {"country": "Mexico", "subcountry": "Zacatecas", "geolabelid": 3994912, "label": "Nochistl\u00e1n"}, {"country": "Mexico", "subcountry": "Sinaloa", "geolabelid": 3995017, "label": "Navolato"}, {"country": "Mexico", "subcountry": "Sonora", "geolabelid": 3995019, "label": "Navojoa"}, {"country": "Mexico", "subcountry": "Coahuila", "geolabelid": 3995050, "label": "Nava"}, {"country": "Mexico", "subcountry": "Guanajuato", "geolabelid": 3995343, "label": "Morole\u00f3n"}, {"country": "Mexico", "subcountry": "Michoac\u00e1n", "geolabelid": 3995402, "label": "Morelia"}, {"country": "Mexico", "subcountry": "Nuevo Le\u00f3n", "geolabelid": 3995465, "label": "Monterrey"}, {"country": "Mexico", "subcountry": "Coahuila", "geolabelid": 3995523, "label": "Monclova"}, {"country": "Mexico", "subcountry": "Baja California", "geolabelid": 3996069, "label": "Mexicali"}, {"country": "Mexico", "subcountry": "Chihuahua", "geolabelid": 3996234, "label": "Pedro Meoqui"}, {"country": "Mexico", "subcountry": "Coahuila", "geolabelid": 3996271, "label": "Melchor M\u00fazquiz"}, {"country": "Mexico", "subcountry": "Guanajuato", "geolabelid": 3996299, "label": "Medina"}, {"country": "Mexico", "subcountry": "Sinaloa", "geolabelid": 3996322, "label": "Mazatl\u00e1n"}, {"country": "Mexico", "subcountry": "San Luis Potos\u00ed", "geolabelid": 3996387, "label": "Matehuala"}, {"country": "Mexico", "subcountry": "Coahuila", "geolabelid": 3996426, "label": "Matamoros"}, {"country": "Mexico", "subcountry": "Guanajuato", "geolabelid": 3996595, "label": "Marfil"}, {"country": "Mexico", "subcountry": "Michoac\u00e1n", "geolabelid": 3996626, "label": "Maravat\u00edo"}, {"country": "Mexico", "subcountry": "Colima", "geolabelid": 3996663, "label": "Manzanillo"}, {"country": "Mexico", "subcountry": "Baja California", "geolabelid": 3996737, "label": "Rodolfo S\u00e1nchez Taboada"}, {"country": "Mexico", "subcountry": "Sonora", "geolabelid": 3996893, "label": "Magdalena de Kino"}, {"country": "Mexico", "subcountry": "Chihuahua", "geolabelid": 3996956, "label": "San Pedro Madera"}, {"country": "Mexico", "subcountry": "Sinaloa", "geolabelid": 3997479, "label": "Los Mochis"}, {"country": "Mexico", "subcountry": "Zacatecas", "geolabelid": 3998291, "label": "Loreto"}, {"country": "Mexico", "subcountry": "Guanajuato", "geolabelid": 3998655, "label": "Le\u00f3n"}, {"country": "Mexico", "subcountry": "Jalisco", "geolabelid": 3999325, "label": "Las Pintas de Arriba"}, {"country": "Mexico", "subcountry": "Michoac\u00e1n", "geolabelid": 4000821, "label": "La Piedad Cavadas"}, {"country": "Mexico", "subcountry": "Baja California Sur", "geolabelid": 4000900, "label": "La Paz"}, {"country": "Mexico", "subcountry": "Michoac\u00e1n", "geolabelid": 4001056, "label": "La Orilla"}, {"country": "Mexico", "subcountry": "Jalisco", "geolabelid": 4002224, "label": "Lagos de Moreno"}, {"country": "Mexico", "subcountry": "Sinaloa", "geolabelid": 4002745, "label": "La Cruz"}, {"country": "Mexico", "subcountry": "Jalisco", "geolabelid": 4003526, "label": "La Barca"}, {"country": "Mexico", "subcountry": "Guanajuato", "geolabelid": 4003662, "label": "Santa Cruz de Juventino Rosas"}, {"country": "Mexico", "subcountry": "Jalisco", "geolabelid": 4003908, "label": "Jocotepec"}, {"country": "Mexico", "subcountry": "M\u00e9xico", "geolabelid": 4003923, "label": "Jiqu\u00edlpan de Ju\u00e1rez"}, {"country": "Mexico", "subcountry": "Chihuahua", "geolabelid": 4003938, "label": "Jim\u00e9nez"}, {"country": "Mexico", "subcountry": "Aguascalientes", "geolabelid": 4003995, "label": "Jes\u00fas Mar\u00eda"}, {"country": "Mexico", "subcountry": "Zacatecas", "geolabelid": 4004024, "label": "Jerez de Garc\u00eda Salinas"}, {"country": "Mexico", "subcountry": "Guanajuato", "geolabelid": 4004092, "label": "Jaral del Progreso"}, {"country": "Mexico", "subcountry": "Jalisco", "geolabelid": 4004126, "label": "Jamay"}, {"country": "Mexico", "subcountry": "Jalisco", "geolabelid": 4004153, "label": "Jalostotitl\u00e1n"}, {"country": "Mexico", "subcountry": "Nayarit", "geolabelid": 4004267, "label": "Ixtl\u00e1n del R\u00edo"}, {"country": "Mexico", "subcountry": "Jalisco", "geolabelid": 4004293, "label": "Ixtapa"}, {"country": "Mexico", "subcountry": "Guanajuato", "geolabelid": 4004330, "label": "Irapuato"}, {"country": "Mexico", "subcountry": "Michoac\u00e1n", "geolabelid": 4004555, "label": "Huetamo de N\u00fa\u00f1ez"}, {"country": "Mexico", "subcountry": "Sonora", "geolabelid": 4004647, "label": "Huatabampo"}, {"country": "Mexico", "subcountry": "Chihuahua", "geolabelid": 4004867, "label": "Hidalgo del Parral"}, {"country": "Mexico", "subcountry": "Michoac\u00e1n", "geolabelid": 4004885, "label": "Her\u00f3ica Zit\u00e1cuaro"}, {"country": "Mexico", "subcountry": "Sonora", "geolabelid": 4004886, "label": "Nogales"}, {"country": "Mexico", "subcountry": "Sonora", "geolabelid": 4004887, "label": "Heroica Caborca"}, {"country": "Mexico", "subcountry": "Sonora", "geolabelid": 4004898, "label": "Hermosillo"}, {"country": "Mexico", "subcountry": "Sonora", "geolabelid": 4005143, "label": "Heroica Guaymas"}, {"country": "Mexico", "subcountry": "Sinaloa", "geolabelid": 4005219, "label": "Guasave"}, {"country": "Mexico", "subcountry": "Guanajuato", "geolabelid": 4005270, "label": "Guanajuato"}, {"country": "Mexico", "subcountry": "Sinaloa", "geolabelid": 4005297, "label": "Guam\u00fachil"}, {"country": "Mexico", "subcountry": "Nuevo Le\u00f3n", "geolabelid": 4005492, "label": "Guadalupe"}, {"country": "Mexico", "subcountry": "Zacatecas", "geolabelid": 4005509, "label": "Guadalupe"}, {"country": "Mexico", "subcountry": "Jalisco", "geolabelid": 4005539, "label": "Guadalajara"}, {"country": "Mexico", "subcountry": "Durango", "geolabelid": 4005775, "label": "Gomez Palacio"}, {"country": "Mexico", "subcountry": "Sinaloa", "geolabelid": 4005864, "label": "Juan Jose Rios"}, {"country": "Mexico", "subcountry": "Nuevo Le\u00f3n", "geolabelid": 4005867, "label": "General Escobedo"}, {"country": "Mexico", "subcountry": "Nuevo Le\u00f3n", "geolabelid": 4005937, "label": "Garza Garc\u00eda"}, {"country": "Mexico", "subcountry": "Zacatecas", "geolabelid": 4006163, "label": "Fresnillo"}, {"country": "Mexico", "subcountry": "Sinaloa", "geolabelid": 4006622, "label": "Escuinapa de Hidalgo"}, {"country": "Mexico", "subcountry": "Baja California", "geolabelid": 4006702, "label": "Ensenada"}, {"country": "Mexico", "subcountry": "Jalisco", "geolabelid": 4006783, "label": "Encarnaci\u00f3n de D\u00edaz"}, {"country": "Mexico", "subcountry": "Sonora", "geolabelid": 4006806, "label": "Empalme"}, {"country": "Mexico", "subcountry": "Durango", "geolabelid": 4007676, "label": "Pueblo Nuevo"}, {"country": "Mexico", "subcountry": "Jalisco", "geolabelid": 4007684, "label": "El Salto"}, {"country": "Mexico", "subcountry": "Quer\u00e9taro", "geolabelid": 4008303, "label": "El Pueblito"}, {"country": "Mexico", "subcountry": "Jalisco", "geolabelid": 4009697, "label": "El Grullo"}, {"country": "Mexico", "subcountry": "Durango", "geolabelid": 4011743, "label": "Victoria de Durango"}, {"country": "Mexico", "subcountry": "Sinaloa", "geolabelid": 4012176, "label": "Culiac\u00e1n"}, {"country": "Mexico", "subcountry": "Chihuahua", "geolabelid": 4012406, "label": "Cuauht\u00e9moc"}, {"country": "Mexico", "subcountry": "Sinaloa", "geolabelid": 4012693, "label": "Villa de Costa Rica"}, {"country": "Mexico", "subcountry": "Guanajuato", "geolabelid": 4012721, "label": "Cortazar"}, {"country": "Mexico", "subcountry": "Nayarit", "geolabelid": 4013085, "label": "Compostela"}, {"country": "Mexico", "subcountry": "Guanajuato", "geolabelid": 4013094, "label": "Comonfort"}, {"country": "Mexico", "subcountry": "Colima", "geolabelid": 4013516, "label": "Colima"}, {"country": "Mexico", "subcountry": "Sonora", "geolabelid": 4013704, "label": "Ciudad Obreg\u00f3n"}, {"country": "Mexico", "subcountry": "Coahuila", "geolabelid": 4013706, "label": "Ciudad Lerdo"}, {"country": "Mexico", "subcountry": "Chihuahua", "geolabelid": 4013708, "label": "Ciudad Ju\u00e1rez"}, {"country": "Mexico", "subcountry": "Michoac\u00e1n", "geolabelid": 4013712, "label": "Ciudad Hidalgo"}, {"country": "Mexico", "subcountry": "Jalisco", "geolabelid": 4013714, "label": "Ciudad Guzm\u00e1n"}, {"country": "Mexico", "subcountry": "Chihuahua", "geolabelid": 4013720, "label": "Ciudad Delicias"}, {"country": "Mexico", "subcountry": "Baja California Sur", "geolabelid": 4013723, "label": "Ciudad Constituci\u00f3n"}, {"country": "Mexico", "subcountry": "Chihuahua", "geolabelid": 4013724, "label": "Ciudad Camargo"}, {"country": "Mexico", "subcountry": "Nuevo Le\u00f3n", "geolabelid": 4013726, "label": "Ciudad An\u00e1huac"}, {"country": "Mexico", "subcountry": "Guerrero", "geolabelid": 4013727, "label": "Ciudad Altamirano"}, {"country": "Mexico", "subcountry": "Coahuila", "geolabelid": 4013728, "label": "Ciudad Acu\u00f1a"}, {"country": "Mexico", "subcountry": "Chihuahua", "geolabelid": 4014338, "label": "Chihuahua"}, {"country": "Mexico", "subcountry": "Jalisco", "geolabelid": 4014553, "label": "Chapala"}, {"country": "Mexico", "subcountry": "Guanajuato", "geolabelid": 4014875, "label": "Celaya"}, {"country": "Mexico", "subcountry": "Coahuila", "geolabelid": 4015022, "label": "Casta\u00f1os"}, {"country": "Mexico", "subcountry": "Sonora", "geolabelid": 4015700, "label": "Cananea"}, {"country": "Mexico", "subcountry": "Sinaloa", "geolabelid": 4015938, "label": "Villa Ju\u00e1rez"}, {"country": "Mexico", "subcountry": "Aguascalientes", "geolabelid": 4016086, "label": "Calvillo"}, {"country": "Mexico", "subcountry": "Zacatecas", "geolabelid": 4016132, "label": "V\u00edctor Rosales"}, {"country": "Mexico", "subcountry": "Jalisco", "geolabelid": 4017957, "label": "Autl\u00e1n de Navarro"}, {"country": "Mexico", "subcountry": "Guerrero", "geolabelid": 4017984, "label": "Atoyac de \u00c1lvarez"}, {"country": "Mexico", "subcountry": "Jalisco", "geolabelid": 4017992, "label": "Atotonilco el Alto"}, {"country": "Mexico", "subcountry": "Colima", "geolabelid": 4018227, "label": "Armeria"}, {"country": "Mexico", "subcountry": "Guerrero", "geolabelid": 4018320, "label": "Arcelia"}, {"country": "Mexico", "subcountry": "Jalisco", "geolabelid": 4018348, "label": "Arandas"}, {"country": "Mexico", "subcountry": "Nuevo Le\u00f3n", "geolabelid": 4018390, "label": "Apodaca"}, {"country": "Mexico", "subcountry": "Michoac\u00e1n", "geolabelid": 4018400, "label": "Apatzing\u00e1n"}, {"country": "Mexico", "subcountry": "Guanajuato", "geolabelid": 4018403, "label": "Apaseo el Grande"}, {"country": "Mexico", "subcountry": "Guanajuato", "geolabelid": 4018404, "label": "Apaseo el Alto"}, {"country": "Mexico", "subcountry": "Jalisco", "geolabelid": 4018582, "label": "Ameca"}, {"country": "Mexico", "subcountry": "Coahuila", "geolabelid": 4018761, "label": "Allende"}, {"country": "Mexico", "subcountry": "Nuevo Le\u00f3n", "geolabelid": 4018762, "label": "Allende"}, {"country": "Mexico", "subcountry": "Aguascalientes", "geolabelid": 4019233, "label": "Aguascalientes"}, {"country": "Mexico", "subcountry": "Sonora", "geolabelid": 4019260, "label": "Agua Prieta"}, {"country": "Mexico", "subcountry": "Nayarit", "geolabelid": 4019819, "label": "Acaponeta"}, {"country": "Mexico", "subcountry": "Guanajuato", "geolabelid": 4019827, "label": "Ac\u00e1mbaro"}, {"country": "Mexico", "subcountry": "Guanajuato", "geolabelid": 4019869, "label": "Abasolo"}, {"country": "Mexico", "subcountry": "Nuevo Le\u00f3n", "geolabelid": 4022908, "label": "An\u00e1huac"}, {"country": "Mexico", "subcountry": "Guanajuato", "geolabelid": 4023117, "label": "Dolores Hidalgo Cuna de la Independencia Nacional"}, {"country": "Mexico", "subcountry": "Michoac\u00e1n", "geolabelid": 4026075, "label": "Guacamayas"}, {"country": "Mexico", "subcountry": "Michoac\u00e1n", "geolabelid": 4026082, "label": "Ciudad L\u00e1zaro C\u00e1rdenas"}, {"country": "Mexico", "subcountry": "Mexico City", "geolabelid": 7280708, "label": "Colonia del Valle"}, {"country": "Mexico", "subcountry": "M\u00e9xico", "geolabelid": 7280711, "label": "Colonia Lindavista"}, {"country": "Mexico", "subcountry": "Mexico City", "geolabelid": 7280718, "label": "Colonia Nativitas"}, {"country": "Mexico", "subcountry": "Baja California", "geolabelid": 8599061, "label": "Las Delicias"}, {"country": "Mexico", "subcountry": "Nuevo Le\u00f3n", "geolabelid": 8617692, "label": "San Pedro Garza Garcia"}, {"country": "Mexico", "subcountry": "San Luis Potos\u00ed", "geolabelid": 8858078, "label": "Soledad de Graciano S\u00e1nchez"}, {"country": "Mexico", "subcountry": "Colima", "geolabelid": 8858079, "label": "Manzanillo"}, {"country": "Mexico", "subcountry": "M\u00e9xico", "geolabelid": 8858082, "label": "Naucalpan de Ju\u00e1rez"}, {"country": "Mexico", "subcountry": "Jalisco", "geolabelid": 8858085, "label": "Hacienda Santa Fe"}, {"country": "Mexico", "subcountry": "M\u00e9xico", "geolabelid": 8858086, "label": "Fuentes del Valle"}, {"country": "Mexico", "subcountry": "M\u00e9xico", "geolabelid": 8858087, "label": "San Salvador Tizatlalli"}, {"country": "Mexico", "subcountry": "Nuevo Le\u00f3n", "geolabelid": 8858088, "label": "Jardines de la Silla (Jardines)"}, {"country": "Mexico", "subcountry": "M\u00e9xico", "geolabelid": 8858089, "label": "San Buenaventura"}, {"country": "Mexico", "subcountry": "M\u00e9xico", "geolabelid": 8858090, "label": "Colonia Santa Teresa"}, {"country": "Mexico", "subcountry": "M\u00e9xico", "geolabelid": 8858091, "label": "San Jer\u00f3nimo Cuatro Vientos"}, {"country": "Mexico", "subcountry": "M\u00e9xico", "geolabelid": 8858092, "label": "San Mart\u00edn Azcatepec"}, {"country": "Mexico", "subcountry": "Nuevo Le\u00f3n", "geolabelid": 8858093, "label": "Fraccionamiento Real Palmas"}, {"country": "Mexico", "subcountry": "Baja California", "geolabelid": 8858094, "label": "P\u00f3rticos de San Antonio"}, {"country": "Mexico", "subcountry": "M\u00e9xico", "geolabelid": 8858095, "label": "San Isidro"}, {"country": "Mexico", "subcountry": "Guanajuato", "geolabelid": 8858096, "label": "Centro Familiar la Soledad"}, {"country": "Mexico", "subcountry": "M\u00e9xico", "geolabelid": 8858097, "label": "San Jos\u00e9 Guadalupe Otzacatipan"}, {"country": "Mexico", "subcountry": "Jalisco", "geolabelid": 8858098, "label": "Las Pintitas"}, {"country": "Mexico", "subcountry": "M\u00e9xico", "geolabelid": 8858099, "label": "Emiliano Zapata"}, {"country": "Mexico", "subcountry": "Mexico City", "geolabelid": 8858100, "label": "San Antonio Tec\u00f3mitl"}, {"country": "Mexico", "subcountry": "Sinaloa", "geolabelid": 8858101, "label": "Licenciado Benito Ju\u00e1rez (Campo Gobierno)"}, {"country": "Mexico", "subcountry": "M\u00e9xico", "geolabelid": 8858102, "label": "Teotihuac\u00e1n de Arista"}, {"country": "Mexico", "subcountry": "M\u00e9xico", "geolabelid": 8858103, "label": "Jes\u00fas del Monte"}, {"country": "Mexico", "subcountry": "M\u00e9xico", "geolabelid": 8858104, "label": "San Jorge Pueblo Nuevo"}, {"country": "Mexico", "subcountry": "Chihuahua", "geolabelid": 8858105, "label": "Manuel Ojinaga"}, {"country": "Mexico", "subcountry": "Baja California", "geolabelid": 8858106, "label": "Terrazas del Valle"}, {"country": "Mexico", "subcountry": "Guanajuato", "geolabelid": 8858107, "label": "La Ermita"}, {"country": "Mexico", "subcountry": "Jalisco", "geolabelid": 8858108, "label": "Lomas del Sur"}, {"country": "Mexico", "subcountry": "Nuevo Le\u00f3n", "geolabelid": 8858109, "label": "Parque Industrial Ciudad Mitras"}, {"country": "Mexico", "subcountry": "Nuevo Le\u00f3n", "geolabelid": 8858110, "label": "Mitras Poniente"}, {"country": "Mexico", "subcountry": "Baja California", "geolabelid": 8858111, "label": "Villa del Prado 2da Secci\u00f3n"}, {"country": "Mexico", "subcountry": "Morelos", "geolabelid": 8858112, "label": "Tres de Mayo"}, {"country": "Mexico", "subcountry": "Hidalgo", "geolabelid": 8858113, "label": "Don Antonio"}, {"country": "Mexico", "subcountry": "Oaxaca", "geolabelid": 8858114, "label": "Heroica Ciudad de Tlaxiaco"}, {"country": "Mexico", "subcountry": "Guerrero", "geolabelid": 8858115, "label": "Ciudad de Huitzuco"}, {"country": "Mexico", "subcountry": "Puebla", "geolabelid": 8858116, "label": "Casa Blanca"}, {"country": "Mexico", "subcountry": "Hidalgo", "geolabelid": 8858117, "label": "La Providencia Siglo XXI"}, {"country": "Mexico", "subcountry": "M\u00e9xico", "geolabelid": 8858118, "label": "Ampliaci\u00f3n San Mateo (Colonia Solidaridad)"}, {"country": "Mexico", "subcountry": "Veracruz", "geolabelid": 8858119, "label": "Fraccionamiento Ciudad Olmeca"}, {"country": "Mexico", "subcountry": "Puebla", "geolabelid": 8858120, "label": "San Rafael Tlanalapan"}, {"country": "Mexico", "subcountry": "M\u00e9xico", "geolabelid": 8858121, "label": "Tec\u00e1mac de Felipe Villanueva"}, {"country": "Mexico", "subcountry": "Quer\u00e9taro", "geolabelid": 8858122, "label": "Venceremos"}, {"country": "Mexico", "subcountry": "M\u00e9xico", "geolabelid": 8858123, "label": "Alborada Jaltenco"}, {"country": "Mexico", "subcountry": "Oaxaca", "geolabelid": 8858124, "label": "Crucecita"}]