[{"country": "Montenegro", "subcountry": "Podgorica", "geolabelid": 3193044, "label": "Podgorica"}, {"country": "Montenegro", "subcountry": "Pljevlja", "geolabelid": 3193161, "label": "Pljevlja"}, {"country": "Montenegro", "subcountry": "Op\u0161tina Nik\u0161i\u0107", "geolabelid": 3194494, "label": "Nik\u0161i\u0107"}, {"country": "Montenegro", "subcountry": "Herceg Novi", "geolabelid": 3199394, "label": "Herceg-Novi"}, {"country": "Montenegro", "subcountry": "Cetinje", "geolabelid": 3202641, "label": "Cetinje"}, {"country": "Montenegro", "subcountry": "Budva", "geolabelid": 3203106, "label": "Budva"}, {"country": "Montenegro", "subcountry": "Bijelo Polje", "geolabelid": 3204176, "label": "Bijelo Polje"}, {"country": "Montenegro", "subcountry": "Bar", "geolabelid": 3204509, "label": "Bar"}]