[{"country": "Central African Republic", "subcountry": "Basse-Kotto", "geolabelid": 237478, "label": "Mobaye"}, {"country": "Central African Republic", "subcountry": "Ouaka", "geolabelid": 238566, "label": "Ippy"}, {"country": "Central African Republic", "subcountry": "Haute-Kotto", "geolabelid": 239899, "label": "Bria"}, {"country": "Central African Republic", "subcountry": "Mbomou", "geolabelid": 240498, "label": "Bangassou"}, {"country": "Central African Republic", "subcountry": "Ouaka", "geolabelid": 240604, "label": "Bambari"}, {"country": "Central African Republic", "subcountry": "K\u00e9mo", "geolabelid": 2383119, "label": "Sibut"}, {"country": "Central African Republic", "subcountry": "Ouham-Pend\u00e9", "geolabelid": 2383523, "label": "Paoua"}, {"country": "Central African Republic", "subcountry": "Sangha-Mba\u00e9r\u00e9", "geolabelid": 2383827, "label": "Nola"}, {"country": "Central African Republic", "subcountry": "Lobaye", "geolabelid": 2384770, "label": "Mba\u00efki"}, {"country": "Central African Republic", "subcountry": "Nana-Gr\u00e9bizi", "geolabelid": 2386012, "label": "Kaga Bandoro"}, {"country": "Central African Republic", "subcountry": "Ombella-Mpoko", "geolabelid": 2387435, "label": "Damara"}, {"country": "Central African Republic", "subcountry": "Mamb\u00e9r\u00e9-Kad\u00e9\u00ef", "geolabelid": 2387495, "label": "Carnot"}, {"country": "Central African Republic", "subcountry": "Ouham-Pend\u00e9", "geolabelid": 2387546, "label": "Bozoum"}, {"country": "Central African Republic", "subcountry": "Nana-Mamb\u00e9r\u00e9", "geolabelid": 2387926, "label": "Bouar"}, {"country": "Central African Republic", "subcountry": "Ouham", "geolabelid": 2388036, "label": "Bossangoa"}, {"country": "Central African Republic", "subcountry": "Lobaye", "geolabelid": 2388614, "label": "Boda"}, {"country": "Central African Republic", "subcountry": "Ombella-Mpoko", "geolabelid": 2388873, "label": "Bimbo"}, {"country": "Central African Republic", "subcountry": "Mamb\u00e9r\u00e9-Kad\u00e9\u00ef", "geolabelid": 2389086, "label": "Berb\u00e9rati"}, {"country": "Central African Republic", "subcountry": "Ouham", "geolabelid": 2389691, "label": "Batangafo"}, {"country": "Central African Republic", "subcountry": "Bangui", "geolabelid": 2389853, "label": "Bangui"}]