[{"country": "Qatar", "subcountry": "Balad\u012byat Umm \u015eal\u0101l", "geolabelid": 289523, "label": "Umm \u015eal\u0101l Mu\u1e29ammad"}, {"country": "Qatar", "subcountry": "Balad\u012byat ar Rayy\u0101n", "geolabelid": 289888, "label": "Ar Rayy\u0101n"}, {"country": "Qatar", "subcountry": "Al Wakrah", "geolabelid": 289915, "label": "Al Wakrah"}, {"country": "Qatar", "subcountry": "Al Khawr", "geolabelid": 289962, "label": "Al Khawr"}, {"country": "Qatar", "subcountry": "Balad\u012byat ad Daw\u1e29ah", "geolabelid": 290030, "label": "Doha"}]