[{"country": "Democratic Republic of the Congo", "subcountry": "Eastern Province", "geolabelid": 203717, "label": "Yangambi"}, {"country": "Democratic Republic of the Congo", "subcountry": "Eastern Province", "geolabelid": 204283, "label": "Watsa"}, {"country": "Democratic Republic of the Congo", "subcountry": "Eastern Province", "geolabelid": 204318, "label": "Wamba"}, {"country": "Democratic Republic of the Congo", "subcountry": "South Kivu", "geolabelid": 204405, "label": "Uvira"}, {"country": "Democratic Republic of the Congo", "subcountry": "Kasa\u00ef-Occidental", "geolabelid": 204953, "label": "Tshikapa"}, {"country": "Democratic Republic of the Congo", "subcountry": "Nord Kivu", "geolabelid": 205970, "label": "Sake"}, {"country": "Democratic Republic of the Congo", "subcountry": "Kasa\u00ef-Oriental", "geolabelid": 207570, "label": "Mwene-Ditu"}, {"country": "Democratic Republic of the Congo", "subcountry": "Kasa\u00ef-Occidental", "geolabelid": 207596, "label": "Mweka"}, {"country": "Democratic Republic of the Congo", "subcountry": "Kasa\u00ef-Oriental", "geolabelid": 209228, "label": "Mbuji-Mayi"}, {"country": "Democratic Republic of the Congo", "subcountry": "Kasa\u00ef-Oriental", "geolabelid": 210379, "label": "Lusambo"}, {"country": "Democratic Republic of the Congo", "subcountry": "Kasa\u00ef-Occidental", "geolabelid": 210939, "label": "Luebo"}, {"country": "Democratic Republic of the Congo", "subcountry": "Kasa\u00ef-Oriental", "geolabelid": 211098, "label": "Lubao"}, {"country": "Democratic Republic of the Congo", "subcountry": "Kasa\u00ef-Oriental", "geolabelid": 211647, "label": "Lodja"}, {"country": "Democratic Republic of the Congo", "subcountry": "\u00c9quateur", "geolabelid": 211734, "label": "Lisala"}, {"country": "Democratic Republic of the Congo", "subcountry": "Katanga", "geolabelid": 212360, "label": "Kongolo"}, {"country": "Democratic Republic of the Congo", "subcountry": "Eastern Province", "geolabelid": 212730, "label": "Kisangani"}, {"country": "Democratic Republic of the Congo", "subcountry": "Maniema", "geolabelid": 212902, "label": "Kindu"}, {"country": "Democratic Republic of the Congo", "subcountry": "Maniema", "geolabelid": 213940, "label": "Kasongo"}, {"country": "Democratic Republic of the Congo", "subcountry": "Kasa\u00ef-Occidental", "geolabelid": 214481, "label": "Kananga"}, {"country": "Democratic Republic of the Congo", "subcountry": "Maniema", "geolabelid": 214575, "label": "Kampene"}, {"country": "Democratic Republic of the Congo", "subcountry": "Katanga", "geolabelid": 214614, "label": "Kamina"}, {"country": "Democratic Republic of the Congo", "subcountry": "Katanga", "geolabelid": 214974, "label": "Kalemie"}, {"country": "Democratic Republic of the Congo", "subcountry": "Kasa\u00ef-Oriental", "geolabelid": 215527, "label": "Kabinda"}, {"country": "Democratic Republic of the Congo", "subcountry": "South Kivu", "geolabelid": 215605, "label": "Kabare"}, {"country": "Democratic Republic of the Congo", "subcountry": "Katanga", "geolabelid": 215668, "label": "Kabalo"}, {"country": "Democratic Republic of the Congo", "subcountry": "Eastern Province", "geolabelid": 215771, "label": "Isiro"}, {"country": "Democratic Republic of the Congo", "subcountry": "Kasa\u00ef-Occidental", "geolabelid": 215976, "label": "Ilebo"}, {"country": "Democratic Republic of the Congo", "subcountry": "Nord Kivu", "geolabelid": 216281, "label": "Goma"}, {"country": "Democratic Republic of the Congo", "subcountry": "\u00c9quateur", "geolabelid": 216404, "label": "Gbadolite"}, {"country": "Democratic Republic of the Congo", "subcountry": "Kasa\u00ef-Oriental", "geolabelid": 216449, "label": "Gandajika"}, {"country": "Democratic Republic of the Congo", "subcountry": "Kasa\u00ef-Occidental", "geolabelid": 217389, "label": "Demba"}, {"country": "Democratic Republic of the Congo", "subcountry": "Nord Kivu", "geolabelid": 217562, "label": "Butembo"}, {"country": "Democratic Republic of the Congo", "subcountry": "Eastern Province", "geolabelid": 217570, "label": "Buta"}, {"country": "Democratic Republic of the Congo", "subcountry": "\u00c9quateur", "geolabelid": 217637, "label": "Businga"}, {"country": "Democratic Republic of the Congo", "subcountry": "Eastern Province", "geolabelid": 217695, "label": "Bunia"}, {"country": "Democratic Republic of the Congo", "subcountry": "\u00c9quateur", "geolabelid": 217745, "label": "Bumba"}, {"country": "Democratic Republic of the Congo", "subcountry": "South Kivu", "geolabelid": 217831, "label": "Bukavu"}, {"country": "Democratic Republic of the Congo", "subcountry": "Katanga", "geolabelid": 217834, "label": "Bukama"}, {"country": "Democratic Republic of the Congo", "subcountry": "Eastern Province", "geolabelid": 218253, "label": "Bondo"}, {"country": "Democratic Republic of the Congo", "subcountry": "\u00c9quateur", "geolabelid": 218680, "label": "Boende"}, {"country": "Democratic Republic of the Congo", "subcountry": "Nord Kivu", "geolabelid": 219057, "label": "Beni"}, {"country": "Democratic Republic of the Congo", "subcountry": "Eastern Province", "geolabelid": 219414, "label": "Basoko"}, {"country": "Democratic Republic of the Congo", "subcountry": "Eastern Province", "geolabelid": 220448, "label": "Aketi"}, {"country": "Democratic Republic of the Congo", "subcountry": "Katanga", "geolabelid": 922704, "label": "Lubumbashi"}, {"country": "Democratic Republic of the Congo", "subcountry": "Katanga", "geolabelid": 922741, "label": "Likasi"}, {"country": "Democratic Republic of the Congo", "subcountry": "Katanga", "geolabelid": 922773, "label": "Kolwezi"}, {"country": "Democratic Republic of the Congo", "subcountry": "Katanga", "geolabelid": 922806, "label": "Kipushi"}, {"country": "Democratic Republic of the Congo", "subcountry": "Katanga", "geolabelid": 923058, "label": "Kambove"}, {"country": "Democratic Republic of the Congo", "subcountry": "Bas-Congo", "geolabelid": 2311127, "label": "Tshela"}, {"country": "Democratic Republic of the Congo", "subcountry": "Bandundu", "geolabelid": 2311968, "label": "Nioki"}, {"country": "Democratic Republic of the Congo", "subcountry": "Bandundu", "geolabelid": 2312249, "label": "Mushie"}, {"country": "Democratic Republic of the Congo", "subcountry": "Bas-Congo", "geolabelid": 2312888, "label": "Mbanza-Ngungu"}, {"country": "Democratic Republic of the Congo", "subcountry": "\u00c9quateur", "geolabelid": 2312895, "label": "Mbandaka"}, {"country": "Democratic Republic of the Congo", "subcountry": "Bas-Congo", "geolabelid": 2313002, "label": "Matadi"}, {"country": "Democratic Republic of the Congo", "subcountry": "Bandundu", "geolabelid": 2313084, "label": "Mangai"}, {"country": "Democratic Republic of the Congo", "subcountry": "\u00c9quateur", "geolabelid": 2313762, "label": "Libenge"}, {"country": "Democratic Republic of the Congo", "subcountry": "Kinshasa", "geolabelid": 2314302, "label": "Kinshasa"}, {"country": "Democratic Republic of the Congo", "subcountry": "Bandundu", "geolabelid": 2314705, "label": "Kikwit"}, {"country": "Democratic Republic of the Congo", "subcountry": "Bandundu", "geolabelid": 2315026, "label": "Kasongo-Lunda"}, {"country": "Democratic Republic of the Congo", "subcountry": "Bas-Congo", "geolabelid": 2315057, "label": "Kasangulu"}, {"country": "Democratic Republic of the Congo", "subcountry": "Bandundu", "geolabelid": 2315417, "label": "Inongo"}, {"country": "Democratic Republic of the Congo", "subcountry": "\u00c9quateur", "geolabelid": 2315728, "label": "Gemena"}, {"country": "Democratic Republic of the Congo", "subcountry": "Bandundu", "geolabelid": 2316259, "label": "Bulungu"}, {"country": "Democratic Republic of the Congo", "subcountry": "Bandundu", "geolabelid": 2316748, "label": "Bolobo"}, {"country": "Democratic Republic of the Congo", "subcountry": "Bandundu", "geolabelid": 2317397, "label": "Bandundu"}, {"country": "Democratic Republic of the Congo", "subcountry": "Kinshasa", "geolabelid": 2593460, "label": "Masina"}]