[{"country": "Jamaica", "subcountry": "Saint Catherine", "geolabelid": 3488465, "label": "Spanish Town"}, {"country": "Jamaica", "subcountry": "Westmoreland", "geolabelid": 3488613, "label": "Savanna-la-Mar"}, {"country": "Jamaica", "subcountry": "Saint Catherine", "geolabelid": 3488981, "label": "Portmore"}, {"country": "Jamaica", "subcountry": "Saint Catherine", "geolabelid": 3489227, "label": "Old Harbour"}, {"country": "Jamaica", "subcountry": "Saint Andrew", "geolabelid": 3489297, "label": "New Kingston"}, {"country": "Jamaica", "subcountry": "Saint James", "geolabelid": 3489460, "label": "Montego Bay"}, {"country": "Jamaica", "subcountry": "Clarendon", "geolabelid": 3489523, "label": "May Pen"}, {"country": "Jamaica", "subcountry": "Manchester", "geolabelid": 3489577, "label": "Mandeville"}, {"country": "Jamaica", "subcountry": "Saint Catherine", "geolabelid": 3489760, "label": "Linstead"}, {"country": "Jamaica", "subcountry": "Kingston", "geolabelid": 3489854, "label": "Kingston"}, {"country": "Jamaica", "subcountry": "Saint Andrew", "geolabelid": 3490165, "label": "Half Way Tree"}]