[{"country": "Saudi Arabia", "subcountry": "Al Mad\u012bnah al Munawwarah", "geolabelid": 100425, "label": "Yanbu"}, {"country": "Saudi Arabia", "subcountry": "Min\u0163aqat Tab\u016bk", "geolabelid": 100926, "label": "Umm Lajj"}, {"country": "Saudi Arabia", "subcountry": "Northern Borders", "geolabelid": 101312, "label": "\u0162urayf"}, {"country": "Saudi Arabia", "subcountry": "Makkah", "geolabelid": 101322, "label": "Turabah"}, {"country": "Saudi Arabia", "subcountry": "Eastern Province", "geolabelid": 101554, "label": "T\u0101r\u016bt"}, {"country": "Saudi Arabia", "subcountry": "Min\u0163aqat Tab\u016bk", "geolabelid": 101628, "label": "Tabuk"}, {"country": "Saudi Arabia", "subcountry": "Al Jawf", "geolabelid": 101631, "label": "\u0162ubarjal"}, {"country": "Saudi Arabia", "subcountry": "Al Mad\u012bnah al Munawwarah", "geolabelid": 101760, "label": "Sul\u0163\u0101nah"}, {"country": "Saudi Arabia", "subcountry": "Eastern Province", "geolabelid": 102318, "label": "Sayh\u0101t"}, {"country": "Saudi Arabia", "subcountry": "Jizan", "geolabelid": 102451, "label": "\u015e\u0101mitah"}, {"country": "Saudi Arabia", "subcountry": "Al Jawf", "geolabelid": 102527, "label": "Sakakah"}, {"country": "Saudi Arabia", "subcountry": "Eastern Province", "geolabelid": 102585, "label": "\u015eafw\u00e1"}, {"country": "Saudi Arabia", "subcountry": "Jizan", "geolabelid": 102651, "label": "\u015eaby\u0101"}, {"country": "Saudi Arabia", "subcountry": "Eastern Province", "geolabelid": 102985, "label": "Ra\u1e29\u012bmah"}, {"country": "Saudi Arabia", "subcountry": "Makkah", "geolabelid": 103035, "label": "R\u0101bigh"}, {"country": "Saudi Arabia", "subcountry": "Min\u0163aqat \u2018As\u012br", "geolabelid": 103369, "label": "Qal\u2018at B\u012bshah"}, {"country": "Saudi Arabia", "subcountry": "Najr\u0101n", "geolabelid": 103630, "label": "Najr\u0101n"}, {"country": "Saudi Arabia", "subcountry": "Makkah", "geolabelid": 104515, "label": "Mecca"}, {"country": "Saudi Arabia", "subcountry": "Min\u0163aqat \u2018As\u012br", "geolabelid": 105072, "label": "Khamis Mushait"}, {"country": "Saudi Arabia", "subcountry": "Jizan", "geolabelid": 105299, "label": "Jizan"}, {"country": "Saudi Arabia", "subcountry": "Makkah", "geolabelid": 105343, "label": "Jeddah"}, {"country": "Saudi Arabia", "subcountry": "\u1e28\u0101\u02bcil", "geolabelid": 106281, "label": "Ha'il"}, {"country": "Saudi Arabia", "subcountry": "Min\u0163aqat Tab\u016bk", "geolabelid": 106909, "label": "Duba"}, {"country": "Saudi Arabia", "subcountry": "Al-Qassim", "geolabelid": 107304, "label": "Buraydah"}, {"country": "Saudi Arabia", "subcountry": "Eastern Province", "geolabelid": 107312, "label": "Abqaiq"}, {"country": "Saudi Arabia", "subcountry": "Al Mad\u012bnah al Munawwarah", "geolabelid": 107744, "label": "Badr \u1e28unayn"}, {"country": "Saudi Arabia", "subcountry": "Ar Riy\u0101\u1e11", "geolabelid": 107781, "label": "Az Zulfi"}, {"country": "Saudi Arabia", "subcountry": "Eastern Province", "geolabelid": 107797, "label": "Dhahran"}, {"country": "Saudi Arabia", "subcountry": "Eastern Province", "geolabelid": 107959, "label": "A\u0163 \u0162araf"}, {"country": "Saudi Arabia", "subcountry": "Makkah", "geolabelid": 107968, "label": "Ta\u2019if"}, {"country": "Saudi Arabia", "subcountry": "Ar Riy\u0101\u1e11", "geolabelid": 108048, "label": "As Sulayyil"}, {"country": "Saudi Arabia", "subcountry": "Ar Riy\u0101\u1e11", "geolabelid": 108410, "label": "Riyadh"}, {"country": "Saudi Arabia", "subcountry": "Al-Qassim", "geolabelid": 108435, "label": "Ar Rass"}, {"country": "Saudi Arabia", "subcountry": "Northern Borders", "geolabelid": 108512, "label": "\u2018Ar\u2018ar"}, {"country": "Saudi Arabia", "subcountry": "Min\u0163aqat \u2018As\u012br", "geolabelid": 108617, "label": "An Nim\u0101\u015f"}, {"country": "Saudi Arabia", "subcountry": "Al Jawf", "geolabelid": 108648, "label": "Qurayyat"}, {"country": "Saudi Arabia", "subcountry": "Min\u0163aqat Tab\u016bk", "geolabelid": 108773, "label": "Al Wajh"}, {"country": "Saudi Arabia", "subcountry": "Al Mad\u012bnah al Munawwarah", "geolabelid": 108841, "label": "Al \u2018Ul\u00e1"}, {"country": "Saudi Arabia", "subcountry": "Eastern Province", "geolabelid": 108918, "label": "Al Qay\u015f\u016bmah"}, {"country": "Saudi Arabia", "subcountry": "Eastern Province", "geolabelid": 108927, "label": "Al Qa\u0163\u012bf"}, {"country": "Saudi Arabia", "subcountry": "Eastern Province", "geolabelid": 109059, "label": "Al Munayzilah"}, {"country": "Saudi Arabia", "subcountry": "Eastern Province", "geolabelid": 109101, "label": "Al Mubarraz"}, {"country": "Saudi Arabia", "subcountry": "Al-Qassim", "geolabelid": 109131, "label": "Al Mithnab"}, {"country": "Saudi Arabia", "subcountry": "Al Mad\u012bnah al Munawwarah", "geolabelid": 109223, "label": "Medina"}, {"country": "Saudi Arabia", "subcountry": "Eastern Province", "geolabelid": 109323, "label": "Khobar"}, {"country": "Saudi Arabia", "subcountry": "Eastern Province", "geolabelid": 109380, "label": "Al Khafj\u012b"}, {"country": "Saudi Arabia", "subcountry": "Makkah", "geolabelid": 109417, "label": "Al Jum\u016bm"}, {"country": "Saudi Arabia", "subcountry": "Eastern Province", "geolabelid": 109435, "label": "Al Jubayl"}, {"country": "Saudi Arabia", "subcountry": "Eastern Province", "geolabelid": 109571, "label": "Al Huf\u016bf"}, {"country": "Saudi Arabia", "subcountry": "Al-Qassim", "geolabelid": 109878, "label": "Al Bukayr\u012byah"}, {"country": "Saudi Arabia", "subcountry": "Eastern Province", "geolabelid": 109915, "label": "Al Ba\u0163\u0163\u0101l\u012byah"}, {"country": "Saudi Arabia", "subcountry": "Min\u0163aqat al B\u0101\u1e29ah", "geolabelid": 109953, "label": "Al B\u0101\u1e29ah"}, {"country": "Saudi Arabia", "subcountry": "Ar Riy\u0101\u1e11", "geolabelid": 110250, "label": "\u2018Af\u012bf"}, {"country": "Saudi Arabia", "subcountry": "Ar Riy\u0101\u1e11", "geolabelid": 110314, "label": "Ad Dilam"}, {"country": "Saudi Arabia", "subcountry": "Ar Riy\u0101\u1e11", "geolabelid": 110325, "label": "Ad Daw\u0101dim\u012b"}, {"country": "Saudi Arabia", "subcountry": "Eastern Province", "geolabelid": 110336, "label": "Dammam"}, {"country": "Saudi Arabia", "subcountry": "Jizan", "geolabelid": 110619, "label": "Ab\u016b \u2018Ar\u012bsh"}, {"country": "Saudi Arabia", "subcountry": "Min\u0163aqat \u2018As\u012br", "geolabelid": 110690, "label": "Abha"}, {"country": "Saudi Arabia", "subcountry": "Makkah", "geolabelid": 410096, "label": "Ash Shaf\u0101"}, {"country": "Saudi Arabia", "subcountry": "Al-Qassim", "geolabelid": 8394316, "label": "Unaizah"}]