[{"country": "Kosovo", "subcountry": "Mitrovica", "geolabelid": 783770, "label": "Zve\u010dan"}, {"country": "Kosovo", "subcountry": "Mitrovica", "geolabelid": 784097, "label": "Vushtrri"}, {"country": "Kosovo", "subcountry": "Gjilan", "geolabelid": 784372, "label": "Vitina"}, {"country": "Kosovo", "subcountry": "Ferizaj", "geolabelid": 784759, "label": "Ferizaj"}, {"country": "Kosovo", "subcountry": "Prizren", "geolabelid": 785238, "label": "Suva Reka"}, {"country": "Kosovo", "subcountry": "Ferizaj", "geolabelid": 785485, "label": "Shtime"}, {"country": "Kosovo", "subcountry": "Prizren", "geolabelid": 786712, "label": "Prizren"}, {"country": "Kosovo", "subcountry": "Pristina", "geolabelid": 786714, "label": "Pristina"}, {"country": "Kosovo", "subcountry": "Pristina", "geolabelid": 786950, "label": "Podujeva"}, {"country": "Kosovo", "subcountry": "Pec", "geolabelid": 787157, "label": "Pej\u00eb"}, {"country": "Kosovo", "subcountry": "Gjakova", "geolabelid": 787456, "label": "Orahovac"}, {"country": "Kosovo", "subcountry": "Prizren", "geolabelid": 788470, "label": "Llazic\u00eb"}, {"country": "Kosovo", "subcountry": "Mitrovica", "geolabelid": 788731, "label": "Leposaviq"}, {"country": "Kosovo", "subcountry": "Mitrovica", "geolabelid": 789225, "label": "Mitrovic\u00eb"}, {"country": "Kosovo", "subcountry": "Pristina", "geolabelid": 789228, "label": "Kosovo Polje"}, {"country": "Kosovo", "subcountry": "Pec", "geolabelid": 789996, "label": "Istok"}, {"country": "Kosovo", "subcountry": "Gjilan", "geolabelid": 790674, "label": "Gjilan"}, {"country": "Kosovo", "subcountry": "Pristina", "geolabelid": 790701, "label": "Glogovac"}, {"country": "Kosovo", "subcountry": "Prizren", "geolabelid": 791122, "label": "Dragash"}, {"country": "Kosovo", "subcountry": "Gjakova", "geolabelid": 791580, "label": "De\u00e7an"}, {"country": "Kosovo", "subcountry": "Gjakova", "geolabelid": 791646, "label": "Gjakov\u00eb"}]