[{"country": "Azerbaijan", "subcountry": "Xank\u01ddndi", "geolabelid": 146970, "label": "Xankandi"}, {"country": "Azerbaijan", "subcountry": "Saatl\u0131", "geolabelid": 147059, "label": "\u018fhm\u0259db\u0259yli"}, {"country": "Azerbaijan", "subcountry": "\u015eu\u015fa", "geolabelid": 147105, "label": "Shushi"}, {"country": "Azerbaijan", "subcountry": "Salyan", "geolabelid": 147271, "label": "Salyan"}, {"country": "Azerbaijan", "subcountry": "Saatl\u0131", "geolabelid": 147288, "label": "Saatl\u0131"}, {"country": "Azerbaijan", "subcountry": "Neft\u00e7ala", "geolabelid": 147425, "label": "Neft\u00e7ala"}, {"country": "Azerbaijan", "subcountry": "Nakhichevan", "geolabelid": 147429, "label": "Nakhchivan"}, {"country": "Azerbaijan", "subcountry": "L\u0259nk\u0259ran", "geolabelid": 147622, "label": "Lankaran"}, {"country": "Azerbaijan", "subcountry": "\u0130mi\u015fli", "geolabelid": 147982, "label": "Imishli"}, {"country": "Azerbaijan", "subcountry": "F\u00fczuli", "geolabelid": 148106, "label": "Fizuli"}, {"country": "Azerbaijan", "subcountry": "Jalilabad", "geolabelid": 148290, "label": "Dzhalilabad"}, {"country": "Azerbaijan", "subcountry": "Bil\u01ddsuvar", "geolabelid": 148340, "label": "Pushkino"}, {"country": "Azerbaijan", "subcountry": "Beyl\u0259qan", "geolabelid": 148354, "label": "Beylagan"}, {"country": "Azerbaijan", "subcountry": "Astara", "geolabelid": 148445, "label": "Astara"}, {"country": "Azerbaijan", "subcountry": "Shirvan", "geolabelid": 148565, "label": "\u015eirvan"}, {"country": "Azerbaijan", "subcountry": "A\u011fdam", "geolabelid": 148619, "label": "A\u011fdam"}, {"country": "Azerbaijan", "subcountry": "Zaqatala", "geolabelid": 584596, "label": "Zaqatala"}, {"country": "Azerbaijan", "subcountry": "Baki", "geolabelid": 584614, "label": "Zabrat"}, {"country": "Azerbaijan", "subcountry": "Yevlax City", "geolabelid": 584649, "label": "Yevlakh"}, {"country": "Azerbaijan", "subcountry": "Goygol Rayon", "geolabelid": 584716, "label": "Yelenendorf"}, {"country": "Azerbaijan", "subcountry": "Xa\u00e7maz", "geolabelid": 584717, "label": "Xa\u00e7maz"}, {"country": "Azerbaijan", "subcountry": "Ucar", "geolabelid": 584791, "label": "Ujar"}, {"country": "Azerbaijan", "subcountry": "T\u01ddrt\u01ddr", "geolabelid": 584871, "label": "Terter"}, {"country": "Azerbaijan", "subcountry": "Sumqayit", "geolabelid": 584923, "label": "Sumqay\u0131t"}, {"country": "Azerbaijan", "subcountry": "Baki", "geolabelid": 585103, "label": "Qara\u00e7uxur"}, {"country": "Azerbaijan", "subcountry": "\u015e\u01ddmkir", "geolabelid": 585152, "label": "Shamkhor"}, {"country": "Azerbaijan", "subcountry": "\u015eamax\u0131", "geolabelid": 585156, "label": "Shamakhi"}, {"country": "Azerbaijan", "subcountry": "Shaki City", "geolabelid": 585170, "label": "Sheki"}, {"country": "Azerbaijan", "subcountry": "Baki", "geolabelid": 585184, "label": "Sabun\u00e7u"}, {"country": "Azerbaijan", "subcountry": "Sabirabad", "geolabelid": 585187, "label": "Sabirabad"}, {"country": "Azerbaijan", "subcountry": "Qusar", "geolabelid": 585220, "label": "Qusar"}, {"country": "Azerbaijan", "subcountry": "Quba", "geolabelid": 585221, "label": "Quba"}, {"country": "Azerbaijan", "subcountry": "Hac\u0131qabul", "geolabelid": 585225, "label": "Hac\u0131qabul"}, {"country": "Azerbaijan", "subcountry": "Qazax", "geolabelid": 585226, "label": "Qazax"}, {"country": "Azerbaijan", "subcountry": "Sumqayit", "geolabelid": 585379, "label": "Hac\u0131 Zeynalabdin"}, {"country": "Azerbaijan", "subcountry": "Ming\u01ddcevir", "geolabelid": 585514, "label": "Mingelchaur"}, {"country": "Azerbaijan", "subcountry": "Baki", "geolabelid": 585557, "label": "Ma\u015fta\u011fa"}, {"country": "Azerbaijan", "subcountry": "Baki", "geolabelid": 585568, "label": "Mardakan"}, {"country": "Azerbaijan", "subcountry": "Baki", "geolabelid": 585630, "label": "L\u00f6kbatan"}, {"country": "Azerbaijan", "subcountry": "K\u00fcrd\u01ddmir", "geolabelid": 585763, "label": "Kyurdarmir"}, {"country": "Azerbaijan", "subcountry": "Ab\u015feron", "geolabelid": 585915, "label": "Khirdalan"}, {"country": "Azerbaijan", "subcountry": "Baki", "geolabelid": 586340, "label": "Yeni Suraxan\u0131"}, {"country": "Azerbaijan", "subcountry": "G\u00f6y\u00e7ay", "geolabelid": 586427, "label": "Geoktschai"}, {"country": "Azerbaijan", "subcountry": "Baki", "geolabelid": 586429, "label": "H\u00f6vsan"}, {"country": "Azerbaijan", "subcountry": "G\u01ddnc\u01dd", "geolabelid": 586523, "label": "Ganja"}, {"country": "Azerbaijan", "subcountry": "Shabran", "geolabelid": 586763, "label": "Divichibazar"}, {"country": "Azerbaijan", "subcountry": "Baki", "geolabelid": 586925, "label": "Buzovna"}, {"country": "Azerbaijan", "subcountry": "Baki", "geolabelid": 586968, "label": "Biny Selo"}, {"country": "Azerbaijan", "subcountry": "B\u01ddrd\u01dd", "geolabelid": 587057, "label": "Barda"}, {"country": "Azerbaijan", "subcountry": "Baki", "geolabelid": 587078, "label": "Bilajari"}, {"country": "Azerbaijan", "subcountry": "Baki", "geolabelid": 587084, "label": "Baku"}, {"country": "Azerbaijan", "subcountry": "Baki", "geolabelid": 587261, "label": "Amirdzhan"}, {"country": "Azerbaijan", "subcountry": "A\u011fsu", "geolabelid": 587361, "label": "Aghsu"}, {"country": "Azerbaijan", "subcountry": "A\u011fda\u015f", "geolabelid": 587378, "label": "A\u011fda\u015f"}, {"country": "Azerbaijan", "subcountry": "A\u011fcab\u01dddi", "geolabelid": 587384, "label": "Agdzhabedy"}, {"country": "Azerbaijan", "subcountry": "Baki", "geolabelid": 824003, "label": "Bak\u0131xanov"}]