[{"country": "Burkina Faso", "subcountry": "Plateau-Central", "geolabelid": 2353197, "label": "Zorgo"}, {"country": "Burkina Faso", "subcountry": "Nord", "geolabelid": 2353688, "label": "Yako"}, {"country": "Burkina Faso", "subcountry": "Boucle du Mouhoun", "geolabelid": 2354176, "label": "Tougan"}, {"country": "Burkina Faso", "subcountry": "Nord", "geolabelid": 2354349, "label": "Titao"}, {"country": "Burkina Faso", "subcountry": "Centre-Est", "geolabelid": 2354675, "label": "Tenkodogo"}, {"country": "Burkina Faso", "subcountry": "Centre-Ouest", "geolabelid": 2356228, "label": "R\u00e9o"}, {"country": "Burkina Faso", "subcountry": "Centre-Sud", "geolabelid": 2356454, "label": "P\u00f4"}, {"country": "Burkina Faso", "subcountry": "Nord", "geolabelid": 2357043, "label": "Ouahigouya"}, {"country": "Burkina Faso", "subcountry": "Centre", "geolabelid": 2357048, "label": "Ouagadougou"}, {"country": "Burkina Faso", "subcountry": "Boucle du Mouhoun", "geolabelid": 2357163, "label": "Nouna"}, {"country": "Burkina Faso", "subcountry": "Centre-Sud", "geolabelid": 2358100, "label": "Manga"}, {"country": "Burkina Faso", "subcountry": "Centre-Ouest", "geolabelid": 2358382, "label": "L\u00e9o"}, {"country": "Burkina Faso", "subcountry": "Centre-Est", "geolabelid": 2358738, "label": "Koup\u00e9la"}, {"country": "Burkina Faso", "subcountry": "Centre-Ouest", "geolabelid": 2358946, "label": "Koudougou"}, {"country": "Burkina Faso", "subcountry": "Centre-Nord", "geolabelid": 2359142, "label": "Kongoussi"}, {"country": "Burkina Faso", "subcountry": "Centre-Sud", "geolabelid": 2359227, "label": "Kombissiri"}, {"country": "Burkina Faso", "subcountry": "Centre-Ouest", "geolabelid": 2359317, "label": "Kokologo"}, {"country": "Burkina Faso", "subcountry": "Centre-Nord", "geolabelid": 2359608, "label": "Kaya"}, {"country": "Burkina Faso", "subcountry": "High-Basins", "geolabelid": 2360073, "label": "Hound\u00e9"}, {"country": "Burkina Faso", "subcountry": "Nord", "geolabelid": 2360238, "label": "Gourcy"}, {"country": "Burkina Faso", "subcountry": "Centre-Est", "geolabelid": 2360615, "label": "Garango"}, {"country": "Burkina Faso", "subcountry": "Est", "geolabelid": 2360886, "label": "Fada N'gourma"}, {"country": "Burkina Faso", "subcountry": "Sahel", "geolabelid": 2361082, "label": "Dori"}, {"country": "Burkina Faso", "subcountry": "Sahel", "geolabelid": 2361177, "label": "Djibo"}, {"country": "Burkina Faso", "subcountry": "Est", "geolabelid": 2361373, "label": "Diapaga"}, {"country": "Burkina Faso", "subcountry": "Boucle du Mouhoun", "geolabelid": 2361477, "label": "D\u00e9dougou"}, {"country": "Burkina Faso", "subcountry": "Plateau-Central", "geolabelid": 2361845, "label": "Bouss\u00e9"}, {"country": "Burkina Faso", "subcountry": "Centre-Nord", "geolabelid": 2361946, "label": "Boulsa"}, {"country": "Burkina Faso", "subcountry": "High-Basins", "geolabelid": 2362344, "label": "Bobo-Dioulasso"}, {"country": "Burkina Faso", "subcountry": "Cascades", "geolabelid": 2362909, "label": "Banfora"}, {"country": "Burkina Faso", "subcountry": "Southwest", "geolabelid": 2577162, "label": "Gaoua"}, {"country": "Burkina Faso", "subcountry": "High-Basins", "geolabelid": 2577164, "label": "Orodara"}]