[{"country": "Malawi", "subcountry": "Northern Region", "geolabelid": 235715, "label": "Karonga"}, {"country": "Malawi", "subcountry": "Southern Region", "geolabelid": 923295, "label": "Zomba"}, {"country": "Malawi", "subcountry": "Central Region", "geolabelid": 924055, "label": "Salima"}, {"country": "Malawi", "subcountry": "Northern Region", "geolabelid": 924102, "label": "Rumphi"}, {"country": "Malawi", "subcountry": "Southern Region", "geolabelid": 924572, "label": "Nsanje"}, {"country": "Malawi", "subcountry": "Central Region", "geolabelid": 924705, "label": "Nkhotakota"}, {"country": "Malawi", "subcountry": "Northern Region", "geolabelid": 925475, "label": "Mzuzu"}, {"country": "Malawi", "subcountry": "Northern Region", "geolabelid": 925498, "label": "Mzimba"}, {"country": "Malawi", "subcountry": "Southern Region", "geolabelid": 925789, "label": "Mulanje"}, {"country": "Malawi", "subcountry": "Central Region", "geolabelid": 926747, "label": "Mchinji"}, {"country": "Malawi", "subcountry": "Southern Region", "geolabelid": 927246, "label": "Mangochi"}, {"country": "Malawi", "subcountry": "Southern Region", "geolabelid": 927834, "label": "Liwonde"}, {"country": "Malawi", "subcountry": "Central Region", "geolabelid": 927967, "label": "Lilongwe"}, {"country": "Malawi", "subcountry": "Central Region", "geolabelid": 928534, "label": "Kasungu"}, {"country": "Malawi", "subcountry": "Central Region", "geolabelid": 930025, "label": "Dedza"}, {"country": "Malawi", "subcountry": "Southern Region", "geolabelid": 931755, "label": "Blantyre"}, {"country": "Malawi", "subcountry": "Southern Region", "geolabelid": 931865, "label": "Balaka"}]