[{"country": "Togo", "subcountry": "Maritime", "geolabelid": 2363490, "label": "Vogan"}, {"country": "Togo", "subcountry": "Maritime", "geolabelid": 2363534, "label": "Ts\u00e9vi\u00e9"}, {"country": "Togo", "subcountry": "Centrale", "geolabelid": 2363908, "label": "Tchamba"}, {"country": "Togo", "subcountry": "Centrale", "geolabelid": 2364079, "label": "Sotouboua"}, {"country": "Togo", "subcountry": "Centrale", "geolabelid": 2364104, "label": "Sokod\u00e9"}, {"country": "Togo", "subcountry": "Plateaux", "geolabelid": 2364752, "label": "Nots\u00e9"}, {"country": "Togo", "subcountry": "Kara", "geolabelid": 2364812, "label": "Niamtougou"}, {"country": "Togo", "subcountry": "Savanes", "geolabelid": 2365190, "label": "Sansann\u00e9-Mango"}, {"country": "Togo", "subcountry": "Maritime", "geolabelid": 2365267, "label": "Lom\u00e9"}, {"country": "Togo", "subcountry": "Plateaux", "geolabelid": 2365560, "label": "Kpalim\u00e9"}, {"country": "Togo", "subcountry": "Kara", "geolabelid": 2366152, "label": "Kara"}, {"country": "Togo", "subcountry": "Savanes", "geolabelid": 2367164, "label": "Dapaong"}, {"country": "Togo", "subcountry": "Kara", "geolabelid": 2367568, "label": "Bassar"}, {"country": "Togo", "subcountry": "Kara", "geolabelid": 2367656, "label": "Bafilo"}, {"country": "Togo", "subcountry": "Plateaux", "geolabelid": 2367660, "label": "Badou"}, {"country": "Togo", "subcountry": "Plateaux", "geolabelid": 2367886, "label": "Atakpam\u00e9"}, {"country": "Togo", "subcountry": "Maritime", "geolabelid": 2367990, "label": "An\u00e9ho"}]