[{"country": "Turkey", "subcountry": "Hakk\u00e2ri", "geolabelid": 296173, "label": "Y\u00fcksekova"}, {"country": "Turkey", "subcountry": "Yozgat", "geolabelid": 296562, "label": "Yozgat"}, {"country": "Turkey", "subcountry": "Mardin", "geolabelid": 296832, "label": "Ye\u015filli"}, {"country": "Turkey", "subcountry": "Hatay", "geolabelid": 296852, "label": "Erzin"}, {"country": "Turkey", "subcountry": "Yozgat", "geolabelid": 296895, "label": "Yerk\u00f6y"}, {"country": "Turkey", "subcountry": "Ayd\u0131n", "geolabelid": 297090, "label": "Didim"}, {"country": "Turkey", "subcountry": "Mu\u011fla", "geolabelid": 297564, "label": "Yata\u011fan"}, {"country": "Turkey", "subcountry": "Isparta", "geolabelid": 297789, "label": "Yalva\u00e7"}, {"country": "Turkey", "subcountry": "Kayseri", "geolabelid": 297917, "label": "Yahyal\u0131"}, {"country": "Turkey", "subcountry": "\u015eanl\u0131urfa", "geolabelid": 298033, "label": "Viran\u015fehir"}, {"country": "Turkey", "subcountry": "Mu\u015f", "geolabelid": 298088, "label": "Varto"}, {"country": "Turkey", "subcountry": "Van", "geolabelid": 298117, "label": "Van"}, {"country": "Turkey", "subcountry": "Erzincan", "geolabelid": 298230, "label": "Cimin"}, {"country": "Turkey", "subcountry": "U\u015fak", "geolabelid": 298299, "label": "U\u015fak"}, {"country": "Turkey", "subcountry": "\u0130zmir", "geolabelid": 298316, "label": "Urla"}, {"country": "Turkey", "subcountry": "Nev\u015fehir", "geolabelid": 298326, "label": "\u00dcrg\u00fcp"}, {"country": "Turkey", "subcountry": "\u015eanl\u0131urfa", "geolabelid": 298333, "label": "\u015eanl\u0131urfa"}, {"country": "Turkey", "subcountry": "Manisa", "geolabelid": 298806, "label": "Turgutlu"}, {"country": "Turkey", "subcountry": "Tunceli", "geolabelid": 298846, "label": "Tunceli"}, {"country": "Turkey", "subcountry": "\u0130zmir", "geolabelid": 298935, "label": "Torbal\u0131"}, {"country": "Turkey", "subcountry": "\u0130zmir", "geolabelid": 299137, "label": "Tire"}, {"country": "Turkey", "subcountry": "Antalya", "geolabelid": 299445, "label": "Tekirova"}, {"country": "Turkey", "subcountry": "K\u00fctahya", "geolabelid": 299545, "label": "Tav\u015fanl\u0131"}, {"country": "Turkey", "subcountry": "Bitlis", "geolabelid": 299582, "label": "Tatvan"}, {"country": "Turkey", "subcountry": "Mersin", "geolabelid": 299817, "label": "Tarsus"}, {"country": "Turkey", "subcountry": "Kayseri", "geolabelid": 299900, "label": "Talas"}, {"country": "Turkey", "subcountry": "Bal\u0131kesir", "geolabelid": 300058, "label": "Susurluk"}, {"country": "Turkey", "subcountry": "\u015eanl\u0131urfa", "geolabelid": 300075, "label": "Suru\u00e7"}, {"country": "Turkey", "subcountry": "Yozgat", "geolabelid": 300352, "label": "Sorgun"}, {"country": "Turkey", "subcountry": "Manisa", "geolabelid": 300371, "label": "Soma"}, {"country": "Turkey", "subcountry": "Bing\u00f6l", "geolabelid": 300377, "label": "Solhan"}, {"country": "Turkey", "subcountry": "Ayd\u0131n", "geolabelid": 300399, "label": "S\u00f6ke"}, {"country": "Turkey", "subcountry": "\u015eanl\u0131urfa", "geolabelid": 300614, "label": "Siverek"}, {"country": "Turkey", "subcountry": "Sivas", "geolabelid": 300619, "label": "Sivas"}, {"country": "Turkey", "subcountry": "\u015e\u0131rnak", "geolabelid": 300640, "label": "\u015e\u0131rnak"}, {"country": "Turkey", "subcountry": "K\u00fctahya", "geolabelid": 300791, "label": "Simav"}, {"country": "Turkey", "subcountry": "Diyarbak\u0131r", "geolabelid": 300796, "label": "Silvan"}, {"country": "Turkey", "subcountry": "\u015e\u0131rnak", "geolabelid": 300797, "label": "Silopi"}, {"country": "Turkey", "subcountry": "Mersin", "geolabelid": 300808, "label": "Silifke"}, {"country": "Turkey", "subcountry": "Siirt", "geolabelid": 300822, "label": "Siirt"}, {"country": "Turkey", "subcountry": "Konya", "geolabelid": 301010, "label": "Seydi\u015fehir"}, {"country": "Turkey", "subcountry": "Hatay", "geolabelid": 301089, "label": "Serinyol"}, {"country": "Turkey", "subcountry": "Antalya", "geolabelid": 301101, "label": "Serik"}, {"country": "Turkey", "subcountry": "Ankara", "geolabelid": 301116, "label": "\u015eerefliko\u00e7hisar"}, {"country": "Turkey", "subcountry": "Isparta", "geolabelid": 301172, "label": "Senirkent"}, {"country": "Turkey", "subcountry": "Hakk\u00e2ri", "geolabelid": 301209, "label": "\u015eemdinli"}, {"country": "Turkey", "subcountry": "\u0130zmir", "geolabelid": 301256, "label": "Sel\u00e7uk"}, {"country": "Turkey", "subcountry": "\u0130zmir", "geolabelid": 301350, "label": "Seferhisar"}, {"country": "Turkey", "subcountry": "Sivas", "geolabelid": 301537, "label": "\u015eark\u0131\u015fla"}, {"country": "Turkey", "subcountry": "Isparta", "geolabelid": 301539, "label": "\u015eark\u00eekaraa\u011fa\u00e7"}, {"country": "Turkey", "subcountry": "Denizli", "geolabelid": 301827, "label": "Sarayk\u00f6y"}, {"country": "Turkey", "subcountry": "Afyonkarahisar", "geolabelid": 301911, "label": "Sand\u0131kl\u0131"}, {"country": "Turkey", "subcountry": "Manisa", "geolabelid": 302043, "label": "Salihli"}, {"country": "Turkey", "subcountry": "Hatay", "geolabelid": 302355, "label": "Reyhanl\u0131"}, {"country": "Turkey", "subcountry": "Ankara", "geolabelid": 302525, "label": "Polatl\u0131"}, {"country": "Turkey", "subcountry": "Kahramanmara\u015f", "geolabelid": 302800, "label": "Pazarc\u0131k"}, {"country": "Turkey", "subcountry": "A\u011fr\u0131", "geolabelid": 302819, "label": "Patnos"}, {"country": "Turkey", "subcountry": "Erzurum", "geolabelid": 302824, "label": "Pasinler"}, {"country": "Turkey", "subcountry": "Osmaniye", "geolabelid": 303195, "label": "Osmaniye"}, {"country": "Turkey", "subcountry": "Aksaray", "geolabelid": 303290, "label": "Ortak\u00f6y"}, {"country": "Turkey", "subcountry": "Mu\u011fla", "geolabelid": 303354, "label": "Ortaca"}, {"country": "Turkey", "subcountry": "\u0130zmir", "geolabelid": 303700, "label": "\u00d6demi\u015f"}, {"country": "Turkey", "subcountry": "Mardin", "geolabelid": 303750, "label": "Nusaybin"}, {"country": "Turkey", "subcountry": "Gaziantep", "geolabelid": 303798, "label": "Nizip"}, {"country": "Turkey", "subcountry": "Ni\u011fde", "geolabelid": 303827, "label": "Ni\u011fde"}, {"country": "Turkey", "subcountry": "Nev\u015fehir", "geolabelid": 303831, "label": "Nev\u015fehir"}, {"country": "Turkey", "subcountry": "Ayd\u0131n", "geolabelid": 303873, "label": "Nazilli"}, {"country": "Turkey", "subcountry": "Mersin", "geolabelid": 304013, "label": "Mut"}, {"country": "Turkey", "subcountry": "Mu\u015f", "geolabelid": 304081, "label": "Mu\u015f"}, {"country": "Turkey", "subcountry": "Mu\u011fla", "geolabelid": 304184, "label": "Mu\u011fla"}, {"country": "Turkey", "subcountry": "K\u0131r\u015fehir", "geolabelid": 304196, "label": "Mucur"}, {"country": "Turkey", "subcountry": "Mu\u011fla", "geolabelid": 304355, "label": "Milas"}, {"country": "Turkey", "subcountry": "Mardin", "geolabelid": 304382, "label": "Midyat"}, {"country": "Turkey", "subcountry": "Mersin", "geolabelid": 304531, "label": "Mercin"}, {"country": "Turkey", "subcountry": "\u0130zmir", "geolabelid": 304612, "label": "Menemen"}, {"country": "Turkey", "subcountry": "Mu\u011fla", "geolabelid": 304782, "label": "Marmaris"}, {"country": "Turkey", "subcountry": "Mardin", "geolabelid": 304797, "label": "Mardin"}, {"country": "Turkey", "subcountry": "Manisa", "geolabelid": 304827, "label": "Manisa"}, {"country": "Turkey", "subcountry": "Antalya", "geolabelid": 304854, "label": "Manavgat"}, {"country": "Turkey", "subcountry": "Mu\u015f", "geolabelid": 304916, "label": "Malazgirt"}, {"country": "Turkey", "subcountry": "Malatya", "geolabelid": 304922, "label": "Malatya"}, {"country": "Turkey", "subcountry": "Antalya", "geolabelid": 304964, "label": "Mahmutlar"}, {"country": "Turkey", "subcountry": "Diyarbak\u0131r", "geolabelid": 305089, "label": "Lice"}, {"country": "Turkey", "subcountry": "K\u00fctahya", "geolabelid": 305268, "label": "K\u00fctahya"}, {"country": "Turkey", "subcountry": "Ayd\u0131n", "geolabelid": 305359, "label": "Ku\u015fadas\u0131"}, {"country": "Turkey", "subcountry": "Siirt", "geolabelid": 305532, "label": "Kurtalan"}, {"country": "Turkey", "subcountry": "Antalya", "geolabelid": 305680, "label": "Beykonak"}, {"country": "Turkey", "subcountry": "Konya", "geolabelid": 305742, "label": "Kulu"}, {"country": "Turkey", "subcountry": "Diyarbak\u0131r", "geolabelid": 305750, "label": "Kulp"}, {"country": "Turkey", "subcountry": "Manisa", "geolabelid": 305810, "label": "Kula"}, {"country": "Turkey", "subcountry": "Batman", "geolabelid": 306041, "label": "Kozluk"}, {"country": "Turkey", "subcountry": "Adana", "geolabelid": 306112, "label": "Kozan"}, {"country": "Turkey", "subcountry": "Elaz\u0131\u011f", "geolabelid": 306207, "label": "Kovanc\u0131lar"}, {"country": "Turkey", "subcountry": "Antalya", "geolabelid": 306474, "label": "Korkuteli"}, {"country": "Turkey", "subcountry": "Konya", "geolabelid": 306571, "label": "Konya"}, {"country": "Turkey", "subcountry": "Mardin", "geolabelid": 307084, "label": "K\u0131z\u0131ltepe"}, {"country": "Turkey", "subcountry": "Denizli", "geolabelid": 307211, "label": "Serinhisar"}, {"country": "Turkey", "subcountry": "K\u0131r\u015fehir", "geolabelid": 307515, "label": "K\u0131r\u015fehir"}, {"country": "Turkey", "subcountry": "Manisa", "geolabelid": 307623, "label": "K\u0131rka\u011fa\u00e7"}, {"country": "Turkey", "subcountry": "K\u0131r\u0131kkale", "geolabelid": 307654, "label": "K\u0131r\u0131kkale"}, {"country": "Turkey", "subcountry": "Hatay", "geolabelid": 307657, "label": "K\u0131r\u0131khan"}, {"country": "Turkey", "subcountry": "Kilis", "geolabelid": 307864, "label": "Kilis"}, {"country": "Turkey", "subcountry": "K\u0131r\u0131kkale", "geolabelid": 308024, "label": "Keskin"}, {"country": "Turkey", "subcountry": "Antalya", "geolabelid": 308220, "label": "Kemer"}, {"country": "Turkey", "subcountry": "\u0130zmir", "geolabelid": 308224, "label": "Kemalpa\u015fa"}, {"country": "Turkey", "subcountry": "Kayseri", "geolabelid": 308464, "label": "Kayseri"}, {"country": "Turkey", "subcountry": "Konya", "geolabelid": 309415, "label": "Karap\u0131nar"}, {"country": "Turkey", "subcountry": "Karaman", "geolabelid": 309527, "label": "Karaman"}, {"country": "Turkey", "subcountry": "A\u011fr\u0131", "geolabelid": 309647, "label": "A\u011fr\u0131"}, {"country": "Turkey", "subcountry": "Elaz\u0131\u011f", "geolabelid": 309663, "label": "Karako\u00e7an"}, {"country": "Turkey", "subcountry": "Erzurum", "geolabelid": 310004, "label": "Kara\u00e7oban"}, {"country": "Turkey", "subcountry": "K\u0131r\u015fehir", "geolabelid": 310641, "label": "Kaman"}, {"country": "Turkey", "subcountry": "Ad\u0131yaman", "geolabelid": 310855, "label": "K\u00e2hta"}, {"country": "Turkey", "subcountry": "Kahramanmara\u015f", "geolabelid": 310859, "label": "Kahramanmara\u015f"}, {"country": "Turkey", "subcountry": "Adana", "geolabelid": 310892, "label": "Kadirli"}, {"country": "Turkey", "subcountry": "Konya", "geolabelid": 310907, "label": "Kad\u0131nhan\u0131"}, {"country": "Turkey", "subcountry": "\u0130zmir", "geolabelid": 311046, "label": "\u0130zmir"}, {"country": "Turkey", "subcountry": "I\u011fd\u0131r", "geolabelid": 311073, "label": "Isparta"}, {"country": "Turkey", "subcountry": "\u015e\u0131rnak", "geolabelid": 311704, "label": "\u0130dil"}, {"country": "Turkey", "subcountry": "Bitlis", "geolabelid": 312024, "label": "Hizan"}, {"country": "Turkey", "subcountry": "Erzurum", "geolabelid": 312114, "label": "H\u0131n\u0131s"}, {"country": "Turkey", "subcountry": "\u015eanl\u0131urfa", "geolabelid": 312134, "label": "Hilvan"}, {"country": "Turkey", "subcountry": "Konya", "geolabelid": 312899, "label": "Hadim"}, {"country": "Turkey", "subcountry": "Kayseri", "geolabelid": 313013, "label": "Hac\u0131lar"}, {"country": "Turkey", "subcountry": "Bitlis", "geolabelid": 313331, "label": "G\u00fcroymak"}, {"country": "Turkey", "subcountry": "Ad\u0131yaman", "geolabelid": 314136, "label": "G\u00f6lba\u015f\u0131"}, {"country": "Turkey", "subcountry": "Kahramanmara\u015f", "geolabelid": 314188, "label": "G\u00f6ksun"}, {"country": "Turkey", "subcountry": "Bing\u00f6l", "geolabelid": 314648, "label": "Gen\u00e7"}, {"country": "Turkey", "subcountry": "Sivas", "geolabelid": 314665, "label": "Gemerek"}, {"country": "Turkey", "subcountry": "K\u00fctahya", "geolabelid": 314716, "label": "Gediz"}, {"country": "Turkey", "subcountry": "Antalya", "geolabelid": 314812, "label": "Gazipa\u015fa"}, {"country": "Turkey", "subcountry": "Gaziantep", "geolabelid": 314830, "label": "Gaziantep"}, {"country": "Turkey", "subcountry": "\u0130zmir", "geolabelid": 314903, "label": "Fo\u00e7a"}, {"country": "Turkey", "subcountry": "Mu\u011fla", "geolabelid": 314967, "label": "Fethiye"}, {"country": "Turkey", "subcountry": "\u00c7anakkale Province", "geolabelid": 315061, "label": "Ezine"}, {"country": "Turkey", "subcountry": "Eski\u015fehir", "geolabelid": 315202, "label": "Eski\u015fehir"}, {"country": "Turkey", "subcountry": "Erzurum", "geolabelid": 315368, "label": "Erzurum"}, {"country": "Turkey", "subcountry": "Erzincan", "geolabelid": 315373, "label": "Erzincan"}, {"country": "Turkey", "subcountry": "Karaman", "geolabelid": 315401, "label": "Ermenek"}, {"country": "Turkey", "subcountry": "Diyarbak\u0131r", "geolabelid": 315468, "label": "Ergani"}, {"country": "Turkey", "subcountry": "Konya", "geolabelid": 315498, "label": "Ere\u011fli"}, {"country": "Turkey", "subcountry": "Mersin", "geolabelid": 315515, "label": "Erdemli"}, {"country": "Turkey", "subcountry": "Van", "geolabelid": 315530, "label": "Erci\u015f"}, {"country": "Turkey", "subcountry": "Afyonkarahisar", "geolabelid": 315621, "label": "Emirda\u011f"}, {"country": "Turkey", "subcountry": "K\u00fctahya", "geolabelid": 315639, "label": "Emet"}, {"country": "Turkey", "subcountry": "Antalya", "geolabelid": 315697, "label": "Elmal\u0131"}, {"country": "Turkey", "subcountry": "Ankara", "geolabelid": 315720, "label": "Elmada\u011f"}, {"country": "Turkey", "subcountry": "A\u011fr\u0131", "geolabelid": 315758, "label": "Ele\u015fkirt"}, {"country": "Turkey", "subcountry": "Kahramanmara\u015f", "geolabelid": 315795, "label": "Elbistan"}, {"country": "Turkey", "subcountry": "Elaz\u0131\u011f", "geolabelid": 315808, "label": "Elaz\u0131\u011f"}, {"country": "Turkey", "subcountry": "Isparta", "geolabelid": 315905, "label": "E\u011firdir"}, {"country": "Turkey", "subcountry": "Bal\u0131kesir", "geolabelid": 315985, "label": "Edremit"}, {"country": "Turkey", "subcountry": "Bal\u0131kesir", "geolabelid": 316102, "label": "Dursunbey"}, {"country": "Turkey", "subcountry": "Hatay", "geolabelid": 316284, "label": "D\u00f6rtyol"}, {"country": "Turkey", "subcountry": "A\u011fr\u0131", "geolabelid": 316411, "label": "Do\u011fubayaz\u0131t"}, {"country": "Turkey", "subcountry": "Diyarbak\u0131r", "geolabelid": 316541, "label": "Diyarbak\u0131r"}, {"country": "Turkey", "subcountry": "A\u011fr\u0131", "geolabelid": 316542, "label": "Diyadin"}, {"country": "Turkey", "subcountry": "Afyonkarahisar", "geolabelid": 316634, "label": "Dinar"}, {"country": "Turkey", "subcountry": "Kayseri", "geolabelid": 316795, "label": "Develi"}, {"country": "Turkey", "subcountry": "Denizli", "geolabelid": 317109, "label": "Denizli"}, {"country": "Turkey", "subcountry": "Manisa", "geolabelid": 317241, "label": "Demirci"}, {"country": "Turkey", "subcountry": "Mardin", "geolabelid": 317587, "label": "Darge\u00e7it"}, {"country": "Turkey", "subcountry": "Malatya", "geolabelid": 317588, "label": "Darende"}, {"country": "Turkey", "subcountry": "Konya", "geolabelid": 317844, "label": "\u00c7umra"}, {"country": "Turkey", "subcountry": "\u0130zmir", "geolabelid": 317851, "label": "Menderes"}, {"country": "Turkey", "subcountry": "Hakk\u00e2ri", "geolabelid": 318137, "label": "Hakkari"}, {"country": "Turkey", "subcountry": "\u015e\u0131rnak", "geolabelid": 318253, "label": "Cizre"}, {"country": "Turkey", "subcountry": "Ayd\u0131n", "geolabelid": 318372, "label": "\u00c7ine"}, {"country": "Turkey", "subcountry": "\u015eanl\u0131urfa", "geolabelid": 318668, "label": "Ceylanp\u0131nar"}, {"country": "Turkey", "subcountry": "Adana", "geolabelid": 318675, "label": "Ceyhan"}, {"country": "Turkey", "subcountry": "\u0130zmir", "geolabelid": 318755, "label": "\u00c7e\u015fme"}, {"country": "Turkey", "subcountry": "Diyarbak\u0131r", "geolabelid": 318766, "label": "\u00c7ermik"}, {"country": "Turkey", "subcountry": "Afyonkarahisar", "geolabelid": 319104, "label": "\u00c7ay"}, {"country": "Turkey", "subcountry": "Kahramanmara\u015f", "geolabelid": 320004, "label": "\u00c7a\u011flayancerit"}, {"country": "Turkey", "subcountry": "Bal\u0131kesir", "geolabelid": 320369, "label": "Burhaniye"}, {"country": "Turkey", "subcountry": "Burdur", "geolabelid": 320392, "label": "Burdur"}, {"country": "Turkey", "subcountry": "Mu\u015f", "geolabelid": 320448, "label": "Bulan\u0131k"}, {"country": "Turkey", "subcountry": "Burdur", "geolabelid": 320533, "label": "Bucak"}, {"country": "Turkey", "subcountry": "Mersin", "geolabelid": 320552, "label": "Bozyaz\u0131"}, {"country": "Turkey", "subcountry": "Bilecik", "geolabelid": 320557, "label": "Boz\u00fcy\u00fck"}, {"country": "Turkey", "subcountry": "\u015eanl\u0131urfa", "geolabelid": 320581, "label": "Bozova"}, {"country": "Turkey", "subcountry": "Ni\u011fde", "geolabelid": 320871, "label": "Bor"}, {"country": "Turkey", "subcountry": "Afyonkarahisar", "geolabelid": 320879, "label": "Bolvadin"}, {"country": "Turkey", "subcountry": "Mu\u011fla", "geolabelid": 320995, "label": "Bodrum"}, {"country": "Turkey", "subcountry": "Bitlis", "geolabelid": 321025, "label": "Bitlis"}, {"country": "Turkey", "subcountry": "Diyarbak\u0131r", "geolabelid": 321031, "label": "Bismil"}, {"country": "Turkey", "subcountry": "\u015eanl\u0131urfa", "geolabelid": 321062, "label": "Birecik"}, {"country": "Turkey", "subcountry": "Bing\u00f6l", "geolabelid": 321082, "label": "Bing\u00f6l"}, {"country": "Turkey", "subcountry": "Bal\u0131kesir", "geolabelid": 321136, "label": "Bigadi\u00e7"}, {"country": "Turkey", "subcountry": "Konya", "geolabelid": 321191, "label": "Bey\u015fehir"}, {"country": "Turkey", "subcountry": "Ad\u0131yaman", "geolabelid": 321337, "label": "Besni"}, {"country": "Turkey", "subcountry": "\u0130zmir", "geolabelid": 321426, "label": "Bergama"}, {"country": "Turkey", "subcountry": "Hatay", "geolabelid": 321572, "label": "Belen"}, {"country": "Turkey", "subcountry": "Antalya", "geolabelid": 321580, "label": "Belek"}, {"country": "Turkey", "subcountry": "\u0130zmir", "geolabelid": 321786, "label": "Bay\u0131nd\u0131r"}, {"country": "Turkey", "subcountry": "Batman", "geolabelid": 321836, "label": "Batman"}, {"country": "Turkey", "subcountry": "Elaz\u0131\u011f", "geolabelid": 321929, "label": "Baskil"}, {"country": "Turkey", "subcountry": "U\u015fak", "geolabelid": 322051, "label": "Banaz"}, {"country": "Turkey", "subcountry": "Bal\u0131kesir", "geolabelid": 322165, "label": "Bal\u0131kesir"}, {"country": "Turkey", "subcountry": "Adana", "geolabelid": 322391, "label": "Bah\u00e7e"}, {"country": "Turkey", "subcountry": "Bal\u0131kesir", "geolabelid": 322673, "label": "Ayval\u0131k"}, {"country": "Turkey", "subcountry": "Ayd\u0131n", "geolabelid": 322830, "label": "Ayd\u0131n"}, {"country": "Turkey", "subcountry": "Erzurum", "geolabelid": 323094, "label": "A\u015fkale"}, {"country": "Turkey", "subcountry": "Antalya", "geolabelid": 323777, "label": "Antalya"}, {"country": "Turkey", "subcountry": "Hatay", "geolabelid": 323779, "label": "Antakya"}, {"country": "Turkey", "subcountry": "Ankara", "geolabelid": 323786, "label": "Ankara"}, {"country": "Turkey", "subcountry": "Mersin", "geolabelid": 323828, "label": "Anamur"}, {"country": "Turkey", "subcountry": "\u0130zmir", "geolabelid": 324106, "label": "Alia\u011fa"}, {"country": "Turkey", "subcountry": "Manisa", "geolabelid": 324172, "label": "Ala\u015fehir"}, {"country": "Turkey", "subcountry": "Antalya", "geolabelid": 324190, "label": "Alanya"}, {"country": "Turkey", "subcountry": "Konya", "geolabelid": 324490, "label": "Ak\u015fehir"}, {"country": "Turkey", "subcountry": "Aksaray", "geolabelid": 324496, "label": "Aksaray"}, {"country": "Turkey", "subcountry": "Manisa", "geolabelid": 324698, "label": "Akhisar"}, {"country": "Turkey", "subcountry": "Yozgat", "geolabelid": 324768, "label": "Akda\u011fmadeni"}, {"country": "Turkey", "subcountry": "\u015eanl\u0131urfa", "geolabelid": 324944, "label": "Ak\u00e7akale"}, {"country": "Turkey", "subcountry": "Bitlis", "geolabelid": 325103, "label": "Ahlat"}, {"country": "Turkey", "subcountry": "Afyonkarahisar", "geolabelid": 325303, "label": "Afyonkarahisar"}, {"country": "Turkey", "subcountry": "Kahramanmara\u015f", "geolabelid": 325304, "label": "Af\u015fin"}, {"country": "Turkey", "subcountry": "Ad\u0131yaman", "geolabelid": 325330, "label": "Ad\u0131yaman"}, {"country": "Turkey", "subcountry": "Bitlis", "geolabelid": 325336, "label": "Adilcevaz"}, {"country": "Turkey", "subcountry": "Adana", "geolabelid": 325363, "label": "Adana"}, {"country": "Turkey", "subcountry": "Hatay", "geolabelid": 438400, "label": "Denizciler"}, {"country": "Turkey", "subcountry": "Ankara", "geolabelid": 442301, "label": "Batikent"}, {"country": "Turkey", "subcountry": "Mu\u011fla", "geolabelid": 447273, "label": "Dalaman"}, {"country": "Turkey", "subcountry": "Zonguldak", "geolabelid": 737022, "label": "Zonguldak"}, {"country": "Turkey", "subcountry": "Tokat", "geolabelid": 737054, "label": "Zile"}, {"country": "Turkey", "subcountry": "Istanbul", "geolabelid": 737071, "label": "Zeytinburnu"}, {"country": "Turkey", "subcountry": "Trabzon", "geolabelid": 737421, "label": "Yomra"}, {"country": "Turkey", "subcountry": "Bursa", "geolabelid": 737611, "label": "Yeni\u015fehir"}, {"country": "Turkey", "subcountry": "Kocaeli", "geolabelid": 737961, "label": "K\u00f6rfez"}, {"country": "Turkey", "subcountry": "Yalova", "geolabelid": 738025, "label": "Yalova"}, {"country": "Turkey", "subcountry": "Istanbul", "geolabelid": 738064, "label": "Yakuplu"}, {"country": "Turkey", "subcountry": "Samsun", "geolabelid": 738167, "label": "Vezirk\u00f6pr\u00fc"}, {"country": "Turkey", "subcountry": "Trabzon", "geolabelid": 738228, "label": "Vakf\u0131kebir"}, {"country": "Turkey", "subcountry": "Edirne", "geolabelid": 738251, "label": "Uzunk\u00f6pr\u00fc"}, {"country": "Turkey", "subcountry": "Istanbul", "geolabelid": 738329, "label": "\u00dcsk\u00fcdar"}, {"country": "Turkey", "subcountry": "Ordu", "geolabelid": 738349, "label": "\u00dcnye"}, {"country": "Turkey", "subcountry": "Istanbul", "geolabelid": 738377, "label": "Umraniye"}, {"country": "Turkey", "subcountry": "Tokat", "geolabelid": 738618, "label": "Turhal"}, {"country": "Turkey", "subcountry": "Trabzon", "geolabelid": 738648, "label": "Trabzon"}, {"country": "Turkey", "subcountry": "Kastamonu", "geolabelid": 738662, "label": "Tosya"}, {"country": "Turkey", "subcountry": "Tokat", "geolabelid": 738743, "label": "Tokat"}, {"country": "Turkey", "subcountry": "Giresun", "geolabelid": 738753, "label": "Tirebolu"}, {"country": "Turkey", "subcountry": "Samsun", "geolabelid": 738803, "label": "Terme"}, {"country": "Turkey", "subcountry": "Istanbul", "geolabelid": 738858, "label": "Tepecik"}, {"country": "Turkey", "subcountry": "Samsun", "geolabelid": 738907, "label": "Tekkek\u00f6y"}, {"country": "Turkey", "subcountry": "Tekirda\u011f", "geolabelid": 738927, "label": "Tekirda\u011f"}, {"country": "Turkey", "subcountry": "Amasya", "geolabelid": 739015, "label": "Ta\u015fova"}, {"country": "Turkey", "subcountry": "Kastamonu", "geolabelid": 739061, "label": "Ta\u015fk\u00f6pr\u00fc"}, {"country": "Turkey", "subcountry": "Sivas", "geolabelid": 739209, "label": "Su\u015fehri"}, {"country": "Turkey", "subcountry": "Trabzon", "geolabelid": 739215, "label": "S\u00fcrmene"}, {"country": "Turkey", "subcountry": "\u00c7orum", "geolabelid": 739236, "label": "Sungurlu"}, {"country": "Turkey", "subcountry": "Amasya", "geolabelid": 739251, "label": "Suluova"}, {"country": "Turkey", "subcountry": "Istanbul", "geolabelid": 739549, "label": "\u015ei\u015fli"}, {"country": "Turkey", "subcountry": "Sinop", "geolabelid": 739600, "label": "Sinop"}, {"country": "Turkey", "subcountry": "Istanbul", "geolabelid": 739634, "label": "Silivri"}, {"country": "Turkey", "subcountry": "Giresun", "geolabelid": 739914, "label": "\u015eebin Karahisar"}, {"country": "Turkey", "subcountry": "Kars", "geolabelid": 740088, "label": "Sar\u0131kam\u0131\u015f"}, {"country": "Turkey", "subcountry": "Sakarya", "geolabelid": 740230, "label": "Sapanca"}, {"country": "Turkey", "subcountry": "Samsun", "geolabelid": 740264, "label": "Samsun"}, {"country": "Turkey", "subcountry": "Karab\u00fck", "geolabelid": 740430, "label": "Safranbolu"}, {"country": "Turkey", "subcountry": "Rize", "geolabelid": 740483, "label": "Rize"}, {"country": "Turkey", "subcountry": "Bilecik", "geolabelid": 740881, "label": "Osmaneli"}, {"country": "Turkey", "subcountry": "\u00c7orum", "geolabelid": 740883, "label": "Osmanc\u0131k"}, {"country": "Turkey", "subcountry": "Bursa", "geolabelid": 741045, "label": "Orhangazi"}, {"country": "Turkey", "subcountry": "Ordu", "geolabelid": 741100, "label": "Ordu"}, {"country": "Turkey", "subcountry": "Erzurum", "geolabelid": 741160, "label": "Oltu"}, {"country": "Turkey", "subcountry": "Trabzon", "geolabelid": 741240, "label": "Of"}, {"country": "Turkey", "subcountry": "Tokat", "geolabelid": 741304, "label": "Niksar"}, {"country": "Turkey", "subcountry": "Ankara", "geolabelid": 741347, "label": "Nall\u0131han"}, {"country": "Turkey", "subcountry": "Bursa", "geolabelid": 741385, "label": "Mustafakemalpa\u015fa"}, {"country": "Turkey", "subcountry": "Bursa", "geolabelid": 741487, "label": "Mudanya"}, {"country": "Turkey", "subcountry": "Istanbul", "geolabelid": 741529, "label": "Mimarsinan"}, {"country": "Turkey", "subcountry": "Amasya", "geolabelid": 741609, "label": "Merzifon"}, {"country": "Turkey", "subcountry": "Istanbul", "geolabelid": 741763, "label": "Maltepe"}, {"country": "Turkey", "subcountry": "Tekirda\u011f", "geolabelid": 741771, "label": "Malkara"}, {"country": "Turkey", "subcountry": "K\u0131rklareli", "geolabelid": 741855, "label": "L\u00fcleburgaz"}, {"country": "Turkey", "subcountry": "Ordu", "geolabelid": 742238, "label": "Kumru"}, {"country": "Turkey", "subcountry": "Ordu", "geolabelid": 742658, "label": "Korgan"}, {"country": "Turkey", "subcountry": "Sakarya", "geolabelid": 742902, "label": "Kocaali"}, {"country": "Turkey", "subcountry": "Ankara", "geolabelid": 743051, "label": "K\u0131z\u0131lcahamam"}, {"country": "Turkey", "subcountry": "K\u0131rklareli", "geolabelid": 743166, "label": "K\u0131rklareli"}, {"country": "Turkey", "subcountry": "Bursa", "geolabelid": 743404, "label": "Kestel"}, {"country": "Turkey", "subcountry": "Edirne", "geolabelid": 743439, "label": "Ke\u015fan"}, {"country": "Turkey", "subcountry": "G\u00fcm\u00fc\u015fhane", "geolabelid": 743537, "label": "Kelkit"}, {"country": "Turkey", "subcountry": "Ankara", "geolabelid": 743615, "label": "Kazan"}, {"country": "Turkey", "subcountry": "Istanbul", "geolabelid": 743818, "label": "Kavakl\u0131"}, {"country": "Turkey", "subcountry": "Kastamonu", "geolabelid": 743882, "label": "Kastamonu"}, {"country": "Turkey", "subcountry": "Kars", "geolabelid": 743952, "label": "Kars"}, {"country": "Turkey", "subcountry": "Sakarya", "geolabelid": 744093, "label": "Karasu"}, {"country": "Turkey", "subcountry": "Kocaeli", "geolabelid": 744168, "label": "Karam\u00fcrsel"}, {"country": "Turkey", "subcountry": "Bursa", "geolabelid": 744537, "label": "Karacabey"}, {"country": "Turkey", "subcountry": "Karab\u00fck", "geolabelid": 744562, "label": "Karab\u00fck"}, {"country": "Turkey", "subcountry": "Kars", "geolabelid": 744873, "label": "Ka\u011f\u0131zman"}, {"country": "Turkey", "subcountry": "Bursa", "geolabelid": 745026, "label": "\u0130znik"}, {"country": "Turkey", "subcountry": "Kocaeli", "geolabelid": 745028, "label": "\u0130zmit"}, {"country": "Turkey", "subcountry": "Istanbul", "geolabelid": 745044, "label": "\u0130stanbul"}, {"country": "Turkey", "subcountry": "\u00c7orum", "geolabelid": 745076, "label": "\u0130skilip"}, {"country": "Turkey", "subcountry": "Bursa", "geolabelid": 745169, "label": "\u0130negol"}, {"country": "Turkey", "subcountry": "Erzurum", "geolabelid": 745527, "label": "Horasan"}, {"country": "Turkey", "subcountry": "Artvin", "geolabelid": 745530, "label": "Hopa"}, {"country": "Turkey", "subcountry": "Sakarya", "geolabelid": 745664, "label": "Hendek"}, {"country": "Turkey", "subcountry": "Tekirda\u011f", "geolabelid": 745697, "label": "Hayrabolu"}, {"country": "Turkey", "subcountry": "Samsun", "geolabelid": 745714, "label": "Havza"}, {"country": "Turkey", "subcountry": "Bursa", "geolabelid": 746232, "label": "G\u00fcrsu"}, {"country": "Turkey", "subcountry": "Istanbul", "geolabelid": 746234, "label": "G\u00fcrp\u0131nar"}, {"country": "Turkey", "subcountry": "Ordu", "geolabelid": 746252, "label": "G\u00fcrgentepe"}, {"country": "Turkey", "subcountry": "G\u00fcm\u00fc\u015fhane", "geolabelid": 746425, "label": "Gumushkhane"}, {"country": "Turkey", "subcountry": "Giresun", "geolabelid": 746565, "label": "G\u00f6rele"}, {"country": "Turkey", "subcountry": "Bal\u0131kesir", "geolabelid": 746574, "label": "G\u00f6nen"}, {"country": "Turkey", "subcountry": "Kocaeli", "geolabelid": 746666, "label": "G\u00f6lc\u00fck"}, {"country": "Turkey", "subcountry": "Giresun", "geolabelid": 746881, "label": "Giresun"}, {"country": "Turkey", "subcountry": "Sakarya", "geolabelid": 746898, "label": "Geyve"}, {"country": "Turkey", "subcountry": "Bolu", "geolabelid": 746940, "label": "Gerede"}, {"country": "Turkey", "subcountry": "Bursa", "geolabelid": 746958, "label": "Gemlik"}, {"country": "Turkey", "subcountry": "\u00c7anakkale Province", "geolabelid": 746983, "label": "Gelibolu"}, {"country": "Turkey", "subcountry": "Kocaeli", "geolabelid": 747014, "label": "Gebze"}, {"country": "Turkey", "subcountry": "Sakarya", "geolabelid": 747135, "label": "Ferizli"}, {"country": "Turkey", "subcountry": "Ordu", "geolabelid": 747155, "label": "Fatsa"}, {"country": "Turkey", "subcountry": "Istanbul", "geolabelid": 747323, "label": "Esenyurt"}, {"country": "Turkey", "subcountry": "Istanbul", "geolabelid": 747340, "label": "Esenler"}, {"country": "Turkey", "subcountry": "Zonguldak", "geolabelid": 747471, "label": "Ere\u011fli"}, {"country": "Turkey", "subcountry": "Bal\u0131kesir", "geolabelid": 747482, "label": "Erdek"}, {"country": "Turkey", "subcountry": "Tokat", "geolabelid": 747489, "label": "Erbaa"}, {"country": "Turkey", "subcountry": "Istanbul", "geolabelid": 747538, "label": "Emin\u00f6n\u00fc"}, {"country": "Turkey", "subcountry": "Edirne", "geolabelid": 747712, "label": "Edirne"}, {"country": "Turkey", "subcountry": "D\u00fczce", "geolabelid": 747764, "label": "D\u00fczce"}, {"country": "Turkey", "subcountry": "Zonguldak", "geolabelid": 748167, "label": "Devrek"}, {"country": "Turkey", "subcountry": "Ankara", "geolabelid": 748870, "label": "\u00c7ubuk"}, {"country": "Turkey", "subcountry": "\u00c7orum", "geolabelid": 748879, "label": "\u00c7orum"}, {"country": "Turkey", "subcountry": "Tekirda\u011f", "geolabelid": 748893, "label": "\u00c7orlu"}, {"country": "Turkey", "subcountry": "Tekirda\u011f", "geolabelid": 749274, "label": "\u00c7erkezk\u00f6y"}, {"country": "Turkey", "subcountry": "\u00c7ank\u0131r\u0131", "geolabelid": 749279, "label": "\u00c7erke\u015f"}, {"country": "Turkey", "subcountry": "Rize", "geolabelid": 749502, "label": "\u00c7ayeli"}, {"country": "Turkey", "subcountry": "Zonguldak", "geolabelid": 749508, "label": "\u00c7aycuma"}, {"country": "Turkey", "subcountry": "Istanbul", "geolabelid": 749644, "label": "\u00c7atalca"}, {"country": "Turkey", "subcountry": "Samsun", "geolabelid": 749704, "label": "\u00c7ar\u015famba"}, {"country": "Turkey", "subcountry": "\u00c7ank\u0131r\u0131", "geolabelid": 749748, "label": "Khanjarah"}, {"country": "Turkey", "subcountry": "\u00c7anakkale Province", "geolabelid": 749780, "label": "\u00c7anakkale"}, {"country": "Turkey", "subcountry": "\u00c7anakkale Province", "geolabelid": 749795, "label": "\u00c7an"}, {"country": "Turkey", "subcountry": "Bursa", "geolabelid": 750269, "label": "Bursa"}, {"country": "Turkey", "subcountry": "Giresun", "geolabelid": 750317, "label": "Bulancak"}, {"country": "Turkey", "subcountry": "Sinop", "geolabelid": 750468, "label": "Boyabat"}, {"country": "Turkey", "subcountry": "Bolu", "geolabelid": 750516, "label": "Bolu"}, {"country": "Turkey", "subcountry": "Bilecik", "geolabelid": 750598, "label": "Bilecik"}, {"country": "Turkey", "subcountry": "\u00c7anakkale Province", "geolabelid": 750605, "label": "Biga"}, {"country": "Turkey", "subcountry": "Ankara", "geolabelid": 750637, "label": "Beypazar\u0131"}, {"country": "Turkey", "subcountry": "Trabzon", "geolabelid": 750735, "label": "Be\u015fikd\u00fcz\u00fc"}, {"country": "Turkey", "subcountry": "Bayburt", "geolabelid": 750938, "label": "Bayburt"}, {"country": "Turkey", "subcountry": "Bart\u0131n", "geolabelid": 751057, "label": "Bart\u0131n"}, {"country": "Turkey", "subcountry": "Bal\u0131kesir", "geolabelid": 751077, "label": "Band\u0131rma"}, {"country": "Turkey", "subcountry": "Istanbul", "geolabelid": 751324, "label": "Ba\u011fc\u0131lar"}, {"country": "Turkey", "subcountry": "Samsun", "geolabelid": 751335, "label": "Bafra"}, {"country": "Turkey", "subcountry": "K\u0131rklareli", "geolabelid": 751371, "label": "Babaeski"}, {"country": "Turkey", "subcountry": "Artvin", "geolabelid": 751817, "label": "Artvin"}, {"country": "Turkey", "subcountry": "Trabzon", "geolabelid": 751838, "label": "Arsin"}, {"country": "Turkey", "subcountry": "Artvin", "geolabelid": 751931, "label": "Arhavi"}, {"country": "Turkey", "subcountry": "Rize", "geolabelid": 751949, "label": "Arde\u015fen"}, {"country": "Turkey", "subcountry": "Ardahan", "geolabelid": 751952, "label": "Ardahan"}, {"country": "Turkey", "subcountry": "Trabzon", "geolabelid": 751971, "label": "Arakl\u0131"}, {"country": "Turkey", "subcountry": "Amasya", "geolabelid": 752015, "label": "Amasya"}, {"country": "Turkey", "subcountry": "Zonguldak", "geolabelid": 752184, "label": "Alapl\u0131"}, {"country": "Turkey", "subcountry": "\u00c7orum", "geolabelid": 752278, "label": "Alaca"}, {"country": "Turkey", "subcountry": "Sakarya", "geolabelid": 752288, "label": "Akyaz\u0131"}, {"country": "Turkey", "subcountry": "D\u00fczce", "geolabelid": 752584, "label": "Ak\u00e7akoca"}, {"country": "Turkey", "subcountry": "Trabzon", "geolabelid": 752627, "label": "Ak\u00e7aabat"}, {"country": "Turkey", "subcountry": "Sakarya", "geolabelid": 752850, "label": "Adapazar\u0131"}, {"country": "Turkey", "subcountry": "Giresun", "geolabelid": 831432, "label": "Espiye"}, {"country": "Turkey", "subcountry": "Istanbul", "geolabelid": 6354984, "label": "merter keresteciler"}, {"country": "Turkey", "subcountry": "Istanbul", "geolabelid": 6354985, "label": "g\u00fcng\u00f6ren merter"}, {"country": "Turkey", "subcountry": "Mu\u011fla", "geolabelid": 6620290, "label": "Turgutreis"}, {"country": "Turkey", "subcountry": "Mu\u011fla", "geolabelid": 6692524, "label": "Sarigerme"}, {"country": "Turkey", "subcountry": "Istanbul", "geolabelid": 6947637, "label": "Ata\u015fehir"}, {"country": "Turkey", "subcountry": "Istanbul", "geolabelid": 6947639, "label": "Ba\u015fak\u015fehir"}, {"country": "Turkey", "subcountry": "Istanbul", "geolabelid": 6947640, "label": "Beylikd\u00fcz\u00fc"}, {"country": "Turkey", "subcountry": "Istanbul", "geolabelid": 6947641, "label": "B\u00fcy\u00fck\u00e7ekmece"}, {"country": "Turkey", "subcountry": "Ankara", "geolabelid": 6955677, "label": "\u00c7ankaya"}, {"country": "Turkey", "subcountry": "Istanbul", "geolabelid": 7627067, "label": "Bah\u00e7elievler"}, {"country": "Turkey", "subcountry": "Istanbul", "geolabelid": 7628416, "label": "Sultangazi"}, {"country": "Turkey", "subcountry": "Istanbul", "geolabelid": 7628419, "label": "Sultanbeyli"}, {"country": "Turkey", "subcountry": "Istanbul", "geolabelid": 7628420, "label": "Sancaktepe"}, {"country": "Turkey", "subcountry": "\u0130zmir", "geolabelid": 7701384, "label": "Karaba\u011flar"}, {"country": "Turkey", "subcountry": "Antalya", "geolabelid": 8074174, "label": "Muratpa\u015fa"}]