[{"country": "Cambodia", "subcountry": "Phnom Penh", "geolabelid": 1821306, "label": "Phnom Penh"}, {"country": "Cambodia", "subcountry": "Kandal", "geolabelid": 1821935, "label": "Ta Khmau"}, {"country": "Cambodia", "subcountry": "Takeo", "geolabelid": 1821940, "label": "Takeo"}, {"country": "Cambodia", "subcountry": "Svay Rieng", "geolabelid": 1821993, "label": "Svay Rieng"}, {"country": "Cambodia", "subcountry": "Stung Treng", "geolabelid": 1822029, "label": "Stung Treng"}, {"country": "Cambodia", "subcountry": "Banteay Meanchey", "geolabelid": 1822207, "label": "Sis\u014fph\u014fn"}, {"country": "Cambodia", "subcountry": "Siem Reap", "geolabelid": 1822214, "label": "Siem Reap"}, {"country": "Cambodia", "subcountry": "Prey Veng", "geolabelid": 1822610, "label": "Prey Veng"}, {"country": "Cambodia", "subcountry": "Pursat", "geolabelid": 1822768, "label": "Pursat"}, {"country": "Cambodia", "subcountry": "Takeo", "geolabelid": 1822906, "label": "Phum\u012d V\u00e9al Sr\u00ea"}, {"country": "Cambodia", "subcountry": "\u014et\u00e2r M\u00e9anchey", "geolabelid": 1825093, "label": "S\u00e2mra\u00f4ng"}, {"country": "Cambodia", "subcountry": "Preah Vihear", "geolabelid": 1830098, "label": "Tb\u00eang M\u00e9anchey"}, {"country": "Cambodia", "subcountry": "Banteay Meanchey", "geolabelid": 1830194, "label": "Pa\u00f4y P\u00eat"}, {"country": "Cambodia", "subcountry": "Pailin", "geolabelid": 1830205, "label": "Pailin"}, {"country": "Cambodia", "subcountry": "Ratanakiri", "geolabelid": 1830377, "label": "Lumph\u0103t"}, {"country": "Cambodia", "subcountry": "Koh Kong", "geolabelid": 1830468, "label": "Koh Kong"}, {"country": "Cambodia", "subcountry": "Kratie", "geolabelid": 1830564, "label": "Krati\u00e9"}, {"country": "Cambodia", "subcountry": "Kampot", "geolabelid": 1831112, "label": "Kampot"}, {"country": "Cambodia", "subcountry": "Kampong Thom", "geolabelid": 1831125, "label": "Kampong Thom"}, {"country": "Cambodia", "subcountry": "Kampong Speu", "geolabelid": 1831133, "label": "Kampong Speu"}, {"country": "Cambodia", "subcountry": "Preah Sihanouk", "geolabelid": 1831142, "label": "Sihanoukville"}, {"country": "Cambodia", "subcountry": "Kampong Chhnang", "geolabelid": 1831167, "label": "Kampong Chhnang"}, {"country": "Cambodia", "subcountry": "Kampong Cham", "geolabelid": 1831173, "label": "Kampong Cham"}, {"country": "Cambodia", "subcountry": "Ratanakiri", "geolabelid": 1831732, "label": "Ban L\u016dng"}, {"country": "Cambodia", "subcountry": "Battambang", "geolabelid": 1831797, "label": "Battambang"}, {"country": "Cambodia", "subcountry": "Koh Kong", "geolabelid": 8740221, "label": "Smach Mean Chey"}]