[{"country": "Cameroon", "subcountry": "Centre", "geolabelid": 2220957, "label": "Yaound\u00e9"}, {"country": "Cameroon", "subcountry": "Far North", "geolabelid": 2221030, "label": "Yagoua"}, {"country": "Cameroon", "subcountry": "North-West Province", "geolabelid": 2221053, "label": "Wum"}, {"country": "Cameroon", "subcountry": "West", "geolabelid": 2221394, "label": "Tonga"}, {"country": "Cameroon", "subcountry": "South-West Province", "geolabelid": 2221504, "label": "Tiko"}, {"country": "Cameroon", "subcountry": "Adamaoua", "geolabelid": 2221530, "label": "Tibati"}, {"country": "Cameroon", "subcountry": "North Province", "geolabelid": 2221607, "label": "Tchollir\u00e9"}, {"country": "Cameroon", "subcountry": "South Province", "geolabelid": 2222230, "label": "Sangm\u00e9lima"}, {"country": "Cameroon", "subcountry": "Littoral", "geolabelid": 2222623, "label": "Penja"}, {"country": "Cameroon", "subcountry": "Centre", "geolabelid": 2223293, "label": "Obala"}, {"country": "Cameroon", "subcountry": "Centre", "geolabelid": 2223734, "label": "Nkoteng"}, {"country": "Cameroon", "subcountry": "Littoral", "geolabelid": 2223763, "label": "Nkongsamba"}, {"country": "Cameroon", "subcountry": "Adamaoua", "geolabelid": 2224827, "label": "Ngaound\u00e9r\u00e9"}, {"country": "Cameroon", "subcountry": "Centre", "geolabelid": 2225457, "label": "Nanga Eboko"}, {"country": "Cameroon", "subcountry": "South-West Province", "geolabelid": 2225726, "label": "Muyuka"}, {"country": "Cameroon", "subcountry": "South-West Province", "geolabelid": 2225728, "label": "Mutengene"}, {"country": "Cameroon", "subcountry": "Far North", "geolabelid": 2225991, "label": "Mora"}, {"country": "Cameroon", "subcountry": "Far North", "geolabelid": 2226275, "label": "Mokolo"}, {"country": "Cameroon", "subcountry": "Littoral", "geolabelid": 2227230, "label": "Melong"}, {"country": "Cameroon", "subcountry": "Adamaoua", "geolabelid": 2227402, "label": "Me\u00efganga"}, {"country": "Cameroon", "subcountry": "West", "geolabelid": 2227613, "label": "Mbouda"}, {"country": "Cameroon", "subcountry": "Littoral", "geolabelid": 2228005, "label": "Mbanga"}, {"country": "Cameroon", "subcountry": "Centre", "geolabelid": 2228028, "label": "Mbandjok"}, {"country": "Cameroon", "subcountry": "Centre", "geolabelid": 2228079, "label": "Mbalmayo"}, {"country": "Cameroon", "subcountry": "Far North", "geolabelid": 2228373, "label": "Maroua"}, {"country": "Cameroon", "subcountry": "Littoral", "geolabelid": 2228499, "label": "Manjo"}, {"country": "Cameroon", "subcountry": "South-West Province", "geolabelid": 2228675, "label": "Mamfe"}, {"country": "Cameroon", "subcountry": "Littoral", "geolabelid": 2229152, "label": "Loum"}, {"country": "Cameroon", "subcountry": "South Province", "geolabelid": 2229267, "label": "Lolodorf"}, {"country": "Cameroon", "subcountry": "South-West Province", "geolabelid": 2229411, "label": "Limbe"}, {"country": "Cameroon", "subcountry": "North Province", "geolabelid": 2229681, "label": "Lagdo"}, {"country": "Cameroon", "subcountry": "North-West Province", "geolabelid": 2229748, "label": "Kumbo"}, {"country": "Cameroon", "subcountry": "South-West Province", "geolabelid": 2229752, "label": "Kumba"}, {"country": "Cameroon", "subcountry": "South Province", "geolabelid": 2229761, "label": "Kribi"}, {"country": "Cameroon", "subcountry": "Far North", "geolabelid": 2229798, "label": "Kouss\u00e9ri"}, {"country": "Cameroon", "subcountry": "Far North", "geolabelid": 2230599, "label": "Ka\u00e9l\u00e9"}, {"country": "Cameroon", "subcountry": "North Province", "geolabelid": 2230876, "label": "Guider"}, {"country": "Cameroon", "subcountry": "East", "geolabelid": 2231319, "label": "Garoua Boula\u00ef"}, {"country": "Cameroon", "subcountry": "North Province", "geolabelid": 2231320, "label": "Garoua"}, {"country": "Cameroon", "subcountry": "North-West Province", "geolabelid": 2231482, "label": "Fundong"}, {"country": "Cameroon", "subcountry": "West", "geolabelid": 2231504, "label": "Foumbot"}, {"country": "Cameroon", "subcountry": "West", "geolabelid": 2231506, "label": "Foumban"}, {"country": "Cameroon", "subcountry": "South-West Province", "geolabelid": 2231564, "label": "Fontem"}, {"country": "Cameroon", "subcountry": "Centre", "geolabelid": 2231881, "label": "Es\u00e9ka"}, {"country": "Cameroon", "subcountry": "Littoral", "geolabelid": 2232239, "label": "Ed\u00e9a"}, {"country": "Cameroon", "subcountry": "South Province", "geolabelid": 2232283, "label": "\u00c9bolowa"}, {"country": "Cameroon", "subcountry": "West", "geolabelid": 2232444, "label": "Dschang"}, {"country": "Cameroon", "subcountry": "Littoral", "geolabelid": 2232593, "label": "Douala"}, {"country": "Cameroon", "subcountry": "Littoral", "geolabelid": 2232997, "label": "Dizangu\u00e9"}, {"country": "Cameroon", "subcountry": "South-West Province", "geolabelid": 2233410, "label": "Buea"}, {"country": "Cameroon", "subcountry": "Far North", "geolabelid": 2233805, "label": "Bogo"}, {"country": "Cameroon", "subcountry": "East", "geolabelid": 2234359, "label": "Bertoua"}, {"country": "Cameroon", "subcountry": "East", "geolabelid": 2234536, "label": "B\u00e9labo"}, {"country": "Cameroon", "subcountry": "East", "geolabelid": 2234663, "label": "Batouri"}, {"country": "Cameroon", "subcountry": "Adamaoua", "geolabelid": 2234794, "label": "Banyo"}, {"country": "Cameroon", "subcountry": "West", "geolabelid": 2234865, "label": "Bangangt\u00e9"}, {"country": "Cameroon", "subcountry": "South-West Province", "geolabelid": 2234941, "label": "Bamusso"}, {"country": "Cameroon", "subcountry": "North-West Province", "geolabelid": 2234974, "label": "Bamenda"}, {"country": "Cameroon", "subcountry": "North-West Province", "geolabelid": 2235029, "label": "Bali"}, {"country": "Cameroon", "subcountry": "West", "geolabelid": 2235189, "label": "Bafoussam"}, {"country": "Cameroon", "subcountry": "Centre", "geolabelid": 2235194, "label": "Bafia"}, {"country": "Cameroon", "subcountry": "West", "geolabelid": 2235196, "label": "Bafang"}, {"country": "Cameroon", "subcountry": "Centre", "geolabelid": 2235776, "label": "Akonolinga"}, {"country": "Cameroon", "subcountry": "South-West Province", "geolabelid": 2594800, "label": "Idenao"}]