[{"country": "Mauritania", "subcountry": "Tiris Zemmour", "geolabelid": 2375558, "label": "Zouerate"}, {"country": "Mauritania", "subcountry": "Trarza", "geolabelid": 2376189, "label": "T\u00e9kane"}, {"country": "Mauritania", "subcountry": "Guidimaka", "geolabelid": 2376719, "label": "S\u00e9libaby"}, {"country": "Mauritania", "subcountry": "Trarza", "geolabelid": 2376898, "label": "Rosso"}, {"country": "Mauritania", "subcountry": "Nouakchott", "geolabelid": 2377450, "label": "Nouakchott"}, {"country": "Mauritania", "subcountry": "Dakhlet Nouadhibou", "geolabelid": 2377457, "label": "Nou\u00e2dhibou"}, {"country": "Mauritania", "subcountry": "Hodh ech Chargui", "geolabelid": 2377539, "label": "N\u00e9ma"}, {"country": "Mauritania", "subcountry": "Assaba", "geolabelid": 2378538, "label": "Kiffa"}, {"country": "Mauritania", "subcountry": "Gorgol", "geolabelid": 2378736, "label": "Ka\u00e9di"}, {"country": "Mauritania", "subcountry": "Adrar", "geolabelid": 2381334, "label": "Atar"}, {"country": "Mauritania", "subcountry": "Brakna", "geolabelid": 2381659, "label": "Aleg"}]