[{"country": "Portugal", "subcountry": "Lisbon", "geolabelid": 2261639, "label": "Vila Franca de Xira"}, {"country": "Portugal", "subcountry": "Lisbon", "geolabelid": 2261697, "label": "Vialonga"}, {"country": "Portugal", "subcountry": "Lisbon", "geolabelid": 2262581, "label": "Torres Vedras"}, {"country": "Portugal", "subcountry": "Santar\u00e9m", "geolabelid": 2262644, "label": "Tomar"}, {"country": "Portugal", "subcountry": "Lisbon", "geolabelid": 2262912, "label": "Sintra"}, {"country": "Portugal", "subcountry": "Set\u00fabal", "geolabelid": 2262957, "label": "Sesimbra"}, {"country": "Portugal", "subcountry": "Set\u00fabal", "geolabelid": 2262963, "label": "Set\u00fabal"}, {"country": "Portugal", "subcountry": "Lisbon", "geolabelid": 2263326, "label": "S\u00e3o Jo\u00e3o da Talha"}, {"country": "Portugal", "subcountry": "Lisbon", "geolabelid": 2263352, "label": "S\u00e3o Domingos de Rana"}, {"country": "Portugal", "subcountry": "Santar\u00e9m", "geolabelid": 2263480, "label": "Santar\u00e9m"}, {"country": "Portugal", "subcountry": "Lisbon", "geolabelid": 2263523, "label": "Santa Iria da Az\u00f3ia"}, {"country": "Portugal", "subcountry": "Lisbon", "geolabelid": 2263667, "label": "Sacav\u00e9m"}, {"country": "Portugal", "subcountry": "Lisbon", "geolabelid": 2263827, "label": "Rio de Mouro"}, {"country": "Portugal", "subcountry": "Lisbon", "geolabelid": 2264087, "label": "Ramada"}, {"country": "Portugal", "subcountry": "Lisbon", "geolabelid": 2264268, "label": "Queluz"}, {"country": "Portugal", "subcountry": "Faro", "geolabelid": 2264299, "label": "Quarteira"}, {"country": "Portugal", "subcountry": "Lisbon", "geolabelid": 2264359, "label": "P\u00f3voa de Santa Iria"}, {"country": "Portugal", "subcountry": "Faro", "geolabelid": 2264456, "label": "Portim\u00e3o"}, {"country": "Portugal", "subcountry": "Portalegre", "geolabelid": 2264508, "label": "Portalegre"}, {"country": "Portugal", "subcountry": "Lisbon", "geolabelid": 2264526, "label": "Pontinha"}, {"country": "Portugal", "subcountry": "Leiria", "geolabelid": 2264575, "label": "Pombal"}, {"country": "Portugal", "subcountry": "Set\u00fabal", "geolabelid": 2264718, "label": "Pinhal Novo"}, {"country": "Portugal", "subcountry": "Set\u00fabal", "geolabelid": 2264736, "label": "Piedade"}, {"country": "Portugal", "subcountry": "Leiria", "geolabelid": 2264923, "label": "Peniche"}, {"country": "Portugal", "subcountry": "Lisbon", "geolabelid": 2265169, "label": "Parede"}, {"country": "Portugal", "subcountry": "Set\u00fabal", "geolabelid": 2265223, "label": "Palmela"}, {"country": "Portugal", "subcountry": "Lisbon", "geolabelid": 2265326, "label": "Pa\u00e7o de Arcos"}, {"country": "Portugal", "subcountry": "Faro", "geolabelid": 2265447, "label": "Olh\u00e3o"}, {"country": "Portugal", "subcountry": "Lisbon", "geolabelid": 2265467, "label": "Odivelas"}, {"country": "Portugal", "subcountry": "Set\u00fabal", "geolabelid": 2265788, "label": "Montijo"}, {"country": "Portugal", "subcountry": "Lisbon", "geolabelid": 2265927, "label": "Monte Estoril"}, {"country": "Portugal", "subcountry": "Santar\u00e9m", "geolabelid": 2266249, "label": "Monsanto"}, {"country": "Portugal", "subcountry": "Set\u00fabal", "geolabelid": 2266319, "label": "Moita"}, {"country": "Portugal", "subcountry": "Leiria", "geolabelid": 2266703, "label": "Marinha Grande"}, {"country": "Portugal", "subcountry": "Lisbon", "geolabelid": 2266977, "label": "Loures"}, {"country": "Portugal", "subcountry": "Faro", "geolabelid": 2266988, "label": "Loul\u00e9"}, {"country": "Portugal", "subcountry": "Lisbon", "geolabelid": 2267057, "label": "Lisbon"}, {"country": "Portugal", "subcountry": "Lisbon", "geolabelid": 2267067, "label": "Linda-a-Velha"}, {"country": "Portugal", "subcountry": "Leiria", "geolabelid": 2267095, "label": "Leiria"}, {"country": "Portugal", "subcountry": "Faro", "geolabelid": 2267131, "label": "Laranjeiro"}, {"country": "Portugal", "subcountry": "Faro", "geolabelid": 2267226, "label": "Lagos"}, {"country": "Portugal", "subcountry": "Madeira", "geolabelid": 2267827, "label": "Funchal"}, {"country": "Portugal", "subcountry": "Faro", "geolabelid": 2268339, "label": "Faro"}, {"country": "Portugal", "subcountry": "\u00c9vora", "geolabelid": 2268406, "label": "\u00c9vora"}, {"country": "Portugal", "subcountry": "Lisbon", "geolabelid": 2268436, "label": "Estoril"}, {"country": "Portugal", "subcountry": "Santar\u00e9m", "geolabelid": 2268575, "label": "Entroncamento"}, {"country": "Portugal", "subcountry": "Set\u00fabal", "geolabelid": 2269041, "label": "Corroios"}, {"country": "Portugal", "subcountry": "Set\u00fabal", "geolabelid": 2269282, "label": "Charneca"}, {"country": "Portugal", "subcountry": "Castelo Branco", "geolabelid": 2269514, "label": "Castelo Branco"}, {"country": "Portugal", "subcountry": "Lisbon", "geolabelid": 2269594, "label": "Cascais"}, {"country": "Portugal", "subcountry": "Lisbon", "geolabelid": 2270157, "label": "Carnaxide"}, {"country": "Portugal", "subcountry": "Lisbon", "geolabelid": 2270184, "label": "Carcavelos"}, {"country": "Portugal", "subcountry": "Set\u00fabal", "geolabelid": 2270229, "label": "Caparica"}, {"country": "Portugal", "subcountry": "Lisbon", "geolabelid": 2270377, "label": "Camarate"}, {"country": "Portugal", "subcountry": "Madeira", "geolabelid": 2270380, "label": "C\u00e2mara de Lobos"}, {"country": "Portugal", "subcountry": "Leiria", "geolabelid": 2270437, "label": "Caldas da Rainha"}, {"country": "Portugal", "subcountry": "Lisbon", "geolabelid": 2270503, "label": "Cac\u00e9m"}, {"country": "Portugal", "subcountry": "Lisbon", "geolabelid": 2270981, "label": "Belas"}, {"country": "Portugal", "subcountry": "Beja", "geolabelid": 2270985, "label": "Beja"}, {"country": "Portugal", "subcountry": "Set\u00fabal", "geolabelid": 2271071, "label": "Barreiro"}, {"country": "Portugal", "subcountry": "Set\u00fabal", "geolabelid": 2271473, "label": "Arrentela"}, {"country": "Portugal", "subcountry": "Set\u00fabal", "geolabelid": 2271680, "label": "Amora"}, {"country": "Portugal", "subcountry": "Lisbon", "geolabelid": 2271772, "label": "Amadora"}, {"country": "Portugal", "subcountry": "Set\u00fabal", "geolabelid": 2271961, "label": "Almada"}, {"country": "Portugal", "subcountry": "Lisbon", "geolabelid": 2271985, "label": "Alg\u00e9s"}, {"country": "Portugal", "subcountry": "Lisbon", "geolabelid": 2272215, "label": "Alcabideche"}, {"country": "Portugal", "subcountry": "Faro", "geolabelid": 2272222, "label": "Albufeira"}, {"country": "Portugal", "subcountry": "Viseu", "geolabelid": 2732265, "label": "Viseu"}, {"country": "Portugal", "subcountry": "Vila Real", "geolabelid": 2732438, "label": "Vila Real"}, {"country": "Portugal", "subcountry": "Porto", "geolabelid": 2732475, "label": "Vilar de Andorinho"}, {"country": "Portugal", "subcountry": "Porto", "geolabelid": 2732544, "label": "Vila Nova de Gaia"}, {"country": "Portugal", "subcountry": "Porto", "geolabelid": 2732649, "label": "Vila do Conde"}, {"country": "Portugal", "subcountry": "Viana do Castelo", "geolabelid": 2732773, "label": "Viana do Castelo"}, {"country": "Portugal", "subcountry": "Porto", "geolabelid": 2732978, "label": "Valongo"}, {"country": "Portugal", "subcountry": "Guarda", "geolabelid": 2734106, "label": "Sequeira"}, {"country": "Portugal", "subcountry": "Porto", "geolabelid": 2734140, "label": "Senhora da Hora"}, {"country": "Portugal", "subcountry": "Porto", "geolabelid": 2734363, "label": "S\u00e3o Pedro da Cova"}, {"country": "Portugal", "subcountry": "Porto", "geolabelid": 2734434, "label": "S\u00e3o Mamede de Infesta"}, {"country": "Portugal", "subcountry": "Aveiro", "geolabelid": 2734484, "label": "S\u00e3o Jo\u00e3o da Madeira"}, {"country": "Portugal", "subcountry": "Porto", "geolabelid": 2735083, "label": "Rio Tinto"}, {"country": "Portugal", "subcountry": "Porto", "geolabelid": 2735787, "label": "P\u00f3voa de Varzim"}, {"country": "Portugal", "subcountry": "Porto", "geolabelid": 2735943, "label": "Porto"}, {"country": "Portugal", "subcountry": "Viana do Castelo", "geolabelid": 2736041, "label": "Ponte de Lima"}, {"country": "Portugal", "subcountry": "Porto", "geolabelid": 2736521, "label": "Pedroso"}, {"country": "Portugal", "subcountry": "Aveiro", "geolabelid": 2736930, "label": "Ovar"}, {"country": "Portugal", "subcountry": "Porto", "geolabelid": 2737039, "label": "Oliveira do Douro"}, {"country": "Portugal", "subcountry": "Viana do Castelo", "geolabelid": 2737523, "label": "Mon\u00e7\u00e3o"}, {"country": "Portugal", "subcountry": "Porto", "geolabelid": 2737824, "label": "Matosinhos"}, {"country": "Portugal", "subcountry": "Porto", "geolabelid": 2738014, "label": "Maia"}, {"country": "Portugal", "subcountry": "Porto", "geolabelid": 2738347, "label": "Le\u00e7a do Bailio"}, {"country": "Portugal", "subcountry": "Porto", "geolabelid": 2738348, "label": "Le\u00e7a da Palmeira"}, {"country": "Portugal", "subcountry": "Aveiro", "geolabelid": 2738707, "label": "\u00cdlhavo"}, {"country": "Portugal", "subcountry": "Braga", "geolabelid": 2738752, "label": "Guimar\u00e3es"}, {"country": "Portugal", "subcountry": "Guarda", "geolabelid": 2738785, "label": "Guarda"}, {"country": "Portugal", "subcountry": "Porto", "geolabelid": 2738925, "label": "Gondomar"}, {"country": "Portugal", "subcountry": "Aveiro", "geolabelid": 2739723, "label": "Feira"}, {"country": "Portugal", "subcountry": "Porto", "geolabelid": 2739756, "label": "F\u00e2nzeres"}, {"country": "Portugal", "subcountry": "Braga", "geolabelid": 2739788, "label": "Fafe"}, {"country": "Portugal", "subcountry": "Braga", "geolabelid": 2739848, "label": "Esposende"}, {"country": "Portugal", "subcountry": "Braga", "geolabelid": 2739849, "label": "Esposende"}, {"country": "Portugal", "subcountry": "Porto", "geolabelid": 2739997, "label": "Ermesinde"}, {"country": "Portugal", "subcountry": "Guarda", "geolabelid": 2740174, "label": "Custoias"}, {"country": "Portugal", "subcountry": "Castelo Branco", "geolabelid": 2740313, "label": "Covilh\u00e3"}, {"country": "Portugal", "subcountry": "Coimbra", "geolabelid": 2740637, "label": "Coimbra"}, {"country": "Portugal", "subcountry": "Porto", "geolabelid": 2741551, "label": "Canidelo"}, {"country": "Portugal", "subcountry": "Bragan\u00e7a", "geolabelid": 2742027, "label": "Bragan\u00e7a"}, {"country": "Portugal", "subcountry": "Braga", "geolabelid": 2742032, "label": "Braga"}, {"country": "Portugal", "subcountry": "Porto", "geolabelid": 2742051, "label": "Bougado"}, {"country": "Portugal", "subcountry": "Braga", "geolabelid": 2742416, "label": "Barcelos"}, {"country": "Portugal", "subcountry": "Porto", "geolabelid": 2742506, "label": "Baguim do Monte"}, {"country": "Portugal", "subcountry": "Aveiro", "geolabelid": 2742611, "label": "Aveiro"}, {"country": "Portugal", "subcountry": "Porto", "geolabelid": 2743304, "label": "\u00c1guas Santas"}, {"country": "Portugal", "subcountry": "Azores", "geolabelid": 3372783, "label": "Ponta Delgada"}]