[{"country": "Kuwait", "subcountry": "Al Farwaniyah", "geolabelid": 285603, "label": "Jan\u016bb as Surrah"}, {"country": "Kuwait", "subcountry": "Mu\u1e29\u0101faz\u0327at \u1e28awall\u012b", "geolabelid": 285629, "label": "\u1e28awall\u012b"}, {"country": "Kuwait", "subcountry": "N/A", "geolabelid": 285663, "label": "Bay\u0101n"}, {"country": "Kuwait", "subcountry": "Mu\u1e29\u0101faz\u0327at \u1e28awall\u012b", "geolabelid": 285704, "label": "As S\u0101lim\u012byah"}, {"country": "Kuwait", "subcountry": "Mu\u1e29\u0101faz\u0327at \u1e28awall\u012b", "geolabelid": 285726, "label": "Ar Rumayth\u012byah"}, {"country": "Kuwait", "subcountry": "Al A\u1e29mad\u012b", "geolabelid": 285728, "label": "Ar Riqqah"}, {"country": "Kuwait", "subcountry": "Al A\u1e29mad\u012b", "geolabelid": 285778, "label": "Al Manqaf"}, {"country": "Kuwait", "subcountry": "Al A\u1e29mad\u012b", "geolabelid": 285782, "label": "Al Mahb\u016blah"}, {"country": "Kuwait", "subcountry": "Al Asimah", "geolabelid": 285787, "label": "Kuwait City"}, {"country": "Kuwait", "subcountry": "Al Jahr\u0101\u02bc", "geolabelid": 285799, "label": "Al Jahr\u0101\u2019"}, {"country": "Kuwait", "subcountry": "Al A\u1e29mad\u012b", "geolabelid": 285811, "label": "Al Fa\u1e29\u0101\u1e29\u012bl"}, {"country": "Kuwait", "subcountry": "Al A\u1e29mad\u012b", "geolabelid": 285812, "label": "Al Fin\u0163\u0101s"}, {"country": "Kuwait", "subcountry": "Al Farwaniyah", "geolabelid": 285815, "label": "Al Farw\u0101n\u012byah"}, {"country": "Kuwait", "subcountry": "Al A\u1e29mad\u012b", "geolabelid": 285839, "label": "Al A\u1e29mad\u012b"}, {"country": "Kuwait", "subcountry": "Al Asimah", "geolabelid": 285856, "label": "Ad Dasmah"}, {"country": "Kuwait", "subcountry": "Mu\u1e29\u0101faz\u0327at \u1e28awall\u012b", "geolabelid": 387958, "label": "Salw\u00e1"}, {"country": "Kuwait", "subcountry": "Al Asimah", "geolabelid": 388065, "label": "Ar R\u0101biyah"}, {"country": "Kuwait", "subcountry": "Mub\u0101rak al Kab\u012br", "geolabelid": 412800, "label": "\u015eab\u0101\u1e29 as S\u0101lim"}]