[{"country": "Austria", "subcountry": "Carinthia", "geolabelid": 2760910, "label": "Wolfsberg"}, {"country": "Austria", "subcountry": "Lower Austria", "geolabelid": 2761353, "label": "Wiener Neustadt"}, {"country": "Austria", "subcountry": "Vienna", "geolabelid": 2761369, "label": "Vienna"}, {"country": "Austria", "subcountry": "Upper Austria", "geolabelid": 2761524, "label": "Wels"}, {"country": "Austria", "subcountry": "Lower Austria", "geolabelid": 2761669, "label": "Weinzierl bei Krems"}, {"country": "Austria", "subcountry": "Carinthia", "geolabelid": 2762372, "label": "Villach"}, {"country": "Austria", "subcountry": "Upper Austria", "geolabelid": 2763423, "label": "Traun"}, {"country": "Austria", "subcountry": "Lower Austria", "geolabelid": 2763460, "label": "Traiskirchen"}, {"country": "Austria", "subcountry": "Lower Austria", "geolabelid": 2763795, "label": "Ternitz"}, {"country": "Austria", "subcountry": "Upper Austria", "geolabelid": 2764359, "label": "Steyr"}, {"country": "Austria", "subcountry": "Carinthia", "geolabelid": 2764786, "label": "Spittal an der Drau"}, {"country": "Austria", "subcountry": "Lower Austria", "geolabelid": 2765388, "label": "Schwechat"}, {"country": "Austria", "subcountry": "Lower Austria", "geolabelid": 2766429, "label": "Sankt P\u00f6lten"}, {"country": "Austria", "subcountry": "Salzburg", "geolabelid": 2766824, "label": "Salzburg"}, {"country": "Austria", "subcountry": "Salzburg", "geolabelid": 2766922, "label": "Saalfelden am Steinernen Meer"}, {"country": "Austria", "subcountry": "Lower Austria", "geolabelid": 2771335, "label": "M\u00f6dling"}, {"country": "Austria", "subcountry": "Vorarlberg", "geolabelid": 2772173, "label": "Lustenau"}, {"country": "Austria", "subcountry": "Upper Austria", "geolabelid": 2772400, "label": "Linz"}, {"country": "Austria", "subcountry": "Upper Austria", "geolabelid": 2772635, "label": "Leonding"}, {"country": "Austria", "subcountry": "Styria", "geolabelid": 2772649, "label": "Leoben"}, {"country": "Austria", "subcountry": "Tyrol", "geolabelid": 2773300, "label": "Kufstein"}, {"country": "Austria", "subcountry": "Lower Austria", "geolabelid": 2773549, "label": "Krems an der Donau"}, {"country": "Austria", "subcountry": "Lower Austria", "geolabelid": 2773913, "label": "Klosterneuburg"}, {"country": "Austria", "subcountry": "Carinthia", "geolabelid": 2774326, "label": "Klagenfurt am W\u00f6rthersee"}, {"country": "Austria", "subcountry": "Styria", "geolabelid": 2774773, "label": "Kapfenberg"}, {"country": "Austria", "subcountry": "Tyrol", "geolabelid": 2775220, "label": "Innsbruck"}, {"country": "Austria", "subcountry": "Salzburg", "geolabelid": 2776951, "label": "Hallein"}, {"country": "Austria", "subcountry": "Styria", "geolabelid": 2778067, "label": "Graz"}, {"country": "Austria", "subcountry": "Vorarlberg", "geolabelid": 2779674, "label": "Feldkirch"}, {"country": "Austria", "subcountry": "Vorarlberg", "geolabelid": 2780741, "label": "Dornbirn"}, {"country": "Austria", "subcountry": "Vorarlberg", "geolabelid": 2781503, "label": "Bregenz"}, {"country": "Austria", "subcountry": "Upper Austria", "geolabelid": 2781520, "label": "Braunau am Inn"}, {"country": "Austria", "subcountry": "Lower Austria", "geolabelid": 2782067, "label": "Baden"}, {"country": "Austria", "subcountry": "Lower Austria", "geolabelid": 2782555, "label": "Amstetten"}, {"country": "Austria", "subcountry": "Salzburg", "geolabelid": 3323063, "label": "Ansfelden"}]