[{"country": "Malaysia", "subcountry": "Kedah", "geolabelid": 1222387, "label": "Padang Mat Sirat"}, {"country": "Malaysia", "subcountry": "Kedah", "geolabelid": 1222396, "label": "Kuah"}, {"country": "Malaysia", "subcountry": "Pahang", "geolabelid": 1732602, "label": "Jerantut"}, {"country": "Malaysia", "subcountry": "Pahang", "geolabelid": 1732663, "label": "Raub"}, {"country": "Malaysia", "subcountry": "Johor", "geolabelid": 1732687, "label": "Batu Pahat"}, {"country": "Malaysia", "subcountry": "Johor", "geolabelid": 1732698, "label": "Parit Raja"}, {"country": "Malaysia", "subcountry": "Johor", "geolabelid": 1732706, "label": "Pekan Nenas"}, {"country": "Malaysia", "subcountry": "Johor", "geolabelid": 1732711, "label": "Pontian Kechil"}, {"country": "Malaysia", "subcountry": "Johor", "geolabelid": 1732721, "label": "Kampung Pasir Gudang Baru"}, {"country": "Malaysia", "subcountry": "Johor", "geolabelid": 1732738, "label": "Kota Tinggi"}, {"country": "Malaysia", "subcountry": "Johor", "geolabelid": 1732741, "label": "Taman Senai"}, {"country": "Malaysia", "subcountry": "Johor", "geolabelid": 1732742, "label": "Kulai"}, {"country": "Malaysia", "subcountry": "Johor", "geolabelid": 1732745, "label": "Skudai"}, {"country": "Malaysia", "subcountry": "Johor", "geolabelid": 1732752, "label": "Johor Bahru"}, {"country": "Malaysia", "subcountry": "Johor", "geolabelid": 1732811, "label": "Kluang"}, {"country": "Malaysia", "subcountry": "Johor", "geolabelid": 1732814, "label": "Yong Peng"}, {"country": "Malaysia", "subcountry": "Johor", "geolabelid": 1732826, "label": "Mersing"}, {"country": "Malaysia", "subcountry": "Johor", "geolabelid": 1732846, "label": "Segamat"}, {"country": "Malaysia", "subcountry": "Johor", "geolabelid": 1732857, "label": "Tangkak"}, {"country": "Malaysia", "subcountry": "Johor", "geolabelid": 1732869, "label": "Muar"}, {"country": "Malaysia", "subcountry": "Johor", "geolabelid": 1732871, "label": "Bakri"}, {"country": "Malaysia", "subcountry": "Johor", "geolabelid": 1732877, "label": "Labis"}, {"country": "Malaysia", "subcountry": "Selangor", "geolabelid": 1732891, "label": "Kuala Selangor"}, {"country": "Malaysia", "subcountry": "Selangor", "geolabelid": 1732892, "label": "Batang Berjuntai"}, {"country": "Malaysia", "subcountry": "Selangor", "geolabelid": 1732893, "label": "Batu Arang"}, {"country": "Malaysia", "subcountry": "Selangor", "geolabelid": 1732903, "label": "Shah Alam"}, {"country": "Malaysia", "subcountry": "Selangor", "geolabelid": 1732905, "label": "Klang"}, {"country": "Malaysia", "subcountry": "Terengganu", "geolabelid": 1732945, "label": "Cukai"}, {"country": "Malaysia", "subcountry": "Pahang", "geolabelid": 1733023, "label": "Kuala Lipis"}, {"country": "Malaysia", "subcountry": "Sabah", "geolabelid": 1733353, "label": "Papar"}, {"country": "Malaysia", "subcountry": "Sabah", "geolabelid": 1733432, "label": "Kota Kinabalu"}, {"country": "Malaysia", "subcountry": "Sabah", "geolabelid": 1733438, "label": "Donggongon"}, {"country": "Malaysia", "subcountry": "Sabah", "geolabelid": 1733440, "label": "Putatan"}, {"country": "Malaysia", "subcountry": "Sabah", "geolabelid": 1733449, "label": "Kinarut"}, {"country": "Malaysia", "subcountry": "Sabah", "geolabelid": 1733502, "label": "Ranau"}, {"country": "Malaysia", "subcountry": "Sabah", "geolabelid": 1733697, "label": "Semporna"}, {"country": "Malaysia", "subcountry": "Labuan", "geolabelid": 1733782, "label": "Victoria"}, {"country": "Malaysia", "subcountry": "Sabah", "geolabelid": 1733874, "label": "Beaufort"}, {"country": "Malaysia", "subcountry": "Sabah", "geolabelid": 1733953, "label": "Lahad Datu"}, {"country": "Malaysia", "subcountry": "Sabah", "geolabelid": 1734052, "label": "Sandakan"}, {"country": "Malaysia", "subcountry": "Sabah", "geolabelid": 1734098, "label": "Keningau"}, {"country": "Malaysia", "subcountry": "Sabah", "geolabelid": 1734199, "label": "Tawau"}, {"country": "Malaysia", "subcountry": "Terengganu", "geolabelid": 1734313, "label": "Paka"}, {"country": "Malaysia", "subcountry": "Terengganu", "geolabelid": 1734316, "label": "Kertih"}, {"country": "Malaysia", "subcountry": "Kedah", "geolabelid": 1734393, "label": "Kulim"}, {"country": "Malaysia", "subcountry": "Perak", "geolabelid": 1734409, "label": "Bagan Serai"}, {"country": "Malaysia", "subcountry": "Kedah", "geolabelid": 1734439, "label": "Bedong"}, {"country": "Malaysia", "subcountry": "Perak", "geolabelid": 1734576, "label": "Simpang Empat"}, {"country": "Malaysia", "subcountry": "Perak", "geolabelid": 1734586, "label": "Taiping"}, {"country": "Malaysia", "subcountry": "Perak", "geolabelid": 1734599, "label": "Kuala Kangsar"}, {"country": "Malaysia", "subcountry": "Perak", "geolabelid": 1734634, "label": "Ipoh"}, {"country": "Malaysia", "subcountry": "Kelantan", "geolabelid": 1734651, "label": "Gua Musang"}, {"country": "Malaysia", "subcountry": "Terengganu", "geolabelid": 1734705, "label": "Kuala Terengganu"}, {"country": "Malaysia", "subcountry": "Terengganu", "geolabelid": 1734715, "label": "Marang"}, {"country": "Malaysia", "subcountry": "Negeri Sembilan", "geolabelid": 1734738, "label": "Tampin"}, {"country": "Malaysia", "subcountry": "Melaka", "geolabelid": 1734745, "label": "Alor Gajah"}, {"country": "Malaysia", "subcountry": "Melaka", "geolabelid": 1734753, "label": "Kampung Ayer Keroh"}, {"country": "Malaysia", "subcountry": "Melaka", "geolabelid": 1734757, "label": "Sungai Udang"}, {"country": "Malaysia", "subcountry": "Melaka", "geolabelid": 1734759, "label": "Malacca"}, {"country": "Malaysia", "subcountry": "Selangor", "geolabelid": 1734781, "label": "Banting"}, {"country": "Malaysia", "subcountry": "Selangor", "geolabelid": 1734793, "label": "Jenjarum"}, {"country": "Malaysia", "subcountry": "Selangor", "geolabelid": 1734798, "label": "Semenyih"}, {"country": "Malaysia", "subcountry": "Negeri Sembilan", "geolabelid": 1734810, "label": "Seremban"}, {"country": "Malaysia", "subcountry": "Negeri Sembilan", "geolabelid": 1734815, "label": "Port Dickson"}, {"country": "Malaysia", "subcountry": "Selangor", "geolabelid": 1734821, "label": "Sepang"}, {"country": "Malaysia", "subcountry": "Negeri Sembilan", "geolabelid": 1734839, "label": "Bahau"}, {"country": "Malaysia", "subcountry": "Negeri Sembilan", "geolabelid": 1734841, "label": "Kuala Pilah"}, {"country": "Malaysia", "subcountry": "Pahang", "geolabelid": 1734971, "label": "Pekan"}, {"country": "Malaysia", "subcountry": "Pahang", "geolabelid": 1735018, "label": "Mentekab"}, {"country": "Malaysia", "subcountry": "Pahang", "geolabelid": 1735022, "label": "Temerluh"}, {"country": "Malaysia", "subcountry": "Penang", "geolabelid": 1735076, "label": "Butterworth"}, {"country": "Malaysia", "subcountry": "Penang", "geolabelid": 1735077, "label": "Perai"}, {"country": "Malaysia", "subcountry": "Penang", "geolabelid": 1735079, "label": "Bukit Mertajam"}, {"country": "Malaysia", "subcountry": "Penang", "geolabelid": 1735086, "label": "Nibong Tebal"}, {"country": "Malaysia", "subcountry": "Perak", "geolabelid": 1735089, "label": "Parit Buntar"}, {"country": "Malaysia", "subcountry": "Penang", "geolabelid": 1735093, "label": "Tasek Glugor"}, {"country": "Malaysia", "subcountry": "Penang", "geolabelid": 1735106, "label": "George Town"}, {"country": "Malaysia", "subcountry": "Selangor", "geolabelid": 1735148, "label": "Serendah"}, {"country": "Malaysia", "subcountry": "Selangor", "geolabelid": 1735150, "label": "Rawang"}, {"country": "Malaysia", "subcountry": "Selangor", "geolabelid": 1735158, "label": "Petaling Jaya"}, {"country": "Malaysia", "subcountry": "Kuala Lumpur", "geolabelid": 1735161, "label": "Kuala Lumpur"}, {"country": "Malaysia", "subcountry": "Selangor", "geolabelid": 1735195, "label": "Sabak Bernam"}, {"country": "Malaysia", "subcountry": "Selangor", "geolabelid": 1735199, "label": "Sungai Besar"}, {"country": "Malaysia", "subcountry": "Pahang", "geolabelid": 1735227, "label": "Kuantan"}, {"country": "Malaysia", "subcountry": "Perak", "geolabelid": 1735268, "label": "Batu Gajah"}, {"country": "Malaysia", "subcountry": "Perak", "geolabelid": 1735274, "label": "Kampar"}, {"country": "Malaysia", "subcountry": "Perak", "geolabelid": 1735282, "label": "Tapah Road"}, {"country": "Malaysia", "subcountry": "Perak", "geolabelid": 1735287, "label": "Bidur"}, {"country": "Malaysia", "subcountry": "Perak", "geolabelid": 1735450, "label": "Lumut"}, {"country": "Malaysia", "subcountry": "Perak", "geolabelid": 1735459, "label": "Teluk Intan"}, {"country": "Malaysia", "subcountry": "Kedah", "geolabelid": 1735485, "label": "Gurun"}, {"country": "Malaysia", "subcountry": "Kedah", "geolabelid": 1735498, "label": "Sungai Petani"}, {"country": "Malaysia", "subcountry": "Penang", "geolabelid": 1735506, "label": "Kepala Batas"}, {"country": "Malaysia", "subcountry": "Kelantan", "geolabelid": 1735553, "label": "Tanah Merah"}, {"country": "Malaysia", "subcountry": "Sarawak", "geolabelid": 1735634, "label": "Kuching"}, {"country": "Malaysia", "subcountry": "Sarawak", "geolabelid": 1735799, "label": "Simanggang"}, {"country": "Malaysia", "subcountry": "Sarawak", "geolabelid": 1735837, "label": "Sarikei"}, {"country": "Malaysia", "subcountry": "Sarawak", "geolabelid": 1735902, "label": "Sibu"}, {"country": "Malaysia", "subcountry": "Perlis", "geolabelid": 1736278, "label": "Kangar"}, {"country": "Malaysia", "subcountry": "Kedah", "geolabelid": 1736302, "label": "Jitra"}, {"country": "Malaysia", "subcountry": "Kedah", "geolabelid": 1736305, "label": "Kuala Kedah"}, {"country": "Malaysia", "subcountry": "Kedah", "geolabelid": 1736309, "label": "Alor Setar"}, {"country": "Malaysia", "subcountry": "Kelantan", "geolabelid": 1736372, "label": "Pasir Mas"}, {"country": "Malaysia", "subcountry": "Kelantan", "geolabelid": 1736376, "label": "Kota Bharu"}, {"country": "Malaysia", "subcountry": "Sabah", "geolabelid": 1736458, "label": "Kudat"}, {"country": "Malaysia", "subcountry": "Sarawak", "geolabelid": 1737185, "label": "Kapit"}, {"country": "Malaysia", "subcountry": "Sarawak", "geolabelid": 1737486, "label": "Bintulu"}, {"country": "Malaysia", "subcountry": "Sarawak", "geolabelid": 1737714, "label": "Limbang"}, {"country": "Malaysia", "subcountry": "Sarawak", "geolabelid": 1738050, "label": "Miri"}, {"country": "Malaysia", "subcountry": "Johor", "geolabelid": 1738294, "label": "Ulu Tiram"}, {"country": "Malaysia", "subcountry": "Penang", "geolabelid": 1741550, "label": "Tanjung Tokong"}, {"country": "Malaysia", "subcountry": "Selangor", "geolabelid": 1741562, "label": "Tanjung Sepat"}, {"country": "Malaysia", "subcountry": "Penang", "geolabelid": 1750500, "label": "Permatang Kuching"}, {"country": "Malaysia", "subcountry": "Kelantan", "geolabelid": 1750582, "label": "Peringat"}, {"country": "Malaysia", "subcountry": "Selangor", "geolabelid": 1750974, "label": "Ladang Seri Kundang"}, {"country": "Malaysia", "subcountry": "Perak", "geolabelid": 1752256, "label": "Pantai Remis"}, {"country": "Malaysia", "subcountry": "Selangor", "geolabelid": 1759486, "label": "Kuang"}, {"country": "Malaysia", "subcountry": "Melaka", "geolabelid": 1761242, "label": "Klebang Besar"}, {"country": "Malaysia", "subcountry": "Selangor", "geolabelid": 1763412, "label": "Kampung Tanjung Karang"}, {"country": "Malaysia", "subcountry": "Penang", "geolabelid": 1764160, "label": "Kampung Sungai Ara"}, {"country": "Malaysia", "subcountry": "Johor", "geolabelid": 1764318, "label": "Kampung Simpang Renggam"}, {"country": "Malaysia", "subcountry": "Kelantan", "geolabelid": 1766249, "label": "Kampong Pangkal Kalong"}, {"country": "Malaysia", "subcountry": "Melaka", "geolabelid": 1767021, "label": "Kampong Masjid Tanah"}, {"country": "Malaysia", "subcountry": "Kelantan", "geolabelid": 1768664, "label": "Kampong Kadok"}, {"country": "Malaysia", "subcountry": "Perak", "geolabelid": 1769612, "label": "Kampong Dungun"}, {"country": "Malaysia", "subcountry": "Melaka", "geolabelid": 1770351, "label": "Kampung Bukit Baharu"}, {"country": "Malaysia", "subcountry": "Selangor", "geolabelid": 1771023, "label": "Kampung Baru Subang"}, {"country": "Malaysia", "subcountry": "Negeri Sembilan", "geolabelid": 1771287, "label": "Kampung Baharu Nilai"}, {"country": "Malaysia", "subcountry": "Selangor", "geolabelid": 1771304, "label": "Kampong Baharu Balakong"}, {"country": "Malaysia", "subcountry": "Melaka", "geolabelid": 1771485, "label": "Kampung Ayer Molek"}, {"country": "Malaysia", "subcountry": "Melaka", "geolabelid": 1778290, "label": "Bukit Rambai"}, {"country": "Malaysia", "subcountry": "Pahang", "geolabelid": 1779790, "label": "Bentong Town"}, {"country": "Malaysia", "subcountry": "Melaka", "geolabelid": 1780890, "label": "Batu Berendam"}, {"country": "Malaysia", "subcountry": "Putrajaya", "geolabelid": 6697380, "label": "Putrajaya"}, {"country": "Malaysia", "subcountry": "Sabah", "geolabelid": 7302815, "label": "Bandar Labuan"}, {"country": "Malaysia", "subcountry": "Selangor", "geolabelid": 8504423, "label": "Subang Jaya"}, {"country": "Malaysia", "subcountry": "Selangor", "geolabelid": 10792382, "label": "Putra Heights"}, {"country": "Malaysia", "subcountry": "Perlis", "geolabelid": 11002069, "label": "Pantai Cenang"}]