[{"country": "New Zealand", "subcountry": "Wellington", "geolabelid": 2179537, "label": "Wellington"}, {"country": "New Zealand", "subcountry": "Manawatu-Wanganui", "geolabelid": 2179670, "label": "Wanganui"}, {"country": "New Zealand", "subcountry": "Canterbury", "geolabelid": 2181133, "label": "Timaru"}, {"country": "New Zealand", "subcountry": "Waikato", "geolabelid": 2181742, "label": "Taupo"}, {"country": "New Zealand", "subcountry": "Auckland", "geolabelid": 2184155, "label": "Pukekohe East"}, {"country": "New Zealand", "subcountry": "Wellington", "geolabelid": 2184397, "label": "Porirua"}, {"country": "New Zealand", "subcountry": "Wellington", "geolabelid": 2184904, "label": "Paraparaumu"}, {"country": "New Zealand", "subcountry": "Manawatu-Wanganui", "geolabelid": 2185018, "label": "Palmerston North"}, {"country": "New Zealand", "subcountry": "Auckland", "geolabelid": 2185964, "label": "North Shore"}, {"country": "New Zealand", "subcountry": "Taranaki", "geolabelid": 2186239, "label": "New Plymouth"}, {"country": "New Zealand", "subcountry": "Nelson", "geolabelid": 2186280, "label": "Nelson"}, {"country": "New Zealand", "subcountry": "Hawke's Bay", "geolabelid": 2186313, "label": "Napier"}, {"country": "New Zealand", "subcountry": "Auckland", "geolabelid": 2187404, "label": "Manukau City"}, {"country": "New Zealand", "subcountry": "Auckland", "geolabelid": 2187454, "label": "Mangere"}, {"country": "New Zealand", "subcountry": "Wellington", "geolabelid": 2188164, "label": "Lower Hutt"}, {"country": "New Zealand", "subcountry": "Southland", "geolabelid": 2189529, "label": "Invercargill"}, {"country": "New Zealand", "subcountry": "Hawke's Bay", "geolabelid": 2190224, "label": "Hastings"}, {"country": "New Zealand", "subcountry": "Waikato", "geolabelid": 2190324, "label": "Hamilton"}, {"country": "New Zealand", "subcountry": "Otago", "geolabelid": 2191562, "label": "Dunedin"}, {"country": "New Zealand", "subcountry": "Canterbury", "geolabelid": 2192362, "label": "Christchurch"}, {"country": "New Zealand", "subcountry": "Auckland", "geolabelid": 2193733, "label": "Auckland"}, {"country": "New Zealand", "subcountry": "Manawatu-Wanganui", "geolabelid": 2206371, "label": "Levin"}, {"country": "New Zealand", "subcountry": "Gisborne", "geolabelid": 2206854, "label": "Gisborne"}, {"country": "New Zealand", "subcountry": "Wellington", "geolabelid": 2206890, "label": "Masterton"}, {"country": "New Zealand", "subcountry": "Bay of Plenty", "geolabelid": 2208032, "label": "Tauranga"}, {"country": "New Zealand", "subcountry": "Auckland", "geolabelid": 2208329, "label": "Papakura"}, {"country": "New Zealand", "subcountry": "Bay of Plenty", "geolabelid": 2208330, "label": "Whakatane"}, {"country": "New Zealand", "subcountry": "Canterbury", "geolabelid": 6217081, "label": "Ashburton"}, {"country": "New Zealand", "subcountry": "Northland", "geolabelid": 6230919, "label": "Whangarei"}, {"country": "New Zealand", "subcountry": "Waikato", "geolabelid": 6240770, "label": "Cambridge"}, {"country": "New Zealand", "subcountry": "Bay of Plenty", "geolabelid": 6241325, "label": "Rotorua"}, {"country": "New Zealand", "subcountry": "Marlborough", "geolabelid": 6243926, "label": "Blenheim"}, {"country": "New Zealand", "subcountry": "Wellington", "geolabelid": 6244895, "label": "Upper Hutt"}, {"country": "New Zealand", "subcountry": "Hawke's Bay", "geolabelid": 6246634, "label": "Taradale"}, {"country": "New Zealand", "subcountry": "Auckland", "geolabelid": 7302484, "label": "Waitakere"}]