[{"country": "Kazakhstan", "subcountry": "Mangghysta\u016b", "geolabelid": 607610, "label": "Zhanaozen"}, {"country": "Kazakhstan", "subcountry": "Aqt\u00f6be", "geolabelid": 608359, "label": "Shalqar"}, {"country": "Kazakhstan", "subcountry": "Atyra\u016b", "geolabelid": 608362, "label": "Shalkar"}, {"country": "Kazakhstan", "subcountry": "Batys Qazaqstan", "geolabelid": 608668, "label": "Oral"}, {"country": "Kazakhstan", "subcountry": "Aqt\u00f6be", "geolabelid": 608679, "label": "Kandyagash"}, {"country": "Kazakhstan", "subcountry": "Atyra\u016b", "geolabelid": 609123, "label": "Qulsary"}, {"country": "Kazakhstan", "subcountry": "Aqt\u00f6be", "geolabelid": 609404, "label": "Khromtau"}, {"country": "Kazakhstan", "subcountry": "Qaraghandy", "geolabelid": 609655, "label": "Karagandy"}, {"country": "Kazakhstan", "subcountry": "Aqt\u00f6be", "geolabelid": 609924, "label": "Embi"}, {"country": "Kazakhstan", "subcountry": "Atyra\u016b", "geolabelid": 610445, "label": "Balyqshy"}, {"country": "Kazakhstan", "subcountry": "Atyra\u016b", "geolabelid": 610529, "label": "Atyrau"}, {"country": "Kazakhstan", "subcountry": "Aqt\u00f6be", "geolabelid": 610611, "label": "Aqt\u00f6be"}, {"country": "Kazakhstan", "subcountry": "Mangghysta\u016b", "geolabelid": 610612, "label": "Aktau"}, {"country": "Kazakhstan", "subcountry": "Batys Qazaqstan", "geolabelid": 610613, "label": "Aqsay"}, {"country": "Kazakhstan", "subcountry": "East Kazakhstan", "geolabelid": 1516438, "label": "Zyryanovsk"}, {"country": "Kazakhstan", "subcountry": "Qyzylorda", "geolabelid": 1516519, "label": "Zhosaly"}, {"country": "Kazakhstan", "subcountry": "Qaraghandy", "geolabelid": 1516589, "label": "Zhezqazghan"}, {"country": "Kazakhstan", "subcountry": "Qostanay", "geolabelid": 1516601, "label": "Dzhetygara"}, {"country": "Kazakhstan", "subcountry": "Zhambyl", "geolabelid": 1516788, "label": "Zhangatas"}, {"country": "Kazakhstan", "subcountry": "Qyzylorda", "geolabelid": 1516789, "label": "Ayteke Bi"}, {"country": "Kazakhstan", "subcountry": "Zhambyl", "geolabelid": 1516905, "label": "Taraz"}, {"country": "Kazakhstan", "subcountry": "East Kazakhstan", "geolabelid": 1517060, "label": "Zaysan"}, {"country": "Kazakhstan", "subcountry": "Qyzylorda", "geolabelid": 1517323, "label": "Yanykurgan"}, {"country": "Kazakhstan", "subcountry": "Ongt\u00fcstik Qazaqstan", "geolabelid": 1517501, "label": "Vannovka"}, {"country": "Kazakhstan", "subcountry": "Almaty Oblysy", "geolabelid": 1517637, "label": "Ush-Tyube"}, {"country": "Kazakhstan", "subcountry": "Ongt\u00fcstik Qazaqstan", "geolabelid": 1517945, "label": "Turkestan"}, {"country": "Kazakhstan", "subcountry": "Qaraghandy", "geolabelid": 1518262, "label": "Temirtau"}, {"country": "Kazakhstan", "subcountry": "Almaty Oblysy", "geolabelid": 1518296, "label": "Tekeli"}, {"country": "Kazakhstan", "subcountry": "Qyzylorda", "geolabelid": 1518431, "label": "Tasb\u00f6get"}, {"country": "Kazakhstan", "subcountry": "Almaty Oblysy", "geolabelid": 1518518, "label": "Talghar"}, {"country": "Kazakhstan", "subcountry": "Almaty Oblysy", "geolabelid": 1518542, "label": "Taldykorgan"}, {"country": "Kazakhstan", "subcountry": "Almaty Oblysy", "geolabelid": 1518543, "label": "Taldyqorghan"}, {"country": "Kazakhstan", "subcountry": "Ongt\u00fcstik Qazaqstan", "geolabelid": 1518980, "label": "Shymkent"}, {"country": "Kazakhstan", "subcountry": "Zhambyl", "geolabelid": 1519030, "label": "Chu"}, {"country": "Kazakhstan", "subcountry": "East Kazakhstan", "geolabelid": 1519226, "label": "Shemona\u012bkha"}, {"country": "Kazakhstan", "subcountry": "Solt\u00fcstik Qazaqstan", "geolabelid": 1519244, "label": "Shch\u016bch\u012bnsk"}, {"country": "Kazakhstan", "subcountry": "East Kazakhstan", "geolabelid": 1519422, "label": "Semey"}, {"country": "Kazakhstan", "subcountry": "Ongt\u00fcstik Qazaqstan", "geolabelid": 1519673, "label": "Saryaghash"}, {"country": "Kazakhstan", "subcountry": "Almaty Oblysy", "geolabelid": 1519691, "label": "Sarkand"}, {"country": "Kazakhstan", "subcountry": "Qaraghandy", "geolabelid": 1519725, "label": "Sorang"}, {"country": "Kazakhstan", "subcountry": "Qostanay", "geolabelid": 1519843, "label": "Rudnyy"}, {"country": "Kazakhstan", "subcountry": "Qyzylorda", "geolabelid": 1519922, "label": "Kyzylorda"}, {"country": "Kazakhstan", "subcountry": "Qostanay", "geolabelid": 1519928, "label": "Kostanay"}, {"country": "Kazakhstan", "subcountry": "Zhambyl", "geolabelid": 1519938, "label": "Karatau"}, {"country": "Kazakhstan", "subcountry": "Almaty Oblysy", "geolabelid": 1519948, "label": "Kapshagay"}, {"country": "Kazakhstan", "subcountry": "Solt\u00fcstik Qazaqstan", "geolabelid": 1520172, "label": "Petropavl"}, {"country": "Kazakhstan", "subcountry": "Pavlodar", "geolabelid": 1520240, "label": "Pavlodar"}, {"country": "Kazakhstan", "subcountry": "Almaty Oblysy", "geolabelid": 1520253, "label": "Zharkent"}, {"country": "Kazakhstan", "subcountry": "East Kazakhstan", "geolabelid": 1520316, "label": "Ust-Kamenogorsk"}, {"country": "Kazakhstan", "subcountry": "Zhambyl", "geolabelid": 1520947, "label": "Sarykemer"}, {"country": "Kazakhstan", "subcountry": "Zhambyl", "geolabelid": 1520969, "label": "Merke"}, {"country": "Kazakhstan", "subcountry": "Aqmola", "geolabelid": 1521230, "label": "Mak\u012bnsk"}, {"country": "Kazakhstan", "subcountry": "Qostanay", "geolabelid": 1521315, "label": "Lisakovsk"}, {"country": "Kazakhstan", "subcountry": "Bayqongyr Qalasy", "geolabelid": 1521368, "label": "Baykonyr"}, {"country": "Kazakhstan", "subcountry": "East Kazakhstan", "geolabelid": 1521370, "label": "Ridder"}, {"country": "Kazakhstan", "subcountry": "Ongt\u00fcstik Qazaqstan", "geolabelid": 1521379, "label": "Lenger"}, {"country": "Kazakhstan", "subcountry": "Aqmola", "geolabelid": 1522203, "label": "Kokshetau"}, {"country": "Kazakhstan", "subcountry": "Ongt\u00fcstik Qazaqstan", "geolabelid": 1522751, "label": "Kentau"}, {"country": "Kazakhstan", "subcountry": "Almaty Oblysy", "geolabelid": 1523741, "label": "Esik"}, {"country": "Kazakhstan", "subcountry": "East Kazakhstan", "geolabelid": 1524245, "label": "Georg\u012bevka"}, {"country": "Kazakhstan", "subcountry": "Pavlodar", "geolabelid": 1524298, "label": "Aksu"}, {"country": "Kazakhstan", "subcountry": "Almaty Oblysy", "geolabelid": 1524308, "label": "Otegen Batyra"}, {"country": "Kazakhstan", "subcountry": "Pavlodar", "geolabelid": 1524325, "label": "Ekibastuz"}, {"country": "Kazakhstan", "subcountry": "Qyzylorda", "geolabelid": 1524801, "label": "Sh\u012beli"}, {"country": "Kazakhstan", "subcountry": "Ongt\u00fcstik Qazaqstan", "geolabelid": 1524889, "label": "Shardara"}, {"country": "Kazakhstan", "subcountry": "Almaty Oblysy", "geolabelid": 1524958, "label": "Burunday"}, {"country": "Kazakhstan", "subcountry": "Ongt\u00fcstik Qazaqstan", "geolabelid": 1525462, "label": "Aksu"}, {"country": "Kazakhstan", "subcountry": "Qaraghandy", "geolabelid": 1525798, "label": "Balqash"}, {"country": "Kazakhstan", "subcountry": "East Kazakhstan", "geolabelid": 1525988, "label": "Ayagoz"}, {"country": "Kazakhstan", "subcountry": "Aqmola", "geolabelid": 1526038, "label": "Atbasar"}, {"country": "Kazakhstan", "subcountry": "Ongt\u00fcstik Qazaqstan", "geolabelid": 1526168, "label": "Arys"}, {"country": "Kazakhstan", "subcountry": "Qostanay", "geolabelid": 1526193, "label": "Arkalyk"}, {"country": "Kazakhstan", "subcountry": "Qyzylorda", "geolabelid": 1526265, "label": "Aral"}, {"country": "Kazakhstan", "subcountry": "Astana Qalasy", "geolabelid": 1526273, "label": "Astana"}, {"country": "Kazakhstan", "subcountry": "Almaty Qalasy", "geolabelid": 1526384, "label": "Almaty"}, {"country": "Kazakhstan", "subcountry": "Aqmola", "geolabelid": 1526797, "label": "Akkol\u2019"}, {"country": "Kazakhstan", "subcountry": "Qaraghandy", "geolabelid": 1526970, "label": "Abay"}, {"country": "Kazakhstan", "subcountry": "Aqmola", "geolabelid": 1537939, "label": "Stepnogorsk"}, {"country": "Kazakhstan", "subcountry": "Qyzylorda", "geolabelid": 9862222, "label": "Kyzyl-Orda"}]