[{"country": "Argentina", "subcountry": "Buenos Aires", "geolabelid": 3427213, "label": "Z\u00e1rate"}, {"country": "Argentina", "subcountry": "Santa Fe", "geolabelid": 3427388, "label": "Villa Ocampo"}, {"country": "Argentina", "subcountry": "Buenos Aires F.D.", "geolabelid": 3427408, "label": "Villa Lugano"}, {"country": "Argentina", "subcountry": "Entre Rios", "geolabelid": 3427428, "label": "Villaguay"}, {"country": "Argentina", "subcountry": "Buenos Aires", "geolabelid": 3427431, "label": "Villa Gesell"}, {"country": "Argentina", "subcountry": "Buenos Aires", "geolabelid": 3427761, "label": "Tigre"}, {"country": "Argentina", "subcountry": "Buenos Aires", "geolabelid": 3427833, "label": "Tandil"}, {"country": "Argentina", "subcountry": "Misiones", "geolabelid": 3428068, "label": "San Vicente"}, {"country": "Argentina", "subcountry": "Corrientes", "geolabelid": 3428071, "label": "Santo Tom\u00e9"}, {"country": "Argentina", "subcountry": "Entre Rios", "geolabelid": 3428359, "label": "Santa Elena"}, {"country": "Argentina", "subcountry": "Misiones", "geolabelid": 3428577, "label": "San Pedro"}, {"country": "Argentina", "subcountry": "Corrientes", "geolabelid": 3428708, "label": "San Luis del Palmar"}, {"country": "Argentina", "subcountry": "Corrientes", "geolabelid": 3428759, "label": "San Lorenzo"}, {"country": "Argentina", "subcountry": "Santa Fe", "geolabelid": 3428975, "label": "San Javier"}, {"country": "Argentina", "subcountry": "Buenos Aires", "geolabelid": 3428992, "label": "San Isidro"}, {"country": "Argentina", "subcountry": "Corrientes", "geolabelid": 3429403, "label": "Saladas"}, {"country": "Argentina", "subcountry": "Buenos Aires F.D.", "geolabelid": 3429576, "label": "Retiro"}, {"country": "Argentina", "subcountry": "Chaco", "geolabelid": 3429577, "label": "Resistencia"}, {"country": "Argentina", "subcountry": "Santa Fe", "geolabelid": 3429594, "label": "Reconquista"}, {"country": "Argentina", "subcountry": "Buenos Aires", "geolabelid": 3429652, "label": "Quilmes"}, {"country": "Argentina", "subcountry": "Misiones", "geolabelid": 3429732, "label": "Puerto Rico"}, {"country": "Argentina", "subcountry": "Misiones", "geolabelid": 3429777, "label": "Puerto Iguaz\u00fa"}, {"country": "Argentina", "subcountry": "Misiones", "geolabelid": 3429786, "label": "Puerto Esperanza"}, {"country": "Argentina", "subcountry": "Misiones", "geolabelid": 3429790, "label": "Puerto Eldorado"}, {"country": "Argentina", "subcountry": "Misiones", "geolabelid": 3429886, "label": "Posadas"}, {"country": "Argentina", "subcountry": "Buenos Aires", "geolabelid": 3429902, "label": "Pontevedra"}, {"country": "Argentina", "subcountry": "Formosa", "geolabelid": 3429949, "label": "Piran\u00e9"}, {"country": "Argentina", "subcountry": "Corrientes", "geolabelid": 3430104, "label": "Paso de los Libres"}, {"country": "Argentina", "subcountry": "Misiones", "geolabelid": 3430340, "label": "Ober\u00e1"}, {"country": "Argentina", "subcountry": "Buenos Aires", "geolabelid": 3430443, "label": "Necochea"}, {"country": "Argentina", "subcountry": "Buenos Aires", "geolabelid": 3430545, "label": "Mor\u00f3n"}, {"country": "Argentina", "subcountry": "Corrientes", "geolabelid": 3430598, "label": "Monte Caseros"}, {"country": "Argentina", "subcountry": "Misiones", "geolabelid": 3430601, "label": "Montecarlo"}, {"country": "Argentina", "subcountry": "Buenos Aires", "geolabelid": 3430708, "label": "Mercedes"}, {"country": "Argentina", "subcountry": "Corrientes", "geolabelid": 3430709, "label": "Mercedes"}, {"country": "Argentina", "subcountry": "Buenos Aires", "geolabelid": 3430863, "label": "Mar del Plata"}, {"country": "Argentina", "subcountry": "Buenos Aires", "geolabelid": 3430988, "label": "Luj\u00e1n"}, {"country": "Argentina", "subcountry": "Buenos Aires", "geolabelid": 3432043, "label": "La Plata"}, {"country": "Argentina", "subcountry": "Entre Rios", "geolabelid": 3432079, "label": "La Paz"}, {"country": "Argentina", "subcountry": "Misiones", "geolabelid": 3433349, "label": "Jard\u00edn Am\u00e9rica"}, {"country": "Argentina", "subcountry": "Entre Rios", "geolabelid": 3433658, "label": "Gualeguaych\u00fa"}, {"country": "Argentina", "subcountry": "Entre Rios", "geolabelid": 3433663, "label": "Gualeguay"}, {"country": "Argentina", "subcountry": "Corrientes", "geolabelid": 3433715, "label": "Goya"}, {"country": "Argentina", "subcountry": "Corrientes", "geolabelid": 3433753, "label": "Gobernador Ingeniero Valent\u00edn Virasoro"}, {"country": "Argentina", "subcountry": "Chaco", "geolabelid": 3433803, "label": "General Jos\u00e9 de San Mart\u00edn"}, {"country": "Argentina", "subcountry": "Misiones", "geolabelid": 3433836, "label": "Garup\u00e1"}, {"country": "Argentina", "subcountry": "Formosa", "geolabelid": 3433899, "label": "Formosa"}, {"country": "Argentina", "subcountry": "Chaco", "geolabelid": 3433901, "label": "Fontana"}, {"country": "Argentina", "subcountry": "Entre Rios", "geolabelid": 3433956, "label": "Federal"}, {"country": "Argentina", "subcountry": "Corrientes", "geolabelid": 3434095, "label": "Esquina"}, {"country": "Argentina", "subcountry": "Misiones", "geolabelid": 3434291, "label": "El Soberbio"}, {"country": "Argentina", "subcountry": "Buenos Aires", "geolabelid": 3435038, "label": "Dolores"}, {"country": "Argentina", "subcountry": "Corrientes", "geolabelid": 3435103, "label": "Curuz\u00fa Cuati\u00e1"}, {"country": "Argentina", "subcountry": "Corrientes", "geolabelid": 3435217, "label": "Corrientes"}, {"country": "Argentina", "subcountry": "Entre Rios", "geolabelid": 3435261, "label": "Concordia"}, {"country": "Argentina", "subcountry": "Entre Rios", "geolabelid": 3435264, "label": "Concepci\u00f3n del Uruguay"}, {"country": "Argentina", "subcountry": "Buenos Aires F.D.", "geolabelid": 3435356, "label": "Colegiales"}, {"country": "Argentina", "subcountry": "Entre Rios", "geolabelid": 3435486, "label": "Chajar\u00ed"}, {"country": "Argentina", "subcountry": "Buenos Aires", "geolabelid": 3435810, "label": "Campana"}, {"country": "Argentina", "subcountry": "Buenos Aires F.D.", "geolabelid": 3435910, "label": "Buenos Aires"}, {"country": "Argentina", "subcountry": "Chaco", "geolabelid": 3436124, "label": "Barranqueras"}, {"country": "Argentina", "subcountry": "Buenos Aires", "geolabelid": 3436199, "label": "Azul"}, {"country": "Argentina", "subcountry": "Santa Fe", "geolabelid": 3436230, "label": "Avellaneda"}, {"country": "Argentina", "subcountry": "Misiones", "geolabelid": 3436287, "label": "Arist\u00f3bulo del Valle"}, {"country": "Argentina", "subcountry": "Neuquen", "geolabelid": 3832132, "label": "Zapala"}, {"country": "Argentina", "subcountry": "Tucum\u00e1n", "geolabelid": 3832260, "label": "Yerba Buena"}, {"country": "Argentina", "subcountry": "Rio Negro", "geolabelid": 3832647, "label": "Villa Regina"}, {"country": "Argentina", "subcountry": "San Juan", "geolabelid": 3832653, "label": "Villa Paula de Sarmiento"}, {"country": "Argentina", "subcountry": "Cordoba", "geolabelid": 3832662, "label": "Villa Nueva"}, {"country": "Argentina", "subcountry": "Cordoba", "geolabelid": 3832694, "label": "Villa Mar\u00eda"}, {"country": "Argentina", "subcountry": "Cordoba", "geolabelid": 3832756, "label": "Villa Dolores"}, {"country": "Argentina", "subcountry": "Santa Fe", "geolabelid": 3832778, "label": "Villa Constituci\u00f3n"}, {"country": "Argentina", "subcountry": "Cordoba", "geolabelid": 3832791, "label": "Villa Carlos Paz"}, {"country": "Argentina", "subcountry": "Chaco", "geolabelid": 3832811, "label": "Villa \u00c1ngela"}, {"country": "Argentina", "subcountry": "Cordoba", "geolabelid": 3832815, "label": "Villa Allende"}, {"country": "Argentina", "subcountry": "Rio Negro", "geolabelid": 3832899, "label": "Viedma"}, {"country": "Argentina", "subcountry": "Entre Rios", "geolabelid": 3832934, "label": "Victoria"}, {"country": "Argentina", "subcountry": "Santa Fe", "geolabelid": 3833027, "label": "Vera"}, {"country": "Argentina", "subcountry": "Santa Fe", "geolabelid": 3833062, "label": "Venado Tuerto"}, {"country": "Argentina", "subcountry": "Buenos Aires", "geolabelid": 3833112, "label": "Veinticinco de Mayo"}, {"country": "Argentina", "subcountry": "Tierra del Fuego", "geolabelid": 3833367, "label": "Ushuaia"}, {"country": "Argentina", "subcountry": "Cordoba", "geolabelid": 3833412, "label": "Unquillo"}, {"country": "Argentina", "subcountry": "Chaco", "geolabelid": 3833794, "label": "Tres Isletas"}, {"country": "Argentina", "subcountry": "Buenos Aires", "geolabelid": 3833859, "label": "Tres Arroyos"}, {"country": "Argentina", "subcountry": "Chubut", "geolabelid": 3833883, "label": "Trelew"}, {"country": "Argentina", "subcountry": "Santiago del Estero", "geolabelid": 3834502, "label": "Termas de R\u00edo Hondo"}, {"country": "Argentina", "subcountry": "Salta", "geolabelid": 3834601, "label": "Tartagal"}, {"country": "Argentina", "subcountry": "Tucum\u00e1n", "geolabelid": 3834813, "label": "Taf\u00ed Viejo"}, {"country": "Argentina", "subcountry": "Santa Fe", "geolabelid": 3834971, "label": "Sunchales"}, {"country": "Argentina", "subcountry": "Santa Fe", "geolabelid": 3835793, "label": "Santo Tom\u00e9"}, {"country": "Argentina", "subcountry": "Santiago del Estero", "geolabelid": 3835869, "label": "Santiago del Estero"}, {"country": "Argentina", "subcountry": "La Pampa", "geolabelid": 3835994, "label": "Santa Rosa"}, {"country": "Argentina", "subcountry": "San Juan", "geolabelid": 3836194, "label": "Santa Luc\u00eda"}, {"country": "Argentina", "subcountry": "Santa Fe", "geolabelid": 3836277, "label": "Santa Fe de la Vera Cruz"}, {"country": "Argentina", "subcountry": "Jujuy", "geolabelid": 3836564, "label": "San Salvador de Jujuy"}, {"country": "Argentina", "subcountry": "Salta", "geolabelid": 3836620, "label": "San Ram\u00f3n de la Nueva Or\u00e1n"}, {"country": "Argentina", "subcountry": "Mendoza", "geolabelid": 3836669, "label": "San Rafael"}, {"country": "Argentina", "subcountry": "Jujuy", "geolabelid": 3836772, "label": "San Pedro"}, {"country": "Argentina", "subcountry": "Buenos Aires", "geolabelid": 3836846, "label": "San Nicol\u00e1s de los Arroyos"}, {"country": "Argentina", "subcountry": "Tucum\u00e1n", "geolabelid": 3836873, "label": "San Miguel de Tucum\u00e1n"}, {"country": "Argentina", "subcountry": "Neuquen", "geolabelid": 3836951, "label": "San Mart\u00edn de los Andes"}, {"country": "Argentina", "subcountry": "Mendoza", "geolabelid": 3836992, "label": "San Mart\u00edn"}, {"country": "Argentina", "subcountry": "San Luis", "geolabelid": 3837056, "label": "San Luis"}, {"country": "Argentina", "subcountry": "Santa Fe", "geolabelid": 3837124, "label": "San Justo"}, {"country": "Argentina", "subcountry": "San Juan", "geolabelid": 3837213, "label": "San Juan"}, {"country": "Argentina", "subcountry": "San Juan", "geolabelid": 3837240, "label": "San Jos\u00e9 de J\u00e1chal"}, {"country": "Argentina", "subcountry": "Santa Fe", "geolabelid": 3837441, "label": "San Jorge"}, {"country": "Argentina", "subcountry": "Cordoba", "geolabelid": 3837675, "label": "San Francisco"}, {"country": "Argentina", "subcountry": "Catamarca", "geolabelid": 3837702, "label": "San Fernando del Valle de Catamarca"}, {"country": "Argentina", "subcountry": "Rio Negro", "geolabelid": 3837980, "label": "San Antonio Oeste"}, {"country": "Argentina", "subcountry": "Salta", "geolabelid": 3838233, "label": "Salta"}, {"country": "Argentina", "subcountry": "Santa Fe", "geolabelid": 3838506, "label": "Rufino"}, {"country": "Argentina", "subcountry": "Santa Fe", "geolabelid": 3838583, "label": "Rosario"}, {"country": "Argentina", "subcountry": "Cordoba", "geolabelid": 3838793, "label": "R\u00edo Tercero"}, {"country": "Argentina", "subcountry": "Cordoba", "geolabelid": 3838797, "label": "R\u00edo Segundo"}, {"country": "Argentina", "subcountry": "Santa Cruz", "geolabelid": 3838859, "label": "R\u00edo Gallegos"}, {"country": "Argentina", "subcountry": "Cordoba", "geolabelid": 3838874, "label": "R\u00edo Cuarto"}, {"country": "Argentina", "subcountry": "Cordoba", "geolabelid": 3838902, "label": "R\u00edo Ceballos"}, {"country": "Argentina", "subcountry": "Chubut", "geolabelid": 3839307, "label": "Rawson"}, {"country": "Argentina", "subcountry": "Santa Fe", "geolabelid": 3839479, "label": "Rafaela"}, {"country": "Argentina", "subcountry": "Chaco", "geolabelid": 3839490, "label": "Quitilipi"}, {"country": "Argentina", "subcountry": "Buenos Aires", "geolabelid": 3839982, "label": "Punta Alta"}, {"country": "Argentina", "subcountry": "Chubut", "geolabelid": 3840092, "label": "Puerto Madryn"}, {"country": "Argentina", "subcountry": "Chaco", "geolabelid": 3840300, "label": "Presidencia Roque S\u00e1enz Pe\u00f1a"}, {"country": "Argentina", "subcountry": "San Juan", "geolabelid": 3840860, "label": "Pocito"}, {"country": "Argentina", "subcountry": "Neuquen", "geolabelid": 3840885, "label": "Plottier"}, {"country": "Argentina", "subcountry": "Buenos Aires", "geolabelid": 3841490, "label": "Pergamino"}, {"country": "Argentina", "subcountry": "Santa Fe", "geolabelid": 3841500, "label": "P\u00e9rez"}, {"country": "Argentina", "subcountry": "Entre Rios", "geolabelid": 3841956, "label": "Paran\u00e1"}, {"country": "Argentina", "subcountry": "Jujuy", "geolabelid": 3842190, "label": "Palpal\u00e1"}, {"country": "Argentina", "subcountry": "Buenos Aires", "geolabelid": 3842670, "label": "Olavarr\u00eda"}, {"country": "Argentina", "subcountry": "Buenos Aires", "geolabelid": 3842881, "label": "Nueve de Julio"}, {"country": "Argentina", "subcountry": "Neuquen", "geolabelid": 3843123, "label": "Neuqu\u00e9n"}, {"country": "Argentina", "subcountry": "Cordoba", "geolabelid": 3843619, "label": "Morteros"}, {"country": "Argentina", "subcountry": "Tucum\u00e1n", "geolabelid": 3843803, "label": "Monteros"}, {"country": "Argentina", "subcountry": "Mendoza", "geolabelid": 3844421, "label": "Mendoza"}, {"country": "Argentina", "subcountry": "Cordoba", "geolabelid": 3844899, "label": "Marcos Ju\u00e1rez"}, {"country": "Argentina", "subcountry": "Chaco", "geolabelid": 3845330, "label": "Machagai"}, {"country": "Argentina", "subcountry": "Buenos Aires", "geolabelid": 3846864, "label": "Lincoln"}, {"country": "Argentina", "subcountry": "Jujuy", "geolabelid": 3846915, "label": "Libertador General San Mart\u00edn"}, {"country": "Argentina", "subcountry": "Chaco", "geolabelid": 3848687, "label": "Las Bre\u00f1as"}, {"country": "Argentina", "subcountry": "La Rioja", "geolabelid": 3848950, "label": "La Rioja"}, {"country": "Argentina", "subcountry": "Cordoba", "geolabelid": 3851331, "label": "La Falda"}, {"country": "Argentina", "subcountry": "Cordoba", "geolabelid": 3852374, "label": "La Calera"}, {"country": "Argentina", "subcountry": "Cordoba", "geolabelid": 3852468, "label": "Laboulaye"}, {"country": "Argentina", "subcountry": "Buenos Aires", "geolabelid": 3853354, "label": "Jun\u00edn"}, {"country": "Argentina", "subcountry": "Salta", "geolabelid": 3853491, "label": "Joaqu\u00edn V. Gonz\u00e1lez"}, {"country": "Argentina", "subcountry": "Cordoba", "geolabelid": 3853510, "label": "Jes\u00fas Mar\u00eda"}, {"country": "Argentina", "subcountry": "Santa Fe", "geolabelid": 3854895, "label": "Granadero Baigorria"}, {"country": "Argentina", "subcountry": "Santa Fe", "geolabelid": 3854985, "label": "Gobernador G\u00e1lvez"}, {"country": "Argentina", "subcountry": "Rio Negro", "geolabelid": 3855065, "label": "General Roca"}, {"country": "Argentina", "subcountry": "Chaco", "geolabelid": 3855074, "label": "General Pinedo"}, {"country": "Argentina", "subcountry": "La Pampa", "geolabelid": 3855075, "label": "General Pico"}, {"country": "Argentina", "subcountry": "Salta", "geolabelid": 3855116, "label": "General Enrique Mosconi"}, {"country": "Argentina", "subcountry": "Santa Fe", "geolabelid": 3855244, "label": "G\u00e1lvez"}, {"country": "Argentina", "subcountry": "Santa Fe", "geolabelid": 3855554, "label": "Firmat"}, {"country": "Argentina", "subcountry": "Tucum\u00e1n", "geolabelid": 3855666, "label": "Famaill\u00e1"}, {"country": "Argentina", "subcountry": "Chubut", "geolabelid": 3855974, "label": "Esquel"}, {"country": "Argentina", "subcountry": "Santa Fe", "geolabelid": 3856022, "label": "Esperanza"}, {"country": "Argentina", "subcountry": "Salta", "geolabelid": 3856231, "label": "Embarcaci\u00f3n"}, {"country": "Argentina", "subcountry": "Cordoba", "geolabelid": 3856235, "label": "Embalse"}, {"country": "Argentina", "subcountry": "Rio Negro", "geolabelid": 3858765, "label": "El Bols\u00f3n"}, {"country": "Argentina", "subcountry": "Entre Rios", "geolabelid": 3859384, "label": "Diamante"}, {"country": "Argentina", "subcountry": "Cordoba", "geolabelid": 3859512, "label": "De\u00e1n Funes"}, {"country": "Argentina", "subcountry": "Neuquen", "geolabelid": 3859552, "label": "Cutral-C\u00f3"}, {"country": "Argentina", "subcountry": "Cordoba", "geolabelid": 3859828, "label": "Cruz del Eje"}, {"country": "Argentina", "subcountry": "Entre Rios", "geolabelid": 3859904, "label": "Crespo"}, {"country": "Argentina", "subcountry": "Cordoba", "geolabelid": 3859965, "label": "Cosqu\u00edn"}, {"country": "Argentina", "subcountry": "Buenos Aires", "geolabelid": 3860164, "label": "Coronel Su\u00e1rez"}, {"country": "Argentina", "subcountry": "Santa Fe", "geolabelid": 3860217, "label": "Coronda"}, {"country": "Argentina", "subcountry": "Cordoba", "geolabelid": 3860259, "label": "C\u00f3rdoba"}, {"country": "Argentina", "subcountry": "Chubut", "geolabelid": 3860443, "label": "Comodoro Rivadavia"}, {"country": "Argentina", "subcountry": "Rio Negro", "geolabelid": 3861056, "label": "Cipolletti"}, {"country": "Argentina", "subcountry": "Rio Negro", "geolabelid": 3861061, "label": "Cinco Saltos"}, {"country": "Argentina", "subcountry": "Buenos Aires", "geolabelid": 3861344, "label": "Chivilcoy"}, {"country": "Argentina", "subcountry": "San Juan", "geolabelid": 3861416, "label": "Chimbas"}, {"country": "Argentina", "subcountry": "La Rioja", "geolabelid": 3861445, "label": "Chilecito"}, {"country": "Argentina", "subcountry": "Chaco", "geolabelid": 3861678, "label": "Charata"}, {"country": "Argentina", "subcountry": "Buenos Aires", "geolabelid": 3861953, "label": "Chacabuco"}, {"country": "Argentina", "subcountry": "Neuquen", "geolabelid": 3862144, "label": "Centenario"}, {"country": "Argentina", "subcountry": "San Juan", "geolabelid": 3862240, "label": "Caucete"}, {"country": "Argentina", "subcountry": "Rio Negro", "geolabelid": 3862254, "label": "Catriel"}, {"country": "Argentina", "subcountry": "Chaco", "geolabelid": 3862320, "label": "Castelli"}, {"country": "Argentina", "subcountry": "Santa Fe", "geolabelid": 3862351, "label": "Casilda"}, {"country": "Argentina", "subcountry": "Santa Fe", "geolabelid": 3862655, "label": "Carcara\u00f1\u00e1"}, {"country": "Argentina", "subcountry": "Santa Fe", "geolabelid": 3862738, "label": "Capit\u00e1n Berm\u00fadez"}, {"country": "Argentina", "subcountry": "Santa Fe", "geolabelid": 3862981, "label": "Ca\u00f1ada de G\u00f3mez"}, {"country": "Argentina", "subcountry": "Santa Cruz", "geolabelid": 3863379, "label": "Caleta Olivia"}, {"country": "Argentina", "subcountry": "Cordoba", "geolabelid": 3864331, "label": "Bell Ville"}, {"country": "Argentina", "subcountry": "Tucum\u00e1n", "geolabelid": 3864375, "label": "Bella Vista"}, {"country": "Argentina", "subcountry": "Buenos Aires", "geolabelid": 3865086, "label": "Bah\u00eda Blanca"}, {"country": "Argentina", "subcountry": "Santa Fe", "geolabelid": 3865385, "label": "Arroyo Seco"}, {"country": "Argentina", "subcountry": "Cordoba", "geolabelid": 3865424, "label": "Arroyito"}, {"country": "Argentina", "subcountry": "Santiago del Estero", "geolabelid": 3865840, "label": "A\u00f1atuya"}, {"country": "Argentina", "subcountry": "Cordoba", "geolabelid": 3866163, "label": "Alta Gracia"}, {"country": "Argentina", "subcountry": "Rio Negro", "geolabelid": 3866242, "label": "Allen"}, {"country": "Argentina", "subcountry": "Tucum\u00e1n", "geolabelid": 3866367, "label": "Alderetes"}, {"country": "Argentina", "subcountry": "San Juan", "geolabelid": 3866425, "label": "Albard\u00f3n"}, {"country": "Argentina", "subcountry": "Tucum\u00e1n", "geolabelid": 3866496, "label": "Aguilares"}, {"country": "Argentina", "subcountry": "Buenos Aires F.D.", "geolabelid": 6693230, "label": "Villa Santa Rita"}, {"country": "Argentina", "subcountry": "San Luis", "geolabelid": 7116866, "label": "Villa Mercedes"}, {"country": "Argentina", "subcountry": "Rio Negro", "geolabelid": 7647007, "label": "San Carlos de Bariloche"}, {"country": "Argentina", "subcountry": "Buenos Aires", "geolabelid": 10172104, "label": "Adrogu\u00e9"}]