[{"country": "Peru", "subcountry": "Loreto", "geolabelid": 3690654, "label": "Yurimaguas"}, {"country": "Peru", "subcountry": "La Libertad", "geolabelid": 3690875, "label": "Vir\u00fa"}, {"country": "Peru", "subcountry": "San Mart\u00edn", "geolabelid": 3691094, "label": "Uchiza"}, {"country": "Peru", "subcountry": "Tumbes", "geolabelid": 3691148, "label": "Tumbes"}, {"country": "Peru", "subcountry": "La Libertad", "geolabelid": 3691175, "label": "Trujillo"}, {"country": "Peru", "subcountry": "San Mart\u00edn", "geolabelid": 3691324, "label": "Tocache"}, {"country": "Peru", "subcountry": "Huanuco", "geolabelid": 3691348, "label": "Tingo Mar\u00eda"}, {"country": "Peru", "subcountry": "Piura", "geolabelid": 3691530, "label": "Tambo Grande"}, {"country": "Peru", "subcountry": "Piura", "geolabelid": 3691582, "label": "Talara"}, {"country": "Peru", "subcountry": "Piura", "geolabelid": 3691674, "label": "Sullana"}, {"country": "Peru", "subcountry": "Piura", "geolabelid": 3691954, "label": "Sechura"}, {"country": "Peru", "subcountry": "La Libertad", "geolabelid": 3692073, "label": "Santiago de Cao"}, {"country": "Peru", "subcountry": "La Libertad", "geolabelid": 3692310, "label": "San Pedro de Lloc"}, {"country": "Peru", "subcountry": "Lambayeque", "geolabelid": 3692667, "label": "Sa\u00f1a"}, {"country": "Peru", "subcountry": "San Mart\u00edn", "geolabelid": 3692863, "label": "Rioja"}, {"country": "Peru", "subcountry": "Piura", "geolabelid": 3693057, "label": "Querecotillo"}, {"country": "Peru", "subcountry": "Ucayali", "geolabelid": 3693345, "label": "Pucallpa"}, {"country": "Peru", "subcountry": "Piura", "geolabelid": 3693528, "label": "Piura"}, {"country": "Peru", "subcountry": "Lambayeque", "geolabelid": 3693584, "label": "Pimentel"}, {"country": "Peru", "subcountry": "Lambayeque", "geolabelid": 3693645, "label": "Picsi"}, {"country": "Peru", "subcountry": "Piura", "geolabelid": 3694112, "label": "Paita"}, {"country": "Peru", "subcountry": "La Libertad", "geolabelid": 3694119, "label": "Paij\u00e1n"}, {"country": "Peru", "subcountry": "La Libertad", "geolabelid": 3694178, "label": "Pacasmayo"}, {"country": "Peru", "subcountry": "San Mart\u00edn", "geolabelid": 3694564, "label": "Moyobamba"}, {"country": "Peru", "subcountry": "Lambayeque", "geolabelid": 3694666, "label": "Monsef\u00fa"}, {"country": "Peru", "subcountry": "La Libertad", "geolabelid": 3694725, "label": "Moche"}, {"country": "Peru", "subcountry": "Piura", "geolabelid": 3694939, "label": "Marcavelica"}, {"country": "Peru", "subcountry": "Piura", "geolabelid": 3695466, "label": "La Uni\u00f3n"}, {"country": "Peru", "subcountry": "La Libertad", "geolabelid": 3695617, "label": "Laredo"}, {"country": "Peru", "subcountry": "Amazonas", "geolabelid": 3695675, "label": "La Peca"}, {"country": "Peru", "subcountry": "Lambayeque", "geolabelid": 3695754, "label": "Lambayeque"}, {"country": "Peru", "subcountry": "San Mart\u00edn", "geolabelid": 3696057, "label": "Juanju\u00ed"}, {"country": "Peru", "subcountry": "Cajamarca", "geolabelid": 3696150, "label": "Ja\u00e9n"}, {"country": "Peru", "subcountry": "Loreto", "geolabelid": 3696183, "label": "Iquitos"}, {"country": "Peru", "subcountry": "Ancash", "geolabelid": 3696378, "label": "Huaraz"}, {"country": "Peru", "subcountry": "Huanuco", "geolabelid": 3696417, "label": "Hu\u00e1nuco"}, {"country": "Peru", "subcountry": "La Libertad", "geolabelid": 3696509, "label": "Huamachuco"}, {"country": "Peru", "subcountry": "La Libertad", "geolabelid": 3696847, "label": "Guadalupe"}, {"country": "Peru", "subcountry": "Lambayeque", "geolabelid": 3697033, "label": "Ferre\u00f1afe"}, {"country": "Peru", "subcountry": "Ancash", "geolabelid": 3697990, "label": "Coishco"}, {"country": "Peru", "subcountry": "Piura", "geolabelid": 3698105, "label": "Chulucanas"}, {"country": "Peru", "subcountry": "Lambayeque", "geolabelid": 3698176, "label": "Chongoyape"}, {"country": "Peru", "subcountry": "La Libertad", "geolabelid": 3698194, "label": "Chocope"}, {"country": "Peru", "subcountry": "Ancash", "geolabelid": 3698304, "label": "Chimbote"}, {"country": "Peru", "subcountry": "Lambayeque", "geolabelid": 3698350, "label": "Chiclayo"}, {"country": "Peru", "subcountry": "La Libertad", "geolabelid": 3698390, "label": "Chep\u00e9n"}, {"country": "Peru", "subcountry": "Amazonas", "geolabelid": 3698540, "label": "Chachapoyas"}, {"country": "Peru", "subcountry": "Piura", "geolabelid": 3698658, "label": "Catacaos"}, {"country": "Peru", "subcountry": "Cajamarca", "geolabelid": 3699088, "label": "Cajamarca"}, {"country": "Peru", "subcountry": "San Mart\u00edn", "geolabelid": 3699364, "label": "Bellavista"}, {"country": "Peru", "subcountry": "Amazonas", "geolabelid": 3699484, "label": "Bagua Grande"}, {"country": "Peru", "subcountry": "Piura", "geolabelid": 3814568, "label": "La Breita"}, {"country": "Peru", "subcountry": "Tumbes", "geolabelid": 3818398, "label": "Zarumilla"}, {"country": "Peru", "subcountry": "Puno", "geolabelid": 3925476, "label": "Yunguyo"}, {"country": "Peru", "subcountry": "Huanuco", "geolabelid": 3925863, "label": "Yanacancha"}, {"country": "Peru", "subcountry": "Jun\u00edn", "geolabelid": 3927758, "label": "Tarma"}, {"country": "Peru", "subcountry": "Madre de Dios", "geolabelid": 3927942, "label": "Tambopata"}, {"country": "Peru", "subcountry": "Tacna", "geolabelid": 3928128, "label": "Tacna"}, {"country": "Peru", "subcountry": "Lima region", "geolabelid": 3928245, "label": "Santiago de Surco"}, {"country": "Peru", "subcountry": "Cusco", "geolabelid": 3928679, "label": "Sicuani"}, {"country": "Peru", "subcountry": "Jun\u00edn", "geolabelid": 3928924, "label": "Satipo"}, {"country": "Peru", "subcountry": "Lima region", "geolabelid": 3928993, "label": "San Vicente de Ca\u00f1ete"}, {"country": "Peru", "subcountry": "Cusco", "geolabelid": 3929295, "label": "Santa Ana"}, {"country": "Peru", "subcountry": "Lima region", "geolabelid": 3929631, "label": "San Isidro"}, {"country": "Peru", "subcountry": "Ica", "geolabelid": 3929768, "label": "San Clemente"}, {"country": "Peru", "subcountry": "Puno", "geolabelid": 3931276, "label": "Puno"}, {"country": "Peru", "subcountry": "Madre de Dios", "geolabelid": 3931470, "label": "Puerto Maldonado"}, {"country": "Peru", "subcountry": "Ica", "geolabelid": 3932145, "label": "Pisco"}, {"country": "Peru", "subcountry": "Lima region", "geolabelid": 3933024, "label": "Paramonga"}, {"country": "Peru", "subcountry": "Lima region", "geolabelid": 3934239, "label": "Nuevo Imperial"}, {"country": "Peru", "subcountry": "Ica", "geolabelid": 3934356, "label": "Nazca"}, {"country": "Peru", "subcountry": "Moquegua", "geolabelid": 3934608, "label": "Moquegua"}, {"country": "Peru", "subcountry": "Arequipa", "geolabelid": 3934707, "label": "Mollendo"}, {"country": "Peru", "subcountry": "Ica", "geolabelid": 3935288, "label": "Minas de Marcona"}, {"country": "Peru", "subcountry": "Lima region", "geolabelid": 3935572, "label": "Mala"}, {"country": "Peru", "subcountry": "Lima Province", "geolabelid": 3936456, "label": "Lima"}, {"country": "Peru", "subcountry": "Jun\u00edn", "geolabelid": 3936952, "label": "La Oroya"}, {"country": "Peru", "subcountry": "Jun\u00edn", "geolabelid": 3937486, "label": "Jun\u00edn"}, {"country": "Peru", "subcountry": "Puno", "geolabelid": 3937513, "label": "Juliaca"}, {"country": "Peru", "subcountry": "Jun\u00edn", "geolabelid": 3937733, "label": "Jauja"}, {"country": "Peru", "subcountry": "Lima region", "geolabelid": 3938396, "label": "Imperial"}, {"country": "Peru", "subcountry": "Moquegua", "geolabelid": 3938415, "label": "Ilo"}, {"country": "Peru", "subcountry": "Puno", "geolabelid": 3938451, "label": "Ilave"}, {"country": "Peru", "subcountry": "Ica", "geolabelid": 3938527, "label": "Ica"}, {"country": "Peru", "subcountry": "Lima region", "geolabelid": 3939023, "label": "Huaura"}, {"country": "Peru", "subcountry": "Ancash", "geolabelid": 3939168, "label": "Huarmey"}, {"country": "Peru", "subcountry": "Lima region", "geolabelid": 3939285, "label": "Huaral"}, {"country": "Peru", "subcountry": "Ayacucho", "geolabelid": 3939386, "label": "Huanta"}, {"country": "Peru", "subcountry": "Jun\u00edn", "geolabelid": 3939459, "label": "Huancayo"}, {"country": "Peru", "subcountry": "Huancavelica", "geolabelid": 3939470, "label": "Huancavelica"}, {"country": "Peru", "subcountry": "Lima region", "geolabelid": 3939761, "label": "Hualmay"}, {"country": "Peru", "subcountry": "Lima region", "geolabelid": 3940002, "label": "Huacho"}, {"country": "Peru", "subcountry": "Cusco", "geolabelid": 3941584, "label": "Cusco"}, {"country": "Peru", "subcountry": "Lima region", "geolabelid": 3943423, "label": "Chosica"}, {"country": "Peru", "subcountry": "Ica", "geolabelid": 3943789, "label": "Chincha Alta"}, {"country": "Peru", "subcountry": "Pasco", "geolabelid": 3944179, "label": "Chaupimarca"}, {"country": "Peru", "subcountry": "Lima region", "geolabelid": 3944399, "label": "Chancay"}, {"country": "Peru", "subcountry": "Pasco", "geolabelid": 3944797, "label": "Cerro de Pasco"}, {"country": "Peru", "subcountry": "Arequipa", "geolabelid": 3945985, "label": "Caman\u00e1"}, {"country": "Peru", "subcountry": "Callao", "geolabelid": 3946083, "label": "Callao"}, {"country": "Peru", "subcountry": "Lima region", "geolabelid": 3946820, "label": "Barranca"}, {"country": "Peru", "subcountry": "Puno", "geolabelid": 3946985, "label": "Ayaviri"}, {"country": "Peru", "subcountry": "Ayacucho", "geolabelid": 3947019, "label": "Ayacucho"}, {"country": "Peru", "subcountry": "Arequipa", "geolabelid": 3947322, "label": "Arequipa"}, {"country": "Peru", "subcountry": "Apur\u00edmac", "geolabelid": 3947740, "label": "Andahuaylas"}, {"country": "Peru", "subcountry": "Apur\u00edmac", "geolabelid": 3948642, "label": "Abancay"}, {"country": "Peru", "subcountry": "Puno", "geolabelid": 7626291, "label": "La Rinconada"}]