[{"country": "Trinidad and Tobago", "subcountry": "Tunapuna/Piarco", "geolabelid": 3573576, "label": "Tunapuna"}, {"country": "Trinidad and Tobago", "subcountry": "Tobago", "geolabelid": 3573703, "label": "Scarborough"}, {"country": "Trinidad and Tobago", "subcountry": "Sangre Grande", "geolabelid": 3573732, "label": "Sangre Grande"}, {"country": "Trinidad and Tobago", "subcountry": "City of San Fernando", "geolabelid": 3573738, "label": "San Fernando"}, {"country": "Trinidad and Tobago", "subcountry": "Mayaro", "geolabelid": 3573840, "label": "Rio Claro"}, {"country": "Trinidad and Tobago", "subcountry": "City of Port of Spain", "geolabelid": 3573890, "label": "Port of Spain"}, {"country": "Trinidad and Tobago", "subcountry": "Point Fortin", "geolabelid": 3573899, "label": "Point Fortin"}, {"country": "Trinidad and Tobago", "subcountry": "Tunapuna/Piarco", "geolabelid": 3573989, "label": "Paradise"}, {"country": "Trinidad and Tobago", "subcountry": "City of San Fernando", "geolabelid": 3574116, "label": "Mon Repos"}, {"country": "Trinidad and Tobago", "subcountry": "City of San Fernando", "geolabelid": 3574194, "label": "Marabella"}, {"country": "Trinidad and Tobago", "subcountry": "San Juan/Laventille", "geolabelid": 3574309, "label": "Laventille"}, {"country": "Trinidad and Tobago", "subcountry": "Chaguanas", "geolabelid": 3574810, "label": "Chaguanas"}, {"country": "Trinidad and Tobago", "subcountry": "Borough of Arima", "geolabelid": 3575051, "label": "Arima"}]