[{"country": "Iran", "subcountry": "Hamad\u0101n", "geolabelid": 14256, "label": "\u0100z\u0101dshahr"}, {"country": "Iran", "subcountry": "Kerm\u0101nsh\u0101h", "geolabelid": 23814, "label": "Kahr\u012bz"}, {"country": "Iran", "subcountry": "Lorest\u0101n", "geolabelid": 24851, "label": "N\u016br\u0101b\u0101d"}, {"country": "Iran", "subcountry": "Semn\u0101n", "geolabelid": 32723, "label": "\u012astg\u0101h-e R\u0101h \u0100han-e Garms\u0101r"}, {"country": "Iran", "subcountry": "Tehr\u0101n", "geolabelid": 32767, "label": "Qarchak"}, {"country": "Iran", "subcountry": "Tehr\u0101n", "geolabelid": 32909, "label": "Shahre Jadide Andisheh"}, {"country": "Iran", "subcountry": "Zanjan", "geolabelid": 41210, "label": "Khorramdarreh"}, {"country": "Iran", "subcountry": "Kohg\u012bl\u016byeh va B\u016byer A\u1e29mad", "geolabelid": 66093, "label": "Yasuj"}, {"country": "Iran", "subcountry": "Golest\u0101n", "geolabelid": 110831, "label": "\u0100z\u0101dshahr"}, {"country": "Iran", "subcountry": "Kerman", "geolabelid": 111421, "label": "Zarand"}, {"country": "Iran", "subcountry": "Zanjan", "geolabelid": 111453, "label": "Zanj\u0101n"}, {"country": "Iran", "subcountry": "Yazd", "geolabelid": 111822, "label": "Yazd"}, {"country": "Iran", "subcountry": "Tehr\u0101n", "geolabelid": 112214, "label": "Var\u0101m\u012bn"}, {"country": "Iran", "subcountry": "Razavi Khorasan", "geolabelid": 112646, "label": "Torbat-e \u1e28eydar\u012byeh"}, {"country": "Iran", "subcountry": "M\u0101zandar\u0101n", "geolabelid": 112656, "label": "Tonek\u0101bon"}, {"country": "Iran", "subcountry": "Tehr\u0101n", "geolabelid": 112931, "label": "Tehran"}, {"country": "Iran", "subcountry": "G\u012bl\u0101n", "geolabelid": 113343, "label": "Hashtpar"}, {"country": "Iran", "subcountry": "Qazv\u012bn", "geolabelid": 113491, "label": "T\u0101kest\u0101n"}, {"country": "Iran", "subcountry": "\u0100z\u0304\u0101rb\u0101yj\u0101n-e Gharb\u012b", "geolabelid": 113508, "label": "Tak\u0101b"}, {"country": "Iran", "subcountry": "Yazd", "geolabelid": 113632, "label": "Taft"}, {"country": "Iran", "subcountry": "East Azerbaijan", "geolabelid": 113646, "label": "Tabriz"}, {"country": "Iran", "subcountry": "Yazd", "geolabelid": 113659, "label": "Tabas"}, {"country": "Iran", "subcountry": "Kerm\u0101nsh\u0101h", "geolabelid": 114049, "label": "Sonqor"}, {"country": "Iran", "subcountry": "Kerman", "geolabelid": 114259, "label": "Sirjan"}, {"country": "Iran", "subcountry": "Khuzestan", "geolabelid": 114584, "label": "Sh\u016bshtar"}, {"country": "Iran", "subcountry": "Khuzestan", "geolabelid": 114593, "label": "Sh\u016bsh"}, {"country": "Iran", "subcountry": "Khor\u0101s\u0101n-e Shom\u0101l\u012b", "geolabelid": 114930, "label": "Sh\u012brv\u0101n"}, {"country": "Iran", "subcountry": "Fars", "geolabelid": 115019, "label": "Shiraz"}, {"country": "Iran", "subcountry": "Chah\u0101r Ma\u1e29\u0101ll va Bakht\u012b\u0101r\u012b", "geolabelid": 115770, "label": "Shahr-e Kord"}, {"country": "Iran", "subcountry": "Kerman", "geolabelid": 115781, "label": "Shahr-e B\u0101bak"}, {"country": "Iran", "subcountry": "Khuzestan", "geolabelid": 116102, "label": "Sh\u0101deg\u0101n"}, {"country": "Iran", "subcountry": "Semn\u0101n", "geolabelid": 116402, "label": "Semn\u0101n"}, {"country": "Iran", "subcountry": "Isfahan", "geolabelid": 116406, "label": "Sem\u012brom"}, {"country": "Iran", "subcountry": "Markazi", "geolabelid": 116667, "label": "S\u0101veh"}, {"country": "Iran", "subcountry": "M\u0101zandar\u0101n", "geolabelid": 116996, "label": "Sari"}, {"country": "Iran", "subcountry": "Kordest\u0101n", "geolabelid": 117392, "label": "Saqqez"}, {"country": "Iran", "subcountry": "Kordest\u0101n", "geolabelid": 117574, "label": "Sanandaj"}, {"country": "Iran", "subcountry": "\u0100z\u0304\u0101rb\u0101yj\u0101n-e Gharb\u012b", "geolabelid": 117656, "label": "Salm\u0101s"}, {"country": "Iran", "subcountry": "\u0100z\u0304\u0101rb\u0101yj\u0101n-e Gharb\u012b", "geolabelid": 117793, "label": "Sh\u0101h\u012bn Dezh"}, {"country": "Iran", "subcountry": "Razavi Khorasan", "geolabelid": 118063, "label": "Sabzevar"}, {"country": "Iran", "subcountry": "G\u012bl\u0101n", "geolabelid": 118191, "label": "R\u016bdsar"}, {"country": "Iran", "subcountry": "Tehr\u0101n", "geolabelid": 118367, "label": "Rob\u0101\u0163 Kar\u012bm"}, {"country": "Iran", "subcountry": "Kerman", "geolabelid": 118704, "label": "R\u0101var"}, {"country": "Iran", "subcountry": "G\u012bl\u0101n", "geolabelid": 118743, "label": "Rasht"}, {"country": "Iran", "subcountry": "Khuzestan", "geolabelid": 118805, "label": "R\u0101msh\u012br"}, {"country": "Iran", "subcountry": "Khuzestan", "geolabelid": 118826, "label": "R\u0101mhormoz"}, {"country": "Iran", "subcountry": "Kerman", "geolabelid": 118994, "label": "Rafsanj\u0101n"}, {"country": "Iran", "subcountry": "Razavi Khorasan", "geolabelid": 119115, "label": "Q\u016bch\u0101n"}, {"country": "Iran", "subcountry": "Kordest\u0101n", "geolabelid": 119161, "label": "Qorveh"}, {"country": "Iran", "subcountry": "Qom", "geolabelid": 119208, "label": "Qom"}, {"country": "Iran", "subcountry": "Hormozgan", "geolabelid": 119374, "label": "Qeshm"}, {"country": "Iran", "subcountry": "Qazv\u012bn", "geolabelid": 119505, "label": "Qazvin"}, {"country": "Iran", "subcountry": "\u0100z\u0304\u0101rb\u0101yj\u0101n-e Gharb\u012b", "geolabelid": 119730, "label": "Qarah \u1e94\u012b\u0101\u2019 od D\u012bn"}, {"country": "Iran", "subcountry": "Chah\u0101r Ma\u1e29\u0101ll va Bakht\u012b\u0101r\u012b", "geolabelid": 120678, "label": "Farrokh Shahr"}, {"country": "Iran", "subcountry": "Khor\u0101s\u0101n-e Jon\u016bb\u012b", "geolabelid": 120694, "label": "Q\u0101\u2019en"}, {"country": "Iran", "subcountry": "Kerm\u0101nsh\u0101h", "geolabelid": 120931, "label": "Sarpol-e Z\u0304ah\u0101b"}, {"country": "Iran", "subcountry": "Tehr\u0101n", "geolabelid": 120972, "label": "P\u012bshv\u0101"}, {"country": "Iran", "subcountry": "\u0100z\u0304\u0101rb\u0101yj\u0101n-e Gharb\u012b", "geolabelid": 121110, "label": "Piranshahr"}, {"country": "Iran", "subcountry": "Kerm\u0101nsh\u0101h", "geolabelid": 121240, "label": "P\u0101veh"}, {"country": "Iran", "subcountry": "Ardab\u012bl", "geolabelid": 121380, "label": "P\u0101rs\u0101b\u0101d"}, {"country": "Iran", "subcountry": "\u0100z\u0304\u0101rb\u0101yj\u0101n-e Gharb\u012b", "geolabelid": 121795, "label": "Oshnav\u012byeh"}, {"country": "Iran", "subcountry": "\u0100z\u0304\u0101rb\u0101yj\u0101n-e Gharb\u012b", "geolabelid": 121801, "label": "Or\u016bm\u012byeh"}, {"country": "Iran", "subcountry": "Khuzestan", "geolabelid": 121861, "label": "Om\u012bd\u012byeh"}, {"country": "Iran", "subcountry": "Fars", "geolabelid": 121925, "label": "N\u016br\u0101b\u0101d"}, {"country": "Iran", "subcountry": "M\u0101zandar\u0101n", "geolabelid": 121959, "label": "Nowshahr"}, {"country": "Iran", "subcountry": "Razavi Khorasan", "geolabelid": 122285, "label": "N\u012bsh\u0101b\u016br"}, {"country": "Iran", "subcountry": "Fars", "geolabelid": 122289, "label": "Neyr\u012bz"}, {"country": "Iran", "subcountry": "M\u0101zandar\u0101n", "geolabelid": 122397, "label": "Nek\u0101"}, {"country": "Iran", "subcountry": "Alborz", "geolabelid": 122438, "label": "Naz\u0327ar\u0101b\u0101d"}, {"country": "Iran", "subcountry": "\u0100z\u0304\u0101rb\u0101yj\u0101n-e Gharb\u012b", "geolabelid": 122698, "label": "Naqadeh"}, {"country": "Iran", "subcountry": "Hamad\u0101n", "geolabelid": 122915, "label": "Nah\u0101vand"}, {"country": "Iran", "subcountry": "Hormozgan", "geolabelid": 123941, "label": "M\u012bn\u0101b"}, {"country": "Iran", "subcountry": "\u0100z\u0304\u0101rb\u0101yj\u0101n-e Gharb\u012b", "geolabelid": 124085, "label": "M\u012b\u0101ndo\u0101b"}, {"country": "Iran", "subcountry": "Yazd", "geolabelid": 124193, "label": "Meybod"}, {"country": "Iran", "subcountry": "Yazd", "geolabelid": 124274, "label": "Mahr\u012bz"}, {"country": "Iran", "subcountry": "Khuzestan", "geolabelid": 124620, "label": "Masjed Soleym\u0101n"}, {"country": "Iran", "subcountry": "Kerman", "geolabelid": 124647, "label": "Bards\u012br"}, {"country": "Iran", "subcountry": "Razavi Khorasan", "geolabelid": 124665, "label": "Mashhad"}, {"country": "Iran", "subcountry": "East Azerbaijan", "geolabelid": 124862, "label": "Marand"}, {"country": "Iran", "subcountry": "Hamad\u0101n", "geolabelid": 125185, "label": "Mal\u0101yer"}, {"country": "Iran", "subcountry": "Tehr\u0101n", "geolabelid": 125188, "label": "Mal\u0101rd"}, {"country": "Iran", "subcountry": "\u0100z\u0304\u0101rb\u0101yj\u0101n-e Gharb\u012b", "geolabelid": 125446, "label": "Mah\u0101b\u0101d"}, {"country": "Iran", "subcountry": "G\u012bl\u0101n", "geolabelid": 125897, "label": "Langar\u016bd"}, {"country": "Iran", "subcountry": "Lorest\u0101n", "geolabelid": 126409, "label": "K\u016bhdasht"}, {"country": "Iran", "subcountry": "Hormozgan", "geolabelid": 126914, "label": "K\u012bsh"}, {"country": "Iran", "subcountry": "\u0100z\u0304\u0101rb\u0101yj\u0101n-e Gharb\u012b", "geolabelid": 126972, "label": "Khvoy"}, {"country": "Iran", "subcountry": "Isfahan", "geolabelid": 127033, "label": "Khv\u0101ns\u0101r"}, {"country": "Iran", "subcountry": "Khuzestan", "geolabelid": 127319, "label": "Khorramshahr"}, {"country": "Iran", "subcountry": "Lorest\u0101n", "geolabelid": 127349, "label": "Khorramabad"}, {"country": "Iran", "subcountry": "Markazi", "geolabelid": 127403, "label": "Khomeyn"}, {"country": "Iran", "subcountry": "Ardab\u012bl", "geolabelid": 128008, "label": "Khalkh\u0101l"}, {"country": "Iran", "subcountry": "Kerm\u0101nsh\u0101h", "geolabelid": 128226, "label": "Kerm\u0101nsh\u0101h"}, {"country": "Iran", "subcountry": "Kerman", "geolabelid": 128234, "label": "Kerman"}, {"country": "Iran", "subcountry": "Fars", "geolabelid": 128321, "label": "K\u0101zer\u016bn"}, {"country": "Iran", "subcountry": "Razavi Khorasan", "geolabelid": 128447, "label": "K\u0101shmar"}, {"country": "Iran", "subcountry": "Isfahan", "geolabelid": 128477, "label": "K\u0101sh\u0101n"}, {"country": "Iran", "subcountry": "Alborz", "geolabelid": 128747, "label": "Karaj"}, {"country": "Iran", "subcountry": "Kerm\u0101nsh\u0101h", "geolabelid": 128831, "label": "Kang\u0101var"}, {"country": "Iran", "subcountry": "Kordest\u0101n", "geolabelid": 128905, "label": "K\u0101my\u0101r\u0101n"}, {"country": "Iran", "subcountry": "Golest\u0101n", "geolabelid": 129512, "label": "Kal\u0101leh"}, {"country": "Iran", "subcountry": "M\u0101zandar\u0101n", "geolabelid": 129933, "label": "J\u016byb\u0101r"}, {"country": "Iran", "subcountry": "Kerm\u0101nsh\u0101h", "geolabelid": 130245, "label": "Jav\u0101nr\u016bd"}, {"country": "Iran", "subcountry": "\u012al\u0101m", "geolabelid": 130802, "label": "\u012al\u0101m"}, {"country": "Iran", "subcountry": "Kerm\u0101nsh\u0101h", "geolabelid": 131962, "label": "Hars\u012bn"}, {"country": "Iran", "subcountry": "Hamad\u0101n", "geolabelid": 132144, "label": "Hamad\u0101n"}, {"country": "Iran", "subcountry": "Golest\u0101n", "geolabelid": 132892, "label": "Gorg\u0101n"}, {"country": "Iran", "subcountry": "Golest\u0101n", "geolabelid": 132938, "label": "Gonbad-e K\u0101v\u016bs"}, {"country": "Iran", "subcountry": "Razavi Khorasan", "geolabelid": 132961, "label": "Gon\u0101b\u0101d"}, {"country": "Iran", "subcountry": "Isfahan", "geolabelid": 133037, "label": "Golp\u0101yeg\u0101n"}, {"country": "Iran", "subcountry": "Fars", "geolabelid": 133595, "label": "Ger\u0101sh"}, {"country": "Iran", "subcountry": "Bushehr", "geolabelid": 134217, "label": "Bandar-e Gan\u0101veh"}, {"country": "Iran", "subcountry": "G\u012bl\u0101n", "geolabelid": 134441, "label": "F\u016bman"}, {"country": "Iran", "subcountry": "Fars", "geolabelid": 134518, "label": "F\u012br\u016bz\u0101b\u0101d"}, {"country": "Iran", "subcountry": "M\u0101zandar\u0101n", "geolabelid": 134602, "label": "Fereyd\u016bnken\u0101r"}, {"country": "Iran", "subcountry": "Fars", "geolabelid": 134721, "label": "Fas\u0101"}, {"country": "Iran", "subcountry": "Chah\u0101r Ma\u1e29\u0101ll va Bakht\u012b\u0101r\u012b", "geolabelid": 134762, "label": "F\u0101rs\u0101n"}, {"country": "Iran", "subcountry": "Khor\u0101s\u0101n-e Shom\u0101l\u012b", "geolabelid": 135298, "label": "Esfar\u0101yen"}, {"country": "Iran", "subcountry": "Semn\u0101n", "geolabelid": 135423, "label": "Shahrud"}, {"country": "Iran", "subcountry": "Kohg\u012bl\u016byeh va B\u016byer A\u1e29mad", "geolabelid": 136014, "label": "Dogonbadan"}, {"country": "Iran", "subcountry": "Markazi", "geolabelid": 136399, "label": "Del\u012bj\u0101n"}, {"country": "Iran", "subcountry": "\u012al\u0101m", "geolabelid": 136702, "label": "Dehlor\u0101n"}, {"country": "Iran", "subcountry": "Kohg\u012bl\u016byeh va B\u016byer A\u1e29mad", "geolabelid": 136987, "label": "Dehdasht"}, {"country": "Iran", "subcountry": "Khuzestan", "geolabelid": 137268, "label": "S\u016bsangerd"}, {"country": "Iran", "subcountry": "\u012al\u0101m", "geolabelid": 137436, "label": "Darreh Shahr"}, {"country": "Iran", "subcountry": "Fars", "geolabelid": 137956, "label": "D\u0101r\u0101b"}, {"country": "Iran", "subcountry": "Semn\u0101n", "geolabelid": 138025, "label": "D\u0101mgh\u0101n"}, {"country": "Iran", "subcountry": "Tehr\u0101n", "geolabelid": 138042, "label": "Dam\u0101vand"}, {"country": "Iran", "subcountry": "Razavi Khorasan", "geolabelid": 138742, "label": "Chen\u0101r\u0101n"}, {"country": "Iran", "subcountry": "M\u0101zandar\u0101n", "geolabelid": 139223, "label": "Ch\u0101l\u016bs"}, {"country": "Iran", "subcountry": "Bushehr", "geolabelid": 139817, "label": "Bandar-e B\u016bshehr"}, {"country": "Iran", "subcountry": "\u0100z\u0304\u0101rb\u0101yj\u0101n-e Gharb\u012b", "geolabelid": 139889, "label": "B\u016bk\u0101n"}, {"country": "Iran", "subcountry": "Lorest\u0101n", "geolabelid": 140044, "label": "Bor\u016bjerd"}, {"country": "Iran", "subcountry": "Chah\u0101r Ma\u1e29\u0101ll va Bakht\u012b\u0101r\u012b", "geolabelid": 140046, "label": "Bor\u016bjen"}, {"country": "Iran", "subcountry": "Bushehr", "geolabelid": 140097, "label": "Bor\u0101zj\u0101n"}, {"country": "Iran", "subcountry": "Khor\u0101s\u0101n-e Shom\u0101l\u012b", "geolabelid": 140380, "label": "Bojn\u016brd"}, {"country": "Iran", "subcountry": "Khor\u0101s\u0101n-e Jon\u016bb\u012b", "geolabelid": 140463, "label": "B\u012brjand"}, {"country": "Iran", "subcountry": "Kordest\u0101n", "geolabelid": 140521, "label": "B\u012bj\u0101r"}, {"country": "Iran", "subcountry": "East Azerbaijan", "geolabelid": 140889, "label": "Bon\u0101b"}, {"country": "Iran", "subcountry": "M\u0101zandar\u0101n", "geolabelid": 140918, "label": "Behshahr"}, {"country": "Iran", "subcountry": "Khuzestan", "geolabelid": 140951, "label": "Behbah\u0101n"}, {"country": "Iran", "subcountry": "Kordest\u0101n", "geolabelid": 141584, "label": "B\u0101neh"}, {"country": "Iran", "subcountry": "Hormozgan", "geolabelid": 141665, "label": "Bandar-e Lengeh"}, {"country": "Iran", "subcountry": "G\u012bl\u0101n", "geolabelid": 141679, "label": "Bandar-e Anzal\u012b"}, {"country": "Iran", "subcountry": "Hormozgan", "geolabelid": 141681, "label": "Bandar \u2018Abb\u0101s"}, {"country": "Iran", "subcountry": "Kerman", "geolabelid": 141736, "label": "Bam"}, {"country": "Iran", "subcountry": "Hamad\u0101n", "geolabelid": 142000, "label": "Bah\u0101r"}, {"country": "Iran", "subcountry": "Yazd", "geolabelid": 142255, "label": "B\u0101fq"}, {"country": "Iran", "subcountry": "M\u0101zandar\u0101n", "geolabelid": 142358, "label": "B\u0101bolsar"}, {"country": "Iran", "subcountry": "M\u0101zandar\u0101n", "geolabelid": 142363, "label": "B\u0101bol"}, {"country": "Iran", "subcountry": "Lorest\u0101n", "geolabelid": 142496, "label": "Azn\u0101"}, {"country": "Iran", "subcountry": "East Azerbaijan", "geolabelid": 142554, "label": "Hashtr\u016bd"}, {"country": "Iran", "subcountry": "G\u012bl\u0101n", "geolabelid": 142676, "label": "\u0100st\u0101r\u0101"}, {"country": "Iran", "subcountry": "G\u012bl\u0101n", "geolabelid": 142679, "label": "\u0100st\u0101neh-ye Ashraf\u012byeh"}, {"country": "Iran", "subcountry": "Hamad\u0101n", "geolabelid": 142872, "label": "Asad\u0101b\u0101d"}, {"country": "Iran", "subcountry": "Isfahan", "geolabelid": 143052, "label": "Ardest\u0101n"}, {"country": "Iran", "subcountry": "Yazd", "geolabelid": 143073, "label": "Ardak\u0101n"}, {"country": "Iran", "subcountry": "Ardab\u012bl", "geolabelid": 143083, "label": "Ardab\u012bl"}, {"country": "Iran", "subcountry": "Markazi", "geolabelid": 143127, "label": "Ar\u0101k"}, {"country": "Iran", "subcountry": "M\u0101zandar\u0101n", "geolabelid": 143534, "label": "\u0100mol"}, {"country": "Iran", "subcountry": "Zanjan", "geolabelid": 143748, "label": "Alvand"}, {"country": "Iran", "subcountry": "Tehr\u0101n", "geolabelid": 143860, "label": "Shahr\u012b\u0101r"}, {"country": "Iran", "subcountry": "Lorest\u0101n", "geolabelid": 143921, "label": "Al\u012bg\u016bdarz"}, {"country": "Iran", "subcountry": "Lorest\u0101n", "geolabelid": 144269, "label": "Aleshtar"}, {"country": "Iran", "subcountry": "Fars", "geolabelid": 144410, "label": "Akbar\u0101b\u0101d"}, {"country": "Iran", "subcountry": "East Azerbaijan", "geolabelid": 144443, "label": "\u2018Ajab Sh\u012br"}, {"country": "Iran", "subcountry": "Khuzestan", "geolabelid": 144448, "label": "Ahvaz"}, {"country": "Iran", "subcountry": "East Azerbaijan", "geolabelid": 144616, "label": "Ahar"}, {"country": "Iran", "subcountry": "Khuzestan", "geolabelid": 144696, "label": "Aghajari"}, {"country": "Iran", "subcountry": "Markazi", "geolabelid": 144794, "label": "\u0100byek"}, {"country": "Iran", "subcountry": "Zanjan", "geolabelid": 145034, "label": "Abhar"}, {"country": "Iran", "subcountry": "\u012al\u0101m", "geolabelid": 145233, "label": "\u0100bd\u0101n\u0101n"}, {"country": "Iran", "subcountry": "Fars", "geolabelid": 145449, "label": "\u0100b\u0101deh"}, {"country": "Iran", "subcountry": "Khuzestan", "geolabelid": 145459, "label": "Abadan"}, {"country": "Iran", "subcountry": "Tehr\u0101n", "geolabelid": 406993, "label": "Eqb\u0101l\u012byeh"}, {"country": "Iran", "subcountry": "Isfahan", "geolabelid": 417594, "label": "Sh\u0101hre\u1e95\u0101"}, {"country": "Iran", "subcountry": "Isfahan", "geolabelid": 418521, "label": "Rehn\u0101n"}, {"country": "Iran", "subcountry": "Isfahan", "geolabelid": 418571, "label": "Qahder\u012bj\u0101n"}, {"country": "Iran", "subcountry": "Isfahan", "geolabelid": 418606, "label": "Najaf\u0101b\u0101d"}, {"country": "Iran", "subcountry": "Isfahan", "geolabelid": 418710, "label": "Khomeyn\u012b Shahr"}, {"country": "Iran", "subcountry": "Isfahan", "geolabelid": 418723, "label": "Kel\u012bsh\u0101d va S\u016bdarj\u0101n"}, {"country": "Iran", "subcountry": "Isfahan", "geolabelid": 418851, "label": "Fal\u0101varj\u0101n"}, {"country": "Iran", "subcountry": "Isfahan", "geolabelid": 418863, "label": "Isfahan"}, {"country": "Iran", "subcountry": "Isfahan", "geolabelid": 418868, "label": "Dowlat\u0101b\u0101d"}, {"country": "Iran", "subcountry": "Isfahan", "geolabelid": 418896, "label": "Dorcheh P\u012b\u0101z"}, {"country": "Iran", "subcountry": "Sistan and Baluchestan", "geolabelid": 1113217, "label": "Z\u0101bol"}, {"country": "Iran", "subcountry": "Sistan and Baluchestan", "geolabelid": 1159301, "label": "Zahedan"}, {"country": "Iran", "subcountry": "Razavi Khorasan", "geolabelid": 1159362, "label": "Torbat-e J\u0101m"}, {"country": "Iran", "subcountry": "Razavi Khorasan", "geolabelid": 1159384, "label": "T\u0101yb\u0101d"}, {"country": "Iran", "subcountry": "Razavi Khorasan", "geolabelid": 1159716, "label": "Sarakhs"}, {"country": "Iran", "subcountry": "Sistan and Baluchestan", "geolabelid": 1159877, "label": "Qa\u015fr-e Qand"}, {"country": "Iran", "subcountry": "Sistan and Baluchestan", "geolabelid": 1160571, "label": "Kh\u0101sh"}, {"country": "Iran", "subcountry": "Sistan and Baluchestan", "geolabelid": 1160939, "label": "\u012ar\u0101nshahr"}, {"country": "Iran", "subcountry": "Sistan and Baluchestan", "geolabelid": 1161724, "label": "Chabahar"}, {"country": "Iran", "subcountry": "Semn\u0101n", "geolabelid": 7100777, "label": "Mahdishahr"}, {"country": "Iran", "subcountry": "Hamad\u0101n", "geolabelid": 10630176, "label": "Pasragad Branch"}]