[{"country": "Romania", "subcountry": "Teleorman", "geolabelid": 662187, "label": "Zimnicea"}, {"country": "Romania", "subcountry": "Bra\u015fov", "geolabelid": 662284, "label": "Z\u0103rne\u0219ti"}, {"country": "Romania", "subcountry": "S\u0103laj", "geolabelid": 662334, "label": "Zal\u0103u"}, {"country": "Romania", "subcountry": "Hunedoara", "geolabelid": 662432, "label": "Vulcan"}, {"country": "Romania", "subcountry": "Ilfov", "geolabelid": 662476, "label": "Voluntari"}, {"country": "Romania", "subcountry": "Maramure\u015f", "geolabelid": 662699, "label": "Vi\u015feu de Sus"}, {"country": "Romania", "subcountry": "Suceava", "geolabelid": 663100, "label": "Vatra Dornei"}, {"country": "Romania", "subcountry": "Vaslui", "geolabelid": 663118, "label": "Vaslui"}, {"country": "Romania", "subcountry": "Ialomi\u0163a", "geolabelid": 664074, "label": "Urziceni"}, {"country": "Romania", "subcountry": "Teleorman", "geolabelid": 664437, "label": "Turnu M\u0103gurele"}, {"country": "Romania", "subcountry": "Cluj", "geolabelid": 664460, "label": "Turda"}, {"country": "Romania", "subcountry": "Tulcea", "geolabelid": 664518, "label": "Tulcea"}, {"country": "Romania", "subcountry": "Mure\u015f", "geolabelid": 664963, "label": "T\u00e2rn\u0103veni"}, {"country": "Romania", "subcountry": "Covasna", "geolabelid": 665000, "label": "T\u00e2rgu Secuiesc"}, {"country": "Romania", "subcountry": "Neam\u0163", "geolabelid": 665003, "label": "T\u00e2rgu Neam\u0163"}, {"country": "Romania", "subcountry": "Mure\u015f", "geolabelid": 665004, "label": "T\u00e2rgu-Mure\u015f"}, {"country": "Romania", "subcountry": "Gorj", "geolabelid": 665010, "label": "T\u00e2rgu Jiu"}, {"country": "Romania", "subcountry": "D\u00e2mbovi\u0163a", "geolabelid": 665024, "label": "T\u00e2rgovi\u015fte"}, {"country": "Romania", "subcountry": "Timi\u015f", "geolabelid": 665087, "label": "Timi\u015foara"}, {"country": "Romania", "subcountry": "Gala\u0163i", "geolabelid": 665355, "label": "Tecuci"}, {"country": "Romania", "subcountry": "Suceava", "geolabelid": 665850, "label": "Suceava"}, {"country": "Romania", "subcountry": "Olt", "geolabelid": 666767, "label": "Slatina"}, {"country": "Romania", "subcountry": "S\u0103laj", "geolabelid": 667101, "label": "\u015eimleu Silvaniei"}, {"country": "Romania", "subcountry": "Maramure\u015f", "geolabelid": 667227, "label": "Sighetu Marma\u0163iei"}, {"country": "Romania", "subcountry": "Sibiu", "geolabelid": 667268, "label": "Sibiu"}, {"country": "Romania", "subcountry": "Covasna", "geolabelid": 667303, "label": "Sf\u00e2ntu-Gheorghe"}, {"country": "Romania", "subcountry": "Alba", "geolabelid": 667526, "label": "Sebe\u015f"}, {"country": "Romania", "subcountry": "Satu Mare", "geolabelid": 667873, "label": "Satu Mare"}, {"country": "Romania", "subcountry": "Bihor", "geolabelid": 668129, "label": "Salonta"}, {"country": "Romania", "subcountry": "Bra\u015fov", "geolabelid": 668314, "label": "S\u0103cele"}, {"country": "Romania", "subcountry": "Teleorman", "geolabelid": 668605, "label": "Ro\u0219iorii de Vede"}, {"country": "Romania", "subcountry": "Neam\u0163", "geolabelid": 668732, "label": "Roman"}, {"country": "Romania", "subcountry": "Bra\u015fov", "geolabelid": 668828, "label": "R\u00e2\u015fnov"}, {"country": "Romania", "subcountry": "V\u00e2lcea", "geolabelid": 668872, "label": "R\u00e2mnicu V\u00e2lcea"}, {"country": "Romania", "subcountry": "Buz\u0103u", "geolabelid": 668873, "label": "R\u00e2mnicu S\u0103rat"}, {"country": "Romania", "subcountry": "Cara\u015f-Severin", "geolabelid": 668954, "label": "Re\u015fi\u0163a"}, {"country": "Romania", "subcountry": "Mure\u015f", "geolabelid": 668995, "label": "Reghin-Sat"}, {"country": "Romania", "subcountry": "Suceava", "geolabelid": 669289, "label": "R\u0103d\u0103u\u021bi"}, {"country": "Romania", "subcountry": "Ilfov", "geolabelid": 669870, "label": "Pope\u015fti-Leordeni"}, {"country": "Romania", "subcountry": "Prahova", "geolabelid": 670474, "label": "Ploie\u015fti"}, {"country": "Romania", "subcountry": "Arge\u015f", "geolabelid": 670609, "label": "Pite\u015fti"}, {"country": "Romania", "subcountry": "Neam\u0163", "geolabelid": 670889, "label": "Piatra Neam\u0163"}, {"country": "Romania", "subcountry": "Hunedoara", "geolabelid": 670938, "label": "Petro\u015fani"}, {"country": "Romania", "subcountry": "Hunedoara", "geolabelid": 670969, "label": "Petrila"}, {"country": "Romania", "subcountry": "Ilfov", "geolabelid": 671382, "label": "Pantelimon"}, {"country": "Romania", "subcountry": "Hunedoara", "geolabelid": 671757, "label": "Or\u0103\u015ftie"}, {"country": "Romania", "subcountry": "Bihor", "geolabelid": 671768, "label": "Oradea"}, {"country": "Romania", "subcountry": "C\u0103l\u0103ra\u015fi", "geolabelid": 671832, "label": "Olteni\u0163a"}, {"country": "Romania", "subcountry": "Harghita", "geolabelid": 671964, "label": "Odorheiu Secuiesc"}, {"country": "Romania", "subcountry": "Alba", "geolabelid": 672024, "label": "Ocna Mure\u015f"}, {"country": "Romania", "subcountry": "Constan\u021ba", "geolabelid": 672486, "label": "N\u0103vodari"}, {"country": "Romania", "subcountry": "Gorj", "geolabelid": 672757, "label": "Motru"}, {"country": "Romania", "subcountry": "D\u00e2mbovi\u0163a", "geolabelid": 672862, "label": "Moreni"}, {"country": "Romania", "subcountry": "Bac\u0103u", "geolabelid": 672926, "label": "Moine\u015fti"}, {"country": "Romania", "subcountry": "Prahova", "geolabelid": 673033, "label": "Mizil"}, {"country": "Romania", "subcountry": "Harghita", "geolabelid": 673441, "label": "Miercurea-Ciuc"}, {"country": "Romania", "subcountry": "Sibiu", "geolabelid": 673634, "label": "Media\u015f"}, {"country": "Romania", "subcountry": "Constan\u021ba", "geolabelid": 673636, "label": "Medgidia"}, {"country": "Romania", "subcountry": "Constan\u021ba", "geolabelid": 673921, "label": "Mangalia"}, {"country": "Romania", "subcountry": "Hunedoara", "geolabelid": 674295, "label": "Lupeni"}, {"country": "Romania", "subcountry": "Timi\u015f", "geolabelid": 674531, "label": "Lugoj"}, {"country": "Romania", "subcountry": "Mure\u015f", "geolabelid": 674541, "label": "Ludu\u015f"}, {"country": "Romania", "subcountry": "Ia\u015fi", "geolabelid": 675810, "label": "Ia\u015fi"}, {"country": "Romania", "subcountry": "Vaslui", "geolabelid": 675892, "label": "Hu\u015fi"}, {"country": "Romania", "subcountry": "Hunedoara", "geolabelid": 675918, "label": "Hunedoara"}, {"country": "Romania", "subcountry": "Suceava", "geolabelid": 676527, "label": "Gura Humorului"}, {"country": "Romania", "subcountry": "Giurgiu", "geolabelid": 677106, "label": "Giurgiu"}, {"country": "Romania", "subcountry": "Cluj", "geolabelid": 677429, "label": "Gherla"}, {"country": "Romania", "subcountry": "Harghita", "geolabelid": 677458, "label": "Gheorgheni"}, {"country": "Romania", "subcountry": "Gala\u0163i", "geolabelid": 677697, "label": "Gala\u0163i"}, {"country": "Romania", "subcountry": "D\u00e2mbovi\u0163a", "geolabelid": 677742, "label": "G\u0103e\u015fti"}, {"country": "Romania", "subcountry": "Vrancea", "geolabelid": 678015, "label": "Foc\u0219ani"}, {"country": "Romania", "subcountry": "Dolj", "geolabelid": 678261, "label": "Filia\u015fi"}, {"country": "Romania", "subcountry": "Ialomi\u0163a", "geolabelid": 678301, "label": "Fete\u0219ti-Gar\u0103"}, {"country": "Romania", "subcountry": "Ialomi\u0163a", "geolabelid": 678306, "label": "Fete\u015fti"}, {"country": "Romania", "subcountry": "Suceava", "geolabelid": 678459, "label": "F\u0103lticeni"}, {"country": "Romania", "subcountry": "Bra\u015fov", "geolabelid": 678499, "label": "F\u0103g\u0103ra\u0219"}, {"country": "Romania", "subcountry": "Mehedin\u0163i", "geolabelid": 678817, "label": "Drobeta-Turnu Severin"}, {"country": "Romania", "subcountry": "V\u00e2lcea", "geolabelid": 678978, "label": "Dr\u0103g\u0103\u015fani"}, {"country": "Romania", "subcountry": "Boto\u015fani", "geolabelid": 679065, "label": "Dorohoi"}, {"country": "Romania", "subcountry": "Hunedoara", "geolabelid": 679452, "label": "Deva"}, {"country": "Romania", "subcountry": "Cluj", "geolabelid": 679550, "label": "Dej"}, {"country": "Romania", "subcountry": "Arge\u015f", "geolabelid": 679907, "label": "Curtea de Arge\u015f"}, {"country": "Romania", "subcountry": "Alba", "geolabelid": 679995, "label": "Cugir"}, {"country": "Romania", "subcountry": "Dolj", "geolabelid": 680332, "label": "Craiova"}, {"country": "Romania", "subcountry": "Olt", "geolabelid": 680897, "label": "Corabia"}, {"country": "Romania", "subcountry": "Constan\u021ba", "geolabelid": 680963, "label": "Constan\u0163a"}, {"country": "Romania", "subcountry": "Bac\u0103u", "geolabelid": 681017, "label": "Com\u0103ne\u015fti"}, {"country": "Romania", "subcountry": "Bra\u015fov", "geolabelid": 681179, "label": "Codlea"}, {"country": "Romania", "subcountry": "Cluj", "geolabelid": 681290, "label": "Cluj-Napoca"}, {"country": "Romania", "subcountry": "Sibiu", "geolabelid": 681502, "label": "Cisn\u0103die"}, {"country": "Romania", "subcountry": "Suceava", "geolabelid": 681845, "label": "C\u00e2mpulung Moldovenesc"}, {"country": "Romania", "subcountry": "Prahova", "geolabelid": 681862, "label": "C\u00e2mpina"}, {"country": "Romania", "subcountry": "Cluj", "geolabelid": 681865, "label": "C\u00e2mpia Turzii"}, {"country": "Romania", "subcountry": "Constan\u021ba", "geolabelid": 682321, "label": "Cernavod\u0103"}, {"country": "Romania", "subcountry": "Satu Mare", "geolabelid": 682685, "label": "Carei"}, {"country": "Romania", "subcountry": "Cara\u015f-Severin", "geolabelid": 682729, "label": "Caransebe\u015f"}, {"country": "Romania", "subcountry": "Olt", "geolabelid": 682747, "label": "Caracal"}, {"country": "Romania", "subcountry": "Dolj", "geolabelid": 683034, "label": "Calafat"}, {"country": "Romania", "subcountry": "Buz\u0103u", "geolabelid": 683123, "label": "Buz\u0103u"}, {"country": "Romania", "subcountry": "Bac\u0103u", "geolabelid": 683365, "label": "Buhu\u015fi"}, {"country": "Romania", "subcountry": "Ilfov", "geolabelid": 683394, "label": "Buftea"}, {"country": "Romania", "subcountry": "Bucure\u015fti", "geolabelid": 683506, "label": "Bucharest"}, {"country": "Romania", "subcountry": "Prahova", "geolabelid": 683760, "label": "Breaza"}, {"country": "Romania", "subcountry": "Bra\u015fov", "geolabelid": 683844, "label": "Bra\u015fov"}, {"country": "Romania", "subcountry": "Br\u0103ila", "geolabelid": 683902, "label": "Br\u0103ila"}, {"country": "Romania", "subcountry": "Hunedoara", "geolabelid": 683974, "label": "Brad"}, {"country": "Romania", "subcountry": "Boto\u015fani", "geolabelid": 684039, "label": "Boto\u015fani"}, {"country": "Romania", "subcountry": "Maramure\u015f", "geolabelid": 684156, "label": "Bor\u015fa"}, {"country": "Romania", "subcountry": "Cara\u015f-Severin", "geolabelid": 684490, "label": "Boc\u015fa"}, {"country": "Romania", "subcountry": "Alba", "geolabelid": 684612, "label": "Blaj"}, {"country": "Romania", "subcountry": "Bistri\u0163a-N\u0103s\u0103ud", "geolabelid": 684657, "label": "Bistri\u0163a"}, {"country": "Romania", "subcountry": "Vaslui", "geolabelid": 684802, "label": "B\u00e2rlad"}, {"country": "Romania", "subcountry": "Olt", "geolabelid": 685586, "label": "Bal\u015f"}, {"country": "Romania", "subcountry": "Dolj", "geolabelid": 685785, "label": "B\u0103ile\u015fti"}, {"country": "Romania", "subcountry": "Prahova", "geolabelid": 685811, "label": "B\u0103icoi"}, {"country": "Romania", "subcountry": "Maramure\u015f", "geolabelid": 685823, "label": "Baia Sprie"}, {"country": "Romania", "subcountry": "Maramure\u015f", "geolabelid": 685826, "label": "Baia Mare"}, {"country": "Romania", "subcountry": "Bac\u0103u", "geolabelid": 685948, "label": "Bac\u0103u"}, {"country": "Romania", "subcountry": "Arad", "geolabelid": 686254, "label": "Arad"}, {"country": "Romania", "subcountry": "Teleorman", "geolabelid": 686502, "label": "Alexandria"}, {"country": "Romania", "subcountry": "Alba", "geolabelid": 686578, "label": "Alba Iulia"}, {"country": "Romania", "subcountry": "Alba", "geolabelid": 686590, "label": "Aiud"}, {"country": "Romania", "subcountry": "Vrancea", "geolabelid": 686669, "label": "Adjud"}, {"country": "Romania", "subcountry": "Satu Mare", "geolabelid": 6697993, "label": "Baia Mare"}, {"country": "Romania", "subcountry": "Ia\u015fi", "geolabelid": 6945426, "label": "Pa\u015fcani"}, {"country": "Romania", "subcountry": "Arge\u015f", "geolabelid": 7733099, "label": "Mioveni"}, {"country": "Romania", "subcountry": "Mure\u015f", "geolabelid": 8436351, "label": "Sighi\u0219oara"}, {"country": "Romania", "subcountry": "Ialomi\u0163a", "geolabelid": 8581467, "label": "Slobozia"}, {"country": "Romania", "subcountry": "Bucure\u015fti", "geolabelid": 11048317, "label": "Sector 1"}, {"country": "Romania", "subcountry": "Bucure\u015fti", "geolabelid": 11048318, "label": "Sector 2"}, {"country": "Romania", "subcountry": "Bucure\u015fti", "geolabelid": 11048319, "label": "Sector 3"}, {"country": "Romania", "subcountry": "Bucure\u015fti", "geolabelid": 11048320, "label": "Sector 4"}, {"country": "Romania", "subcountry": "Bucure\u015fti", "geolabelid": 11048322, "label": "Sector 5"}, {"country": "Romania", "subcountry": "Bucure\u015fti", "geolabelid": 11048323, "label": "Sector 6"}]