[{"country": "Thailand", "subcountry": "Phuket", "geolabelid": 1117652, "label": "Ban Talat Yai"}, {"country": "Thailand", "subcountry": "Phuket", "geolabelid": 1117656, "label": "Ban Talat Nua"}, {"country": "Thailand", "subcountry": "Prachuap Khiri Khan", "geolabelid": 1117823, "label": "Sam Roi Yot"}, {"country": "Thailand", "subcountry": "Phetchaburi", "geolabelid": 1149698, "label": "Phetchaburi"}, {"country": "Thailand", "subcountry": "Trang", "geolabelid": 1150007, "label": "Trang"}, {"country": "Thailand", "subcountry": "Nakhon Si Thammarat", "geolabelid": 1150085, "label": "Thung Song"}, {"country": "Thailand", "subcountry": "Lampang", "geolabelid": 1150154, "label": "Thoen"}, {"country": "Thailand", "subcountry": "Uthai Thani", "geolabelid": 1150210, "label": "Thap Than"}, {"country": "Thailand", "subcountry": "Kanchanaburi", "geolabelid": 1150246, "label": "Tha Muang"}, {"country": "Thailand", "subcountry": "Kanchanaburi", "geolabelid": 1150275, "label": "Tha Maka"}, {"country": "Thailand", "subcountry": "Tak", "geolabelid": 1150490, "label": "Tak"}, {"country": "Thailand", "subcountry": "Surat Thani", "geolabelid": 1150515, "label": "Surat Thani"}, {"country": "Thailand", "subcountry": "Sukhothai", "geolabelid": 1150533, "label": "Sukhothai"}, {"country": "Thailand", "subcountry": "Sukhothai", "geolabelid": 1150624, "label": "Si Satchanalai"}, {"country": "Thailand", "subcountry": "Sukhothai", "geolabelid": 1150681, "label": "Sawankhalok"}, {"country": "Thailand", "subcountry": "Chiang Mai", "geolabelid": 1150728, "label": "San Pa Tong"}, {"country": "Thailand", "subcountry": "Chiang Mai", "geolabelid": 1150732, "label": "San Kamphaeng"}, {"country": "Thailand", "subcountry": "Nakhon Si Thammarat", "geolabelid": 1150921, "label": "Ron Phibun"}, {"country": "Thailand", "subcountry": "Ratchaburi", "geolabelid": 1150954, "label": "Ratchaburi"}, {"country": "Thailand", "subcountry": "Ranong", "geolabelid": 1150965, "label": "Ranong"}, {"country": "Thailand", "subcountry": "Prachuap Khiri Khan", "geolabelid": 1151063, "label": "Pran Buri"}, {"country": "Thailand", "subcountry": "Prachuap Khiri Khan", "geolabelid": 1151074, "label": "Prachuap Khiri Khan"}, {"country": "Thailand", "subcountry": "Surat Thani", "geolabelid": 1151211, "label": "Phunphin"}, {"country": "Thailand", "subcountry": "Phuket", "geolabelid": 1151254, "label": "Phuket"}, {"country": "Thailand", "subcountry": "Ratchaburi", "geolabelid": 1151340, "label": "Photharam"}, {"country": "Thailand", "subcountry": "Phayao", "geolabelid": 1151426, "label": "Phayao"}, {"country": "Thailand", "subcountry": "Lamphun", "geolabelid": 1151528, "label": "Pa Sang"}, {"country": "Thailand", "subcountry": "Nakhon Si Thammarat", "geolabelid": 1151933, "label": "Nakhon Si Thammarat"}, {"country": "Thailand", "subcountry": "Tak", "geolabelid": 1152188, "label": "Mae Sot"}, {"country": "Thailand", "subcountry": "Chiang Rai", "geolabelid": 1152194, "label": "Mae Sai"}, {"country": "Thailand", "subcountry": "Tak", "geolabelid": 1152202, "label": "Mae Ramat"}, {"country": "Thailand", "subcountry": "Chiang Rai", "geolabelid": 1152227, "label": "Mae Chan"}, {"country": "Thailand", "subcountry": "Nakhon Sawan", "geolabelid": 1152377, "label": "Lat Yao"}, {"country": "Thailand", "subcountry": "Chumphon", "geolabelid": 1152432, "label": "Lang Suan"}, {"country": "Thailand", "subcountry": "Lamphun", "geolabelid": 1152468, "label": "Lamphun"}, {"country": "Thailand", "subcountry": "Lampang", "geolabelid": 1152473, "label": "Lampang"}, {"country": "Thailand", "subcountry": "Prachuap Khiri Khan", "geolabelid": 1152562, "label": "Kui Buri"}, {"country": "Thailand", "subcountry": "Krabi", "geolabelid": 1152633, "label": "Krabi"}, {"country": "Thailand", "subcountry": "Phetchaburi", "geolabelid": 1152919, "label": "Khao Yoi"}, {"country": "Thailand", "subcountry": "Kamphaeng Phet", "geolabelid": 1152953, "label": "Khanu Woralaksaburi"}, {"country": "Thailand", "subcountry": "Phuket", "geolabelid": 1153035, "label": "Kathu"}, {"country": "Thailand", "subcountry": "Kanchanaburi", "geolabelid": 1153081, "label": "Kanchanaburi"}, {"country": "Thailand", "subcountry": "Kamphaeng Phet", "geolabelid": 1153090, "label": "Kamphaeng Phet"}, {"country": "Thailand", "subcountry": "Trang", "geolabelid": 1153241, "label": "Huai Yot"}, {"country": "Thailand", "subcountry": "Prachuap Khiri Khan", "geolabelid": 1153269, "label": "Hua Hin"}, {"country": "Thailand", "subcountry": "Chiang Mai", "geolabelid": 1153386, "label": "Hang Dong"}, {"country": "Thailand", "subcountry": "Phayao", "geolabelid": 1153464, "label": "Dok Kham Tai"}, {"country": "Thailand", "subcountry": "Ratchaburi", "geolabelid": 1153513, "label": "Damnoen Saduak"}, {"country": "Thailand", "subcountry": "Chumphon", "geolabelid": 1153557, "label": "Chumphon"}, {"country": "Thailand", "subcountry": "Ratchaburi", "geolabelid": 1153646, "label": "Chom Bueng"}, {"country": "Thailand", "subcountry": "Chiang Rai", "geolabelid": 1153669, "label": "Chiang Rai"}, {"country": "Thailand", "subcountry": "Chiang Mai", "geolabelid": 1153671, "label": "Chiang Mai"}, {"country": "Thailand", "subcountry": "Phetchaburi", "geolabelid": 1153807, "label": "Cha-am"}, {"country": "Thailand", "subcountry": "Kanchanaburi", "geolabelid": 1153850, "label": "Bo Phloi"}, {"country": "Thailand", "subcountry": "Tak", "geolabelid": 1154677, "label": "Ban Tak"}, {"country": "Thailand", "subcountry": "Surat Thani", "geolabelid": 1154689, "label": "Ko Samui"}, {"country": "Thailand", "subcountry": "Ratchaburi", "geolabelid": 1155139, "label": "Ban Pong"}, {"country": "Thailand", "subcountry": "Surat Thani", "geolabelid": 1156046, "label": "Ban Na San"}, {"country": "Thailand", "subcountry": "Sukhothai", "geolabelid": 1156257, "label": "Ban Na"}, {"country": "Thailand", "subcountry": "Prachuap Khiri Khan", "geolabelid": 1157662, "label": "Bang Saphan"}, {"country": "Thailand", "subcountry": "Ratchaburi", "geolabelid": 1157683, "label": "Bang Phae"}, {"country": "Thailand", "subcountry": "Kalasin", "geolabelid": 1595679, "label": "Nong Kung Si"}, {"country": "Thailand", "subcountry": "Changwat Udon Thani", "geolabelid": 1599640, "label": "Ban Nong Wua So"}, {"country": "Thailand", "subcountry": "Songkhla", "geolabelid": 1601579, "label": "Ban Mai"}, {"country": "Thailand", "subcountry": "Nakhon Ratchasima", "geolabelid": 1603235, "label": "Ban Huai Thalaeng"}, {"country": "Thailand", "subcountry": "Samut Prakan", "geolabelid": 1604452, "label": "Ban Khlong Bang Sao Thong"}, {"country": "Thailand", "subcountry": "Changwat Nong Bua Lamphu", "geolabelid": 1604654, "label": "Na Klang"}, {"country": "Thailand", "subcountry": "Yasothon", "geolabelid": 1604769, "label": "Yasothon"}, {"country": "Thailand", "subcountry": "Pattani", "geolabelid": 1604771, "label": "Yaring"}, {"country": "Thailand", "subcountry": "Yala", "geolabelid": 1604870, "label": "Yala"}, {"country": "Thailand", "subcountry": "Ang Thong", "geolabelid": 1605018, "label": "Wiset Chaichan"}, {"country": "Thailand", "subcountry": "Phetchabun", "geolabelid": 1605024, "label": "Wichian Buri"}, {"country": "Thailand", "subcountry": "Changwat Ubon Ratchathani", "geolabelid": 1605069, "label": "Warin Chamrap"}, {"country": "Thailand", "subcountry": "Loei", "geolabelid": 1605102, "label": "Wang Saphung"}, {"country": "Thailand", "subcountry": "Phra Nakhon Si Ayutthaya", "geolabelid": 1605118, "label": "Wang Noi"}, {"country": "Thailand", "subcountry": "Sa Kaeo", "geolabelid": 1605119, "label": "Wang Nam Yen"}, {"country": "Thailand", "subcountry": "Uttaradit", "geolabelid": 1605215, "label": "Uttaradit"}, {"country": "Thailand", "subcountry": "Uthai Thani", "geolabelid": 1605221, "label": "Uthai Thani"}, {"country": "Thailand", "subcountry": "Changwat Udon Thani", "geolabelid": 1605239, "label": "Udon Thani"}, {"country": "Thailand", "subcountry": "Changwat Ubon Ratchathani", "geolabelid": 1605245, "label": "Ubon Ratchathani"}, {"country": "Thailand", "subcountry": "Trat", "geolabelid": 1605279, "label": "Trat"}, {"country": "Thailand", "subcountry": "Phetchaburi", "geolabelid": 1605467, "label": "Tha Yang"}, {"country": "Thailand", "subcountry": "Phra Nakhon Si Ayutthaya", "geolabelid": 1605509, "label": "Tha Ruea"}, {"country": "Thailand", "subcountry": "Phichit", "geolabelid": 1605538, "label": "Thap Khlo"}, {"country": "Thailand", "subcountry": "Chanthaburi", "geolabelid": 1605601, "label": "Tha Mai"}, {"country": "Thailand", "subcountry": "Nong Khai", "geolabelid": 1605677, "label": "Tha Bo"}, {"country": "Thailand", "subcountry": "Phichit", "geolabelid": 1605754, "label": "Taphan Hin"}, {"country": "Thailand", "subcountry": "Narathiwat", "geolabelid": 1605957, "label": "Tak Bai"}, {"country": "Thailand", "subcountry": "Surin", "geolabelid": 1606030, "label": "Surin"}, {"country": "Thailand", "subcountry": "Suphan Buri", "geolabelid": 1606033, "label": "Suphan Buri"}, {"country": "Thailand", "subcountry": "Narathiwat", "geolabelid": 1606050, "label": "Su-ngai Kolok"}, {"country": "Thailand", "subcountry": "Songkhla", "geolabelid": 1606147, "label": "Songkhla"}, {"country": "Thailand", "subcountry": "Sisaket", "geolabelid": 1606239, "label": "Si Sa Ket"}, {"country": "Thailand", "subcountry": "Chon Buri", "geolabelid": 1606250, "label": "Si Racha"}, {"country": "Thailand", "subcountry": "Sing Buri", "geolabelid": 1606270, "label": "Sing Buri"}, {"country": "Thailand", "subcountry": "Changwat Bueng Kan", "geolabelid": 1606343, "label": "Seka"}, {"country": "Thailand", "subcountry": "Sakon Nakhon", "geolabelid": 1606350, "label": "Sawang Daen Din"}, {"country": "Thailand", "subcountry": "Satun", "geolabelid": 1606376, "label": "Satun"}, {"country": "Thailand", "subcountry": "Chon Buri", "geolabelid": 1606386, "label": "Sattahip"}, {"country": "Thailand", "subcountry": "Sara Buri", "geolabelid": 1606418, "label": "Saraburi"}, {"country": "Thailand", "subcountry": "Samut Songkhram", "geolabelid": 1606586, "label": "Samut Songkhram"}, {"country": "Thailand", "subcountry": "Samut Sakhon", "geolabelid": 1606588, "label": "Samut Sakhon"}, {"country": "Thailand", "subcountry": "Samut Prakan", "geolabelid": 1606590, "label": "Samut Prakan"}, {"country": "Thailand", "subcountry": "Nakhon Pathom", "geolabelid": 1606638, "label": "Sam Phran"}, {"country": "Thailand", "subcountry": "Sakon Nakhon", "geolabelid": 1606790, "label": "Sakon Nakhon"}, {"country": "Thailand", "subcountry": "Sa Kaeo", "geolabelid": 1606807, "label": "Sa Kaeo"}, {"country": "Thailand", "subcountry": "Songkhla", "geolabelid": 1606939, "label": "Sadao"}, {"country": "Thailand", "subcountry": "Roi Et", "geolabelid": 1607001, "label": "Roi Et"}, {"country": "Thailand", "subcountry": "Rayong", "geolabelid": 1607017, "label": "Rayong"}, {"country": "Thailand", "subcountry": "Songkhla", "geolabelid": 1607068, "label": "Ranot"}, {"country": "Thailand", "subcountry": "Narathiwat", "geolabelid": 1607083, "label": "Ra-ngae"}, {"country": "Thailand", "subcountry": "Buriram", "geolabelid": 1607257, "label": "Prakhon Chai"}, {"country": "Thailand", "subcountry": "Prachin Buri", "geolabelid": 1607280, "label": "Prachin Buri"}, {"country": "Thailand", "subcountry": "Loei", "geolabelid": 1607435, "label": "Phu Kradueng"}, {"country": "Thailand", "subcountry": "Chaiyaphum", "geolabelid": 1607439, "label": "Phu Khiao"}, {"country": "Thailand", "subcountry": "Samut Prakan", "geolabelid": 1607508, "label": "Phra Pradaeng"}, {"country": "Thailand", "subcountry": "Sara Buri", "geolabelid": 1607512, "label": "Phra Phutthabat"}, {"country": "Thailand", "subcountry": "Phra Nakhon Si Ayutthaya", "geolabelid": 1607532, "label": "Phra Nakhon Si Ayutthaya"}, {"country": "Thailand", "subcountry": "Phrae", "geolabelid": 1607552, "label": "Phrae"}, {"country": "Thailand", "subcountry": "Nong Khai", "geolabelid": 1607615, "label": "Phon Charoen"}, {"country": "Thailand", "subcountry": "Phitsanulok", "geolabelid": 1607708, "label": "Phitsanulok"}, {"country": "Thailand", "subcountry": "Phichit", "geolabelid": 1607725, "label": "Phichit"}, {"country": "Thailand", "subcountry": "Changwat Ubon Ratchathani", "geolabelid": 1607730, "label": "Phibun Mangsahan"}, {"country": "Thailand", "subcountry": "Phetchabun", "geolabelid": 1607737, "label": "Phetchabun"}, {"country": "Thailand", "subcountry": "Phatthalung", "geolabelid": 1607779, "label": "Phatthalung"}, {"country": "Thailand", "subcountry": "Chon Buri", "geolabelid": 1607793, "label": "Phan Thong"}, {"country": "Thailand", "subcountry": "Chachoengsao", "geolabelid": 1607801, "label": "Phanom Sarakham"}, {"country": "Thailand", "subcountry": "Chon Buri", "geolabelid": 1607838, "label": "Phanat Nikhom"}, {"country": "Thailand", "subcountry": "Phra Nakhon Si Ayutthaya", "geolabelid": 1607865, "label": "Phak Hai"}, {"country": "Thailand", "subcountry": "Pattani", "geolabelid": 1607978, "label": "Pattani"}, {"country": "Thailand", "subcountry": "Pathum Thani", "geolabelid": 1607983, "label": "Pathum Thani"}, {"country": "Thailand", "subcountry": "Nakhon Si Thammarat", "geolabelid": 1608033, "label": "Pak Phanang"}, {"country": "Thailand", "subcountry": "Nonthaburi", "geolabelid": 1608048, "label": "Pak Kret"}, {"country": "Thailand", "subcountry": "Nakhon Ratchasima", "geolabelid": 1608057, "label": "Pak Chong"}, {"country": "Thailand", "subcountry": "Nonthaburi", "geolabelid": 1608133, "label": "Mueang Nonthaburi"}, {"country": "Thailand", "subcountry": "Nakhon Ratchasima", "geolabelid": 1608136, "label": "Non Sung"}, {"country": "Thailand", "subcountry": "Phetchabun", "geolabelid": 1608191, "label": "Nong Phai"}, {"country": "Thailand", "subcountry": "Nong Khai", "geolabelid": 1608232, "label": "Nong Khai"}, {"country": "Thailand", "subcountry": "Sara Buri", "geolabelid": 1608239, "label": "Nong Khae"}, {"country": "Thailand", "subcountry": "Changwat Nong Bua Lamphu", "geolabelid": 1608269, "label": "Nong Bua Lamphu"}, {"country": "Thailand", "subcountry": "Narathiwat", "geolabelid": 1608409, "label": "Narathiwat"}, {"country": "Thailand", "subcountry": "Buriram", "geolabelid": 1608424, "label": "Nang Rong"}, {"country": "Thailand", "subcountry": "Nan", "geolabelid": 1608452, "label": "Nan"}, {"country": "Thailand", "subcountry": "Changwat Udon Thani", "geolabelid": 1608462, "label": "Nam Som"}, {"country": "Thailand", "subcountry": "Nakhon Sawan", "geolabelid": 1608527, "label": "Nakhon Sawan"}, {"country": "Thailand", "subcountry": "Nakhon Ratchasima", "geolabelid": 1608529, "label": "Nakhon Ratchasima"}, {"country": "Thailand", "subcountry": "Nakhon Phanom", "geolabelid": 1608531, "label": "Nakhon Phanom"}, {"country": "Thailand", "subcountry": "Nakhon Pathom", "geolabelid": 1608534, "label": "Nakhon Pathom"}, {"country": "Thailand", "subcountry": "Nakhon Nayok", "geolabelid": 1608539, "label": "Nakhon Nayok"}, {"country": "Thailand", "subcountry": "Phra Nakhon Si Ayutthaya", "geolabelid": 1608541, "label": "Nakhon Luang"}, {"country": "Thailand", "subcountry": "Mukdahan", "geolabelid": 1608597, "label": "Mukdahan"}, {"country": "Thailand", "subcountry": "Maha Sarakham", "geolabelid": 1608900, "label": "Maha Sarakham"}, {"country": "Thailand", "subcountry": "Lop Buri", "geolabelid": 1609032, "label": "Lop Buri"}, {"country": "Thailand", "subcountry": "Phetchabun", "geolabelid": 1609043, "label": "Lom Sak"}, {"country": "Thailand", "subcountry": "Loei", "geolabelid": 1609071, "label": "Loei"}, {"country": "Thailand", "subcountry": "Chanthaburi", "geolabelid": 1609278, "label": "Laem Sing"}, {"country": "Thailand", "subcountry": "Changwat Udon Thani", "geolabelid": 1609324, "label": "Kut Chap"}, {"country": "Thailand", "subcountry": "Kalasin", "geolabelid": 1609345, "label": "Kuchinarai"}, {"country": "Thailand", "subcountry": "Bangkok", "geolabelid": 1609350, "label": "Bangkok"}, {"country": "Thailand", "subcountry": "Samut Sakhon", "geolabelid": 1609395, "label": "Krathum Baen"}, {"country": "Thailand", "subcountry": "Rayong", "geolabelid": 1609610, "label": "Klaeng"}, {"country": "Thailand", "subcountry": "Khon Kaen", "geolabelid": 1609776, "label": "Khon Kaen"}, {"country": "Thailand", "subcountry": "Nakhon Ratchasima", "geolabelid": 1609795, "label": "Khon Buri"}, {"country": "Thailand", "subcountry": "Pathum Thani", "geolabelid": 1609899, "label": "Khlong Luang"}, {"country": "Thailand", "subcountry": "Kalasin", "geolabelid": 1609990, "label": "Khao Wong"}, {"country": "Thailand", "subcountry": "Roi Et", "geolabelid": 1610185, "label": "Kaset Wisai"}, {"country": "Thailand", "subcountry": "Chaiyaphum", "geolabelid": 1610187, "label": "Kaset Sombun"}, {"country": "Thailand", "subcountry": "Sisaket", "geolabelid": 1610227, "label": "Kantharalak"}, {"country": "Thailand", "subcountry": "Kalasin", "geolabelid": 1610459, "label": "Kamalasai"}, {"country": "Thailand", "subcountry": "Kalasin", "geolabelid": 1610469, "label": "Kalasin"}, {"country": "Thailand", "subcountry": "Sara Buri", "geolabelid": 1610503, "label": "Kaeng Khoi"}, {"country": "Thailand", "subcountry": "Chaiyaphum", "geolabelid": 1610505, "label": "Kaeng Khro"}, {"country": "Thailand", "subcountry": "Prachin Buri", "geolabelid": 1610538, "label": "Kabin Buri"}, {"country": "Thailand", "subcountry": "Songkhla", "geolabelid": 1610780, "label": "Hat Yai"}, {"country": "Thailand", "subcountry": "Changwat Ubon Ratchathani", "geolabelid": 1610940, "label": "Det Udom"}, {"country": "Thailand", "subcountry": "Phrae", "geolabelid": 1610943, "label": "Den Chai"}, {"country": "Thailand", "subcountry": "Nakhon Ratchasima", "geolabelid": 1610963, "label": "Dan Khun Thot"}, {"country": "Thailand", "subcountry": "Khon Kaen", "geolabelid": 1611026, "label": "Chum Phae"}, {"country": "Thailand", "subcountry": "Phetchabun", "geolabelid": 1611106, "label": "Chon Daen"}, {"country": "Thailand", "subcountry": "Chon Buri", "geolabelid": 1611110, "label": "Chon Buri"}, {"country": "Thailand", "subcountry": "Nakhon Ratchasima", "geolabelid": 1611135, "label": "Chok Chai"}, {"country": "Thailand", "subcountry": "Chanthaburi", "geolabelid": 1611269, "label": "Chanthaburi"}, {"country": "Thailand", "subcountry": "Chaiyaphum", "geolabelid": 1611407, "label": "Chaiyaphum"}, {"country": "Thailand", "subcountry": "Chai Nat", "geolabelid": 1611416, "label": "Chai Nat"}, {"country": "Thailand", "subcountry": "Lop Buri", "geolabelid": 1611424, "label": "Chai Badan"}, {"country": "Thailand", "subcountry": "Chachoengsao", "geolabelid": 1611439, "label": "Chachoengsao"}, {"country": "Thailand", "subcountry": "Buriram", "geolabelid": 1611453, "label": "Buriram"}, {"country": "Thailand", "subcountry": "Nakhon Ratchasima", "geolabelid": 1611492, "label": "Bua Yai"}, {"country": "Thailand", "subcountry": "Yala", "geolabelid": 1611635, "label": "Betong"}, {"country": "Thailand", "subcountry": "Roi Et", "geolabelid": 1613284, "label": "Ban Selaphum"}, {"country": "Thailand", "subcountry": "Pathum Thani", "geolabelid": 1613769, "label": "Ban Rangsit"}, {"country": "Thailand", "subcountry": "Chon Buri", "geolabelid": 1614295, "label": "Phatthaya"}, {"country": "Thailand", "subcountry": "Changwat Udon Thani", "geolabelid": 1614336, "label": "Ban Phan Don"}, {"country": "Thailand", "subcountry": "Khon Kaen", "geolabelid": 1614455, "label": "Ban Phai"}, {"country": "Thailand", "subcountry": "Samut Sakhon", "geolabelid": 1614465, "label": "Ban Phaeo"}, {"country": "Thailand", "subcountry": "Sara Buri", "geolabelid": 1616658, "label": "Ban Mo"}, {"country": "Thailand", "subcountry": "Pathum Thani", "geolabelid": 1617111, "label": "Ban Lam Luk Ka"}, {"country": "Thailand", "subcountry": "Phitsanulok", "geolabelid": 1619276, "label": "Bang Rakam"}, {"country": "Thailand", "subcountry": "Sing Buri", "geolabelid": 1619281, "label": "Bang Racham"}, {"country": "Thailand", "subcountry": "Chachoengsao", "geolabelid": 1619363, "label": "Bang Pakong"}, {"country": "Thailand", "subcountry": "Phra Nakhon Si Ayutthaya", "geolabelid": 1619369, "label": "Bang Pa-in"}, {"country": "Thailand", "subcountry": "Phichit", "geolabelid": 1619400, "label": "Bang Mun Nak"}, {"country": "Thailand", "subcountry": "Nakhon Pathom", "geolabelid": 1619415, "label": "Bang Len"}, {"country": "Thailand", "subcountry": "Chon Buri", "geolabelid": 1619423, "label": "Bang Lamung"}, {"country": "Thailand", "subcountry": "Nonthaburi", "geolabelid": 1619434, "label": "Bang Kruai"}, {"country": "Thailand", "subcountry": "Phitsanulok", "geolabelid": 1619437, "label": "Bang Krathum"}, {"country": "Thailand", "subcountry": "Nonthaburi", "geolabelid": 1619602, "label": "Bang Bua Thong"}, {"country": "Thailand", "subcountry": "Phra Nakhon Si Ayutthaya", "geolabelid": 1619616, "label": "Bang Ban"}, {"country": "Thailand", "subcountry": "Changwat Udon Thani", "geolabelid": 1619650, "label": "Ban Dung"}, {"country": "Thailand", "subcountry": "Rayong", "geolabelid": 1620254, "label": "Ban Chang"}, {"country": "Thailand", "subcountry": "Chon Buri", "geolabelid": 1620371, "label": "Ban Bueng"}, {"country": "Thailand", "subcountry": "Chon Buri", "geolabelid": 1620442, "label": "Ban Talat Bueng"}, {"country": "Thailand", "subcountry": "Phra Nakhon Si Ayutthaya", "geolabelid": 1620875, "label": "Ban Bang Kadi Pathum Thani"}, {"country": "Thailand", "subcountry": "Samut Prakan", "geolabelid": 1620919, "label": "Bang Bo District"}, {"country": "Thailand", "subcountry": "Sa Kaeo", "geolabelid": 1621020, "label": "Aranyaprathet"}, {"country": "Thailand", "subcountry": "Amnat Charoen", "geolabelid": 1621060, "label": "Amnat Charoen"}, {"country": "Thailand", "subcountry": "Nakhon Ratchasima", "geolabelid": 1948015, "label": "Amphoe Sikhiu"}, {"country": "Thailand", "subcountry": "Phuket", "geolabelid": 6696291, "label": "Wichit"}, {"country": "Thailand", "subcountry": "Phuket", "geolabelid": 7091861, "label": "Ban Chalong"}, {"country": "Thailand", "subcountry": "Phuket", "geolabelid": 7091912, "label": "Ban Ratsada"}]