[{"country": "Bangladesh", "subcountry": "Rangpur Division", "geolabelid": 1185092, "label": "Th\u0101kurgaon"}, {"country": "Bangladesh", "subcountry": "Chittagong", "geolabelid": 1185095, "label": "Tekn\u0101f"}, {"country": "Bangladesh", "subcountry": "Dhaka", "geolabelid": 1185098, "label": "Tungi"}, {"country": "Bangladesh", "subcountry": "Sylhet", "geolabelid": 1185099, "label": "Sylhet"}, {"country": "Bangladesh", "subcountry": "Dhaka", "geolabelid": 1185100, "label": "Doh\u0101r"}, {"country": "Bangladesh", "subcountry": "Dhaka", "geolabelid": 1185106, "label": "Jam\u0101lpur"}, {"country": "Bangladesh", "subcountry": "R\u0101jsh\u0101hi", "geolabelid": 1185108, "label": "Shibganj"}, {"country": "Bangladesh", "subcountry": "Khulna", "geolabelid": 1185111, "label": "S\u0101tkhira"}, {"country": "Bangladesh", "subcountry": "R\u0101jsh\u0101hi", "geolabelid": 1185115, "label": "Sir\u0101jganj"}, {"country": "Bangladesh", "subcountry": "Dhaka", "geolabelid": 1185116, "label": "Netrakona"}, {"country": "Bangladesh", "subcountry": "Dhaka", "geolabelid": 1185117, "label": "Narsingdi"}, {"country": "Bangladesh", "subcountry": "Chittagong", "geolabelid": 1185120, "label": "Sandw\u012bp"}, {"country": "Bangladesh", "subcountry": "R\u0101jsh\u0101hi", "geolabelid": 1185121, "label": "Sh\u0101hz\u0101dpur"}, {"country": "Bangladesh", "subcountry": "Chittagong", "geolabelid": 1185127, "label": "R\u0101mganj"}, {"country": "Bangladesh", "subcountry": "R\u0101jsh\u0101hi", "geolabelid": 1185128, "label": "R\u0101jsh\u0101hi"}, {"country": "Bangladesh", "subcountry": "Baris\u0101l", "geolabelid": 1185138, "label": "Pirojpur"}, {"country": "Bangladesh", "subcountry": "Rangpur Division", "geolabelid": 1185141, "label": "Panchagarh"}, {"country": "Bangladesh", "subcountry": "Chittagong", "geolabelid": 1185148, "label": "Patiya"}, {"country": "Bangladesh", "subcountry": "Rangpur Division", "geolabelid": 1185149, "label": "Parbatipur"}, {"country": "Bangladesh", "subcountry": "Dhaka", "geolabelid": 1185155, "label": "N\u0101r\u0101yanganj"}, {"country": "Bangladesh", "subcountry": "Baris\u0101l", "geolabelid": 1185156, "label": "N\u0101lchiti"}, {"country": "Bangladesh", "subcountry": "Dhaka", "geolabelid": 1185159, "label": "N\u0101garpur"}, {"country": "Bangladesh", "subcountry": "Rangpur Division", "geolabelid": 1185160, "label": "Nageswari"}, {"country": "Bangladesh", "subcountry": "Dhaka", "geolabelid": 1185162, "label": "Mymensingh"}, {"country": "Bangladesh", "subcountry": "Dhaka", "geolabelid": 1185164, "label": "Mukt\u0101g\u0101cha"}, {"country": "Bangladesh", "subcountry": "Dhaka", "geolabelid": 1185165, "label": "Mirz\u0101pur"}, {"country": "Bangladesh", "subcountry": "Sylhet", "geolabelid": 1185166, "label": "Maulavi B\u0101z\u0101r"}, {"country": "Bangladesh", "subcountry": "Khulna", "geolabelid": 1185167, "label": "Morrelgonj"}, {"country": "Bangladesh", "subcountry": "Baris\u0101l", "geolabelid": 1185171, "label": "Mehendiganj"}, {"country": "Bangladesh", "subcountry": "Baris\u0101l", "geolabelid": 1185173, "label": "Mathba"}, {"country": "Bangladesh", "subcountry": "Rangpur Division", "geolabelid": 1185181, "label": "Lalmanirhat"}, {"country": "Bangladesh", "subcountry": "Chittagong", "geolabelid": 1185183, "label": "L\u0101ksh\u0101m"}, {"country": "Bangladesh", "subcountry": "Chittagong", "geolabelid": 1185186, "label": "Comilla"}, {"country": "Bangladesh", "subcountry": "Rangpur Division", "geolabelid": 1185188, "label": "Rangpur"}, {"country": "Bangladesh", "subcountry": "Khulna", "geolabelid": 1185191, "label": "Kushtia"}, {"country": "Bangladesh", "subcountry": "Khulna", "geolabelid": 1185199, "label": "K\u0101l\u012bganj"}, {"country": "Bangladesh", "subcountry": "Khulna", "geolabelid": 1185204, "label": "Jhingerg\u0101cha"}, {"country": "Bangladesh", "subcountry": "R\u0101jsh\u0101hi", "geolabelid": 1185206, "label": "Joypur H\u0101t"}, {"country": "Bangladesh", "subcountry": "R\u0101jsh\u0101hi", "geolabelid": 1185207, "label": "Ishurdi"}, {"country": "Bangladesh", "subcountry": "Sylhet", "geolabelid": 1185209, "label": "Habiganj"}, {"country": "Bangladesh", "subcountry": "Baris\u0101l", "geolabelid": 1185210, "label": "Gaurnadi"}, {"country": "Bangladesh", "subcountry": "Dhaka", "geolabelid": 1185218, "label": "Gafargaon"}, {"country": "Bangladesh", "subcountry": "Chittagong", "geolabelid": 1185224, "label": "Feni"}, {"country": "Bangladesh", "subcountry": "Chittagong", "geolabelid": 1185236, "label": "R\u0101ipur"}, {"country": "Bangladesh", "subcountry": "Khulna", "geolabelid": 1185239, "label": "Sarankhola"}, {"country": "Bangladesh", "subcountry": "Dhaka", "geolabelid": 1185241, "label": "Dhaka"}, {"country": "Bangladesh", "subcountry": "Rangpur Division", "geolabelid": 1185247, "label": "Chilm\u0101ri"}, {"country": "Bangladesh", "subcountry": "Chittagong", "geolabelid": 1185249, "label": "Chh\u0101galn\u0101iya"}, {"country": "Bangladesh", "subcountry": "Baris\u0101l", "geolabelid": 1185251, "label": "L\u0101lmohan"}, {"country": "Bangladesh", "subcountry": "Chittagong", "geolabelid": 1185252, "label": "Khagrachhari"}, {"country": "Bangladesh", "subcountry": "Sylhet", "geolabelid": 1185254, "label": "Chh\u0101tak"}, {"country": "Bangladesh", "subcountry": "Khulna", "geolabelid": 1185260, "label": "Bh\u0101tp\u0101ra Abhaynagar"}, {"country": "Bangladesh", "subcountry": "Khulna", "geolabelid": 1185262, "label": "Bher\u0101m\u0101ra"}, {"country": "Bangladesh", "subcountry": "Dhaka", "geolabelid": 1185263, "label": "Bhairab B\u0101z\u0101r"}, {"country": "Bangladesh", "subcountry": "Chittagong", "geolabelid": 1185270, "label": "B\u0101ndarban"}, {"country": "Bangladesh", "subcountry": "Khulna", "geolabelid": 1185272, "label": "K\u0101lia"}, {"country": "Bangladesh", "subcountry": "Sylhet", "geolabelid": 1185274, "label": "Baniachang"}, {"country": "Bangladesh", "subcountry": "Dhaka", "geolabelid": 1185276, "label": "B\u0101jitpur"}, {"country": "Bangladesh", "subcountry": "Rangpur Division", "geolabelid": 1185283, "label": "Badarganj"}, {"country": "Bangladesh", "subcountry": "Khulna", "geolabelid": 1185293, "label": "Narail"}, {"country": "Bangladesh", "subcountry": "Dhaka", "geolabelid": 1185920, "label": "Tungip\u0101ra"}, {"country": "Bangladesh", "subcountry": "Dhaka", "geolabelid": 1188569, "label": "Sarish\u0101b\u0101ri"}, {"country": "Bangladesh", "subcountry": "Dhaka", "geolabelid": 1189056, "label": "Sakhipur"}, {"country": "Bangladesh", "subcountry": "Chittagong", "geolabelid": 1189638, "label": "Raoj\u0101n"}, {"country": "Bangladesh", "subcountry": "Khulna", "geolabelid": 1191139, "label": "Phultala"}, {"country": "Bangladesh", "subcountry": "Dhaka", "geolabelid": 1191368, "label": "P\u0101lang"}, {"country": "Bangladesh", "subcountry": "R\u0101jsh\u0101hi", "geolabelid": 1192366, "label": "P\u0101r Naogaon"}, {"country": "Bangladesh", "subcountry": "Chittagong", "geolabelid": 1193823, "label": "Nab\u012bnagar"}, {"country": "Bangladesh", "subcountry": "Chittagong", "geolabelid": 1196292, "label": "Lakshm\u012bpur"}, {"country": "Bangladesh", "subcountry": "Khulna", "geolabelid": 1197895, "label": "Kesabpur"}, {"country": "Bangladesh", "subcountry": "Chittagong", "geolabelid": 1201753, "label": "H\u0101j\u012bganj"}, {"country": "Bangladesh", "subcountry": "Dhaka", "geolabelid": 1203344, "label": "Far\u012bdpur"}, {"country": "Bangladesh", "subcountry": "Rangpur Division", "geolabelid": 1203891, "label": "Din\u0101jpur"}, {"country": "Bangladesh", "subcountry": "Khulna", "geolabelid": 1205481, "label": "Uttar Char Fasson"}, {"country": "Bangladesh", "subcountry": "Chittagong", "geolabelid": 1205733, "label": "Chittagong"}, {"country": "Bangladesh", "subcountry": "Dhaka", "geolabelid": 1207047, "label": "Char Bhadr\u0101san"}, {"country": "Bangladesh", "subcountry": "R\u0101jsh\u0101hi", "geolabelid": 1209562, "label": "Bera"}, {"country": "Bangladesh", "subcountry": "Baris\u0101l", "geolabelid": 1210565, "label": "Burh\u0101nuddin"}, {"country": "Bangladesh", "subcountry": "Chittagong", "geolabelid": 1336133, "label": "S\u0101tkania"}, {"country": "Bangladesh", "subcountry": "Chittagong", "geolabelid": 1336134, "label": "Cox\u2019s B\u0101z\u0101r"}, {"country": "Bangladesh", "subcountry": "Khulna", "geolabelid": 1336135, "label": "Khulna"}, {"country": "Bangladesh", "subcountry": "Baris\u0101l", "geolabelid": 1336136, "label": "Bhola"}, {"country": "Bangladesh", "subcountry": "Baris\u0101l", "geolabelid": 1336137, "label": "Baris\u0101l"}, {"country": "Bangladesh", "subcountry": "Khulna", "geolabelid": 1336140, "label": "Jessore"}, {"country": "Bangladesh", "subcountry": "R\u0101jsh\u0101hi", "geolabelid": 1336143, "label": "P\u0101bna"}, {"country": "Bangladesh", "subcountry": "Dhaka", "geolabelid": 1336144, "label": "T\u0101ng\u0101il"}, {"country": "Bangladesh", "subcountry": "R\u0101jsh\u0101hi", "geolabelid": 1337233, "label": "Bogra"}, {"country": "Bangladesh", "subcountry": "Rangpur Division", "geolabelid": 1337239, "label": "P\u012brgaaj"}, {"country": "Bangladesh", "subcountry": "R\u0101jsh\u0101hi", "geolabelid": 1337240, "label": "Naw\u0101bganj"}, {"country": "Bangladesh", "subcountry": "Dhaka", "geolabelid": 1337245, "label": "M\u0101d\u0101r\u012bpur"}, {"country": "Bangladesh", "subcountry": "Dhaka", "geolabelid": 1337248, "label": "Sherpur"}, {"country": "Bangladesh", "subcountry": "Dhaka", "geolabelid": 1337249, "label": "Kishorganj"}, {"country": "Bangladesh", "subcountry": "Chittagong", "geolabelid": 1462681, "label": "Manikchari"}, {"country": "Bangladesh", "subcountry": "Baris\u0101l", "geolabelid": 1477498, "label": "Bh\u0101nd\u0101ria"}, {"country": "Bangladesh", "subcountry": "Chittagong", "geolabelid": 6414184, "label": "Fatikchari"}, {"country": "Bangladesh", "subcountry": "R\u0101jsh\u0101hi", "geolabelid": 6545349, "label": "Saidpur"}, {"country": "Bangladesh", "subcountry": "Dhaka", "geolabelid": 7701354, "label": "Azimpur"}, {"country": "Bangladesh", "subcountry": "Dhaka", "geolabelid": 9827976, "label": "Paltan"}]