[{"country": "Jordan", "subcountry": "Amman", "geolabelid": 246013, "label": "W\u0101d\u012b as S\u012br"}, {"country": "Jordan", "subcountry": "Amman", "geolabelid": 246314, "label": "Umm as Summ\u0101q"}, {"country": "Jordan", "subcountry": "Amman", "geolabelid": 247105, "label": "Sa\u1e29\u0101b"}, {"country": "Jordan", "subcountry": "Madaba", "geolabelid": 248370, "label": "M\u0101dab\u0101"}, {"country": "Jordan", "subcountry": "Ma\u2019an", "geolabelid": 248382, "label": "Ma'an"}, {"country": "Jordan", "subcountry": "Irbid", "geolabelid": 248414, "label": "Kurayyimah"}, {"country": "Jordan", "subcountry": "Irbid", "geolabelid": 248803, "label": "Judita"}, {"country": "Jordan", "subcountry": "Jerash", "geolabelid": 248875, "label": "Jarash"}, {"country": "Jordan", "subcountry": "Karak", "geolabelid": 248923, "label": "\u2018Izr\u0101"}, {"country": "Jordan", "subcountry": "Irbid", "geolabelid": 248946, "label": "Irbid"}, {"country": "Jordan", "subcountry": "Zarqa", "geolabelid": 250090, "label": "Zarqa"}, {"country": "Jordan", "subcountry": "Irbid", "geolabelid": 250152, "label": "Ayd\u016bn"}, {"country": "Jordan", "subcountry": "Tafielah", "geolabelid": 250198, "label": "A\u0163 \u0162af\u012blah"}, {"country": "Jordan", "subcountry": "Balqa", "geolabelid": 250258, "label": "As Sal\u0163"}, {"country": "Jordan", "subcountry": "Karak", "geolabelid": 250267, "label": "Safi"}, {"country": "Jordan", "subcountry": "Irbid", "geolabelid": 250336, "label": "Ar Ramth\u0101"}, {"country": "Jordan", "subcountry": "Ajlun", "geolabelid": 250420, "label": "\u2018Anjarah"}, {"country": "Jordan", "subcountry": "Amman", "geolabelid": 250441, "label": "Amman"}, {"country": "Jordan", "subcountry": "Amman", "geolabelid": 250461, "label": "Al Quwaysimah"}, {"country": "Jordan", "subcountry": "Mafraq", "geolabelid": 250582, "label": "Mafraq"}, {"country": "Jordan", "subcountry": "Ma\u2019an", "geolabelid": 250624, "label": "Q\u012br Mo\u0101v"}, {"country": "Jordan", "subcountry": "Amman", "geolabelid": 250637, "label": "Al Jubayhah"}, {"country": "Jordan", "subcountry": "Aqaba", "geolabelid": 250774, "label": "Aqaba"}, {"country": "Jordan", "subcountry": "Ajlun", "geolabelid": 250799, "label": "\u2018Ajl\u016bn"}, {"country": "Jordan", "subcountry": "Karak", "geolabelid": 6946409, "label": "Karak City"}, {"country": "Jordan", "subcountry": "Zarqa", "geolabelid": 7838895, "label": "Russeifa"}]