[{"country": "East Timor", "subcountry": "Cova Lima", "geolabelid": 1626459, "label": "Suai"}, {"country": "East Timor", "subcountry": "Liqui\u00e7\u00e1", "geolabelid": 1635826, "label": "Maubara"}, {"country": "East Timor", "subcountry": "Bobonaro", "geolabelid": 1636670, "label": "Maliana"}, {"country": "East Timor", "subcountry": "Liqui\u00e7\u00e1", "geolabelid": 1637730, "label": "Liquica"}, {"country": "East Timor", "subcountry": "D\u00edli", "geolabelid": 1645457, "label": "Dili"}, {"country": "East Timor", "subcountry": "Baucau", "geolabelid": 1649539, "label": "Baucau"}, {"country": "East Timor", "subcountry": "Aileu", "geolabelid": 1651816, "label": "Aileu"}, {"country": "East Timor", "subcountry": "Manufahi", "geolabelid": 1937031, "label": "Same"}, {"country": "East Timor", "subcountry": "Laut\u00e9m", "geolabelid": 1937274, "label": "Lospalos"}, {"country": "East Timor", "subcountry": "Baucau", "geolabelid": 1943235, "label": "Venilale"}]