[{"country": "Mauritius", "subcountry": "Plaines Wilhems", "geolabelid": 933945, "label": "Vacoas"}, {"country": "Mauritius", "subcountry": "Pamplemousses", "geolabelid": 933959, "label": "Triolet"}, {"country": "Mauritius", "subcountry": "Moka", "geolabelid": 934032, "label": "Saint Pierre"}, {"country": "Mauritius", "subcountry": "Plaines Wilhems", "geolabelid": 934131, "label": "Quatre Bornes"}, {"country": "Mauritius", "subcountry": "Port Louis", "geolabelid": 934154, "label": "Port Louis"}, {"country": "Mauritius", "subcountry": "Grand Port", "geolabelid": 934322, "label": "Mah\u00e9bourg"}, {"country": "Mauritius", "subcountry": "Rivi\u00e8re du Rempart", "geolabelid": 934488, "label": "Goodlands"}, {"country": "Mauritius", "subcountry": "Plaines Wilhems", "geolabelid": 934570, "label": "Curepipe"}, {"country": "Mauritius", "subcountry": "Flacq", "geolabelid": 934631, "label": "Centre de Flacq"}, {"country": "Mauritius", "subcountry": "Flacq", "geolabelid": 934750, "label": "Bel Air Rivi\u00e8re S\u00e8che"}, {"country": "Mauritius", "subcountry": "Pamplemousses", "geolabelid": 1106809, "label": "Le Hochet"}]