[{"country": "Lesotho", "subcountry": "Quthing", "geolabelid": 932183, "label": "Quthing"}, {"country": "Lesotho", "subcountry": "Qacha\u02bcs Nek", "geolabelid": 932218, "label": "Qacha\u2019s Nek"}, {"country": "Lesotho", "subcountry": "Mohale\u02bcs Hoek", "geolabelid": 932438, "label": "Mohale\u2019s Hoek"}, {"country": "Lesotho", "subcountry": "Maseru", "geolabelid": 932505, "label": "Maseru"}, {"country": "Lesotho", "subcountry": "Leribe", "geolabelid": 932521, "label": "Maputsoe"}, {"country": "Lesotho", "subcountry": "Mafeteng", "geolabelid": 932614, "label": "Mafeteng"}, {"country": "Lesotho", "subcountry": "Leribe", "geolabelid": 932698, "label": "Leribe"}, {"country": "Lesotho", "subcountry": "Butha-Buthe", "geolabelid": 932886, "label": "Butha-Buthe"}]