[{"country": "Nicaragua", "subcountry": "Managua", "geolabelid": 3616035, "label": "Tipitapa"}, {"country": "Nicaragua", "subcountry": "Madriz", "geolabelid": 3616232, "label": "Somoto"}, {"country": "Nicaragua", "subcountry": "Chinandega", "geolabelid": 3616234, "label": "Somotillo"}, {"country": "Nicaragua", "subcountry": "Atl\u00e1ntico Norte (RAAN)", "geolabelid": 3616253, "label": "Siuna"}, {"country": "Nicaragua", "subcountry": "Managua", "geolabelid": 3616594, "label": "San Rafael del Sur"}, {"country": "Nicaragua", "subcountry": "Carazo", "geolabelid": 3616682, "label": "San Marcos"}, {"country": "Nicaragua", "subcountry": "Rivas", "geolabelid": 3617052, "label": "Rivas"}, {"country": "Nicaragua", "subcountry": "Matagalpa", "geolabelid": 3617069, "label": "R\u00edo Blanco"}, {"country": "Nicaragua", "subcountry": "Atl\u00e1ntico Sur", "geolabelid": 3617095, "label": "Rama"}, {"country": "Nicaragua", "subcountry": "Atl\u00e1ntico Norte (RAAN)", "geolabelid": 3617154, "label": "Puerto Cabezas"}, {"country": "Nicaragua", "subcountry": "Nueva Segovia", "geolabelid": 3617448, "label": "Ocotal"}, {"country": "Nicaragua", "subcountry": "Atl\u00e1ntico Sur", "geolabelid": 3617459, "label": "Nueva Guinea"}, {"country": "Nicaragua", "subcountry": "Granada", "geolabelid": 3617513, "label": "Nandaime"}, {"country": "Nicaragua", "subcountry": "Le\u00f3n", "geolabelid": 3617522, "label": "Nagarote"}, {"country": "Nicaragua", "subcountry": "Matagalpa", "geolabelid": 3617708, "label": "Matagalpa"}, {"country": "Nicaragua", "subcountry": "Masaya", "geolabelid": 3617723, "label": "Masaya"}, {"country": "Nicaragua", "subcountry": "Masaya", "geolabelid": 3617725, "label": "Masatepe"}, {"country": "Nicaragua", "subcountry": "Managua", "geolabelid": 3617763, "label": "Managua"}, {"country": "Nicaragua", "subcountry": "Le\u00f3n", "geolabelid": 3618030, "label": "Le\u00f3n"}, {"country": "Nicaragua", "subcountry": "Le\u00f3n", "geolabelid": 3618411, "label": "La Paz Centro"}, {"country": "Nicaragua", "subcountry": "Chontales", "geolabelid": 3618908, "label": "Juigalpa"}, {"country": "Nicaragua", "subcountry": "Carazo", "geolabelid": 3618926, "label": "Jinotepe"}, {"country": "Nicaragua", "subcountry": "Jinotega", "geolabelid": 3618929, "label": "Jinotega"}, {"country": "Nicaragua", "subcountry": "Nueva Segovia", "geolabelid": 3618954, "label": "Jalapa"}, {"country": "Nicaragua", "subcountry": "Granada", "geolabelid": 3619136, "label": "Granada"}, {"country": "Nicaragua", "subcountry": "Estel\u00ed", "geolabelid": 3619194, "label": "Estel\u00ed"}, {"country": "Nicaragua", "subcountry": "Chinandega", "geolabelid": 3619267, "label": "El Viejo"}, {"country": "Nicaragua", "subcountry": "Managua", "geolabelid": 3619853, "label": "El Crucero"}, {"country": "Nicaragua", "subcountry": "Carazo", "geolabelid": 3620170, "label": "Diriamba"}, {"country": "Nicaragua", "subcountry": "Chinandega", "geolabelid": 3620269, "label": "Corinto"}, {"country": "Nicaragua", "subcountry": "Chinandega", "geolabelid": 3620381, "label": "Chinandega"}, {"country": "Nicaragua", "subcountry": "Chinandega", "geolabelid": 3620390, "label": "Chichigalpa"}, {"country": "Nicaragua", "subcountry": "Boaco", "geolabelid": 3620544, "label": "Camoapa"}, {"country": "Nicaragua", "subcountry": "Boaco", "geolabelid": 3620674, "label": "Boaco"}, {"country": "Nicaragua", "subcountry": "Atl\u00e1ntico Sur", "geolabelid": 3620680, "label": "Bluefields"}, {"country": "Nicaragua", "subcountry": "Managua", "geolabelid": 3828262, "label": "Ciudad Sandino"}]