[{"country": "Dominican Republic", "subcountry": "Nacional", "geolabelid": 3491941, "label": "Villa Francisca"}, {"country": "Dominican Republic", "subcountry": "Nacional", "geolabelid": 3491946, "label": "Villa Consuelo"}, {"country": "Dominican Republic", "subcountry": "Santiago", "geolabelid": 3491948, "label": "Villa Bison\u00f3"}, {"country": "Dominican Republic", "subcountry": "San Crist\u00f3bal", "geolabelid": 3491952, "label": "Villa Altagracia"}, {"country": "Dominican Republic", "subcountry": "Santiago", "geolabelid": 3492517, "label": "Tamboril"}, {"country": "Dominican Republic", "subcountry": "Nacional", "geolabelid": 3492908, "label": "Santo Domingo"}, {"country": "Dominican Republic", "subcountry": "Santiago", "geolabelid": 3492914, "label": "Santiago de los Caballeros"}, {"country": "Dominican Republic", "subcountry": "El Se\u00edbo", "geolabelid": 3492984, "label": "Santa Cruz de El Seibo"}, {"country": "Dominican Republic", "subcountry": "Barahona", "geolabelid": 3492985, "label": "Santa Cruz de Barahona"}, {"country": "Dominican Republic", "subcountry": "San Pedro de Macor\u00eds", "geolabelid": 3493032, "label": "San Pedro de Macor\u00eds"}, {"country": "Dominican Republic", "subcountry": "San Juan", "geolabelid": 3493081, "label": "San Juan de la Maguana"}, {"country": "Dominican Republic", "subcountry": "San Jos\u00e9 de Ocoa", "geolabelid": 3493100, "label": "San Jos\u00e9 de Ocoa"}, {"country": "Dominican Republic", "subcountry": "Duarte", "geolabelid": 3493146, "label": "San Francisco de Macor\u00eds"}, {"country": "Dominican Republic", "subcountry": "Monte Cristi", "geolabelid": 3493174, "label": "San Fernando de Monte Cristi"}, {"country": "Dominican Republic", "subcountry": "Puerto Plata", "geolabelid": 3493175, "label": "Puerto Plata"}, {"country": "Dominican Republic", "subcountry": "La Altagracia", "geolabelid": 3493240, "label": "Salvale\u00f3n de Hig\u00fcey"}, {"country": "Dominican Republic", "subcountry": "Hermanas Mirabal", "geolabelid": 3493283, "label": "Salcedo"}, {"country": "Dominican Republic", "subcountry": "Santiago Rodr\u00edguez", "geolabelid": 3493383, "label": "Sabaneta"}, {"country": "Dominican Republic", "subcountry": "Monte Plata", "geolabelid": 3493482, "label": "Sabana Grande de Boy\u00e1"}, {"country": "Dominican Republic", "subcountry": "Puerto Plata", "geolabelid": 3493769, "label": "R\u00edo Grande"}, {"country": "Dominican Republic", "subcountry": "San Pedro de Macor\u00eds", "geolabelid": 3494121, "label": "Quisqueya"}, {"country": "Dominican Republic", "subcountry": "La Altagracia", "geolabelid": 3494242, "label": "Punta Cana"}, {"country": "Dominican Republic", "subcountry": "Baoruco", "geolabelid": 3495857, "label": "Neiba"}, {"country": "Dominican Republic", "subcountry": "Mar\u00eda Trinidad S\u00e1nchez", "geolabelid": 3496021, "label": "Nagua"}, {"country": "Dominican Republic", "subcountry": "Monte Plata", "geolabelid": 3496134, "label": "Monte Plata"}, {"country": "Dominican Republic", "subcountry": "Espaillat", "geolabelid": 3496331, "label": "Moca"}, {"country": "Dominican Republic", "subcountry": "Valverde", "geolabelid": 3496831, "label": "Mao"}, {"country": "Dominican Republic", "subcountry": "San Juan", "geolabelid": 3500370, "label": "Las Matas de Farf\u00e1n"}, {"country": "Dominican Republic", "subcountry": "La Romana", "geolabelid": 3500957, "label": "La Romana"}, {"country": "Dominican Republic", "subcountry": "La Vega", "geolabelid": 3504158, "label": "Jarabacoa"}, {"country": "Dominican Republic", "subcountry": "Hato Mayor", "geolabelid": 3504765, "label": "Hato Mayor del Rey"}, {"country": "Dominican Republic", "subcountry": "Valverde", "geolabelid": 3505855, "label": "Esperanza"}, {"country": "Dominican Republic", "subcountry": "Dajab\u00f3n", "geolabelid": 3508952, "label": "Dajab\u00f3n"}, {"country": "Dominican Republic", "subcountry": "S\u00e1nchez Ram\u00edrez", "geolabelid": 3509207, "label": "Cotu\u00ed"}, {"country": "Dominican Republic", "subcountry": "La Vega", "geolabelid": 3509363, "label": "Constanza"}, {"country": "Dominican Republic", "subcountry": "La Vega", "geolabelid": 3509382, "label": "Concepci\u00f3n de La Vega"}, {"country": "Dominican Republic", "subcountry": "Nacional", "geolabelid": 3509578, "label": "Ciudad Nueva"}, {"country": "Dominican Republic", "subcountry": "Monse\u00f1or Nouel", "geolabelid": 3511233, "label": "Bonao"}, {"country": "Dominican Republic", "subcountry": "Santo Domingo", "geolabelid": 3511336, "label": "Boca Chica"}, {"country": "Dominican Republic", "subcountry": "San Crist\u00f3bal", "geolabelid": 3511540, "label": "San Crist\u00f3bal"}, {"country": "Dominican Republic", "subcountry": "Nacional", "geolabelid": 3511550, "label": "Bella Vista"}, {"country": "Dominican Republic", "subcountry": "Monte Plata", "geolabelid": 3511626, "label": "Bayaguana"}, {"country": "Dominican Republic", "subcountry": "Peravia", "geolabelid": 3512067, "label": "Ban\u00ed"}, {"country": "Dominican Republic", "subcountry": "San Crist\u00f3bal", "geolabelid": 3512128, "label": "Bajos de Haina"}, {"country": "Dominican Republic", "subcountry": "Azua", "geolabelid": 3512208, "label": "Azua"}, {"country": "Dominican Republic", "subcountry": "Santo Domingo", "geolabelid": 7874116, "label": "Santo Domingo Oeste"}]