[{"country": "French Guiana", "subcountry": "Guyane", "geolabelid": 3380387, "label": "Saint-Laurent-du-Maroni"}, {"country": "French Guiana", "subcountry": "Guyane", "geolabelid": 3380892, "label": "R\u00e9mire-Montjoly"}, {"country": "French Guiana", "subcountry": "Guyane", "geolabelid": 3380965, "label": "Matoury"}, {"country": "French Guiana", "subcountry": "Guyane", "geolabelid": 3381303, "label": "Kourou"}, {"country": "French Guiana", "subcountry": "Guyane", "geolabelid": 3382160, "label": "Cayenne"}]