[{"country": "Chile", "subcountry": "Valpara\u00edso", "geolabelid": 3868121, "label": "Vi\u00f1a del Mar"}, {"country": "Chile", "subcountry": "Araucan\u00eda", "geolabelid": 3868158, "label": "Villarrica"}, {"country": "Chile", "subcountry": "Valpara\u00edso", "geolabelid": 3868192, "label": "Villa Alemana"}, {"country": "Chile", "subcountry": "Araucan\u00eda", "geolabelid": 3868326, "label": "Victoria"}, {"country": "Chile", "subcountry": "Valpara\u00edso", "geolabelid": 3868626, "label": "Valpara\u00edso"}, {"country": "Chile", "subcountry": "Atacama", "geolabelid": 3868633, "label": "Vallenar"}, {"country": "Chile", "subcountry": "Los R\u00edos", "geolabelid": 3868707, "label": "Valdivia"}, {"country": "Chile", "subcountry": "Biob\u00edo", "geolabelid": 3869657, "label": "Tom\u00e9"}, {"country": "Chile", "subcountry": "Antofagasta", "geolabelid": 3869716, "label": "Tocopilla"}, {"country": "Chile", "subcountry": "Araucan\u00eda", "geolabelid": 3870011, "label": "Temuco"}, {"country": "Chile", "subcountry": "Biob\u00edo", "geolabelid": 3870282, "label": "Talcahuano"}, {"country": "Chile", "subcountry": "Maule", "geolabelid": 3870294, "label": "Talca"}, {"country": "Chile", "subcountry": "Santiago Metropolitan", "geolabelid": 3870306, "label": "Talagante"}, {"country": "Chile", "subcountry": "O'Higgins", "geolabelid": 3871276, "label": "San Vicente de Tagua Tagua"}, {"country": "Chile", "subcountry": "O'Higgins", "geolabelid": 3871286, "label": "San Vicente"}, {"country": "Chile", "subcountry": "Santiago Metropolitan", "geolabelid": 3871336, "label": "Santiago"}, {"country": "Chile", "subcountry": "O'Higgins", "geolabelid": 3871616, "label": "Santa Cruz"}, {"country": "Chile", "subcountry": "Maule", "geolabelid": 3872154, "label": "San Javier"}, {"country": "Chile", "subcountry": "Valpara\u00edso", "geolabelid": 3872255, "label": "San Felipe"}, {"country": "Chile", "subcountry": "Biob\u00edo", "geolabelid": 3872326, "label": "San Carlos"}, {"country": "Chile", "subcountry": "Santiago Metropolitan", "geolabelid": 3872348, "label": "San Bernardo"}, {"country": "Chile", "subcountry": "Valpara\u00edso", "geolabelid": 3872395, "label": "San Antonio"}, {"country": "Chile", "subcountry": "Los R\u00edos", "geolabelid": 3873145, "label": "R\u00edo Bueno"}, {"country": "Chile", "subcountry": "O'Higgins", "geolabelid": 3873441, "label": "Rengo"}, {"country": "Chile", "subcountry": "O'Higgins", "geolabelid": 3873775, "label": "Rancagua"}, {"country": "Chile", "subcountry": "Valpara\u00edso", "geolabelid": 3874096, "label": "Quilpu\u00e9"}, {"country": "Chile", "subcountry": "Valpara\u00edso", "geolabelid": 3874119, "label": "Quillota"}, {"country": "Chile", "subcountry": "Magallanes", "geolabelid": 3874787, "label": "Punta Arenas"}, {"country": "Chile", "subcountry": "Los Lagos", "geolabelid": 3874930, "label": "Puerto Varas"}, {"country": "Chile", "subcountry": "Los Lagos", "geolabelid": 3874943, "label": "Puerto Quell\u00f3n"}, {"country": "Chile", "subcountry": "Magallanes", "geolabelid": 3874958, "label": "Puerto Natales"}, {"country": "Chile", "subcountry": "Los Lagos", "geolabelid": 3874960, "label": "Puerto Montt"}, {"country": "Chile", "subcountry": "Ais\u00e9n", "geolabelid": 3874997, "label": "Puerto Ais\u00e9n"}, {"country": "Chile", "subcountry": "Santiago Metropolitan", "geolabelid": 3875024, "label": "Puente Alto"}, {"country": "Chile", "subcountry": "Araucan\u00eda", "geolabelid": 3875070, "label": "Puc\u00f3n"}, {"country": "Chile", "subcountry": "Biob\u00edo", "geolabelid": 3876664, "label": "Penco"}, {"country": "Chile", "subcountry": "Santiago Metropolitan", "geolabelid": 3876685, "label": "Pe\u00f1aflor"}, {"country": "Chile", "subcountry": "Maule", "geolabelid": 3877146, "label": "Parral"}, {"country": "Chile", "subcountry": "Araucan\u00eda", "geolabelid": 3877348, "label": "Panguipulli"}, {"country": "Chile", "subcountry": "Santiago Metropolitan", "geolabelid": 3877739, "label": "Paine"}, {"country": "Chile", "subcountry": "Coquimbo", "geolabelid": 3877918, "label": "Ovalle"}, {"country": "Chile", "subcountry": "Los Lagos", "geolabelid": 3877949, "label": "Osorno"}, {"country": "Chile", "subcountry": "Araucan\u00eda", "geolabelid": 3878456, "label": "Nueva Imperial"}, {"country": "Chile", "subcountry": "Biob\u00edo", "geolabelid": 3879123, "label": "Nacimiento"}, {"country": "Chile", "subcountry": "Biob\u00edo", "geolabelid": 3879200, "label": "Mulch\u00e9n"}, {"country": "Chile", "subcountry": "Maule", "geolabelid": 3879627, "label": "Molina"}, {"country": "Chile", "subcountry": "Santiago Metropolitan", "geolabelid": 3880107, "label": "Melipilla"}, {"country": "Chile", "subcountry": "O'Higgins", "geolabelid": 3881102, "label": "Machal\u00ed"}, {"country": "Chile", "subcountry": "Biob\u00edo", "geolabelid": 3881276, "label": "Lota"}, {"country": "Chile", "subcountry": "Biob\u00edo", "geolabelid": 3882428, "label": "Los \u00c1ngeles"}, {"country": "Chile", "subcountry": "Valpara\u00edso", "geolabelid": 3882434, "label": "Los Andes"}, {"country": "Chile", "subcountry": "Araucan\u00eda", "geolabelid": 3882582, "label": "Loncoche"}, {"country": "Chile", "subcountry": "Valpara\u00edso", "geolabelid": 3883035, "label": "Llaillay"}, {"country": "Chile", "subcountry": "Maule", "geolabelid": 3883167, "label": "Linares"}, {"country": "Chile", "subcountry": "Valpara\u00edso", "geolabelid": 3883214, "label": "Limache"}, {"country": "Chile", "subcountry": "Biob\u00edo", "geolabelid": 3883457, "label": "Lebu"}, {"country": "Chile", "subcountry": "Araucan\u00eda", "geolabelid": 3883615, "label": "Lautaro"}, {"country": "Chile", "subcountry": "Los R\u00edos", "geolabelid": 3883629, "label": "La Uni\u00f3n"}, {"country": "Chile", "subcountry": "Coquimbo", "geolabelid": 3884373, "label": "La Serena"}, {"country": "Chile", "subcountry": "Santiago Metropolitan", "geolabelid": 3885273, "label": "Lampa"}, {"country": "Chile", "subcountry": "Valpara\u00edso", "geolabelid": 3885456, "label": "La Ligua"}, {"country": "Chile", "subcountry": "Biob\u00edo", "geolabelid": 3885509, "label": "La Laja"}, {"country": "Chile", "subcountry": "Tarapac\u00e1", "geolabelid": 3887127, "label": "Iquique"}, {"country": "Chile", "subcountry": "Coquimbo", "geolabelid": 3887344, "label": "Illapel"}, {"country": "Chile", "subcountry": "Valpara\u00edso", "geolabelid": 3888214, "label": "Hacienda La Calera"}, {"country": "Chile", "subcountry": "O'Higgins", "geolabelid": 3888749, "label": "Graneros"}, {"country": "Chile", "subcountry": "Los Lagos", "geolabelid": 3889263, "label": "Frutillar"}, {"country": "Chile", "subcountry": "Santiago Metropolitan", "geolabelid": 3890949, "label": "El Monte"}, {"country": "Chile", "subcountry": "Atacama", "geolabelid": 3892454, "label": "Diego de Almagro"}, {"country": "Chile", "subcountry": "Maule", "geolabelid": 3892870, "label": "Curic\u00f3"}, {"country": "Chile", "subcountry": "Biob\u00edo", "geolabelid": 3892892, "label": "Curanilahue"}, {"country": "Chile", "subcountry": "Biob\u00edo", "geolabelid": 3893532, "label": "Coronel"}, {"country": "Chile", "subcountry": "Coquimbo", "geolabelid": 3893629, "label": "Coquimbo"}, {"country": "Chile", "subcountry": "Atacama", "geolabelid": 3893656, "label": "Copiap\u00f3"}, {"country": "Chile", "subcountry": "Maule", "geolabelid": 3893726, "label": "Constituci\u00f3n"}, {"country": "Chile", "subcountry": "Biob\u00edo", "geolabelid": 3893894, "label": "Concepci\u00f3n"}, {"country": "Chile", "subcountry": "Araucan\u00eda", "geolabelid": 3894177, "label": "Collipulli"}, {"country": "Chile", "subcountry": "Ais\u00e9n", "geolabelid": 3894426, "label": "Coihaique"}, {"country": "Chile", "subcountry": "O'Higgins", "geolabelid": 3895061, "label": "Chimbarongo"}, {"country": "Chile", "subcountry": "Biob\u00edo", "geolabelid": 3895088, "label": "Chill\u00e1n"}, {"country": "Chile", "subcountry": "Biob\u00edo", "geolabelid": 3895138, "label": "Chiguayante"}, {"country": "Chile", "subcountry": "Santiago Metropolitan", "geolabelid": 3895165, "label": "Chicureo Abajo"}, {"country": "Chile", "subcountry": "Maule", "geolabelid": 3896105, "label": "Cauquenes"}, {"country": "Chile", "subcountry": "Los Lagos", "geolabelid": 3896218, "label": "Castro"}, {"country": "Chile", "subcountry": "Valpara\u00edso", "geolabelid": 3896433, "label": "Cartagena"}, {"country": "Chile", "subcountry": "Biob\u00edo", "geolabelid": 3896924, "label": "Ca\u00f1ete"}, {"country": "Chile", "subcountry": "Antofagasta", "geolabelid": 3897347, "label": "Calama"}, {"country": "Chile", "subcountry": "Biob\u00edo", "geolabelid": 3897557, "label": "Cabrero"}, {"country": "Chile", "subcountry": "Santiago Metropolitan", "geolabelid": 3897774, "label": "Buin"}, {"country": "Chile", "subcountry": "Arica y Parinacota", "geolabelid": 3899361, "label": "Arica"}, {"country": "Chile", "subcountry": "Biob\u00edo", "geolabelid": 3899462, "label": "Arauco"}, {"country": "Chile", "subcountry": "Antofagasta", "geolabelid": 3899539, "label": "Antofagasta"}, {"country": "Chile", "subcountry": "Araucan\u00eda", "geolabelid": 3899629, "label": "Angol"}, {"country": "Chile", "subcountry": "Los Lagos", "geolabelid": 3899695, "label": "Ancud"}, {"country": "Chile", "subcountry": "Los Lagos", "geolabelid": 6458708, "label": "Las Animas"}, {"country": "Chile", "subcountry": "Santiago Metropolitan", "geolabelid": 7281017, "label": "La Pintana"}, {"country": "Chile", "subcountry": "Santiago Metropolitan", "geolabelid": 7281020, "label": "Lo Prado"}]