[{"country": "Guadeloupe", "subcountry": "Guadeloupe", "geolabelid": 3578447, "label": "Sainte-Rose"}, {"country": "Guadeloupe", "subcountry": "Guadeloupe", "geolabelid": 3578466, "label": "Sainte-Anne"}, {"country": "Guadeloupe", "subcountry": "Guadeloupe", "geolabelid": 3578599, "label": "Pointe-\u00e0-Pitre"}, {"country": "Guadeloupe", "subcountry": "Guadeloupe", "geolabelid": 3578682, "label": "Petit-Bourg"}, {"country": "Guadeloupe", "subcountry": "Guadeloupe", "geolabelid": 3578959, "label": "Les Abymes"}, {"country": "Guadeloupe", "subcountry": "Guadeloupe", "geolabelid": 3578967, "label": "Le Moule"}, {"country": "Guadeloupe", "subcountry": "Guadeloupe", "geolabelid": 3578978, "label": "Le Gosier"}, {"country": "Guadeloupe", "subcountry": "Guadeloupe", "geolabelid": 3579585, "label": "Capesterre-Belle-Eau"}, {"country": "Guadeloupe", "subcountry": "Guadeloupe", "geolabelid": 3579732, "label": "Basse-Terre"}, {"country": "Guadeloupe", "subcountry": "Guadeloupe", "geolabelid": 3579767, "label": "Baie-Mahault"}]