[{"country": "Oman", "subcountry": "Ash Sharqiyah South Governorate", "geolabelid": 286245, "label": "Sur"}, {"country": "Oman", "subcountry": "Al Batinah North Governorate", "geolabelid": 286282, "label": "Sohar"}, {"country": "Oman", "subcountry": "Mu\u1e29\u0101faz\u0327at ad D\u0101khil\u012byah", "geolabelid": 286293, "label": "Suf\u0101lat Sam\u0101\u2019il"}, {"country": "Oman", "subcountry": "Al Batinah North Governorate", "geolabelid": 286402, "label": "Shin\u0101\u015f"}, {"country": "Oman", "subcountry": "Z\u0327uf\u0101r", "geolabelid": 286621, "label": "\u015eal\u0101lah"}, {"country": "Oman", "subcountry": "Al Batinah North Governorate", "geolabelid": 286647, "label": "\u015ea\u1e29am"}, {"country": "Oman", "subcountry": "Mu\u1e29\u0101faz\u0327at ad D\u0101khil\u012byah", "geolabelid": 286987, "label": "Nizw\u00e1"}, {"country": "Oman", "subcountry": "Mu\u1e29\u0101faz\u0327at Masqa\u0163", "geolabelid": 287286, "label": "Muscat"}, {"country": "Oman", "subcountry": "Musandam", "geolabelid": 287614, "label": "Khasab"}, {"country": "Oman", "subcountry": "Mu\u1e29\u0101faz\u0327at ad D\u0101khil\u012byah", "geolabelid": 287814, "label": "Izk\u012b"}, {"country": "Oman", "subcountry": "Az\u0327 Z\u0327\u0101hirah", "geolabelid": 287830, "label": "\u2018Ibr\u012b"}, {"country": "Oman", "subcountry": "Ash Sharqiyah North Governorate", "geolabelid": 287832, "label": "Ibr\u0101\u2019"}, {"country": "Oman", "subcountry": "Mu\u1e29\u0101faz\u0327at ad D\u0101khil\u012byah", "geolabelid": 288721, "label": "Bidbid"}, {"country": "Oman", "subcountry": "Mu\u1e29\u0101faz\u0327at Masqa\u0163", "geolabelid": 288764, "label": "Bawshar"}, {"country": "Oman", "subcountry": "Al Batinah South Governorate", "geolabelid": 288789, "label": "Bark\u0101\u2019"}, {"country": "Oman", "subcountry": "Mu\u1e29\u0101faz\u0327at ad D\u0101khil\u012byah", "geolabelid": 288899, "label": "Bahl\u0101\u2019"}, {"country": "Oman", "subcountry": "Ash Sharqiyah North Governorate", "geolabelid": 288902, "label": "Bad\u012byah"}, {"country": "Oman", "subcountry": "Al Batinah North Governorate", "geolabelid": 288955, "label": "As Suwayq"}, {"country": "Oman", "subcountry": "Mu\u1e29\u0101faz\u0327at Masqa\u0163", "geolabelid": 288967, "label": "Seeb"}, {"country": "Oman", "subcountry": "Al Batinah South Governorate", "geolabelid": 289011, "label": "Rustaq"}, {"country": "Oman", "subcountry": "Al Batinah North Governorate", "geolabelid": 289174, "label": "Al Liw\u0101\u2019"}, {"country": "Oman", "subcountry": "Al Batinah North Governorate", "geolabelid": 289199, "label": "Al Kh\u0101b\u016brah"}, {"country": "Oman", "subcountry": "Al Buraimi", "geolabelid": 289317, "label": "Al Buraym\u012b"}, {"country": "Oman", "subcountry": "Mu\u1e29\u0101faz\u0327at ad D\u0101khil\u012byah", "geolabelid": 289433, "label": "\u0100dam"}, {"country": "Oman", "subcountry": "Az\u0327 Z\u0327\u0101hirah", "geolabelid": 411849, "label": "Yanqul"}]