[{"country": "Cuba", "subcountry": "Granma", "geolabelid": 3533753, "label": "Yara"}, {"country": "Cuba", "subcountry": "Sancti Sp\u00edritus", "geolabelid": 3533826, "label": "Yaguajay"}, {"country": "Cuba", "subcountry": "Pinar del R\u00edo", "geolabelid": 3534094, "label": "Vi\u00f1ales"}, {"country": "Cuba", "subcountry": "Camag\u00fcey", "geolabelid": 3534363, "label": "Vertientes"}, {"country": "Cuba", "subcountry": "Ciego de \u00c1vila", "geolabelid": 3534432, "label": "Venezuela"}, {"country": "Cuba", "subcountry": "Matanzas", "geolabelid": 3534632, "label": "Varadero"}, {"country": "Cuba", "subcountry": "Holgu\u00edn", "geolabelid": 3534749, "label": "San Germ\u00e1n"}, {"country": "Cuba", "subcountry": "Matanzas", "geolabelid": 3534761, "label": "Uni\u00f3n de Reyes"}, {"country": "Cuba", "subcountry": "Sancti Sp\u00edritus", "geolabelid": 3534915, "label": "Trinidad"}, {"country": "Cuba", "subcountry": "Camag\u00fcey", "geolabelid": 3536259, "label": "Sibanic\u00fa"}, {"country": "Cuba", "subcountry": "Villa Clara", "geolabelid": 3536640, "label": "Santo Domingo"}, {"country": "Cuba", "subcountry": "La Habana", "geolabelid": 3536724, "label": "Santiago de las Vegas"}, {"country": "Cuba", "subcountry": "Santiago de Cuba", "geolabelid": 3536729, "label": "Santiago de Cuba"}, {"country": "Cuba", "subcountry": "Camag\u00fcey", "geolabelid": 3537840, "label": "Santa Cruz del Sur"}, {"country": "Cuba", "subcountry": "Mayabeque", "geolabelid": 3537845, "label": "Santa Cruz del Norte"}, {"country": "Cuba", "subcountry": "Villa Clara", "geolabelid": 3537906, "label": "Santa Clara"}, {"country": "Cuba", "subcountry": "La Habana", "geolabelid": 3538803, "label": "San Miguel del Padr\u00f3n"}, {"country": "Cuba", "subcountry": "Santiago de Cuba", "geolabelid": 3539093, "label": "San Luis"}, {"country": "Cuba", "subcountry": "Mayabeque", "geolabelid": 3539560, "label": "San Jos\u00e9 de las Lajas"}, {"country": "Cuba", "subcountry": "Sancti Sp\u00edritus", "geolabelid": 3540667, "label": "Sancti Sp\u00edritus"}, {"country": "Cuba", "subcountry": "Artemisa", "geolabelid": 3540680, "label": "San Cristobal"}, {"country": "Cuba", "subcountry": "Artemisa", "geolabelid": 3540885, "label": "San Antonio de los Ba\u00f1os"}, {"country": "Cuba", "subcountry": "Villa Clara", "geolabelid": 3541440, "label": "Sagua la Grande"}, {"country": "Cuba", "subcountry": "Holgu\u00edn", "geolabelid": 3541446, "label": "Sagua de T\u00e1namo"}, {"country": "Cuba", "subcountry": "Cienfuegos", "geolabelid": 3541999, "label": "Rodas"}, {"country": "Cuba", "subcountry": "Guant\u00e1namo", "geolabelid": 3542137, "label": "R\u00edo Guayabal de Yateras"}, {"country": "Cuba", "subcountry": "Granma", "geolabelid": 3542167, "label": "R\u00edo Cauto"}, {"country": "Cuba", "subcountry": "Villa Clara", "geolabelid": 3542455, "label": "Remedios"}, {"country": "Cuba", "subcountry": "La Habana", "geolabelid": 3542502, "label": "Regla"}, {"country": "Cuba", "subcountry": "Villa Clara", "geolabelid": 3542744, "label": "Ranchuelo"}, {"country": "Cuba", "subcountry": "Las Tunas", "geolabelid": 3543299, "label": "Puerto Padre"}, {"country": "Cuba", "subcountry": "Ciego de \u00c1vila", "geolabelid": 3543498, "label": "Primero de Enero"}, {"country": "Cuba", "subcountry": "Villa Clara", "geolabelid": 3543961, "label": "Placetas"}, {"country": "Cuba", "subcountry": "Pinar del R\u00edo", "geolabelid": 3544091, "label": "Pinar del R\u00edo"}, {"country": "Cuba", "subcountry": "Matanzas", "geolabelid": 3544393, "label": "Perico"}, {"country": "Cuba", "subcountry": "Matanzas", "geolabelid": 3544607, "label": "Pedro Betancourt"}, {"country": "Cuba", "subcountry": "Cienfuegos", "geolabelid": 3545040, "label": "Palmira"}, {"country": "Cuba", "subcountry": "Santiago de Cuba", "geolabelid": 3545064, "label": "Palma Soriano"}, {"country": "Cuba", "subcountry": "Camag\u00fcey", "geolabelid": 3545841, "label": "Nuevitas"}, {"country": "Cuba", "subcountry": "Isla de la Juventud", "geolabelid": 3545867, "label": "Nueva Gerona"}, {"country": "Cuba", "subcountry": "Granma", "geolabelid": 3545981, "label": "Niquero"}, {"country": "Cuba", "subcountry": "Ciego de \u00c1vila", "geolabelid": 3546434, "label": "Mor\u00f3n"}, {"country": "Cuba", "subcountry": "Holgu\u00edn", "geolabelid": 3546791, "label": "Moa"}, {"country": "Cuba", "subcountry": "Pinar del R\u00edo", "geolabelid": 3546882, "label": "Minas de Matahambre"}, {"country": "Cuba", "subcountry": "Camag\u00fcey", "geolabelid": 3546894, "label": "Minas"}, {"country": "Cuba", "subcountry": "Granma", "geolabelid": 3547260, "label": "Media Luna"}, {"country": "Cuba", "subcountry": "Matanzas", "geolabelid": 3547398, "label": "Matanzas"}, {"country": "Cuba", "subcountry": "Artemisa", "geolabelid": 3547600, "label": "Mariel"}, {"country": "Cuba", "subcountry": "Granma", "geolabelid": 3547867, "label": "Manzanillo"}, {"country": "Cuba", "subcountry": "Villa Clara", "geolabelid": 3547976, "label": "Manicaragua"}, {"country": "Cuba", "subcountry": "Guant\u00e1namo", "geolabelid": 3548441, "label": "Mais\u00ed"}, {"country": "Cuba", "subcountry": "Mayabeque", "geolabelid": 3548529, "label": "Madruga"}, {"country": "Cuba", "subcountry": "Pinar del R\u00edo", "geolabelid": 3548993, "label": "Los Palacios"}, {"country": "Cuba", "subcountry": "Las Tunas", "geolabelid": 3550598, "label": "Las Tunas"}, {"country": "Cuba", "subcountry": "Sancti Sp\u00edritus", "geolabelid": 3551184, "label": "La Sierpe"}, {"country": "Cuba", "subcountry": "Mayabeque", "geolabelid": 3551608, "label": "La Salud"}, {"country": "Cuba", "subcountry": "La Habana", "geolabelid": 3553478, "label": "Havana"}, {"country": "Cuba", "subcountry": "Matanzas", "geolabelid": 3555907, "label": "Jovellanos"}, {"country": "Cuba", "subcountry": "Holgu\u00edn", "geolabelid": 3556077, "label": "Jobabo"}, {"country": "Cuba", "subcountry": "Las Tunas", "geolabelid": 3556078, "label": "Jobabo"}, {"country": "Cuba", "subcountry": "Granma", "geolabelid": 3556168, "label": "Jiguan\u00ed"}, {"country": "Cuba", "subcountry": "Las Tunas", "geolabelid": 3556268, "label": "Jes\u00fas Men\u00e9ndez"}, {"country": "Cuba", "subcountry": "Sancti Sp\u00edritus", "geolabelid": 3556334, "label": "Jatibonico"}, {"country": "Cuba", "subcountry": "Mayabeque", "geolabelid": 3556351, "label": "Jaruco"}, {"country": "Cuba", "subcountry": "Matanzas", "geolabelid": 3556437, "label": "Jag\u00fcey Grande"}, {"country": "Cuba", "subcountry": "Holgu\u00edn", "geolabelid": 3556969, "label": "Holgu\u00edn"}, {"country": "Cuba", "subcountry": "Granma", "geolabelid": 3557332, "label": "Guisa"}, {"country": "Cuba", "subcountry": "Artemisa", "geolabelid": 3557347, "label": "G\u00fcira de Melena"}, {"country": "Cuba", "subcountry": "Mayabeque", "geolabelid": 3557378, "label": "G\u00fcines"}, {"country": "Cuba", "subcountry": "Guant\u00e1namo", "geolabelid": 3557689, "label": "Guant\u00e1namo"}, {"country": "Cuba", "subcountry": "Pinar del R\u00edo", "geolabelid": 3557758, "label": "Guane"}, {"country": "Cuba", "subcountry": "Artemisa", "geolabelid": 3557801, "label": "Guanajay"}, {"country": "Cuba", "subcountry": "La Habana", "geolabelid": 3557846, "label": "Guanabacoa"}, {"country": "Cuba", "subcountry": "Camag\u00fcey", "geolabelid": 3557923, "label": "Gu\u00e1imaro"}, {"country": "Cuba", "subcountry": "Holgu\u00edn", "geolabelid": 3558315, "label": "Gibara"}, {"country": "Cuba", "subcountry": "Sancti Sp\u00edritus", "geolabelid": 3558744, "label": "Fomento"}, {"country": "Cuba", "subcountry": "Camag\u00fcey", "geolabelid": 3558771, "label": "Florida"}, {"country": "Cuba", "subcountry": "Ciego de \u00c1vila", "geolabelid": 3558792, "label": "Florencia"}, {"country": "Cuba", "subcountry": "Camag\u00fcey", "geolabelid": 3559318, "label": "Esmeralda"}, {"country": "Cuba", "subcountry": "Villa Clara", "geolabelid": 3559416, "label": "Encrucijada"}, {"country": "Cuba", "subcountry": "Cienfuegos", "geolabelid": 3562827, "label": "Cumanayagua"}, {"country": "Cuba", "subcountry": "Holgu\u00edn", "geolabelid": 3562895, "label": "Cueto"}, {"country": "Cuba", "subcountry": "Cienfuegos", "geolabelid": 3563145, "label": "Cruces"}, {"country": "Cuba", "subcountry": "Villa Clara", "geolabelid": 3563317, "label": "Corralillo"}, {"country": "Cuba", "subcountry": "Santiago de Cuba", "geolabelid": 3563504, "label": "Contramaestre"}, {"country": "Cuba", "subcountry": "Pinar del R\u00edo", "geolabelid": 3563559, "label": "Consolaci\u00f3n del Sur"}, {"country": "Cuba", "subcountry": "Sancti Sp\u00edritus", "geolabelid": 3563609, "label": "Condado"}, {"country": "Cuba", "subcountry": "Matanzas", "geolabelid": 3563843, "label": "Col\u00f3n"}, {"country": "Cuba", "subcountry": "Las Tunas", "geolabelid": 3563856, "label": "Colombia"}, {"country": "Cuba", "subcountry": "Ciego de \u00c1vila", "geolabelid": 3564084, "label": "Ciro Redondo"}, {"country": "Cuba", "subcountry": "Villa Clara", "geolabelid": 3564114, "label": "Cifuentes"}, {"country": "Cuba", "subcountry": "Cienfuegos", "geolabelid": 3564124, "label": "Cienfuegos"}, {"country": "Cuba", "subcountry": "Ciego de \u00c1vila", "geolabelid": 3564178, "label": "Ciego de \u00c1vila"}, {"country": "Cuba", "subcountry": "Ciego de \u00c1vila", "geolabelid": 3564394, "label": "Chambas"}, {"country": "Cuba", "subcountry": "La Habana", "geolabelid": 3564436, "label": "Cerro"}, {"country": "Cuba", "subcountry": "Granma", "geolabelid": 3564885, "label": "Cauto Cristo"}, {"country": "Cuba", "subcountry": "Matanzas", "geolabelid": 3565432, "label": "C\u00e1rdenas"}, {"country": "Cuba", "subcountry": "Granma", "geolabelid": 3565951, "label": "Campechuela"}, {"country": "Cuba", "subcountry": "Villa Clara", "geolabelid": 3566054, "label": "Camajuan\u00ed"}, {"country": "Cuba", "subcountry": "Camag\u00fcey", "geolabelid": 3566067, "label": "Camag\u00fcey"}, {"country": "Cuba", "subcountry": "Matanzas", "geolabelid": 3566134, "label": "Calimete"}, {"country": "Cuba", "subcountry": "Villa Clara", "geolabelid": 3566356, "label": "Caibari\u00e9n"}, {"country": "Cuba", "subcountry": "Holgu\u00edn", "geolabelid": 3566429, "label": "Cacocum"}, {"country": "Cuba", "subcountry": "Sancti Sp\u00edritus", "geolabelid": 3566603, "label": "Cabaigu\u00e1n"}, {"country": "Cuba", "subcountry": "Mayabeque", "geolabelid": 3567546, "label": "Bejucal"}, {"country": "Cuba", "subcountry": "Granma", "geolabelid": 3567597, "label": "Bayamo"}, {"country": "Cuba", "subcountry": "Artemisa", "geolabelid": 3567612, "label": "Bauta"}, {"country": "Cuba", "subcountry": "Granma", "geolabelid": 3567669, "label": "Bartolom\u00e9 Mas\u00f3"}, {"country": "Cuba", "subcountry": "Ciego de \u00c1vila", "geolabelid": 3567823, "label": "Baragu\u00e1"}, {"country": "Cuba", "subcountry": "Guant\u00e1namo", "geolabelid": 3567834, "label": "Baracoa"}, {"country": "Cuba", "subcountry": "Holgu\u00edn", "geolabelid": 3567869, "label": "Banes"}, {"country": "Cuba", "subcountry": "Artemisa", "geolabelid": 3567995, "label": "Bah\u00eda Honda"}, {"country": "Cuba", "subcountry": "Artemisa", "geolabelid": 3568312, "label": "Artemisa"}, {"country": "Cuba", "subcountry": "La Habana", "geolabelid": 3568342, "label": "Arroyo Naranjo"}, {"country": "Cuba", "subcountry": "Las Tunas", "geolabelid": 3569024, "label": "Amancio"}, {"country": "Cuba", "subcountry": "Artemisa", "geolabelid": 3569136, "label": "Alqu\u00edzar"}, {"country": "Cuba", "subcountry": "La Habana", "geolabelid": 3569370, "label": "Alamar"}, {"country": "Cuba", "subcountry": "Cienfuegos", "geolabelid": 3569546, "label": "Aguada de Pasajeros"}, {"country": "Cuba", "subcountry": "Cienfuegos", "geolabelid": 3569741, "label": "Abreus"}, {"country": "Cuba", "subcountry": "La Habana", "geolabelid": 3746181, "label": "Habana del Este"}, {"country": "Cuba", "subcountry": "La Habana", "geolabelid": 3746183, "label": "Centro Habana"}, {"country": "Cuba", "subcountry": "La Habana", "geolabelid": 3746184, "label": "La Habana Vieja"}, {"country": "Cuba", "subcountry": "Holgu\u00edn", "geolabelid": 3746938, "label": "B\u00e1guanos"}, {"country": "Cuba", "subcountry": "Camag\u00fcey", "geolabelid": 3754915, "label": "Jimaguay\u00fa"}, {"country": "Cuba", "subcountry": "La Habana", "geolabelid": 6956646, "label": "Arroyo Naranjo"}, {"country": "Cuba", "subcountry": "La Habana", "geolabelid": 6956647, "label": "Boyeros"}, {"country": "Cuba", "subcountry": "La Habana", "geolabelid": 6956648, "label": "Diez de Octubre"}]