[{"country": "Tajikistan", "subcountry": "Khatlon", "geolabelid": 1220112, "label": "Yovon"}, {"country": "Tajikistan", "subcountry": "Khatlon", "geolabelid": 1220163, "label": "Vose\u2019"}, {"country": "Tajikistan", "subcountry": "Khatlon", "geolabelid": 1220219, "label": "Vakhsh"}, {"country": "Tajikistan", "subcountry": "Viloyati Sughd", "geolabelid": 1220253, "label": "Istaravshan"}, {"country": "Tajikistan", "subcountry": "Republican Subordination", "geolabelid": 1220301, "label": "Tursunzoda"}, {"country": "Tajikistan", "subcountry": "Khatlon", "geolabelid": 1220747, "label": "Q\u016drghonteppa"}, {"country": "Tajikistan", "subcountry": "Viloyati Sughd", "geolabelid": 1220798, "label": "Panjakent"}, {"country": "Tajikistan", "subcountry": "Khatlon", "geolabelid": 1220826, "label": "Farkhor"}, {"country": "Tajikistan", "subcountry": "Republican Subordination", "geolabelid": 1220855, "label": "Vahdat"}, {"country": "Tajikistan", "subcountry": "Khatlon", "geolabelid": 1220905, "label": "Norak"}, {"country": "Tajikistan", "subcountry": "Khatlon", "geolabelid": 1221194, "label": "K\u016dlob"}, {"country": "Tajikistan", "subcountry": "Khatlon", "geolabelid": 1221259, "label": "Kolkhozobod"}, {"country": "Tajikistan", "subcountry": "Gorno-Badakhshan", "geolabelid": 1221328, "label": "Khorugh"}, {"country": "Tajikistan", "subcountry": "Gorno-Badakhshan", "geolabelid": 1221614, "label": "Ishqoshim"}, {"country": "Tajikistan", "subcountry": "Republican Subordination", "geolabelid": 1221714, "label": "Hisor"}, {"country": "Tajikistan", "subcountry": "Dushanbe", "geolabelid": 1221874, "label": "Dushanbe"}, {"country": "Tajikistan", "subcountry": "Khatlon", "geolabelid": 1221965, "label": "Danghara"}, {"country": "Tajikistan", "subcountry": "Khatlon", "geolabelid": 1221997, "label": "Chubek"}, {"country": "Tajikistan", "subcountry": "Dushanbe", "geolabelid": 1222107, "label": "Boshkengash"}, {"country": "Tajikistan", "subcountry": "Viloyati Sughd", "geolabelid": 1514839, "label": "Proletar"}, {"country": "Tajikistan", "subcountry": "Viloyati Sughd", "geolabelid": 1514879, "label": "Kh\u016djand"}, {"country": "Tajikistan", "subcountry": "Viloyati Sughd", "geolabelid": 1514891, "label": "Konibodom"}, {"country": "Tajikistan", "subcountry": "Viloyati Sughd", "geolabelid": 1514896, "label": "Isfara"}, {"country": "Tajikistan", "subcountry": "Viloyati Sughd", "geolabelid": 1538311, "label": "Chkalov"}, {"country": "Tajikistan", "subcountry": "Khatlon", "geolabelid": 8416817, "label": "Moskovskiy"}]