[{"country": "Hungary", "subcountry": "J\u00e1sz-Nagykun-Szolnok", "geolabelid": 714581, "label": "T\u00f6r\u00f6kszentmikl\u00f3s"}, {"country": "Hungary", "subcountry": "Borsod-Aba\u00faj-Zempl\u00e9n", "geolabelid": 714697, "label": "Tisza\u00fajv\u00e1ros"}, {"country": "Hungary", "subcountry": "J\u00e1sz-Nagykun-Szolnok", "geolabelid": 715126, "label": "Szolnok"}, {"country": "Hungary", "subcountry": "Csongr\u00e1d", "geolabelid": 715338, "label": "Szentes"}, {"country": "Hungary", "subcountry": "Csongr\u00e1d", "geolabelid": 715429, "label": "Szeged"}, {"country": "Hungary", "subcountry": "Bekes", "geolabelid": 715466, "label": "Szarvas"}, {"country": "Hungary", "subcountry": "Borsod-Aba\u00faj-Zempl\u00e9n", "geolabelid": 715839, "label": "S\u00e1toralja\u00fajhely"}, {"country": "Hungary", "subcountry": "Hajd\u00fa-Bihar", "geolabelid": 716301, "label": "P\u00fcsp\u00f6klad\u00e1ny"}, {"country": "Hungary", "subcountry": "Borsod-Aba\u00faj-Zempl\u00e9n", "geolabelid": 716671, "label": "\u00d3zd"}, {"country": "Hungary", "subcountry": "Bekes", "geolabelid": 716736, "label": "Orosh\u00e1za"}, {"country": "Hungary", "subcountry": "Szabolcs-Szatm\u00e1r-Bereg", "geolabelid": 716935, "label": "Ny\u00edregyh\u00e1za"}, {"country": "Hungary", "subcountry": "Borsod-Aba\u00faj-Zempl\u00e9n", "geolabelid": 717582, "label": "Miskolc"}, {"country": "Hungary", "subcountry": "J\u00e1sz-Nagykun-Szolnok", "geolabelid": 717635, "label": "Mez\u0151t\u00far"}, {"country": "Hungary", "subcountry": "Borsod-Aba\u00faj-Zempl\u00e9n", "geolabelid": 717652, "label": "Mez\u0151k\u00f6vesd"}, {"country": "Hungary", "subcountry": "Szabolcs-Szatm\u00e1r-Bereg", "geolabelid": 717771, "label": "M\u00e1t\u00e9szalka"}, {"country": "Hungary", "subcountry": "Csongr\u00e1d", "geolabelid": 717902, "label": "Mak\u00f3"}, {"country": "Hungary", "subcountry": "Szabolcs-Szatm\u00e1r-Bereg", "geolabelid": 718739, "label": "Kisv\u00e1rda"}, {"country": "Hungary", "subcountry": "Borsod-Aba\u00faj-Zempl\u00e9n", "geolabelid": 719311, "label": "Kazincbarcika"}, {"country": "Hungary", "subcountry": "J\u00e1sz-Nagykun-Szolnok", "geolabelid": 719404, "label": "Karcag"}, {"country": "Hungary", "subcountry": "Csongr\u00e1d", "geolabelid": 719965, "label": "H\u00f3dmez\u0151v\u00e1s\u00e1rhely"}, {"country": "Hungary", "subcountry": "Hajd\u00fa-Bihar", "geolabelid": 720276, "label": "Hajd\u00faszoboszl\u00f3"}, {"country": "Hungary", "subcountry": "Hajd\u00fa-Bihar", "geolabelid": 720284, "label": "Hajd\u00fan\u00e1n\u00e1s"}, {"country": "Hungary", "subcountry": "Hajd\u00fa-Bihar", "geolabelid": 720292, "label": "Hajd\u00fab\u00f6sz\u00f6rm\u00e9ny"}, {"country": "Hungary", "subcountry": "Bekes", "geolabelid": 720334, "label": "Gyula"}, {"country": "Hungary", "subcountry": "Bekes", "geolabelid": 720364, "label": "Gyomaendr\u0151d"}, {"country": "Hungary", "subcountry": "Heves", "geolabelid": 721239, "label": "Eger"}, {"country": "Hungary", "subcountry": "Hajd\u00fa-Bihar", "geolabelid": 721472, "label": "Debrecen"}, {"country": "Hungary", "subcountry": "Csongr\u00e1d", "geolabelid": 721592, "label": "Csongr\u00e1d"}, {"country": "Hungary", "subcountry": "Hajd\u00fa-Bihar", "geolabelid": 722324, "label": "Beretty\u00f3\u00fajfalu"}, {"country": "Hungary", "subcountry": "Bekes", "geolabelid": 722437, "label": "B\u00e9k\u00e9scsaba"}, {"country": "Hungary", "subcountry": "Bekes", "geolabelid": 722439, "label": "B\u00e9k\u00e9s"}, {"country": "Hungary", "subcountry": "Hajd\u00fa-Bihar", "geolabelid": 722636, "label": "Balmaz\u00fajv\u00e1ros"}, {"country": "Hungary", "subcountry": "Pest", "geolabelid": 723030, "label": "Abony"}, {"country": "Hungary", "subcountry": "Zala", "geolabelid": 3042638, "label": "Zalaegerszeg"}, {"country": "Hungary", "subcountry": "Veszpr\u00e9m", "geolabelid": 3042929, "label": "Veszpr\u00e9m"}, {"country": "Hungary", "subcountry": "Pest", "geolabelid": 3043019, "label": "Vecs\u00e9s"}, {"country": "Hungary", "subcountry": "Veszpr\u00e9m", "geolabelid": 3043095, "label": "V\u00e1rpalota"}, {"country": "Hungary", "subcountry": "Pest", "geolabelid": 3043293, "label": "V\u00e1c"}, {"country": "Hungary", "subcountry": "Kom\u00e1rom-Esztergom", "geolabelid": 3044082, "label": "Tatab\u00e1nya"}, {"country": "Hungary", "subcountry": "Kom\u00e1rom-Esztergom", "geolabelid": 3044083, "label": "Tata"}, {"country": "Hungary", "subcountry": "Veszpr\u00e9m", "geolabelid": 3044141, "label": "Tapolca"}, {"country": "Hungary", "subcountry": "Vas", "geolabelid": 3044310, "label": "Szombathely"}, {"country": "Hungary", "subcountry": "Pest", "geolabelid": 3044475, "label": "Szigetszentmikl\u00f3s"}, {"country": "Hungary", "subcountry": "Pest", "geolabelid": 3044681, "label": "Szentendre"}, {"country": "Hungary", "subcountry": "Tolna", "geolabelid": 3044760, "label": "Szeksz\u00e1rd"}, {"country": "Hungary", "subcountry": "Fej\u00e9r", "geolabelid": 3044774, "label": "Sz\u00e9kesfeh\u00e9rv\u00e1r"}, {"country": "Hungary", "subcountry": "Pest", "geolabelid": 3044821, "label": "Sz\u00e1zhalombatta"}, {"country": "Hungary", "subcountry": "Gy\u0151r-Moson-Sopron", "geolabelid": 3045190, "label": "Sopron"}, {"country": "Hungary", "subcountry": "Somogy", "geolabelid": 3045332, "label": "Si\u00f3fok"}, {"country": "Hungary", "subcountry": "Vas", "geolabelid": 3045487, "label": "S\u00e1rv\u00e1r"}, {"country": "Hungary", "subcountry": "N\u00f3gr\u00e1d", "geolabelid": 3045643, "label": "Salg\u00f3tarj\u00e1n"}, {"country": "Hungary", "subcountry": "Baranya", "geolabelid": 3046526, "label": "P\u00e9cs"}, {"country": "Hungary", "subcountry": "Heves", "geolabelid": 3046619, "label": "Par\u00e1dsasv\u00e1r"}, {"country": "Hungary", "subcountry": "Veszpr\u00e9m", "geolabelid": 3046686, "label": "P\u00e1pa"}, {"country": "Hungary", "subcountry": "Tolna", "geolabelid": 3046768, "label": "Paks"}, {"country": "Hungary", "subcountry": "Kom\u00e1rom-Esztergom", "geolabelid": 3046888, "label": "Oroszl\u00e1ny"}, {"country": "Hungary", "subcountry": "Pest", "geolabelid": 3047651, "label": "Nagyk\u0151r\u00f6s"}, {"country": "Hungary", "subcountry": "Zala", "geolabelid": 3047679, "label": "Nagykanizsa"}, {"country": "Hungary", "subcountry": "Gy\u0151r-Moson-Sopron", "geolabelid": 3047896, "label": "Mosonmagyar\u00f3v\u00e1r"}, {"country": "Hungary", "subcountry": "Pest", "geolabelid": 3047942, "label": "Monor"}, {"country": "Hungary", "subcountry": "Baranya", "geolabelid": 3047967, "label": "Moh\u00e1cs"}, {"country": "Hungary", "subcountry": "Baranya", "geolabelid": 3049512, "label": "Koml\u00f3"}, {"country": "Hungary", "subcountry": "Kom\u00e1rom-Esztergom", "geolabelid": 3049519, "label": "Kom\u00e1rom"}, {"country": "Hungary", "subcountry": "B\u00e1cs-Kiskun", "geolabelid": 3049880, "label": "Kiskunhalas"}, {"country": "Hungary", "subcountry": "B\u00e1cs-Kiskun", "geolabelid": 3049885, "label": "Kiskunf\u00e9legyh\u00e1za"}, {"country": "Hungary", "subcountry": "B\u00e1cs-Kiskun", "geolabelid": 3049896, "label": "Kisk\u0151r\u00f6s"}, {"country": "Hungary", "subcountry": "Zala", "geolabelid": 3050212, "label": "Keszthely"}, {"country": "Hungary", "subcountry": "B\u00e1cs-Kiskun", "geolabelid": 3050434, "label": "Kecskem\u00e9t"}, {"country": "Hungary", "subcountry": "Somogy", "geolabelid": 3050616, "label": "Kaposv\u00e1r"}, {"country": "Hungary", "subcountry": "B\u00e1cs-Kiskun", "geolabelid": 3050719, "label": "Kalocsa"}, {"country": "Hungary", "subcountry": "J\u00e1sz-Nagykun-Szolnok", "geolabelid": 3050907, "label": "J\u00e1szber\u00e9ny"}, {"country": "Hungary", "subcountry": "Heves", "geolabelid": 3051621, "label": "Hatvan"}, {"country": "Hungary", "subcountry": "Gy\u0151r-Moson-Sopron", "geolabelid": 3052009, "label": "Gy\u0151r"}, {"country": "Hungary", "subcountry": "Heves", "geolabelid": 3052040, "label": "Gy\u00f6ngy\u00f6s"}, {"country": "Hungary", "subcountry": "Pest", "geolabelid": 3052101, "label": "Gy\u00e1l"}, {"country": "Hungary", "subcountry": "Pest", "geolabelid": 3052236, "label": "G\u00f6d\u00f6ll\u0151"}, {"country": "Hungary", "subcountry": "Pest", "geolabelid": 3052241, "label": "G\u00f6d"}, {"country": "Hungary", "subcountry": "Pest", "geolabelid": 3052542, "label": "F\u00f3t"}, {"country": "Hungary", "subcountry": "Kom\u00e1rom-Esztergom", "geolabelid": 3053163, "label": "Esztergom"}, {"country": "Hungary", "subcountry": "Pest", "geolabelid": 3053281, "label": "\u00c9rd"}, {"country": "Hungary", "subcountry": "Fej\u00e9r", "geolabelid": 3053438, "label": "Duna\u00fajv\u00e1ros"}, {"country": "Hungary", "subcountry": "Pest", "geolabelid": 3053476, "label": "Dunakeszi"}, {"country": "Hungary", "subcountry": "Pest", "geolabelid": 3053485, "label": "Dunaharaszti"}, {"country": "Hungary", "subcountry": "Tolna", "geolabelid": 3053590, "label": "Domb\u00f3v\u00e1r"}, {"country": "Hungary", "subcountry": "Pest", "geolabelid": 3053836, "label": "Dabas"}, {"country": "Hungary", "subcountry": "Pest", "geolabelid": 3054543, "label": "Cegl\u00e9d"}, {"country": "Hungary", "subcountry": "Budapest", "geolabelid": 3054643, "label": "Budapest"}, {"country": "Hungary", "subcountry": "Pest", "geolabelid": 3054646, "label": "Buda\u00f6rs"}, {"country": "Hungary", "subcountry": "N\u00f3gr\u00e1d", "geolabelid": 3055601, "label": "Balassagyarmat"}, {"country": "Hungary", "subcountry": "B\u00e1cs-Kiskun", "geolabelid": 3055685, "label": "Baja"}, {"country": "Hungary", "subcountry": "Veszpr\u00e9m", "geolabelid": 3056357, "label": "Ajka"}, {"country": "Hungary", "subcountry": "Budapest", "geolabelid": 7284823, "label": "Budapest XII. ker\u00fclet"}, {"country": "Hungary", "subcountry": "Budapest", "geolabelid": 7284824, "label": "Budapest XI. ker\u00fclet"}, {"country": "Hungary", "subcountry": "Budapest", "geolabelid": 7284825, "label": "Budapest IX. ker\u00fclet"}, {"country": "Hungary", "subcountry": "Budapest", "geolabelid": 7284826, "label": "Budapest VIII. ker\u00fclet"}, {"country": "Hungary", "subcountry": "Budapest", "geolabelid": 7284827, "label": "Budapest VII. ker\u00fclet"}, {"country": "Hungary", "subcountry": "Budapest", "geolabelid": 7284828, "label": "Budapest VI. ker\u00fclet"}, {"country": "Hungary", "subcountry": "Budapest", "geolabelid": 7284829, "label": "Budapest XIV. ker\u00fclet"}, {"country": "Hungary", "subcountry": "Budapest", "geolabelid": 7284830, "label": "Budapest XIII. ker\u00fclet"}, {"country": "Hungary", "subcountry": "Budapest", "geolabelid": 7284831, "label": "Budapest IV. ker\u00fclet"}, {"country": "Hungary", "subcountry": "Budapest", "geolabelid": 7284832, "label": "Budapest XV. ker\u00fclet"}, {"country": "Hungary", "subcountry": "Budapest", "geolabelid": 7284833, "label": "Budapest XVI. ker\u00fclet"}, {"country": "Hungary", "subcountry": "Budapest", "geolabelid": 7284834, "label": "Budapest X. ker\u00fclet"}, {"country": "Hungary", "subcountry": "Budapest", "geolabelid": 7284835, "label": "Budapest XIX. ker\u00fclet"}, {"country": "Hungary", "subcountry": "Budapest", "geolabelid": 7284836, "label": "Budapest XVIII. ker\u00fclet"}, {"country": "Hungary", "subcountry": "Budapest", "geolabelid": 7284837, "label": "Budapest XXIII. ker\u00fclet"}, {"country": "Hungary", "subcountry": "Budapest", "geolabelid": 7284838, "label": "Budapest XXII. ker\u00fclet"}, {"country": "Hungary", "subcountry": "Budapest", "geolabelid": 7284839, "label": "Budapest XXI. ker\u00fclet"}, {"country": "Hungary", "subcountry": "Budapest", "geolabelid": 7284840, "label": "Budapest XX. ker\u00fclet"}, {"country": "Hungary", "subcountry": "Budapest", "geolabelid": 7284841, "label": "Budapest XVII. ker\u00fclet"}, {"country": "Hungary", "subcountry": "Budapest", "geolabelid": 7284842, "label": "Budapest III. ker\u00fclet"}, {"country": "Hungary", "subcountry": "Budapest", "geolabelid": 7284843, "label": "Budapest II. ker\u00fclet"}, {"country": "Hungary", "subcountry": "Budapest", "geolabelid": 7284844, "label": "Budapest I. ker\u00fclet"}]