[{"country": "North Korea", "subcountry": "Hwanghae-namdo", "geolabelid": 1866569, "label": "Y\u014fnan-\u016dp"}, {"country": "North Korea", "subcountry": "Kangw\u014fn-do", "geolabelid": 1866923, "label": "W\u014fnsan"}, {"country": "North Korea", "subcountry": "Kangw\u014fn-do", "geolabelid": 1867927, "label": "T\u2019ongch\u2019\u014fn-\u016dp"}, {"country": "North Korea", "subcountry": "Pyongyang", "geolabelid": 1868998, "label": "S\u016dngho 1-tong"}, {"country": "North Korea", "subcountry": "Pyongyang", "geolabelid": 1869021, "label": "Sunan"}, {"country": "North Korea", "subcountry": "Hwanghae-bukto", "geolabelid": 1869446, "label": "Songnim"}, {"country": "North Korea", "subcountry": "P'y\u014fngan-namdo", "geolabelid": 1870413, "label": "Sil-li"}, {"country": "North Korea", "subcountry": "Hwanghae-bukto", "geolabelid": 1870434, "label": "Sinmak"}, {"country": "North Korea", "subcountry": "P'y\u014fngan-namdo", "geolabelid": 1870742, "label": "Sinanju"}, {"country": "North Korea", "subcountry": "Hwanghae-bukto", "geolabelid": 1870883, "label": "Sariw\u014fn"}, {"country": "North Korea", "subcountry": "Hamgy\u014fng-namdo", "geolabelid": 1871484, "label": "Samho-rodongjagu"}, {"country": "North Korea", "subcountry": "Pyongyang", "geolabelid": 1871859, "label": "Pyongyang"}, {"country": "North Korea", "subcountry": "P'y\u014fngan-namdo", "geolabelid": 1871871, "label": "P\u2019y\u014fngs\u014fng"}, {"country": "North Korea", "subcountry": "Hwanghae-namdo", "geolabelid": 1873172, "label": "Ongjin"}, {"country": "North Korea", "subcountry": "P'y\u014fngan-namdo", "geolabelid": 1873757, "label": "Namp\u2019o"}, {"country": "North Korea", "subcountry": "P'y\u014fngan-bukto", "geolabelid": 1875107, "label": "Kus\u014fng"}, {"country": "North Korea", "subcountry": "P'y\u014fngan-bukto", "geolabelid": 1875506, "label": "Kujang-\u016dp"}, {"country": "North Korea", "subcountry": "Hamgy\u014fng-namdo", "geolabelid": 1875588, "label": "Kow\u014fn-\u016dp"}, {"country": "North Korea", "subcountry": "Kangw\u014fn-do", "geolabelid": 1875632, "label": "Kosan"}, {"country": "North Korea", "subcountry": "Pyongyang", "geolabelid": 1876153, "label": "Kangdong-\u016dp"}, {"country": "North Korea", "subcountry": "Hwanghae-namdo", "geolabelid": 1876373, "label": "Kaes\u014fng"}, {"country": "North Korea", "subcountry": "Hwanghae-bukto", "geolabelid": 1876873, "label": "Hwangju-\u016dp"}, {"country": "North Korea", "subcountry": "Hamgy\u014fng-namdo", "geolabelid": 1877030, "label": "H\u016dngnam"}, {"country": "North Korea", "subcountry": "Hwanghae-bukto", "geolabelid": 1877046, "label": "H\u016dkkyo-ri"}, {"country": "North Korea", "subcountry": "Kangw\u014fn-do", "geolabelid": 1877148, "label": "Hoeyang"}, {"country": "North Korea", "subcountry": "Hamgy\u014fng-namdo", "geolabelid": 1877449, "label": "Hamh\u016dng"}, {"country": "North Korea", "subcountry": "Hwanghae-namdo", "geolabelid": 1877615, "label": "Haeju"}, {"country": "North Korea", "subcountry": "Pyongyang", "geolabelid": 1877872, "label": "Chunghwa"}, {"country": "North Korea", "subcountry": "P'y\u014fngan-bukto", "geolabelid": 1878389, "label": "Ch\u014fngju"}, {"country": "North Korea", "subcountry": "Hwanghae-namdo", "geolabelid": 1879029, "label": "Changy\u014fn"}, {"country": "North Korea", "subcountry": "Hwanghae-namdo", "geolabelid": 1879487, "label": "Chaery\u014fng-\u016dp"}, {"country": "North Korea", "subcountry": "Hwanghae-namdo", "geolabelid": 1879544, "label": "Ayang-ni"}, {"country": "North Korea", "subcountry": "P'y\u014fngan-namdo", "geolabelid": 1879613, "label": "Anju"}, {"country": "North Korea", "subcountry": "Kangw\u014fn-do", "geolabelid": 1879672, "label": "Anby\u014fn-\u016dp"}, {"country": "North Korea", "subcountry": "Hwanghae-bukto", "geolabelid": 1879682, "label": "Anak"}, {"country": "North Korea", "subcountry": "Hamgy\u014fng-namdo", "geolabelid": 2038854, "label": "Yuktae-dong"}, {"country": "North Korea", "subcountry": "P'y\u014fngan-bukto", "geolabelid": 2039623, "label": "\u016ciju"}, {"country": "North Korea", "subcountry": "Rason", "geolabelid": 2040674, "label": "S\u014fnbong"}, {"country": "North Korea", "subcountry": "P'y\u014fngan-bukto", "geolabelid": 2040893, "label": "Sin\u016diju"}, {"country": "North Korea", "subcountry": "P'y\u014fngan-bukto", "geolabelid": 2041533, "label": "Sakchu-\u016dp"}, {"country": "North Korea", "subcountry": "Hamgy\u014fng-namdo", "geolabelid": 2042249, "label": "Y\u014fnggwang-\u016dp"}, {"country": "North Korea", "subcountry": "Hamgy\u014fng-bukto", "geolabelid": 2042267, "label": "Ons\u014fng"}, {"country": "North Korea", "subcountry": "Hamgy\u014fng-bukto", "geolabelid": 2042498, "label": "Nanam"}, {"country": "North Korea", "subcountry": "Hamgy\u014fng-bukto", "geolabelid": 2042503, "label": "Namyang-dong"}, {"country": "North Korea", "subcountry": "Rason", "geolabelid": 2042645, "label": "Najin"}, {"country": "North Korea", "subcountry": "Hamgy\u014fng-bukto", "geolabelid": 2042738, "label": "Musan-\u016dp"}, {"country": "North Korea", "subcountry": "Hamgy\u014fng-bukto", "geolabelid": 2042987, "label": "Ky\u014fngs\u014fng"}, {"country": "North Korea", "subcountry": "Hamgy\u014fng-bukto", "geolabelid": 2043484, "label": "Kilju"}, {"country": "North Korea", "subcountry": "Yanggang-do", "geolabelid": 2043531, "label": "Kapsan-\u016dp"}, {"country": "North Korea", "subcountry": "Chagang-do", "geolabelid": 2043572, "label": "Kanggye-si"}, {"country": "North Korea", "subcountry": "Hamgy\u014fng-namdo", "geolabelid": 2043677, "label": "Iw\u014fn-\u016dp"}, {"country": "North Korea", "subcountry": "Yanggang-do", "geolabelid": 2043835, "label": "Hyesan-dong"}, {"country": "North Korea", "subcountry": "Yanggang-do", "geolabelid": 2043837, "label": "Hyesan-si"}, {"country": "North Korea", "subcountry": "Hamgy\u014fng-namdo", "geolabelid": 2044050, "label": "Hongw\u014fn"}, {"country": "North Korea", "subcountry": "Hamgy\u014fng-bukto", "geolabelid": 2044091, "label": "Hoery\u014fng"}, {"country": "North Korea", "subcountry": "Hamgy\u014fng-bukto", "geolabelid": 2044757, "label": "Chongjin"}, {"country": "North Korea", "subcountry": "Hamgy\u014fng-bukto", "geolabelid": 2045311, "label": "Aoji-ri"}]