[{"country": "Burundi", "subcountry": "Makamba", "geolabelid": 422232, "label": "Makamba"}, {"country": "Burundi", "subcountry": "Bururi", "geolabelid": 423328, "label": "Bururi"}, {"country": "Burundi", "subcountry": "Bujumbura Mairie", "geolabelid": 425378, "label": "Bujumbura"}, {"country": "Burundi", "subcountry": "Muramvya", "geolabelid": 425551, "label": "Muramvya"}, {"country": "Burundi", "subcountry": "Gitega", "geolabelid": 426272, "label": "Gitega"}, {"country": "Burundi", "subcountry": "Ruyigi", "geolabelid": 426700, "label": "Ruyigi"}, {"country": "Burundi", "subcountry": "Ngozi", "geolabelid": 430569, "label": "Ngozi"}, {"country": "Burundi", "subcountry": "Kayanza", "geolabelid": 430952, "label": "Kayanza"}, {"country": "Burundi", "subcountry": "Muyinga", "geolabelid": 431748, "label": "Muyinga"}, {"country": "Burundi", "subcountry": "Rutana", "geolabelid": 433635, "label": "Rutana"}]