[{"country": "Republic of the Congo", "subcountry": "L\u00e9koumou", "geolabelid": 2255285, "label": "Sibiti"}, {"country": "Republic of the Congo", "subcountry": "Pointe-Noire", "geolabelid": 2255414, "label": "Pointe-Noire"}, {"country": "Republic of the Congo", "subcountry": "Cuvette", "geolabelid": 2255542, "label": "Owando"}, {"country": "Republic of the Congo", "subcountry": "Sangha", "geolabelid": 2255564, "label": "Ou\u00e9sso"}, {"country": "Republic of the Congo", "subcountry": "Niari", "geolabelid": 2256895, "label": "Mossendjo"}, {"country": "Republic of the Congo", "subcountry": "Bouenza", "geolabelid": 2257990, "label": "Madingou"}, {"country": "Republic of the Congo", "subcountry": "Niari", "geolabelid": 2258261, "label": "Dolisie"}, {"country": "Republic of the Congo", "subcountry": "Pointe-Noire", "geolabelid": 2258378, "label": "Loandjili"}, {"country": "Republic of the Congo", "subcountry": "Bouenza", "geolabelid": 2259383, "label": "Kayes"}, {"country": "Republic of the Congo", "subcountry": "Likouala", "geolabelid": 2259655, "label": "Impfondo"}, {"country": "Republic of the Congo", "subcountry": "Plateaux", "geolabelid": 2259947, "label": "Gamboma"}, {"country": "Republic of the Congo", "subcountry": "Brazzaville", "geolabelid": 2260535, "label": "Brazzaville"}]