[{"country": "Costa Rica", "subcountry": "Cartago", "geolabelid": 3621184, "label": "Turrialba"}, {"country": "Costa Rica", "subcountry": "San Jos\u00e9", "geolabelid": 3621335, "label": "Tejar"}, {"country": "Costa Rica", "subcountry": "Lim\u00f3n", "geolabelid": 3621440, "label": "Siquirres"}, {"country": "Costa Rica", "subcountry": "San Jos\u00e9", "geolabelid": 3621505, "label": "San Vicente"}, {"country": "Costa Rica", "subcountry": "San Jos\u00e9", "geolabelid": 3621655, "label": "San Rafael Arriba"}, {"country": "Costa Rica", "subcountry": "San Jos\u00e9", "geolabelid": 3621659, "label": "San Rafael Abajo"}, {"country": "Costa Rica", "subcountry": "Alajuela", "geolabelid": 3621687, "label": "San Rafael"}, {"country": "Costa Rica", "subcountry": "San Jos\u00e9", "geolabelid": 3621689, "label": "San Rafael"}, {"country": "Costa Rica", "subcountry": "San Jos\u00e9", "geolabelid": 3621717, "label": "San Pedro"}, {"country": "Costa Rica", "subcountry": "Heredia", "geolabelid": 3621729, "label": "San Pablo"}, {"country": "Costa Rica", "subcountry": "San Jos\u00e9", "geolabelid": 3621753, "label": "San Miguel"}, {"country": "Costa Rica", "subcountry": "San Jos\u00e9", "geolabelid": 3621804, "label": "San Juan de Dios"}, {"country": "Costa Rica", "subcountry": "San Jos\u00e9", "geolabelid": 3621819, "label": "San Juan"}, {"country": "Costa Rica", "subcountry": "Alajuela", "geolabelid": 3621841, "label": "San Jos\u00e9"}, {"country": "Costa Rica", "subcountry": "San Jos\u00e9", "geolabelid": 3621849, "label": "San Jos\u00e9"}, {"country": "Costa Rica", "subcountry": "San Jos\u00e9", "geolabelid": 3621889, "label": "San Isidro"}, {"country": "Costa Rica", "subcountry": "Heredia", "geolabelid": 3621911, "label": "San Francisco"}, {"country": "Costa Rica", "subcountry": "San Jos\u00e9", "geolabelid": 3621922, "label": "San Felipe"}, {"country": "Costa Rica", "subcountry": "Cartago", "geolabelid": 3621926, "label": "San Diego"}, {"country": "Costa Rica", "subcountry": "Alajuela", "geolabelid": 3622190, "label": "Quesada"}, {"country": "Costa Rica", "subcountry": "San Jos\u00e9", "geolabelid": 3622217, "label": "Purral"}, {"country": "Costa Rica", "subcountry": "Puntarenas", "geolabelid": 3622228, "label": "Puntarenas"}, {"country": "Costa Rica", "subcountry": "Lim\u00f3n", "geolabelid": 3622247, "label": "Lim\u00f3n"}, {"country": "Costa Rica", "subcountry": "San Jos\u00e9", "geolabelid": 3622507, "label": "Patarr\u00e1"}, {"country": "Costa Rica", "subcountry": "Cartago", "geolabelid": 3622547, "label": "Para\u00edso"}, {"country": "Costa Rica", "subcountry": "Guanacaste", "geolabelid": 3622716, "label": "Nicoya"}, {"country": "Costa Rica", "subcountry": "Heredia", "geolabelid": 3622881, "label": "Mercedes"}, {"country": "Costa Rica", "subcountry": "Guanacaste", "geolabelid": 3623076, "label": "Liberia"}, {"country": "Costa Rica", "subcountry": "San Jos\u00e9", "geolabelid": 3623394, "label": "Ip\u00eds"}, {"country": "Costa Rica", "subcountry": "Heredia", "geolabelid": 3623486, "label": "Heredia"}, {"country": "Costa Rica", "subcountry": "Lim\u00f3n", "geolabelid": 3623580, "label": "Gu\u00e1piles"}, {"country": "Costa Rica", "subcountry": "San Jos\u00e9", "geolabelid": 3623593, "label": "Guadalupe"}, {"country": "Costa Rica", "subcountry": "Puntarenas", "geolabelid": 3623781, "label": "Esparza"}, {"country": "Costa Rica", "subcountry": "San Jos\u00e9", "geolabelid": 3623977, "label": "Curridabat"}, {"country": "Costa Rica", "subcountry": "San Jos\u00e9", "geolabelid": 3624174, "label": "Colima"}, {"country": "Costa Rica", "subcountry": "Puntarenas", "geolabelid": 3624288, "label": "Chacarita"}, {"country": "Costa Rica", "subcountry": "Cartago", "geolabelid": 3624370, "label": "Cartago"}, {"country": "Costa Rica", "subcountry": "Guanacaste", "geolabelid": 3624468, "label": "Ca\u00f1as"}, {"country": "Costa Rica", "subcountry": "San Jos\u00e9", "geolabelid": 3624509, "label": "Calle Blancos"}, {"country": "Costa Rica", "subcountry": "San Jos\u00e9", "geolabelid": 3624848, "label": "Aserr\u00ed"}, {"country": "Costa Rica", "subcountry": "Alajuela", "geolabelid": 3624955, "label": "Alajuela"}, {"country": "Costa Rica", "subcountry": "San Jos\u00e9", "geolabelid": 6612154, "label": "San Vicente de Moravia"}]