[{"country": "Guatemala", "subcountry": "Zacapa", "geolabelid": 3587587, "label": "Zacapa"}, {"country": "Guatemala", "subcountry": "Guatemala", "geolabelid": 3587902, "label": "Villa Nueva"}, {"country": "Guatemala", "subcountry": "Guatemala", "geolabelid": 3587923, "label": "Villa Canales"}, {"country": "Guatemala", "subcountry": "Totonicap\u00e1n", "geolabelid": 3588258, "label": "Totonicap\u00e1n"}, {"country": "Guatemala", "subcountry": "Chimaltenango", "geolabelid": 3588476, "label": "Tecp\u00e1n Guatemala"}, {"country": "Guatemala", "subcountry": "Sacatep\u00e9quez", "geolabelid": 3588653, "label": "Sumpango"}, {"country": "Guatemala", "subcountry": "Solol\u00e1", "geolabelid": 3588698, "label": "Solol\u00e1"}, {"country": "Guatemala", "subcountry": "Sacatep\u00e9quez", "geolabelid": 3589101, "label": "Santiago Sacatep\u00e9quez"}, {"country": "Guatemala", "subcountry": "Solol\u00e1", "geolabelid": 3589105, "label": "Santiago Atitl\u00e1n"}, {"country": "Guatemala", "subcountry": "Sacatep\u00e9quez", "geolabelid": 3589253, "label": "Santa Mar\u00eda de Jes\u00fas"}, {"country": "Guatemala", "subcountry": "Escuintla", "geolabelid": 3589289, "label": "Santa Luc\u00eda Cotzumalguapa"}, {"country": "Guatemala", "subcountry": "Quich\u00e9", "geolabelid": 3589404, "label": "Santa Cruz del Quich\u00e9"}, {"country": "Guatemala", "subcountry": "Guatemala", "geolabelid": 3589452, "label": "Santa Catarina Pinula"}, {"country": "Guatemala", "subcountry": "San Marcos", "geolabelid": 3589626, "label": "San Pedro Sacatep\u00e9quez"}, {"country": "Guatemala", "subcountry": "Guatemala", "geolabelid": 3589646, "label": "San Pedro Ayampuc"}, {"country": "Guatemala", "subcountry": "Suchitepeque", "geolabelid": 3589671, "label": "San Pablo Jocopilas"}, {"country": "Guatemala", "subcountry": "San Marcos", "geolabelid": 3589805, "label": "San Marcos"}, {"country": "Guatemala", "subcountry": "Sacatep\u00e9quez", "geolabelid": 3589852, "label": "San Lucas Sacatep\u00e9quez"}, {"country": "Guatemala", "subcountry": "Guatemala", "geolabelid": 3589885, "label": "San Juan Sacatep\u00e9quez"}, {"country": "Guatemala", "subcountry": "Guatemala", "geolabelid": 3589977, "label": "San Jos\u00e9 Pinula"}, {"country": "Guatemala", "subcountry": "Totonicap\u00e1n", "geolabelid": 3590219, "label": "San Francisco El Alto"}, {"country": "Guatemala", "subcountry": "Alta Verapaz", "geolabelid": 3590316, "label": "San Crist\u00f3bal Verapaz"}, {"country": "Guatemala", "subcountry": "Pet\u00e9n", "geolabelid": 3590389, "label": "San Benito"}, {"country": "Guatemala", "subcountry": "El Progreso", "geolabelid": 3590406, "label": "Sanarate"}, {"country": "Guatemala", "subcountry": "Chimaltenango", "geolabelid": 3590529, "label": "San Andr\u00e9s Itzapa"}, {"country": "Guatemala", "subcountry": "Baja Verapaz", "geolabelid": 3590616, "label": "Salam\u00e1"}, {"country": "Guatemala", "subcountry": "Retalhuleu", "geolabelid": 3590858, "label": "Retalhuleu"}, {"country": "Guatemala", "subcountry": "Quetzaltenango", "geolabelid": 3590979, "label": "Quetzaltenango"}, {"country": "Guatemala", "subcountry": "Escuintla", "geolabelid": 3591060, "label": "Puerto San Jos\u00e9"}, {"country": "Guatemala", "subcountry": "Izabal", "geolabelid": 3591062, "label": "Puerto Barrios"}, {"country": "Guatemala", "subcountry": "Escuintla", "geolabelid": 3591093, "label": "Tiquisate"}, {"country": "Guatemala", "subcountry": "Pet\u00e9n", "geolabelid": 3591181, "label": "Popt\u00fan"}, {"country": "Guatemala", "subcountry": "Guatemala", "geolabelid": 3591415, "label": "Petapa"}, {"country": "Guatemala", "subcountry": "Chimaltenango", "geolabelid": 3591512, "label": "Patz\u00fan"}, {"country": "Guatemala", "subcountry": "Chimaltenango", "geolabelid": 3591523, "label": "Patzic\u00eda"}, {"country": "Guatemala", "subcountry": "Alta Verapaz", "geolabelid": 3591676, "label": "Panz\u00f3s"}, {"country": "Guatemala", "subcountry": "Escuintla", "geolabelid": 3591833, "label": "Pal\u00edn"}, {"country": "Guatemala", "subcountry": "Guatemala", "geolabelid": 3591851, "label": "Palencia"}, {"country": "Guatemala", "subcountry": "Quetzaltenango", "geolabelid": 3591997, "label": "Ostuncalco"}, {"country": "Guatemala", "subcountry": "Retalhuleu", "geolabelid": 3592105, "label": "Nuevo San Carlos"}, {"country": "Guatemala", "subcountry": "Quich\u00e9", "geolabelid": 3592237, "label": "Nebaj"}, {"country": "Guatemala", "subcountry": "Solol\u00e1", "geolabelid": 3592286, "label": "Nahual\u00e1"}, {"country": "Guatemala", "subcountry": "Izabal", "geolabelid": 3592362, "label": "Morales"}, {"country": "Guatemala", "subcountry": "Totonicap\u00e1n", "geolabelid": 3592483, "label": "Momostenango"}, {"country": "Guatemala", "subcountry": "Guatemala", "geolabelid": 3592519, "label": "Mixco"}, {"country": "Guatemala", "subcountry": "Suchitepeque", "geolabelid": 3592609, "label": "Mazatenango"}, {"country": "Guatemala", "subcountry": "Escuintla", "geolabelid": 3594575, "label": "La Gomera"}, {"country": "Guatemala", "subcountry": "Quetzaltenango", "geolabelid": 3594703, "label": "La Esperanza"}, {"country": "Guatemala", "subcountry": "Jutiapa", "geolabelid": 3595069, "label": "Jutiapa"}, {"country": "Guatemala", "subcountry": "Sacatep\u00e9quez", "geolabelid": 3595171, "label": "Jocotenango"}, {"country": "Guatemala", "subcountry": "Jalapa", "geolabelid": 3595237, "label": "Jalapa"}, {"country": "Guatemala", "subcountry": "Huehuetenango", "geolabelid": 3595248, "label": "Jacaltenango"}, {"country": "Guatemala", "subcountry": "Huehuetenango", "geolabelid": 3595416, "label": "Huehuetenango"}, {"country": "Guatemala", "subcountry": "Zacapa", "geolabelid": 3595560, "label": "Gual\u00e1n"}, {"country": "Guatemala", "subcountry": "Guatemala", "geolabelid": 3595714, "label": "Fraijanes"}, {"country": "Guatemala", "subcountry": "Pet\u00e9n", "geolabelid": 3595725, "label": "Flores"}, {"country": "Guatemala", "subcountry": "Chiquimula", "geolabelid": 3595783, "label": "Esquipulas"}, {"country": "Guatemala", "subcountry": "Escuintla", "geolabelid": 3595803, "label": "Escuintla"}, {"country": "Guatemala", "subcountry": "Chimaltenango", "geolabelid": 3596041, "label": "El Tejar"}, {"country": "Guatemala", "subcountry": "Quetzaltenango", "geolabelid": 3596644, "label": "El Palmar"}, {"country": "Guatemala", "subcountry": "Izabal", "geolabelid": 3597078, "label": "El Estor"}, {"country": "Guatemala", "subcountry": "Santa Rosa", "geolabelid": 3597804, "label": "Cuilapa"}, {"country": "Guatemala", "subcountry": "San Marcos", "geolabelid": 3598025, "label": "Comitancillo"}, {"country": "Guatemala", "subcountry": "Chimaltenango", "geolabelid": 3598034, "label": "Comalapa"}, {"country": "Guatemala", "subcountry": "Quetzaltenango", "geolabelid": 3598073, "label": "Colomba"}, {"country": "Guatemala", "subcountry": "Alta Verapaz", "geolabelid": 3598119, "label": "Cob\u00e1n"}, {"country": "Guatemala", "subcountry": "Quetzaltenango", "geolabelid": 3598122, "label": "Coatepeque"}, {"country": "Guatemala", "subcountry": "Sacatep\u00e9quez", "geolabelid": 3598128, "label": "Ciudad Vieja"}, {"country": "Guatemala", "subcountry": "Guatemala", "geolabelid": 3598132, "label": "Guatemala City"}, {"country": "Guatemala", "subcountry": "Alta Verapaz", "geolabelid": 3598415, "label": "Chisec"}, {"country": "Guatemala", "subcountry": "Chiquimula", "geolabelid": 3598465, "label": "Chiquimula"}, {"country": "Guatemala", "subcountry": "Guatemala", "geolabelid": 3598529, "label": "Chinautla"}, {"country": "Guatemala", "subcountry": "Chimaltenango", "geolabelid": 3598572, "label": "Chimaltenango"}, {"country": "Guatemala", "subcountry": "Quich\u00e9", "geolabelid": 3598655, "label": "Chichicastenango"}, {"country": "Guatemala", "subcountry": "Suchitepeque", "geolabelid": 3598678, "label": "Chicacao"}, {"country": "Guatemala", "subcountry": "Quetzaltenango", "geolabelid": 3599069, "label": "Cantel"}, {"country": "Guatemala", "subcountry": "Santa Rosa", "geolabelid": 3599582, "label": "Barberena"}, {"country": "Guatemala", "subcountry": "Jutiapa", "geolabelid": 3599639, "label": "Asunci\u00f3n Mita"}, {"country": "Guatemala", "subcountry": "Sacatep\u00e9quez", "geolabelid": 3599699, "label": "Antigua Guatemala"}, {"country": "Guatemala", "subcountry": "Guatemala", "geolabelid": 3599735, "label": "Amatitl\u00e1n"}, {"country": "Guatemala", "subcountry": "Sacatep\u00e9quez", "geolabelid": 3599788, "label": "Alotenango"}]