[{"country": "Australia", "subcountry": "South Australia", "geolabelid": 2058430, "label": "Whyalla"}, {"country": "Australia", "subcountry": "Western Australia", "geolabelid": 2062338, "label": "Rockingham"}, {"country": "Australia", "subcountry": "South Australia", "geolabelid": 2062944, "label": "Prospect"}, {"country": "Australia", "subcountry": "Western Australia", "geolabelid": 2063042, "label": "Port Hedland"}, {"country": "Australia", "subcountry": "Western Australia", "geolabelid": 2063523, "label": "Perth"}, {"country": "Australia", "subcountry": "South Australia", "geolabelid": 2065176, "label": "Murray Bridge"}, {"country": "Australia", "subcountry": "Queensland", "geolabelid": 2065594, "label": "Mount Isa"}, {"country": "Australia", "subcountry": "South Australia", "geolabelid": 2065740, "label": "Morphett Vale"}, {"country": "Australia", "subcountry": "Western Australia", "geolabelid": 2067119, "label": "Mandurah"}, {"country": "Australia", "subcountry": "Western Australia", "geolabelid": 2068079, "label": "Kwinana"}, {"country": "Australia", "subcountry": "Western Australia", "geolabelid": 2068823, "label": "Kalgoorlie"}, {"country": "Australia", "subcountry": "Western Australia", "geolabelid": 2070571, "label": "Gosnells"}, {"country": "Australia", "subcountry": "Western Australia", "geolabelid": 2070998, "label": "Geraldton"}, {"country": "Australia", "subcountry": "South Australia", "geolabelid": 2071059, "label": "Gawler"}, {"country": "Australia", "subcountry": "Western Australia", "geolabelid": 2071223, "label": "Fremantle"}, {"country": "Australia", "subcountry": "Northern Territory", "geolabelid": 2073124, "label": "Darwin"}, {"country": "Australia", "subcountry": "Western Australia", "geolabelid": 2075265, "label": "Busselton"}, {"country": "Australia", "subcountry": "Western Australia", "geolabelid": 2075432, "label": "Bunbury"}, {"country": "Australia", "subcountry": "Western Australia", "geolabelid": 2077579, "label": "Armadale"}, {"country": "Australia", "subcountry": "Northern Territory", "geolabelid": 2077895, "label": "Alice Springs"}, {"country": "Australia", "subcountry": "Western Australia", "geolabelid": 2077963, "label": "Albany"}, {"country": "Australia", "subcountry": "South Australia", "geolabelid": 2078025, "label": "Adelaide"}, {"country": "Australia", "subcountry": "Queensland", "geolabelid": 2143069, "label": "Woodridge"}, {"country": "Australia", "subcountry": "Victoria", "geolabelid": 2143285, "label": "Wodonga"}, {"country": "Australia", "subcountry": "Victoria", "geolabelid": 2144095, "label": "Werribee"}, {"country": "Australia", "subcountry": "Victoria", "geolabelid": 2144528, "label": "Warrnambool"}, {"country": "Australia", "subcountry": "Victoria", "geolabelid": 2144728, "label": "Wantirna South"}, {"country": "Australia", "subcountry": "Victoria", "geolabelid": 2144764, "label": "Wangaratta"}, {"country": "Australia", "subcountry": "New South Wales", "geolabelid": 2145110, "label": "Wagga Wagga"}, {"country": "Australia", "subcountry": "Victoria", "geolabelid": 2146108, "label": "Traralgon"}, {"country": "Australia", "subcountry": "Queensland", "geolabelid": 2146142, "label": "Townsville"}, {"country": "Australia", "subcountry": "Queensland", "geolabelid": 2146268, "label": "Toowoomba"}, {"country": "Australia", "subcountry": "Victoria", "geolabelid": 2146793, "label": "Thornbury"}, {"country": "Australia", "subcountry": "Victoria", "geolabelid": 2146827, "label": "Thomastown"}, {"country": "Australia", "subcountry": "Victoria", "geolabelid": 2147357, "label": "Tarneit"}, {"country": "Australia", "subcountry": "New South Wales", "geolabelid": 2147381, "label": "Taree"}, {"country": "Australia", "subcountry": "New South Wales", "geolabelid": 2147497, "label": "Tamworth"}, {"country": "Australia", "subcountry": "New South Wales", "geolabelid": 2147714, "label": "Sydney"}, {"country": "Australia", "subcountry": "Queensland", "geolabelid": 2147849, "label": "Surfers Paradise"}, {"country": "Australia", "subcountry": "Queensland", "geolabelid": 2147892, "label": "Sunnybank"}, {"country": "Australia", "subcountry": "Victoria", "geolabelid": 2147914, "label": "Sunbury"}, {"country": "Australia", "subcountry": "New South Wales", "geolabelid": 2148398, "label": "Port Stephens"}, {"country": "Australia", "subcountry": "Victoria", "geolabelid": 2148591, "label": "Springvale"}, {"country": "Australia", "subcountry": "Queensland", "geolabelid": 2148928, "label": "Southport"}, {"country": "Australia", "subcountry": "New South Wales", "geolabelid": 2148997, "label": "South Grafton"}, {"country": "Australia", "subcountry": "Victoria", "geolabelid": 2149645, "label": "Shepparton"}, {"country": "Australia", "subcountry": "Victoria", "geolabelid": 2149975, "label": "Seaford"}, {"country": "Australia", "subcountry": "Victoria", "geolabelid": 2150660, "label": "Saint Kilda"}, {"country": "Australia", "subcountry": "Victoria", "geolabelid": 2150717, "label": "Saint Albans"}, {"country": "Australia", "subcountry": "Victoria", "geolabelid": 2150894, "label": "Rowville"}, {"country": "Australia", "subcountry": "Queensland", "geolabelid": 2151437, "label": "Rockhampton"}, {"country": "Australia", "subcountry": "Victoria", "geolabelid": 2151649, "label": "Richmond"}, {"country": "Australia", "subcountry": "Victoria", "geolabelid": 2151716, "label": "Reservoir"}, {"country": "Australia", "subcountry": "New South Wales", "geolabelid": 2152286, "label": "Queanbeyan"}, {"country": "Australia", "subcountry": "New South Wales", "geolabelid": 2152329, "label": "Quakers Hill"}, {"country": "Australia", "subcountry": "Victoria", "geolabelid": 2152558, "label": "Preston"}, {"country": "Australia", "subcountry": "New South Wales", "geolabelid": 2152659, "label": "Port Macquarie"}, {"country": "Australia", "subcountry": "Victoria", "geolabelid": 2152819, "label": "Point Cook"}, {"country": "Australia", "subcountry": "Victoria", "geolabelid": 2153951, "label": "Pakenham South"}, {"country": "Australia", "subcountry": "New South Wales", "geolabelid": 2154219, "label": "Orange"}, {"country": "Australia", "subcountry": "New South Wales", "geolabelid": 2154787, "label": "Nowra"}, {"country": "Australia", "subcountry": "Victoria", "geolabelid": 2155001, "label": "Northcote"}, {"country": "Australia", "subcountry": "Victoria", "geolabelid": 2155204, "label": "Noble Park"}, {"country": "Australia", "subcountry": "New South Wales", "geolabelid": 2155472, "label": "Newcastle"}, {"country": "Australia", "subcountry": "Queensland", "geolabelid": 2155542, "label": "Nerang"}, {"country": "Australia", "subcountry": "Victoria", "geolabelid": 2155718, "label": "Narre Warren"}, {"country": "Australia", "subcountry": "Queensland", "geolabelid": 2155787, "label": "Narangba"}, {"country": "Australia", "subcountry": "Victoria", "geolabelid": 2156340, "label": "Mulgrave"}, {"country": "Australia", "subcountry": "Victoria", "geolabelid": 2156578, "label": "Mount Martha"}, {"country": "Australia", "subcountry": "South Australia", "geolabelid": 2156643, "label": "Mount Gambier"}, {"country": "Australia", "subcountry": "Victoria", "geolabelid": 2156663, "label": "Mount Eliza"}, {"country": "Australia", "subcountry": "New South Wales", "geolabelid": 2156813, "label": "Mosman"}, {"country": "Australia", "subcountry": "Victoria", "geolabelid": 2156878, "label": "Mornington"}, {"country": "Australia", "subcountry": "Queensland", "geolabelid": 2156934, "label": "Morayfield"}, {"country": "Australia", "subcountry": "Victoria", "geolabelid": 2157343, "label": "Moe"}, {"country": "Australia", "subcountry": "Victoria", "geolabelid": 2157635, "label": "Mill Park"}, {"country": "Australia", "subcountry": "Victoria", "geolabelid": 2157698, "label": "Mildura"}, {"country": "Australia", "subcountry": "Victoria", "geolabelid": 2158151, "label": "Melton"}, {"country": "Australia", "subcountry": "Victoria", "geolabelid": 2158177, "label": "Melbourne"}, {"country": "Australia", "subcountry": "Queensland", "geolabelid": 2158562, "label": "Maryborough"}, {"country": "Australia", "subcountry": "New South Wales", "geolabelid": 2158626, "label": "Marrickville"}, {"country": "Australia", "subcountry": "New South Wales", "geolabelid": 2158651, "label": "Maroubra"}, {"country": "Australia", "subcountry": "New South Wales", "geolabelid": 2159045, "label": "Maitland"}, {"country": "Australia", "subcountry": "Queensland", "geolabelid": 2159220, "label": "Mackay"}, {"country": "Australia", "subcountry": "New South Wales", "geolabelid": 2159851, "label": "Liverpool"}, {"country": "Australia", "subcountry": "New South Wales", "geolabelid": 2160063, "label": "Lismore"}, {"country": "Australia", "subcountry": "Victoria", "geolabelid": 2160188, "label": "Lilydale"}, {"country": "Australia", "subcountry": "Tasmania", "geolabelid": 2160517, "label": "Launceston"}, {"country": "Australia", "subcountry": "Victoria", "geolabelid": 2160560, "label": "Lara"}, {"country": "Australia", "subcountry": "Victoria", "geolabelid": 2160582, "label": "Langwarrin"}, {"country": "Australia", "subcountry": "Victoria", "geolabelid": 2160706, "label": "Lalor"}, {"country": "Australia", "subcountry": "Victoria", "geolabelid": 2161532, "label": "Keysborough"}, {"country": "Australia", "subcountry": "Victoria", "geolabelid": 2161540, "label": "Kew"}, {"country": "Australia", "subcountry": "New South Wales", "geolabelid": 2161776, "label": "Katoomba"}, {"country": "Australia", "subcountry": "New South Wales", "geolabelid": 2163137, "label": "Hornsby"}, {"country": "Australia", "subcountry": "Tasmania", "geolabelid": 2163355, "label": "Hobart"}, {"country": "Australia", "subcountry": "Victoria", "geolabelid": 2163776, "label": "Hawthorn South"}, {"country": "Australia", "subcountry": "Victoria", "geolabelid": 2163990, "label": "Hampton Park"}, {"country": "Australia", "subcountry": "New South Wales", "geolabelid": 2164422, "label": "Griffith"}, {"country": "Australia", "subcountry": "Victoria", "geolabelid": 2164515, "label": "Greensborough"}, {"country": "Australia", "subcountry": "New South Wales", "geolabelid": 2164691, "label": "Granville"}, {"country": "Australia", "subcountry": "New South Wales", "geolabelid": 2164837, "label": "Goulburn"}, {"country": "Australia", "subcountry": "Queensland", "geolabelid": 2165087, "label": "Gold Coast"}, {"country": "Australia", "subcountry": "Victoria", "geolabelid": 2165200, "label": "Glenroy"}, {"country": "Australia", "subcountry": "Victoria", "geolabelid": 2165329, "label": "Glenferrie"}, {"country": "Australia", "subcountry": "Queensland", "geolabelid": 2165478, "label": "Gladstone"}, {"country": "Australia", "subcountry": "Victoria", "geolabelid": 2165798, "label": "Geelong"}, {"country": "Australia", "subcountry": "Victoria", "geolabelid": 2166143, "label": "Frankston East"}, {"country": "Australia", "subcountry": "Victoria", "geolabelid": 2166144, "label": "Frankston"}, {"country": "Australia", "subcountry": "New South Wales", "geolabelid": 2166309, "label": "Forster"}, {"country": "Australia", "subcountry": "Victoria", "geolabelid": 2167208, "label": "Essendon"}, {"country": "Australia", "subcountry": "Victoria", "geolabelid": 2167279, "label": "Epping"}, {"country": "Australia", "subcountry": "New South Wales", "geolabelid": 2167280, "label": "Epping"}, {"country": "Australia", "subcountry": "New South Wales", "geolabelid": 2167312, "label": "Engadine"}, {"country": "Australia", "subcountry": "Victoria", "geolabelid": 2167445, "label": "Eltham"}, {"country": "Australia", "subcountry": "Victoria", "geolabelid": 2167817, "label": "Echuca"}, {"country": "Australia", "subcountry": "New South Wales", "geolabelid": 2167949, "label": "Earlwood"}, {"country": "Australia", "subcountry": "New South Wales", "geolabelid": 2168305, "label": "Dubbo"}, {"country": "Australia", "subcountry": "Victoria", "geolabelid": 2168605, "label": "Doncaster East"}, {"country": "Australia", "subcountry": "Victoria", "geolabelid": 2168607, "label": "Doncaster"}, {"country": "Australia", "subcountry": "Tasmania", "geolabelid": 2168943, "label": "Devonport"}, {"country": "Australia", "subcountry": "Victoria", "geolabelid": 2169145, "label": "Deer Park"}, {"country": "Australia", "subcountry": "Queensland", "geolabelid": 2169220, "label": "Deception Bay"}, {"country": "Australia", "subcountry": "Victoria", "geolabelid": 2169460, "label": "Dandenong"}, {"country": "Australia", "subcountry": "New South Wales", "geolabelid": 2169956, "label": "Cronulla"}, {"country": "Australia", "subcountry": "Victoria", "geolabelid": 2170078, "label": "Cranbourne"}, {"country": "Australia", "subcountry": "Victoria", "geolabelid": 2170079, "label": "Cranbourne"}, {"country": "Australia", "subcountry": "Victoria", "geolabelid": 2170089, "label": "Craigieburn"}, {"country": "Australia", "subcountry": "New South Wales", "geolabelid": 2171085, "label": "Coffs Harbour"}, {"country": "Australia", "subcountry": "Victoria", "geolabelid": 2171168, "label": "Coburg"}, {"country": "Australia", "subcountry": "Victoria", "geolabelid": 2171400, "label": "Clayton"}, {"country": "Australia", "subcountry": "New South Wales", "geolabelid": 2171507, "label": "Wollongong"}, {"country": "Australia", "subcountry": "New South Wales", "geolabelid": 2171845, "label": "Cessnock"}, {"country": "Australia", "subcountry": "New South Wales", "geolabelid": 2172111, "label": "Castle Hill"}, {"country": "Australia", "subcountry": "Victoria", "geolabelid": 2172191, "label": "Carrum Downs"}, {"country": "Australia", "subcountry": "Victoria", "geolabelid": 2172264, "label": "Carnegie"}, {"country": "Australia", "subcountry": "New South Wales", "geolabelid": 2172303, "label": "Carlingford"}, {"country": "Australia", "subcountry": "New South Wales", "geolabelid": 2172311, "label": "Caringbah"}, {"country": "Australia", "subcountry": "Australian Capital Territory", "geolabelid": 2172517, "label": "Canberra"}, {"country": "Australia", "subcountry": "Victoria", "geolabelid": 2172686, "label": "Camberwell"}, {"country": "Australia", "subcountry": "Queensland", "geolabelid": 2172710, "label": "Caloundra"}, {"country": "Australia", "subcountry": "Queensland", "geolabelid": 2172797, "label": "Cairns"}, {"country": "Australia", "subcountry": "Queensland", "geolabelid": 2172832, "label": "Caboolture"}, {"country": "Australia", "subcountry": "Tasmania", "geolabelid": 2173125, "label": "Burnie"}, {"country": "Australia", "subcountry": "Queensland", "geolabelid": 2173323, "label": "Bundaberg"}, {"country": "Australia", "subcountry": "Queensland", "geolabelid": 2173605, "label": "Buderim"}, {"country": "Australia", "subcountry": "Victoria", "geolabelid": 2173741, "label": "Brunswick"}, {"country": "Australia", "subcountry": "New South Wales", "geolabelid": 2173911, "label": "Broken Hill"}, {"country": "Australia", "subcountry": "Queensland", "geolabelid": 2174003, "label": "Brisbane"}, {"country": "Australia", "subcountry": "Victoria", "geolabelid": 2174580, "label": "Boronia"}, {"country": "Australia", "subcountry": "New South Wales", "geolabelid": 2175411, "label": "Blacktown"}, {"country": "Australia", "subcountry": "Victoria", "geolabelid": 2176031, "label": "Berwick"}, {"country": "Australia", "subcountry": "Victoria", "geolabelid": 2176187, "label": "Bendigo"}, {"country": "Australia", "subcountry": "New South Wales", "geolabelid": 2176592, "label": "Baulkham Hills"}, {"country": "Australia", "subcountry": "New South Wales", "geolabelid": 2176632, "label": "Bathurst"}, {"country": "Australia", "subcountry": "New South Wales", "geolabelid": 2176934, "label": "Banora Point"}, {"country": "Australia", "subcountry": "New South Wales", "geolabelid": 2176947, "label": "Bankstown"}, {"country": "Australia", "subcountry": "Victoria", "geolabelid": 2177091, "label": "Ballarat"}, {"country": "Australia", "subcountry": "New South Wales", "geolabelid": 2177513, "label": "Auburn"}, {"country": "Australia", "subcountry": "New South Wales", "geolabelid": 2177565, "label": "Ashfield"}, {"country": "Australia", "subcountry": "New South Wales", "geolabelid": 2177671, "label": "Armidale"}, {"country": "Australia", "subcountry": "New South Wales", "geolabelid": 2178174, "label": "Albury"}, {"country": "Australia", "subcountry": "Queensland", "geolabelid": 2207259, "label": "South Brisbane"}, {"country": "Australia", "subcountry": "Victoria", "geolabelid": 2207618, "label": "Cheltenham"}, {"country": "Australia", "subcountry": "New South Wales", "geolabelid": 2208285, "label": "Randwick"}, {"country": "Australia", "subcountry": "New South Wales", "geolabelid": 2208305, "label": "Dee Why"}, {"country": "Australia", "subcountry": "New South Wales", "geolabelid": 2208313, "label": "Umina"}, {"country": "Australia", "subcountry": "Northern Territory", "geolabelid": 6301965, "label": "Palmerston"}, {"country": "Australia", "subcountry": "Queensland", "geolabelid": 6943558, "label": "Bracken Ridge"}, {"country": "Australia", "subcountry": "New South Wales", "geolabelid": 7281782, "label": "North Ryde"}, {"country": "Australia", "subcountry": "Victoria", "geolabelid": 7281807, "label": "Hoppers Crossing"}, {"country": "Australia", "subcountry": "Queensland", "geolabelid": 7281838, "label": "Logan City"}, {"country": "Australia", "subcountry": "Queensland", "geolabelid": 7281839, "label": "Carindale"}, {"country": "Australia", "subcountry": "New South Wales", "geolabelid": 7281840, "label": "Paramatta"}, {"country": "Australia", "subcountry": "Victoria", "geolabelid": 7281850, "label": "Ferntree Gully"}, {"country": "Australia", "subcountry": "New South Wales", "geolabelid": 7302259, "label": "City of Parramatta"}, {"country": "Australia", "subcountry": "South Australia", "geolabelid": 7302628, "label": "Adelaide Hills"}, {"country": "Australia", "subcountry": "Western Australia", "geolabelid": 7302631, "label": "Canning Vale"}, {"country": "Australia", "subcountry": "New South Wales", "geolabelid": 7302642, "label": "Glenmore Park"}, {"country": "Australia", "subcountry": "Victoria", "geolabelid": 7932612, "label": "Glen Iris"}, {"country": "Australia", "subcountry": "Victoria", "geolabelid": 7932629, "label": "Balwyn North"}, {"country": "Australia", "subcountry": "Victoria", "geolabelid": 7932636, "label": "Carnegie"}, {"country": "Australia", "subcountry": "Victoria", "geolabelid": 7932638, "label": "Malvern East"}, {"country": "Australia", "subcountry": "Victoria", "geolabelid": 7932646, "label": "Brighton East"}, {"country": "Australia", "subcountry": "Queensland", "geolabelid": 7932654, "label": "Booval"}, {"country": "Australia", "subcountry": "Victoria", "geolabelid": 8015209, "label": "St Albans"}, {"country": "Australia", "subcountry": "Victoria", "geolabelid": 8347325, "label": "Endeavour Hills"}, {"country": "Australia", "subcountry": "Victoria", "geolabelid": 8347717, "label": "Clayton"}, {"country": "Australia", "subcountry": "Victoria", "geolabelid": 8347847, "label": "Taylors Lakes"}, {"country": "Australia", "subcountry": "Victoria", "geolabelid": 8347896, "label": "Roxburgh Park"}, {"country": "Australia", "subcountry": "Victoria", "geolabelid": 8348078, "label": "Wyndham Vale"}, {"country": "Australia", "subcountry": "Western Australia", "geolabelid": 8348101, "label": "Willetton"}, {"country": "Australia", "subcountry": "Victoria", "geolabelid": 8348734, "label": "Thornbury"}, {"country": "Australia", "subcountry": "Western Australia", "geolabelid": 8349108, "label": "Thornlie"}, {"country": "Australia", "subcountry": "Victoria", "geolabelid": 8349243, "label": "Hillside"}, {"country": "Australia", "subcountry": "Victoria", "geolabelid": 8349381, "label": "Bundoora"}, {"country": "Australia", "subcountry": "Queensland", "geolabelid": 9957340, "label": "Forest Lake"}, {"country": "Australia", "subcountry": "Queensland", "geolabelid": 9957350, "label": "Sunnybank Hills"}, {"country": "Australia", "subcountry": "Victoria", "geolabelid": 9972518, "label": "Narre Warren South"}, {"country": "Australia", "subcountry": "Victoria", "geolabelid": 9972522, "label": "Dandenong North"}, {"country": "Australia", "subcountry": "Victoria", "geolabelid": 9972527, "label": "Frankston South"}, {"country": "Australia", "subcountry": "Victoria", "geolabelid": 9972578, "label": "Sunshine West"}, {"country": "Australia", "subcountry": "Victoria", "geolabelid": 9972579, "label": "Altona Meadows"}, {"country": "Australia", "subcountry": "New South Wales", "geolabelid": 9972964, "label": "West Pennant"}]