[{"country": "Pakistan", "subcountry": "Sindh", "geolabelid": 1108161, "label": "Chuhar Jam\u0101li"}, {"country": "Pakistan", "subcountry": "Azad Kashmir", "geolabelid": 1161983, "label": "R\u0101wala Kot"}, {"country": "Pakistan", "subcountry": "Sindh", "geolabelid": 1161991, "label": "P\u012br jo Goth"}, {"country": "Pakistan", "subcountry": "Sindh", "geolabelid": 1162004, "label": "Khairpur"}, {"country": "Pakistan", "subcountry": "Balochist\u0101n", "geolabelid": 1162105, "label": "Zhob"}, {"country": "Pakistan", "subcountry": "Khyber Pakhtunkhwa", "geolabelid": 1162261, "label": "Zaida"}, {"country": "Pakistan", "subcountry": "Punjab", "geolabelid": 1162275, "label": "Z\u0101hir P\u012br"}, {"country": "Pakistan", "subcountry": "Punjab", "geolabelid": 1162285, "label": "Zafarw\u0101l"}, {"country": "Pakistan", "subcountry": "Punjab", "geolabelid": 1162316, "label": "Yazman"}, {"country": "Pakistan", "subcountry": "Punjab", "geolabelid": 1162456, "label": "Waz\u012br\u0101b\u0101d"}, {"country": "Pakistan", "subcountry": "Punjab", "geolabelid": 1162572, "label": "Warburton"}, {"country": "Pakistan", "subcountry": "Sindh", "geolabelid": 1162589, "label": "W\u0101r\u0101h"}, {"country": "Pakistan", "subcountry": "Punjab", "geolabelid": 1162813, "label": "Vih\u0101ri"}, {"country": "Pakistan", "subcountry": "Khyber Pakhtunkhwa", "geolabelid": 1162855, "label": "Utm\u0101nzai"}, {"country": "Pakistan", "subcountry": "Balochist\u0101n", "geolabelid": 1162862, "label": "Uthal"}, {"country": "Pakistan", "subcountry": "Balochist\u0101n", "geolabelid": 1162868, "label": "Usta Muhammad"}, {"country": "Pakistan", "subcountry": "Sindh", "geolabelid": 1162959, "label": "Umarkot"}, {"country": "Pakistan", "subcountry": "Sindh", "geolabelid": 1163021, "label": "Ubauro"}, {"country": "Pakistan", "subcountry": "Balochist\u0101n", "geolabelid": 1163054, "label": "Turbat"}, {"country": "Pakistan", "subcountry": "Khyber Pakhtunkhwa", "geolabelid": 1163224, "label": "Topi"}, {"country": "Pakistan", "subcountry": "Punjab", "geolabelid": 1163272, "label": "Toba Tek Singh"}, {"country": "Pakistan", "subcountry": "Sindh", "geolabelid": 1163414, "label": "Thul"}, {"country": "Pakistan", "subcountry": "Sindh", "geolabelid": 1163582, "label": "Thatta"}, {"country": "Pakistan", "subcountry": "Sindh", "geolabelid": 1163595, "label": "Th\u0101ru Sh\u0101h"}, {"country": "Pakistan", "subcountry": "Punjab", "geolabelid": 1163724, "label": "Taunsa"}, {"country": "Pakistan", "subcountry": "Khyber Pakhtunkhwa", "geolabelid": 1163905, "label": "T\u0101nk"}, {"country": "Pakistan", "subcountry": "Khyber Pakhtunkhwa", "geolabelid": 1163927, "label": "Tangi"}, {"country": "Pakistan", "subcountry": "Sindh", "geolabelid": 1163952, "label": "Tando Muhammad Kh\u0101n"}, {"country": "Pakistan", "subcountry": "Sindh", "geolabelid": 1163958, "label": "Tando J\u0101m"}, {"country": "Pakistan", "subcountry": "Sindh", "geolabelid": 1163965, "label": "Tando All\u0101hy\u0101r"}, {"country": "Pakistan", "subcountry": "Sindh", "geolabelid": 1163967, "label": "Tando \u0100dam"}, {"country": "Pakistan", "subcountry": "Punjab", "geolabelid": 1163968, "label": "T\u0101ndli\u0101nw\u0101la"}, {"country": "Pakistan", "subcountry": "Sindh", "geolabelid": 1164045, "label": "Talh\u0101r"}, {"country": "Pakistan", "subcountry": "Punjab", "geolabelid": 1164064, "label": "Talamba"}, {"country": "Pakistan", "subcountry": "Punjab", "geolabelid": 1164069, "label": "Talagang"}, {"country": "Pakistan", "subcountry": "Khyber Pakhtunkhwa", "geolabelid": 1164076, "label": "T\u0101l"}, {"country": "Pakistan", "subcountry": "Khyber Pakhtunkhwa", "geolabelid": 1164216, "label": "Sw\u0101bi"}, {"country": "Pakistan", "subcountry": "Punjab", "geolabelid": 1164245, "label": "Surkhpur"}, {"country": "Pakistan", "subcountry": "Sindh", "geolabelid": 1164408, "label": "Sukkur"}, {"country": "Pakistan", "subcountry": "Punjab", "geolabelid": 1164419, "label": "Sukheke Mandi"}, {"country": "Pakistan", "subcountry": "Punjab", "geolabelid": 1164679, "label": "Sodhra"}, {"country": "Pakistan", "subcountry": "Sindh", "geolabelid": 1164716, "label": "S\u012bta Road"}, {"country": "Pakistan", "subcountry": "Sindh", "geolabelid": 1164776, "label": "Sinjhoro"}, {"country": "Pakistan", "subcountry": "Punjab", "geolabelid": 1164825, "label": "Sill\u0101nw\u0101li"}, {"country": "Pakistan", "subcountry": "Balochist\u0101n", "geolabelid": 1164896, "label": "Sibi"}, {"country": "Pakistan", "subcountry": "Punjab", "geolabelid": 1164909, "label": "Sialkot"}, {"country": "Pakistan", "subcountry": "Punjab", "geolabelid": 1164970, "label": "Shuj\u0101\u0101b\u0101d"}, {"country": "Pakistan", "subcountry": "Khyber Pakhtunkhwa", "geolabelid": 1164987, "label": "Shorko"}, {"country": "Pakistan", "subcountry": "Sindh", "geolabelid": 1165108, "label": "Shik\u0101rpur"}, {"country": "Pakistan", "subcountry": "Punjab", "geolabelid": 1165221, "label": "Sheikhupura"}, {"country": "Pakistan", "subcountry": "Punjab", "geolabelid": 1165260, "label": "Sharqpur"}, {"country": "Pakistan", "subcountry": "Punjab", "geolabelid": 1165388, "label": "Shakargarr"}, {"country": "Pakistan", "subcountry": "Punjab", "geolabelid": 1165486, "label": "Shahr Sult\u0101n"}, {"country": "Pakistan", "subcountry": "Sindh", "geolabelid": 1165507, "label": "Sh\u0101hpur Ch\u0101kar"}, {"country": "Pakistan", "subcountry": "Punjab", "geolabelid": 1165569, "label": "Shahkot"}, {"country": "Pakistan", "subcountry": "Sindh", "geolabelid": 1165635, "label": "Sh\u0101hd\u0101dpur"}, {"country": "Pakistan", "subcountry": "Sindh", "geolabelid": 1165638, "label": "Sh\u0101hd\u0101dkot"}, {"country": "Pakistan", "subcountry": "Khyber Pakhtunkhwa", "geolabelid": 1165744, "label": "Shabqadar"}, {"country": "Pakistan", "subcountry": "Sindh", "geolabelid": 1165789, "label": "Sehw\u0101n"}, {"country": "Pakistan", "subcountry": "Punjab", "geolabelid": 1166000, "label": "Sargodha"}, {"country": "Pakistan", "subcountry": "Punjab", "geolabelid": 1166062, "label": "Sar\u0101i Sidhu"}, {"country": "Pakistan", "subcountry": "Khyber Pakhtunkhwa", "geolabelid": 1166066, "label": "Sar\u0101i Naurang"}, {"country": "Pakistan", "subcountry": "Punjab", "geolabelid": 1166073, "label": "Sar\u0101i \u0100lamg\u012br"}, {"country": "Pakistan", "subcountry": "Punjab", "geolabelid": 1166146, "label": "Sangla Hill"}, {"country": "Pakistan", "subcountry": "Sindh", "geolabelid": 1166164, "label": "S\u0101nghar"}, {"country": "Pakistan", "subcountry": "Punjab", "geolabelid": 1166265, "label": "Sambri\u0101l"}, {"country": "Pakistan", "subcountry": "Sindh", "geolabelid": 1166381, "label": "Sakrand"}, {"country": "Pakistan", "subcountry": "Punjab", "geolabelid": 1166547, "label": "S\u0101h\u012bw\u0101l"}, {"country": "Pakistan", "subcountry": "Punjab", "geolabelid": 1166548, "label": "Sahiwal"}, {"country": "Pakistan", "subcountry": "Punjab", "geolabelid": 1166652, "label": "S\u0101diq\u0101b\u0101d"}, {"country": "Pakistan", "subcountry": "Sindh", "geolabelid": 1166827, "label": "Rohri"}, {"country": "Pakistan", "subcountry": "Punjab", "geolabelid": 1166933, "label": "Ren\u0101la Khurd"}, {"country": "Pakistan", "subcountry": "Punjab", "geolabelid": 1166993, "label": "Rawalpindi"}, {"country": "Pakistan", "subcountry": "Sindh", "geolabelid": 1167031, "label": "Ratodero"}, {"country": "Pakistan", "subcountry": "Sindh", "geolabelid": 1167142, "label": "R\u0101n\u012bpur"}, {"country": "Pakistan", "subcountry": "Punjab", "geolabelid": 1167380, "label": "R\u0101janpur"}, {"country": "Pakistan", "subcountry": "Punjab", "geolabelid": 1167386, "label": "R\u0101ja Jang"}, {"country": "Pakistan", "subcountry": "Punjab", "geolabelid": 1167398, "label": "R\u0101iwind"}, {"country": "Pakistan", "subcountry": "Sindh", "geolabelid": 1167501, "label": "R\u0101dhan"}, {"country": "Pakistan", "subcountry": "Punjab", "geolabelid": 1167507, "label": "Rabw\u0101h"}, {"country": "Pakistan", "subcountry": "Balochist\u0101n", "geolabelid": 1167528, "label": "Quetta"}, {"country": "Pakistan", "subcountry": "Sindh", "geolabelid": 1167622, "label": "Kambar"}, {"country": "Pakistan", "subcountry": "Punjab", "geolabelid": 1167648, "label": "Q\u0101dirpur R\u0101n"}, {"country": "Pakistan", "subcountry": "Balochist\u0101n", "geolabelid": 1167821, "label": "Pishin"}, {"country": "Pakistan", "subcountry": "Punjab", "geolabelid": 1167873, "label": "P\u012br Mahal"}, {"country": "Pakistan", "subcountry": "Punjab", "geolabelid": 1168015, "label": "Pindi Gheb"}, {"country": "Pakistan", "subcountry": "Punjab", "geolabelid": 1168021, "label": "Pindi Bhatti\u0101n"}, {"country": "Pakistan", "subcountry": "Punjab", "geolabelid": 1168036, "label": "Pind D\u0101dan Kh\u0101n"}, {"country": "Pakistan", "subcountry": "Punjab", "geolabelid": 1168166, "label": "Ph\u0101lia"}, {"country": "Pakistan", "subcountry": "Khyber Pakhtunkhwa", "geolabelid": 1168197, "label": "Peshawar"}, {"country": "Pakistan", "subcountry": "Punjab", "geolabelid": 1168226, "label": "Pattoki"}, {"country": "Pakistan", "subcountry": "Punjab", "geolabelid": 1168307, "label": "Pasr\u016br"}, {"country": "Pakistan", "subcountry": "Balochist\u0101n", "geolabelid": 1168312, "label": "Pasni"}, {"country": "Pakistan", "subcountry": "Sindh", "geolabelid": 1168412, "label": "P\u0101no \u0100qil"}, {"country": "Pakistan", "subcountry": "Punjab", "geolabelid": 1168555, "label": "P\u0101kpattan"}, {"country": "Pakistan", "subcountry": "Khyber Pakhtunkhwa", "geolabelid": 1168633, "label": "Pah\u0101rpur"}, {"country": "Pakistan", "subcountry": "Sindh", "geolabelid": 1168652, "label": "Pad \u012adan"}, {"country": "Pakistan", "subcountry": "Khyber Pakhtunkhwa", "geolabelid": 1168680, "label": "Pabbi"}, {"country": "Pakistan", "subcountry": "Punjab", "geolabelid": 1168718, "label": "Ok\u0101ra"}, {"country": "Pakistan", "subcountry": "Balochist\u0101n", "geolabelid": 1168749, "label": "Nushki"}, {"country": "Pakistan", "subcountry": "Sindh", "geolabelid": 1169116, "label": "Naw\u0101bsh\u0101h"}, {"country": "Pakistan", "subcountry": "Sindh", "geolabelid": 1169143, "label": "Naushahro F\u012broz"}, {"country": "Pakistan", "subcountry": "Punjab", "geolabelid": 1169145, "label": "Naushahra Virk\u0101n"}, {"country": "Pakistan", "subcountry": "Sindh", "geolabelid": 1169187, "label": "Naudero"}, {"country": "Pakistan", "subcountry": "Sindh", "geolabelid": 1169254, "label": "Nas\u012br\u0101b\u0101d"}, {"country": "Pakistan", "subcountry": "Punjab", "geolabelid": 1169278, "label": "N\u0101row\u0101l"}, {"country": "Pakistan", "subcountry": "Punjab", "geolabelid": 1169334, "label": "N\u0101rang"}, {"country": "Pakistan", "subcountry": "Sindh", "geolabelid": 1169367, "label": "Naukot"}, {"country": "Pakistan", "subcountry": "Punjab", "geolabelid": 1169372, "label": "Nank\u0101na S\u0101hib"}, {"country": "Pakistan", "subcountry": "Punjab", "geolabelid": 1169605, "label": "Muzaffargarh"}, {"country": "Pakistan", "subcountry": "Azad Kashmir", "geolabelid": 1169607, "label": "Muzaffar\u0101b\u0101d"}, {"country": "Pakistan", "subcountry": "Punjab", "geolabelid": 1169620, "label": "Mustaf\u0101b\u0101d"}, {"country": "Pakistan", "subcountry": "Punjab", "geolabelid": 1169684, "label": "Murree"}, {"country": "Pakistan", "subcountry": "Punjab", "geolabelid": 1169692, "label": "Mur\u012bdke"}, {"country": "Pakistan", "subcountry": "Punjab", "geolabelid": 1169825, "label": "Mult\u0101n"}, {"country": "Pakistan", "subcountry": "Sindh", "geolabelid": 1170013, "label": "Moro"}, {"country": "Pakistan", "subcountry": "Sindh", "geolabelid": 1170219, "label": "Mithi"}, {"country": "Pakistan", "subcountry": "Punjab", "geolabelid": 1170222, "label": "Mitha Tiw\u0101na"}, {"country": "Pakistan", "subcountry": "Sindh", "geolabelid": 1170294, "label": "M\u012brpur M\u0101thelo"}, {"country": "Pakistan", "subcountry": "Sindh", "geolabelid": 1170295, "label": "Mirpur Khas"}, {"country": "Pakistan", "subcountry": "Khyber Pakhtunkhwa", "geolabelid": 1170395, "label": "Mingora"}, {"country": "Pakistan", "subcountry": "Punjab", "geolabelid": 1170398, "label": "Minchin\u0101b\u0101d"}, {"country": "Pakistan", "subcountry": "Punjab", "geolabelid": 1170425, "label": "Mi\u0101nw\u0101li"}, {"country": "Pakistan", "subcountry": "Punjab", "geolabelid": 1170486, "label": "Mi\u0101n Chann\u016bn"}, {"country": "Pakistan", "subcountry": "Balochist\u0101n", "geolabelid": 1170564, "label": "Mehr\u0101bpur"}, {"country": "Pakistan", "subcountry": "Sindh", "geolabelid": 1170584, "label": "Mehar"}, {"country": "Pakistan", "subcountry": "Sindh", "geolabelid": 1170667, "label": "M\u0101tli"}, {"country": "Pakistan", "subcountry": "Sindh", "geolabelid": 1170677, "label": "Mati\u0101ri"}, {"country": "Pakistan", "subcountry": "Balochist\u0101n", "geolabelid": 1170706, "label": "Mastung"}, {"country": "Pakistan", "subcountry": "Khyber Pakhtunkhwa", "geolabelid": 1170880, "label": "Mardan"}, {"country": "Pakistan", "subcountry": "Khyber Pakhtunkhwa", "geolabelid": 1170951, "label": "M\u0101nsehra"}, {"country": "Pakistan", "subcountry": "Punjab", "geolabelid": 1171050, "label": "Mangla"}, {"country": "Pakistan", "subcountry": "Punjab", "geolabelid": 1171123, "label": "Mandi Bah\u0101udd\u012bn"}, {"country": "Pakistan", "subcountry": "Punjab", "geolabelid": 1171165, "label": "M\u0101n\u0101nw\u0101la"}, {"country": "Pakistan", "subcountry": "Punjab", "geolabelid": 1171198, "label": "M\u0101mu K\u0101njan"}, {"country": "Pakistan", "subcountry": "Sindh", "geolabelid": 1171305, "label": "Malir Cantonment"}, {"country": "Pakistan", "subcountry": "Punjab", "geolabelid": 1171376, "label": "Malakw\u0101l"}, {"country": "Pakistan", "subcountry": "Punjab", "geolabelid": 1171502, "label": "Mailsi"}, {"country": "Pakistan", "subcountry": "Balochist\u0101n", "geolabelid": 1171757, "label": "Mach"}, {"country": "Pakistan", "subcountry": "Balochist\u0101n", "geolabelid": 1171868, "label": "Loralai"}, {"country": "Pakistan", "subcountry": "Punjab", "geolabelid": 1171965, "label": "Lodhr\u0101n"}, {"country": "Pakistan", "subcountry": "Punjab", "geolabelid": 1172035, "label": "Layyah"}, {"country": "Pakistan", "subcountry": "Sindh", "geolabelid": 1172128, "label": "L\u0101rk\u0101na"}, {"country": "Pakistan", "subcountry": "Punjab", "geolabelid": 1172295, "label": "L\u0101li\u0101n"}, {"country": "Pakistan", "subcountry": "Punjab", "geolabelid": 1172318, "label": "L\u0101la M\u016bsa"}, {"country": "Pakistan", "subcountry": "Khyber Pakhtunkhwa", "geolabelid": 1172339, "label": "Lakki Marwat"}, {"country": "Pakistan", "subcountry": "Punjab", "geolabelid": 1172451, "label": "Lahore"}, {"country": "Pakistan", "subcountry": "Punjab", "geolabelid": 1172488, "label": "Ladhew\u0101la War\u0101ich"}, {"country": "Pakistan", "subcountry": "Khyber Pakhtunkhwa", "geolabelid": 1172513, "label": "L\u0101chi"}, {"country": "Pakistan", "subcountry": "Sindh", "geolabelid": 1172657, "label": "Kunri"}, {"country": "Pakistan", "subcountry": "Punjab", "geolabelid": 1172663, "label": "Kunj\u0101h"}, {"country": "Pakistan", "subcountry": "Punjab", "geolabelid": 1172682, "label": "Kundi\u0101n"}, {"country": "Pakistan", "subcountry": "Khyber Pakhtunkhwa", "geolabelid": 1172779, "label": "Kul\u0101chi"}, {"country": "Pakistan", "subcountry": "Punjab", "geolabelid": 1172888, "label": "Kot Sam\u0101ba"}, {"country": "Pakistan", "subcountry": "Sindh", "geolabelid": 1172904, "label": "Kotri"}, {"country": "Pakistan", "subcountry": "Punjab", "geolabelid": 1172915, "label": "Kot R\u0101dha Kishan"}, {"country": "Pakistan", "subcountry": "Punjab", "geolabelid": 1172964, "label": "Kot M\u016bmin"}, {"country": "Pakistan", "subcountry": "Balochist\u0101n", "geolabelid": 1172993, "label": "Kot Malik"}, {"country": "Pakistan", "subcountry": "Punjab", "geolabelid": 1173025, "label": "Kotli Loh\u0101r\u0101n"}, {"country": "Pakistan", "subcountry": "Azad Kashmir", "geolabelid": 1173055, "label": "Kotli"}, {"country": "Pakistan", "subcountry": "Punjab", "geolabelid": 1173272, "label": "Kot Ghul\u0101m Muhammad"}, {"country": "Pakistan", "subcountry": "Sindh", "geolabelid": 1173302, "label": "Kot Diji"}, {"country": "Pakistan", "subcountry": "Punjab", "geolabelid": 1173378, "label": "Kot Addu"}, {"country": "Pakistan", "subcountry": "Khyber Pakhtunkhwa", "geolabelid": 1173491, "label": "Koh\u0101t"}, {"country": "Pakistan", "subcountry": "Punjab", "geolabelid": 1173687, "label": "Khush\u0101b"}, {"country": "Pakistan", "subcountry": "Punjab", "geolabelid": 1173692, "label": "Khurri\u0101nw\u0101la"}, {"country": "Pakistan", "subcountry": "Punjab", "geolabelid": 1173920, "label": "Khewra"}, {"country": "Pakistan", "subcountry": "Punjab", "geolabelid": 1174042, "label": "Kh\u0101ri\u0101n"}, {"country": "Pakistan", "subcountry": "Balochist\u0101n", "geolabelid": 1174062, "label": "Kh\u0101r\u0101n"}, {"country": "Pakistan", "subcountry": "Punjab", "geolabelid": 1174167, "label": "Kh\u0101npur"}, {"country": "Pakistan", "subcountry": "Sindh", "geolabelid": 1174171, "label": "Kh\u0101npur"}, {"country": "Pakistan", "subcountry": "Punjab", "geolabelid": 1174211, "label": "Kh\u0101ngarh"}, {"country": "Pakistan", "subcountry": "Punjab", "geolabelid": 1174217, "label": "Kh\u0101ng\u0101h Dogr\u0101n"}, {"country": "Pakistan", "subcountry": "Khyber Pakhtunkhwa", "geolabelid": 1174301, "label": "Khal\u0101bat"}, {"country": "Pakistan", "subcountry": "Sindh", "geolabelid": 1174344, "label": "Khairpur Nathan Sh\u0101h"}, {"country": "Pakistan", "subcountry": "Punjab", "geolabelid": 1174355, "label": "Khairpur"}, {"country": "Pakistan", "subcountry": "Sindh", "geolabelid": 1174357, "label": "Khairpur"}, {"country": "Pakistan", "subcountry": "Punjab", "geolabelid": 1174625, "label": "Kas\u016br"}, {"country": "Pakistan", "subcountry": "Sindh", "geolabelid": 1174653, "label": "Kashmor"}, {"country": "Pakistan", "subcountry": "Punjab", "geolabelid": 1174720, "label": "Karor"}, {"country": "Pakistan", "subcountry": "Sindh", "geolabelid": 1174872, "label": "Karachi"}, {"country": "Pakistan", "subcountry": "Punjab", "geolabelid": 1174984, "label": "Kanganpur"}, {"country": "Pakistan", "subcountry": "Sindh", "geolabelid": 1175010, "label": "Kandi\u0101ro"}, {"country": "Pakistan", "subcountry": "Sindh", "geolabelid": 1175021, "label": "Kandhkot"}, {"country": "Pakistan", "subcountry": "Punjab", "geolabelid": 1175082, "label": "K\u0101mra"}, {"country": "Pakistan", "subcountry": "Punjab", "geolabelid": 1175088, "label": "Kamoke"}, {"country": "Pakistan", "subcountry": "Punjab", "geolabelid": 1175098, "label": "Kam\u012br"}, {"country": "Pakistan", "subcountry": "Punjab", "geolabelid": 1175125, "label": "Kamar Mush\u0101ni"}, {"country": "Pakistan", "subcountry": "Punjab", "geolabelid": 1175156, "label": "Kam\u0101lia"}, {"country": "Pakistan", "subcountry": "Punjab", "geolabelid": 1175180, "label": "Kal\u016br Kot"}, {"country": "Pakistan", "subcountry": "Punjab", "geolabelid": 1175232, "label": "Kallar Kah\u0101r"}, {"country": "Pakistan", "subcountry": "Punjab", "geolabelid": 1175283, "label": "K\u0101leke Mandi"}, {"country": "Pakistan", "subcountry": "Balochist\u0101n", "geolabelid": 1175296, "label": "Kal\u0101t"}, {"country": "Pakistan", "subcountry": "Punjab", "geolabelid": 1175365, "label": "K\u0101l\u0101b\u0101gh"}, {"country": "Pakistan", "subcountry": "Punjab", "geolabelid": 1175436, "label": "Kah\u016bta"}, {"country": "Pakistan", "subcountry": "Punjab", "geolabelid": 1175446, "label": "Kohror Pakka"}, {"country": "Pakistan", "subcountry": "Punjab", "geolabelid": 1175453, "label": "K\u0101hna"}, {"country": "Pakistan", "subcountry": "Punjab", "geolabelid": 1175560, "label": "Kab\u012brw\u0101la"}, {"country": "Pakistan", "subcountry": "Sindh", "geolabelid": 1175678, "label": "Johi"}, {"country": "Pakistan", "subcountry": "Balochist\u0101n", "geolabelid": 1175712, "label": "J\u012bwani"}, {"country": "Pakistan", "subcountry": "Punjab", "geolabelid": 1175748, "label": "Jhumra"}, {"country": "Pakistan", "subcountry": "Sindh", "geolabelid": 1175762, "label": "Jhol"}, {"country": "Pakistan", "subcountry": "Punjab", "geolabelid": 1175864, "label": "Jhelum"}, {"country": "Pakistan", "subcountry": "Punjab", "geolabelid": 1175870, "label": "Jhaw\u0101ri\u0101n"}, {"country": "Pakistan", "subcountry": "Punjab", "geolabelid": 1175892, "label": "Jhang Sadr"}, {"country": "Pakistan", "subcountry": "Punjab", "geolabelid": 1176022, "label": "Jauhar\u0101b\u0101d"}, {"country": "Pakistan", "subcountry": "Punjab", "geolabelid": 1176035, "label": "Jatoi Shim\u0101li"}, {"country": "Pakistan", "subcountry": "Punjab", "geolabelid": 1176106, "label": "Jar\u0101nw\u0101la"}, {"country": "Pakistan", "subcountry": "Punjab", "geolabelid": 1176218, "label": "Jand"}, {"country": "Pakistan", "subcountry": "Punjab", "geolabelid": 1176241, "label": "J\u0101mpur"}, {"country": "Pakistan", "subcountry": "Punjab", "geolabelid": 1176358, "label": "Jal\u0101lpur P\u012brw\u0101la"}, {"country": "Pakistan", "subcountry": "Punjab", "geolabelid": 1176368, "label": "Jal\u0101lpur"}, {"country": "Pakistan", "subcountry": "Punjab", "geolabelid": 1176444, "label": "Jah\u0101ni\u0101n Sh\u0101h"}, {"country": "Pakistan", "subcountry": "Sindh", "geolabelid": 1176515, "label": "Jacob\u0101b\u0101d"}, {"country": "Pakistan", "subcountry": "Isl\u0101m\u0101b\u0101d", "geolabelid": 1176615, "label": "Islamabad"}, {"country": "Pakistan", "subcountry": "Sindh", "geolabelid": 1176734, "label": "Hyderabad"}, {"country": "Pakistan", "subcountry": "Punjab", "geolabelid": 1176800, "label": "Hujra"}, {"country": "Pakistan", "subcountry": "Sindh", "geolabelid": 1176889, "label": "Hingorja"}, {"country": "Pakistan", "subcountry": "Punjab", "geolabelid": 1176948, "label": "Hazro"}, {"country": "Pakistan", "subcountry": "Khyber Pakhtunkhwa", "geolabelid": 1176995, "label": "Haveli\u0101n"}, {"country": "Pakistan", "subcountry": "Punjab", "geolabelid": 1176997, "label": "Haveli"}, {"country": "Pakistan", "subcountry": "Punjab", "geolabelid": 1177042, "label": "H\u0101silpur"}, {"country": "Pakistan", "subcountry": "Punjab", "geolabelid": 1177064, "label": "Hasan Abd\u0101l"}, {"country": "Pakistan", "subcountry": "Punjab", "geolabelid": 1177073, "label": "Haru Zbad"}, {"country": "Pakistan", "subcountry": "Punjab", "geolabelid": 1177089, "label": "Harnoli"}, {"country": "Pakistan", "subcountry": "Khyber Pakhtunkhwa", "geolabelid": 1177107, "label": "Har\u012bpur"}, {"country": "Pakistan", "subcountry": "Khyber Pakhtunkhwa", "geolabelid": 1177203, "label": "Hangu"}, {"country": "Pakistan", "subcountry": "Sindh", "geolabelid": 1177278, "label": "H\u0101la"}, {"country": "Pakistan", "subcountry": "Punjab", "geolabelid": 1177384, "label": "H\u0101fiz\u0101b\u0101d"}, {"country": "Pakistan", "subcountry": "Punjab", "geolabelid": 1177397, "label": "Had\u0101li"}, {"country": "Pakistan", "subcountry": "Balochist\u0101n", "geolabelid": 1177446, "label": "Gwadar"}, {"country": "Pakistan", "subcountry": "Punjab", "geolabelid": 1177654, "label": "Gujr\u0101t"}, {"country": "Pakistan", "subcountry": "Punjab", "geolabelid": 1177662, "label": "Gujr\u0101nw\u0101la"}, {"country": "Pakistan", "subcountry": "Punjab", "geolabelid": 1177682, "label": "G\u016bjar Kh\u0101n"}, {"country": "Pakistan", "subcountry": "Punjab", "geolabelid": 1178231, "label": "Gojra"}, {"country": "Pakistan", "subcountry": "Sindh", "geolabelid": 1178456, "label": "Ghotki"}, {"country": "Pakistan", "subcountry": "Sindh", "geolabelid": 1178560, "label": "Ghauspur"}, {"country": "Pakistan", "subcountry": "Sindh", "geolabelid": 1178587, "label": "Gh\u0101ro"}, {"country": "Pakistan", "subcountry": "Punjab", "geolabelid": 1178841, "label": "Garh Mah\u0101r\u0101ja"}, {"country": "Pakistan", "subcountry": "Sindh", "geolabelid": 1179061, "label": "Gambat"}, {"country": "Pakistan", "subcountry": "Punjab", "geolabelid": 1179223, "label": "Fort Abb\u0101s"}, {"country": "Pakistan", "subcountry": "Punjab", "geolabelid": 1179255, "label": "Fazalpur"}, {"country": "Pakistan", "subcountry": "Punjab", "geolabelid": 1179305, "label": "Chak Two Hundred Forty-Nine TDA"}, {"country": "Pakistan", "subcountry": "Punjab", "geolabelid": 1179346, "label": "Faruka"}, {"country": "Pakistan", "subcountry": "Punjab", "geolabelid": 1179377, "label": "Faq\u012brw\u0101li"}, {"country": "Pakistan", "subcountry": "Punjab", "geolabelid": 1179400, "label": "Faisal\u0101b\u0101d"}, {"country": "Pakistan", "subcountry": "Punjab", "geolabelid": 1179406, "label": "Emin\u0101b\u0101d"}, {"country": "Pakistan", "subcountry": "Punjab", "geolabelid": 1179450, "label": "Duny\u0101pur"}, {"country": "Pakistan", "subcountry": "Punjab", "geolabelid": 1179463, "label": "Dunga Bunga"}, {"country": "Pakistan", "subcountry": "Punjab", "geolabelid": 1179496, "label": "Dullew\u0101la"}, {"country": "Pakistan", "subcountry": "Khyber Pakhtunkhwa", "geolabelid": 1179757, "label": "D\u012br"}, {"country": "Pakistan", "subcountry": "Punjab", "geolabelid": 1179760, "label": "D\u012bp\u0101lpur"}, {"country": "Pakistan", "subcountry": "Punjab", "geolabelid": 1179790, "label": "Dinga"}, {"country": "Pakistan", "subcountry": "Punjab", "geolabelid": 1179834, "label": "Dijkot"}, {"country": "Pakistan", "subcountry": "Sindh", "geolabelid": 1179837, "label": "Digri"}, {"country": "Pakistan", "subcountry": "Sindh", "geolabelid": 1179902, "label": "Dhoro Naro"}, {"country": "Pakistan", "subcountry": "Punjab", "geolabelid": 1180133, "label": "Dhanot"}, {"country": "Pakistan", "subcountry": "Khyber Pakhtunkhwa", "geolabelid": 1180281, "label": "Dera Ism\u0101\u012bl Kh\u0101n"}, {"country": "Pakistan", "subcountry": "Punjab", "geolabelid": 1180289, "label": "Dera Ghazi Khan"}, {"country": "Pakistan", "subcountry": "Balochist\u0101n", "geolabelid": 1180295, "label": "Dera Bugti"}, {"country": "Pakistan", "subcountry": "Sindh", "geolabelid": 1180374, "label": "Daur"}, {"country": "Pakistan", "subcountry": "Punjab", "geolabelid": 1180419, "label": "D\u0101\u016bd Khel"}, {"country": "Pakistan", "subcountry": "Punjab", "geolabelid": 1180436, "label": "Daska"}, {"country": "Pakistan", "subcountry": "Punjab", "geolabelid": 1180454, "label": "Darya Kh\u0101n"}, {"country": "Pakistan", "subcountry": "Punjab", "geolabelid": 1180752, "label": "D\u0101jal"}, {"country": "Pakistan", "subcountry": "Sindh", "geolabelid": 1180809, "label": "Dadu"}, {"country": "Pakistan", "subcountry": "Balochist\u0101n", "geolabelid": 1180825, "label": "D\u0101dhar"}, {"country": "Pakistan", "subcountry": "Punjab", "geolabelid": 1180942, "label": "Ch\u016bni\u0101n"}, {"country": "Pakistan", "subcountry": "Punjab", "geolabelid": 1180983, "label": "Ch\u016bhar K\u0101na"}, {"country": "Pakistan", "subcountry": "Sindh", "geolabelid": 1181022, "label": "Chor"}, {"country": "Pakistan", "subcountry": "Punjab", "geolabelid": 1181053, "label": "Choa Said\u0101n Sh\u0101h"}, {"country": "Pakistan", "subcountry": "Punjab", "geolabelid": 1181073, "label": "Chishti\u0101n Mandi"}, {"country": "Pakistan", "subcountry": "Punjab", "geolabelid": 1181096, "label": "Chiniot"}, {"country": "Pakistan", "subcountry": "Punjab", "geolabelid": 1181163, "label": "Ch\u012bch\u0101watni"}, {"country": "Pakistan", "subcountry": "Punjab", "geolabelid": 1181352, "label": "Chawinda"}, {"country": "Pakistan", "subcountry": "Khyber Pakhtunkhwa", "geolabelid": 1181439, "label": "Charsadda"}, {"country": "Pakistan", "subcountry": "Balochist\u0101n", "geolabelid": 1181611, "label": "Chaman"}, {"country": "Pakistan", "subcountry": "Punjab", "geolabelid": 1181636, "label": "Chakw\u0101l"}, {"country": "Pakistan", "subcountry": "Punjab", "geolabelid": 1181887, "label": "Chak \u0100zam Saffo"}, {"country": "Pakistan", "subcountry": "Punjab", "geolabelid": 1182092, "label": "B\u016brew\u0101la"}, {"country": "Pakistan", "subcountry": "Punjab", "geolabelid": 1182577, "label": "Bhop\u0101lw\u0101la"}, {"country": "Pakistan", "subcountry": "Sindh", "geolabelid": 1182607, "label": "Bhit Sh\u0101h"}, {"country": "Pakistan", "subcountry": "Azad Kashmir", "geolabelid": 1182637, "label": "Bhimbar"}, {"country": "Pakistan", "subcountry": "Punjab", "geolabelid": 1182665, "label": "Bhera"}, {"country": "Pakistan", "subcountry": "Punjab", "geolabelid": 1182682, "label": "Bhaw\u0101na"}, {"country": "Pakistan", "subcountry": "Sindh", "geolabelid": 1182775, "label": "Bh\u0101n"}, {"country": "Pakistan", "subcountry": "Punjab", "geolabelid": 1182787, "label": "Bhalw\u0101l"}, {"country": "Pakistan", "subcountry": "Punjab", "geolabelid": 1182815, "label": "Bhakkar"}, {"country": "Pakistan", "subcountry": "Punjab", "geolabelid": 1182829, "label": "Bh\u0101i Pheru"}, {"country": "Pakistan", "subcountry": "Balochist\u0101n", "geolabelid": 1182998, "label": "Bela"}, {"country": "Pakistan", "subcountry": "Khyber Pakhtunkhwa", "geolabelid": 1183090, "label": "Bat Khela"}, {"country": "Pakistan", "subcountry": "Punjab", "geolabelid": 1183224, "label": "Bas\u012brpur"}, {"country": "Pakistan", "subcountry": "Khyber Pakhtunkhwa", "geolabelid": 1183460, "label": "Bannu"}, {"country": "Pakistan", "subcountry": "Punjab", "geolabelid": 1183880, "label": "Bah\u0101walpur"}, {"country": "Pakistan", "subcountry": "Punjab", "geolabelid": 1183883, "label": "Bah\u0101walnagar"}, {"country": "Pakistan", "subcountry": "Sindh", "geolabelid": 1184055, "label": "Bad\u012bn"}, {"country": "Pakistan", "subcountry": "Punjab", "geolabelid": 1184075, "label": "Baddomalhi"}, {"country": "Pakistan", "subcountry": "Punjab", "geolabelid": 1184249, "label": "Attock City"}, {"country": "Pakistan", "subcountry": "Punjab", "geolabelid": 1184370, "label": "\u0100rifw\u0101la"}, {"country": "Pakistan", "subcountry": "Khyber Pakhtunkhwa", "geolabelid": 1184569, "label": "Amangarh"}, {"country": "Pakistan", "subcountry": "Punjab", "geolabelid": 1184655, "label": "Al\u012bpur"}, {"country": "Pakistan", "subcountry": "Khyber Pakhtunkhwa", "geolabelid": 1184752, "label": "Akora"}, {"country": "Pakistan", "subcountry": "Punjab", "geolabelid": 1184845, "label": "Ahmadpur East"}, {"country": "Pakistan", "subcountry": "Khyber Pakhtunkhwa", "geolabelid": 1185056, "label": "Abbott\u0101b\u0101d"}, {"country": "Pakistan", "subcountry": "Punjab", "geolabelid": 1332083, "label": "Bah\u0101walnagar"}, {"country": "Pakistan", "subcountry": "Khyber Pakhtunkhwa", "geolabelid": 1341204, "label": "Nowshera Cantonment"}, {"country": "Pakistan", "subcountry": "Punjab", "geolabelid": 1356491, "label": "Ahmadpur Si\u0101l"}, {"country": "Pakistan", "subcountry": "Sindh", "geolabelid": 1357699, "label": "New B\u0101d\u0101h"}, {"country": "Pakistan", "subcountry": "Sindh", "geolabelid": 1360491, "label": "Tando Ghul\u0101m Ali"}, {"country": "Pakistan", "subcountry": "Sindh", "geolabelid": 1412008, "label": "Seth\u0101rja Old"}, {"country": "Pakistan", "subcountry": "Khyber Pakhtunkhwa", "geolabelid": 1448637, "label": "Ris\u0101lpur"}, {"country": "Pakistan", "subcountry": "Punjab", "geolabelid": 6457378, "label": "Malakwal City"}]