[{"country": "Macedonia", "subcountry": "\u017delino", "geolabelid": 783926, "label": "\u0416\u0435\u043b\u0438\u043d\u043e"}, {"country": "Macedonia", "subcountry": "Vinica", "geolabelid": 784424, "label": "Vinica"}, {"country": "Macedonia", "subcountry": "Veles", "geolabelid": 785058, "label": "Veles"}, {"country": "Macedonia", "subcountry": "Tetovo", "geolabelid": 785082, "label": "Tetovo"}, {"country": "Macedonia", "subcountry": "Tearce", "geolabelid": 785113, "label": "\u0422\u0435\u0430\u0440\u0446\u0435"}, {"country": "Macedonia", "subcountry": "Studeni\u010dani", "geolabelid": 785345, "label": "\u0421\u0442\u0443\u0434\u0435\u043d\u0438\u0447\u0430\u043d\u0438"}, {"country": "Macedonia", "subcountry": "Strumica", "geolabelid": 785380, "label": "Strumica"}, {"country": "Macedonia", "subcountry": "Struga", "geolabelid": 785387, "label": "Struga"}, {"country": "Macedonia", "subcountry": "\u0160tip", "geolabelid": 785482, "label": "Shtip"}, {"country": "Macedonia", "subcountry": "Karpo\u0161", "geolabelid": 785842, "label": "Skopje"}, {"country": "Macedonia", "subcountry": "Saraj", "geolabelid": 786093, "label": "\u0421\u0430\u0440\u0430\u0458"}, {"country": "Macedonia", "subcountry": "Resen", "geolabelid": 786341, "label": "\u0420\u0435\u0441\u0435\u043d"}, {"country": "Macedonia", "subcountry": "Radovi\u0161", "geolabelid": 786565, "label": "\u0420\u0430\u0434\u043e\u0432\u0438\u0448"}, {"country": "Macedonia", "subcountry": "Prilep", "geolabelid": 786735, "label": "Prilep"}, {"country": "Macedonia", "subcountry": "Ohrid", "geolabelid": 787487, "label": "Ohrid"}, {"country": "Macedonia", "subcountry": "Vrap\u010di\u0161te", "geolabelid": 787715, "label": "\u041d\u0435\u0433\u043e\u0442\u0438\u043d\u043e"}, {"country": "Macedonia", "subcountry": "Negotino", "geolabelid": 787716, "label": "Negotino"}, {"country": "Macedonia", "subcountry": "Opstina Lipkovo", "geolabelid": 788654, "label": "\u041b\u0438\u043f\u043a\u043e\u0432\u043e"}, {"country": "Macedonia", "subcountry": "Kumanovo", "geolabelid": 788886, "label": "Kumanovo"}, {"country": "Macedonia", "subcountry": "Kriva Palanka", "geolabelid": 789045, "label": "\u041a\u0440\u0438\u0432\u0430 \u041f\u0430\u043b\u0430\u043d\u043a\u0430"}, {"country": "Macedonia", "subcountry": "Ko\u010dani", "geolabelid": 789403, "label": "Kochani"}, {"country": "Macedonia", "subcountry": "Ki\u010devo", "geolabelid": 789527, "label": "Ki\u010devo"}, {"country": "Macedonia", "subcountry": "Kavadarci", "geolabelid": 789541, "label": "Kavadarci"}, {"country": "Macedonia", "subcountry": "Bogovinje", "geolabelid": 789611, "label": "Kamenjane"}, {"country": "Macedonia", "subcountry": "Gostivar", "geolabelid": 790295, "label": "Gostivar"}, {"country": "Macedonia", "subcountry": "Gevgelija", "geolabelid": 790744, "label": "Gevgelija"}, {"country": "Macedonia", "subcountry": "Del\u010devo", "geolabelid": 791559, "label": "Delcevo"}, {"country": "Macedonia", "subcountry": "Debar", "geolabelid": 791606, "label": "Debar"}, {"country": "Macedonia", "subcountry": "Brvenica", "geolabelid": 792227, "label": "Brvenica"}, {"country": "Macedonia", "subcountry": "Bogovinje", "geolabelid": 792501, "label": "Bogovinje"}, {"country": "Macedonia", "subcountry": "Bitola", "geolabelid": 792578, "label": "Bitola"}, {"country": "Macedonia", "subcountry": "\u0160uto Orizari", "geolabelid": 833258, "label": "\u0160uto Orizare"}, {"country": "Macedonia", "subcountry": "Butel", "geolabelid": 833260, "label": "Butel"}, {"country": "Macedonia", "subcountry": "\u010cair", "geolabelid": 833262, "label": "\u010cair"}, {"country": "Macedonia", "subcountry": "Ilinden", "geolabelid": 833357, "label": "Ilinden"}, {"country": "Macedonia", "subcountry": "Kisela Voda", "geolabelid": 863675, "label": "Kisela Voda"}, {"country": "Macedonia", "subcountry": "Centar \u017dupa", "geolabelid": 7886881, "label": "Centar \u017dupa"}]