[{"country": "Liberia", "subcountry": "Grand Gedeh", "geolabelid": 2272491, "label": "Zwedru"}, {"country": "Liberia", "subcountry": "Nimba", "geolabelid": 2272790, "label": "New Yekepa"}, {"country": "Liberia", "subcountry": "Lofa", "geolabelid": 2273312, "label": "Voinjama"}, {"country": "Liberia", "subcountry": "Montserrado", "geolabelid": 2274895, "label": "Monrovia"}, {"country": "Liberia", "subcountry": "Margibi", "geolabelid": 2276086, "label": "Kakata"}, {"country": "Liberia", "subcountry": "Maryland", "geolabelid": 2276492, "label": "Harper"}, {"country": "Liberia", "subcountry": "Sinoe", "geolabelid": 2276600, "label": "Greenville"}, {"country": "Liberia", "subcountry": "Bong", "geolabelid": 2277060, "label": "Gbarnga"}, {"country": "Liberia", "subcountry": "Grand Bassa", "geolabelid": 2278158, "label": "Buchanan"}, {"country": "Liberia", "subcountry": "Montserrado", "geolabelid": 2278682, "label": "Bensonville"}]