[{"country": "Denmark", "subcountry": "Central Jutland", "geolabelid": 2610319, "label": "Viborg"}, {"country": "Denmark", "subcountry": "South Denmark", "geolabelid": 2610613, "label": "Vejle"}, {"country": "Denmark", "subcountry": "Capital Region", "geolabelid": 2610734, "label": "Vanl\u00f8se"}, {"country": "Denmark", "subcountry": "Capital Region", "geolabelid": 2611828, "label": "Taastrup"}, {"country": "Denmark", "subcountry": "South Denmark", "geolabelid": 2612045, "label": "Svendborg"}, {"country": "Denmark", "subcountry": "Capital Region", "geolabelid": 2612629, "label": "Stenl\u00f8se"}, {"country": "Denmark", "subcountry": "South Denmark", "geolabelid": 2613102, "label": "S\u00f8nderborg"}, {"country": "Denmark", "subcountry": "Zealand", "geolabelid": 2613460, "label": "Slagelse"}, {"country": "Denmark", "subcountry": "Central Jutland", "geolabelid": 2613731, "label": "Skive"}, {"country": "Denmark", "subcountry": "Central Jutland", "geolabelid": 2614030, "label": "Silkeborg"}, {"country": "Denmark", "subcountry": "Zealand", "geolabelid": 2614481, "label": "Roskilde"}, {"country": "Denmark", "subcountry": "Capital Region", "geolabelid": 2614600, "label": "R\u00f8dovre"}, {"country": "Denmark", "subcountry": "Zealand", "geolabelid": 2614764, "label": "Ringsted"}, {"country": "Denmark", "subcountry": "Central Jutland", "geolabelid": 2615006, "label": "Randers"}, {"country": "Denmark", "subcountry": "South Denmark", "geolabelid": 2615876, "label": "Odense"}, {"country": "Denmark", "subcountry": "Zealand", "geolabelid": 2615961, "label": "Nyk\u00f8bing Falster"}, {"country": "Denmark", "subcountry": "South Denmark", "geolabelid": 2616015, "label": "Nyborg"}, {"country": "Denmark", "subcountry": "Zealand", "geolabelid": 2616038, "label": "N\u00e6stved"}, {"country": "Denmark", "subcountry": "North Denmark", "geolabelid": 2616235, "label": "N\u00f8rresundby"}, {"country": "Denmark", "subcountry": "Capital Region", "geolabelid": 2617658, "label": "Liller\u00f8d"}, {"country": "Denmark", "subcountry": "Zealand", "geolabelid": 2618361, "label": "Kors\u00f8r"}, {"country": "Denmark", "subcountry": "Zealand", "geolabelid": 2618415, "label": "K\u00f8ge"}, {"country": "Denmark", "subcountry": "Capital Region", "geolabelid": 2618425, "label": "Copenhagen"}, {"country": "Denmark", "subcountry": "South Denmark", "geolabelid": 2618528, "label": "Kolding"}, {"country": "Denmark", "subcountry": "Zealand", "geolabelid": 2619154, "label": "Kalundborg"}, {"country": "Denmark", "subcountry": "Capital Region", "geolabelid": 2619377, "label": "Ish\u00f8j"}, {"country": "Denmark", "subcountry": "Capital Region", "geolabelid": 2619528, "label": "Hvidovre"}, {"country": "Denmark", "subcountry": "Central Jutland", "geolabelid": 2619771, "label": "Horsens"}, {"country": "Denmark", "subcountry": "Capital Region", "geolabelid": 2619856, "label": "H\u00f8rsholm"}, {"country": "Denmark", "subcountry": "Central Jutland", "geolabelid": 2620046, "label": "Holstebro"}, {"country": "Denmark", "subcountry": "Zealand", "geolabelid": 2620147, "label": "Holb\u00e6k"}, {"country": "Denmark", "subcountry": "North Denmark", "geolabelid": 2620214, "label": "Hj\u00f8rring"}, {"country": "Denmark", "subcountry": "Capital Region", "geolabelid": 2620320, "label": "Hiller\u00f8d"}, {"country": "Denmark", "subcountry": "Central Jutland", "geolabelid": 2620425, "label": "Herning"}, {"country": "Denmark", "subcountry": "Capital Region", "geolabelid": 2620473, "label": "Helsing\u00f8r"}, {"country": "Denmark", "subcountry": "South Denmark", "geolabelid": 2620964, "label": "Haderslev"}, {"country": "Denmark", "subcountry": "Zealand", "geolabelid": 2621215, "label": "Greve"}, {"country": "Denmark", "subcountry": "Capital Region", "geolabelid": 2621356, "label": "Glostrup"}, {"country": "Denmark", "subcountry": "North Denmark", "geolabelid": 2621927, "label": "Frederikshavn"}, {"country": "Denmark", "subcountry": "Capital Region", "geolabelid": 2621942, "label": "Frederiksberg"}, {"country": "Denmark", "subcountry": "South Denmark", "geolabelid": 2621951, "label": "Fredericia"}, {"country": "Denmark", "subcountry": "Capital Region", "geolabelid": 2622306, "label": "Farum"}, {"country": "Denmark", "subcountry": "South Denmark", "geolabelid": 2622447, "label": "Esbjerg"}, {"country": "Denmark", "subcountry": "Capital Region", "geolabelid": 2623188, "label": "Charlottenlund"}, {"country": "Denmark", "subcountry": "Capital Region", "geolabelid": 2624112, "label": "Birker\u00f8d"}, {"country": "Denmark", "subcountry": "Capital Region", "geolabelid": 2624341, "label": "Ballerup"}, {"country": "Denmark", "subcountry": "Central Jutland", "geolabelid": 2624652, "label": "\u00c5rhus"}, {"country": "Denmark", "subcountry": "North Denmark", "geolabelid": 2624886, "label": "Aalborg"}, {"country": "Denmark", "subcountry": "Capital Region", "geolabelid": 2624906, "label": "Albertslund"}, {"country": "Denmark", "subcountry": "South Denmark", "geolabelid": 2625070, "label": "Aabenraa"}]