[{"country": "Norway", "subcountry": "S\u00f8r-Tr\u00f8ndelag", "geolabelid": 3133880, "label": "Trondheim"}, {"country": "Norway", "subcountry": "Troms", "geolabelid": 3133895, "label": "Troms\u00f8"}, {"country": "Norway", "subcountry": "Vestfold", "geolabelid": 3134331, "label": "T\u00f8nsberg"}, {"country": "Norway", "subcountry": "Nord-Tr\u00f8ndelag", "geolabelid": 3136947, "label": "Steinkjer"}, {"country": "Norway", "subcountry": "Rogaland", "geolabelid": 3137115, "label": "Stavanger"}, {"country": "Norway", "subcountry": "Telemark", "geolabelid": 3139075, "label": "Skien"}, {"country": "Norway", "subcountry": "\u00d8stfold", "geolabelid": 3140084, "label": "Sarpsborg"}, {"country": "Norway", "subcountry": "Rogaland", "geolabelid": 3140321, "label": "Sandnes"}, {"country": "Norway", "subcountry": "Vestfold", "geolabelid": 3140390, "label": "Sandefjord"}, {"country": "Norway", "subcountry": "Telemark", "geolabelid": 3142657, "label": "Porsgrunn"}, {"country": "Norway", "subcountry": "Oslo", "geolabelid": 3143244, "label": "Oslo"}, {"country": "Norway", "subcountry": "\u00d8stfold", "geolabelid": 3145375, "label": "Moss"}, {"country": "Norway", "subcountry": "M\u00f8re og Romsdal", "geolabelid": 3145580, "label": "Molde"}, {"country": "Norway", "subcountry": "Nordland", "geolabelid": 3145614, "label": "Mo i Rana"}, {"country": "Norway", "subcountry": "Oppland", "geolabelid": 3147474, "label": "Lillehammer"}, {"country": "Norway", "subcountry": "Vestfold", "geolabelid": 3148129, "label": "Larvik"}, {"country": "Norway", "subcountry": "M\u00f8re og Romsdal", "geolabelid": 3149312, "label": "Kristiansund"}, {"country": "Norway", "subcountry": "Vest-Agder", "geolabelid": 3149318, "label": "Kristiansand"}, {"country": "Norway", "subcountry": "Buskerud", "geolabelid": 3149563, "label": "Kongsberg"}, {"country": "Norway", "subcountry": "Vestfold", "geolabelid": 3151770, "label": "Horten"}, {"country": "Norway", "subcountry": "Rogaland", "geolabelid": 3153623, "label": "Haugesund"}, {"country": "Norway", "subcountry": "Troms", "geolabelid": 3153823, "label": "Harstad"}, {"country": "Norway", "subcountry": "Hedmark", "geolabelid": 3154084, "label": "Hamar"}, {"country": "Norway", "subcountry": "\u00d8stfold", "geolabelid": 3154209, "label": "Halden"}, {"country": "Norway", "subcountry": "Oppland", "geolabelid": 3155573, "label": "Gj\u00f8vik"}, {"country": "Norway", "subcountry": "\u00d8stfold", "geolabelid": 3156529, "label": "Fredrikstad"}, {"country": "Norway", "subcountry": "Buskerud", "geolabelid": 3159016, "label": "Drammen"}, {"country": "Norway", "subcountry": "Nordland", "geolabelid": 3160881, "label": "Bod\u00f8"}, {"country": "Norway", "subcountry": "Hordaland", "geolabelid": 3161732, "label": "Bergen"}, {"country": "Norway", "subcountry": "Aust-Agder", "geolabelid": 3162955, "label": "Arendal"}, {"country": "Norway", "subcountry": "M\u00f8re og Romsdal", "geolabelid": 3163392, "label": "\u00c5lesund"}, {"country": "Norway", "subcountry": "Hordaland", "geolabelid": 3336587, "label": "Ask\u00f8y"}, {"country": "Norway", "subcountry": "Hordaland", "geolabelid": 6697344, "label": "Ytrebygda"}]