[{"country": "Ireland", "subcountry": "Leinster", "geolabelid": 2960964, "label": "Loch Garman"}, {"country": "Ireland", "subcountry": "Munster", "geolabelid": 2960992, "label": "Waterford"}, {"country": "Ireland", "subcountry": "Munster", "geolabelid": 2961123, "label": "Tralee"}, {"country": "Ireland", "subcountry": "Leinster", "geolabelid": 2961284, "label": "Tallaght"}, {"country": "Ireland", "subcountry": "Leinster", "geolabelid": 2961297, "label": "Swords"}, {"country": "Ireland", "subcountry": "Connaught", "geolabelid": 2961423, "label": "Sligo"}, {"country": "Ireland", "subcountry": "Leinster", "geolabelid": 2962290, "label": "Droichead Nua"}, {"country": "Ireland", "subcountry": "Leinster", "geolabelid": 2962308, "label": "Navan"}, {"country": "Ireland", "subcountry": "Leinster", "geolabelid": 2962334, "label": "Naas"}, {"country": "Ireland", "subcountry": "Leinster", "geolabelid": 2962361, "label": "An Muileann gCearr"}, {"country": "Ireland", "subcountry": "Leinster", "geolabelid": 2962725, "label": "Malahide"}, {"country": "Ireland", "subcountry": "Leinster", "geolabelid": 2962785, "label": "Lucan"}, {"country": "Ireland", "subcountry": "Munster", "geolabelid": 2962943, "label": "Luimneach"}, {"country": "Ireland", "subcountry": "Ulster", "geolabelid": 2962961, "label": "Letterkenny"}, {"country": "Ireland", "subcountry": "Leinster", "geolabelid": 2962974, "label": "Leixlip"}, {"country": "Ireland", "subcountry": "Leinster", "geolabelid": 2963398, "label": "Kilkenny"}, {"country": "Ireland", "subcountry": "Connaught", "geolabelid": 2964180, "label": "Gaillimh"}, {"country": "Ireland", "subcountry": "Leinster", "geolabelid": 2964303, "label": "Finglas"}, {"country": "Ireland", "subcountry": "Munster", "geolabelid": 2964405, "label": "Ennis"}, {"country": "Ireland", "subcountry": "Leinster", "geolabelid": 2964506, "label": "D\u00fan Laoghaire"}, {"country": "Ireland", "subcountry": "Leinster", "geolabelid": 2964540, "label": "Dundalk"}, {"country": "Ireland", "subcountry": "Leinster", "geolabelid": 2964574, "label": "Dublin"}, {"country": "Ireland", "subcountry": "Leinster", "geolabelid": 2964661, "label": "Drogheda"}, {"country": "Ireland", "subcountry": "Munster", "geolabelid": 2965140, "label": "Cork"}, {"country": "Ireland", "subcountry": "Munster", "geolabelid": 2965353, "label": "Cluain Meala"}, {"country": "Ireland", "subcountry": "Leinster", "geolabelid": 2965529, "label": "Celbridge"}, {"country": "Ireland", "subcountry": "Leinster", "geolabelid": 2965768, "label": "Carlow"}, {"country": "Ireland", "subcountry": "Leinster", "geolabelid": 2966110, "label": "Blanchardstown"}, {"country": "Ireland", "subcountry": "Leinster", "geolabelid": 2966794, "label": "Balbriggan"}, {"country": "Ireland", "subcountry": "Leinster", "geolabelid": 2966839, "label": "Athlone"}, {"country": "Ireland", "subcountry": "Leinster", "geolabelid": 3315278, "label": "Sandyford"}, {"country": "Ireland", "subcountry": "Leinster", "geolabelid": 6691033, "label": "Donaghmede"}]