[{"country": "Morocco", "subcountry": "Oriental", "geolabelid": 2526435, "label": "Za\u00efo"}, {"country": "Morocco", "subcountry": "Souss-Massa-Dr\u00e2a", "geolabelid": 2526452, "label": "Zagora"}, {"country": "Morocco", "subcountry": "Doukkala-Abda", "geolabelid": 2526488, "label": "Youssoufia"}, {"country": "Morocco", "subcountry": "Souss-Massa-Dr\u00e2a", "geolabelid": 2527089, "label": "Tiznit"}, {"country": "Morocco", "subcountry": "Taza-Al Hoceima-Taounate", "geolabelid": 2527645, "label": "Tirhanim\u00eene"}, {"country": "Morocco", "subcountry": "Souss-Massa-Dr\u00e2a", "geolabelid": 2527915, "label": "Tinghir"}, {"country": "Morocco", "subcountry": "Rabat-Sal\u00e9-Zemmour-Za\u00ebr", "geolabelid": 2528659, "label": "Tiflet"}, {"country": "Morocco", "subcountry": "Tanger-T\u00e9touan", "geolabelid": 2528910, "label": "T\u00e9touan"}, {"country": "Morocco", "subcountry": "Taza-Al Hoceima-Taounate", "geolabelid": 2529317, "label": "Taza"}, {"country": "Morocco", "subcountry": "Souss-Massa-Dr\u00e2a", "geolabelid": 2529649, "label": "Taroudant"}, {"country": "Morocco", "subcountry": "Oriental", "geolabelid": 2530048, "label": "Taourirt"}, {"country": "Morocco", "subcountry": "Taza-Al Hoceima-Taounate", "geolabelid": 2530155, "label": "Taounate"}, {"country": "Morocco", "subcountry": "Guelmim-Es Smara", "geolabelid": 2530241, "label": "Tan-Tan"}, {"country": "Morocco", "subcountry": "Tanger-T\u00e9touan", "geolabelid": 2530335, "label": "Tangier"}, {"country": "Morocco", "subcountry": "Taza-Al Hoceima-Taounate", "geolabelid": 2531480, "label": "Tahla"}, {"country": "Morocco", "subcountry": "Gharb-Chrarda-Beni Hssen", "geolabelid": 2532394, "label": "Souq Larb\u2019a al Gharb"}, {"country": "Morocco", "subcountry": "Gharb-Chrarda-Beni Hssen", "geolabelid": 2532822, "label": "Sidi Yahia El Gharb"}, {"country": "Morocco", "subcountry": "Gharb-Chrarda-Beni Hssen", "geolabelid": 2532945, "label": "Sidi Slimane"}, {"country": "Morocco", "subcountry": "Gharb-Chrarda-Beni Hssen", "geolabelid": 2533191, "label": "Sidi Qacem"}, {"country": "Morocco", "subcountry": "Souss-Massa-Dr\u00e2a", "geolabelid": 2534515, "label": "Sidi Ifni"}, {"country": "Morocco", "subcountry": "Doukkala-Abda", "geolabelid": 2536074, "label": "Sidi Bennour"}, {"country": "Morocco", "subcountry": "Chaouia-Ouardigha", "geolabelid": 2537406, "label": "Settat"}, {"country": "Morocco", "subcountry": "F\u00e8s-Boulemane", "geolabelid": 2537545, "label": "Sefrou"}, {"country": "Morocco", "subcountry": "Rabat-Sal\u00e9-Zemmour-Za\u00ebr", "geolabelid": 2537763, "label": "Sale"}, {"country": "Morocco", "subcountry": "Doukkala-Abda", "geolabelid": 2537881, "label": "Safi"}, {"country": "Morocco", "subcountry": "Rabat-Sal\u00e9-Zemmour-Za\u00ebr", "geolabelid": 2538475, "label": "Rabat"}, {"country": "Morocco", "subcountry": "Souss-Massa-Dr\u00e2a", "geolabelid": 2539134, "label": "Oulad Te\u00efma"}, {"country": "Morocco", "subcountry": "Oriental", "geolabelid": 2540483, "label": "Oujda"}, {"country": "Morocco", "subcountry": "Chaouia-Ouardigha", "geolabelid": 2540689, "label": "Oued Zem"}, {"country": "Morocco", "subcountry": "Gharb-Chrarda-Beni Hssen", "geolabelid": 2540810, "label": "Ouezzane"}, {"country": "Morocco", "subcountry": "Souss-Massa-Dr\u00e2a", "geolabelid": 2540850, "label": "Ouarzazat"}, {"country": "Morocco", "subcountry": "Oriental", "geolabelid": 2541479, "label": "Nador"}, {"country": "Morocco", "subcountry": "Grand Casablanca", "geolabelid": 2542051, "label": "Mohammedia"}, {"country": "Morocco", "subcountry": "Mekn\u00e8s-Tafilalet", "geolabelid": 2542227, "label": "Midelt"}, {"country": "Morocco", "subcountry": "Mekn\u00e8s-Tafilalet", "geolabelid": 2542715, "label": "Mekn\u00e8s"}, {"country": "Morocco", "subcountry": "Gharb-Chrarda-Beni Hssen", "geolabelid": 2542866, "label": "Mechraa Bel Ksiri"}, {"country": "Morocco", "subcountry": "Tanger-T\u00e9touan", "geolabelid": 2542987, "label": "Martil"}, {"country": "Morocco", "subcountry": "Marrakech-Tensift-Al Haouz", "geolabelid": 2542997, "label": "Marrakesh"}, {"country": "Morocco", "subcountry": "Tanger-T\u00e9touan", "geolabelid": 2543549, "label": "Larache"}, {"country": "Morocco", "subcountry": "Tanger-T\u00e9touan", "geolabelid": 2544001, "label": "Ksar El Kebir"}, {"country": "Morocco", "subcountry": "Chaouia-Ouardigha", "geolabelid": 2544248, "label": "Khouribga"}, {"country": "Morocco", "subcountry": "Mekn\u00e8s-Tafilalet", "geolabelid": 2544333, "label": "Khenifra"}, {"country": "Morocco", "subcountry": "Gharb-Chrarda-Beni Hssen", "geolabelid": 2544571, "label": "Kenitra"}, {"country": "Morocco", "subcountry": "Tadla-Azilal", "geolabelid": 2544720, "label": "Kasba Tadla"}, {"country": "Morocco", "subcountry": "Oriental", "geolabelid": 2545017, "label": "Jerada"}, {"country": "Morocco", "subcountry": "Taza-Al Hoceima-Taounate", "geolabelid": 2545985, "label": "Imzo\u00fbrene"}, {"country": "Morocco", "subcountry": "Taza-Al Hoceima-Taounate", "geolabelid": 2548489, "label": "Guercif"}, {"country": "Morocco", "subcountry": "Guelmim-Es Smara", "geolabelid": 2548526, "label": "Guelmim"}, {"country": "Morocco", "subcountry": "Tadla-Azilal", "geolabelid": 2548830, "label": "Fkih Ben Salah"}, {"country": "Morocco", "subcountry": "F\u00e8s-Boulemane", "geolabelid": 2548880, "label": "F\u00e8s al Bali"}, {"country": "Morocco", "subcountry": "F\u00e8s-Boulemane", "geolabelid": 2548885, "label": "Fes"}, {"country": "Morocco", "subcountry": "Marrakech-Tensift-Al Haouz", "geolabelid": 2549263, "label": "Essaouira"}, {"country": "Morocco", "subcountry": "Doukkala-Abda", "geolabelid": 2550078, "label": "El Jadida"}, {"country": "Morocco", "subcountry": "Mekn\u00e8s-Tafilalet", "geolabelid": 2550252, "label": "El Hajeb"}, {"country": "Morocco", "subcountry": "Oriental", "geolabelid": 2550806, "label": "El A\u00efoun"}, {"country": "Morocco", "subcountry": "Tanger-T\u00e9touan", "geolabelid": 2553455, "label": "Chefchaouene"}, {"country": "Morocco", "subcountry": "Grand Casablanca", "geolabelid": 2553604, "label": "Casablanca"}, {"country": "Morocco", "subcountry": "Chaouia-Ouardigha", "geolabelid": 2553751, "label": "Bouznika"}, {"country": "Morocco", "subcountry": "Oriental", "geolabelid": 2555467, "label": "Berkane"}, {"country": "Morocco", "subcountry": "Tadla-Azilal", "geolabelid": 2555745, "label": "Beni Mellal"}, {"country": "Morocco", "subcountry": "Chaouia-Ouardigha", "geolabelid": 2556272, "label": "Berrechid"}, {"country": "Morocco", "subcountry": "Mekn\u00e8s-Tafilalet", "geolabelid": 2556464, "label": "Azrou"}, {"country": "Morocco", "subcountry": "Doukkala-Abda", "geolabelid": 2556657, "label": "Azemmour"}, {"country": "Morocco", "subcountry": "Tanger-T\u00e9touan", "geolabelid": 2557055, "label": "Asilah"}, {"country": "Morocco", "subcountry": "Rabat-Sal\u00e9-Zemmour-Za\u00ebr", "geolabelid": 2558470, "label": "Khemisset"}, {"country": "Morocco", "subcountry": "Taza-Al Hoceima-Taounate", "geolabelid": 2558545, "label": "Al Hoce\u00efma"}, {"country": "Morocco", "subcountry": "Oriental", "geolabelid": 2561124, "label": "Ahfir"}, {"country": "Morocco", "subcountry": "Souss-Massa-Dr\u00e2a", "geolabelid": 2561668, "label": "Agadir"}, {"country": "Morocco", "subcountry": "Rabat-Sal\u00e9-Zemmour-Za\u00ebr", "geolabelid": 2562055, "label": "Skhirate"}, {"country": "Morocco", "subcountry": "Chaouia-Ouardigha", "geolabelid": 6546693, "label": "Boujniba"}, {"country": "Morocco", "subcountry": "Oued ed Dahab-Lagouira", "geolabelid": 8542188, "label": "Dakhla"}]