[{"country": "South Korea", "subcountry": "Gyeongsangbuk-do", "geolabelid": 1832015, "label": "Heung-hai"}, {"country": "South Korea", "subcountry": "Gyeongsangbuk-do", "geolabelid": 1832215, "label": "Enjitsu"}, {"country": "South Korea", "subcountry": "Gangwon-do", "geolabelid": 1832257, "label": "Neietsu"}, {"country": "South Korea", "subcountry": "Gyeongsangbuk-do", "geolabelid": 1832384, "label": "Eisen"}, {"country": "South Korea", "subcountry": "Jeollanam-do", "geolabelid": 1832501, "label": "Reiko"}, {"country": "South Korea", "subcountry": "Chungcheongbuk-do", "geolabelid": 1832566, "label": "Y\u014fng-dong"}, {"country": "South Korea", "subcountry": "Gyeongsangbuk-do", "geolabelid": 1832617, "label": "Eisen"}, {"country": "South Korea", "subcountry": "Gyeonggi-do", "geolabelid": 1832743, "label": "Yeoju"}, {"country": "South Korea", "subcountry": "Chungcheongnam-do", "geolabelid": 1832771, "label": "Yesan"}, {"country": "South Korea", "subcountry": "Gyeongsangnam-do", "geolabelid": 1832828, "label": "Yangsan"}, {"country": "South Korea", "subcountry": "Gyeonggi-do", "geolabelid": 1832830, "label": "Yangp'y\u014fng"}, {"country": "South Korea", "subcountry": "Gyeonggi-do", "geolabelid": 1832847, "label": "Yangju"}, {"country": "South Korea", "subcountry": "Gangwon-do", "geolabelid": 1832909, "label": "Yanggu"}, {"country": "South Korea", "subcountry": "Gangwon-do", "geolabelid": 1833105, "label": "W\u014fnju"}, {"country": "South Korea", "subcountry": "Jeollabuk-do", "geolabelid": 1833466, "label": "Wanju"}, {"country": "South Korea", "subcountry": "Gyeongsangbuk-do", "geolabelid": 1833514, "label": "Waegwan"}, {"country": "South Korea", "subcountry": "Ulsan", "geolabelid": 1833747, "label": "Ulsan"}, {"country": "South Korea", "subcountry": "Gyeonggi-do", "geolabelid": 1833788, "label": "Uijeongbu-si"}, {"country": "South Korea", "subcountry": "Chungcheongnam-do", "geolabelid": 1834885, "label": "Tangjin"}, {"country": "South Korea", "subcountry": "Chungcheongnam-do", "geolabelid": 1835096, "label": "Taesal-li"}, {"country": "South Korea", "subcountry": "Daejeon", "geolabelid": 1835235, "label": "Daejeon"}, {"country": "South Korea", "subcountry": "Daegu", "geolabelid": 1835329, "label": "Daegu"}, {"country": "South Korea", "subcountry": "Chungcheongnam-do", "geolabelid": 1835447, "label": "Taisen-ri"}, {"country": "South Korea", "subcountry": "Gangwon-do", "geolabelid": 1835515, "label": "T\u2019aebaek"}, {"country": "South Korea", "subcountry": "Gyeonggi-do", "geolabelid": 1835553, "label": "Suwon-si"}, {"country": "South Korea", "subcountry": "Jeollanam-do", "geolabelid": 1835648, "label": "Suncheon"}, {"country": "South Korea", "subcountry": "Seoul", "geolabelid": 1835848, "label": "Seoul"}, {"country": "South Korea", "subcountry": "Chungcheongnam-do", "geolabelid": 1835895, "label": "Suisan"}, {"country": "South Korea", "subcountry": "Gyeongsangbuk-do", "geolabelid": 1835967, "label": "Jenzan"}, {"country": "South Korea", "subcountry": "Chungcheongnam-do", "geolabelid": 1836208, "label": "Seonghwan"}, {"country": "South Korea", "subcountry": "Gangwon-do", "geolabelid": 1836553, "label": "Sokcho"}, {"country": "South Korea", "subcountry": "Gyeongsangbuk-do", "geolabelid": 1837706, "label": "Sangju"}, {"country": "South Korea", "subcountry": "Gangwon-do", "geolabelid": 1838069, "label": "Santyoku"}, {"country": "South Korea", "subcountry": "Chungcheongnam-do", "geolabelid": 1838508, "label": "Fuyo"}, {"country": "South Korea", "subcountry": "Busan", "geolabelid": 1838524, "label": "Busan"}, {"country": "South Korea", "subcountry": "Gyeonggi-do", "geolabelid": 1838716, "label": "Bucheon-si"}, {"country": "South Korea", "subcountry": "Jeollabuk-do", "geolabelid": 1838722, "label": "Puan"}, {"country": "South Korea", "subcountry": "Jeollanam-do", "geolabelid": 1839011, "label": "Beolgyo"}, {"country": "South Korea", "subcountry": "Gyeongsangbuk-do", "geolabelid": 1839071, "label": "Pohang"}, {"country": "South Korea", "subcountry": "Gyeonggi-do", "geolabelid": 1839652, "label": "Osan"}, {"country": "South Korea", "subcountry": "Chungcheongnam-do", "geolabelid": 1839726, "label": "Asan"}, {"country": "South Korea", "subcountry": "Chungcheongbuk-do", "geolabelid": 1839873, "label": "Okcheon"}, {"country": "South Korea", "subcountry": "Gangwon-do", "geolabelid": 1840179, "label": "Kosong"}, {"country": "South Korea", "subcountry": "Chungcheongnam-do", "geolabelid": 1840211, "label": "Nonsan"}, {"country": "South Korea", "subcountry": "Jeollabuk-do", "geolabelid": 1840379, "label": "Nangen"}, {"country": "South Korea", "subcountry": "Jeollanam-do", "geolabelid": 1840536, "label": "Naju"}, {"country": "South Korea", "subcountry": "Gyeonggi-do", "geolabelid": 1840862, "label": "Munsan"}, {"country": "South Korea", "subcountry": "Gyeongsangbuk-do", "geolabelid": 1840886, "label": "Mungyeong"}, {"country": "South Korea", "subcountry": "Jeollanam-do", "geolabelid": 1840982, "label": "Muan"}, {"country": "South Korea", "subcountry": "Jeollanam-do", "geolabelid": 1841066, "label": "Moppo"}, {"country": "South Korea", "subcountry": "Gyeongsangnam-do", "geolabelid": 1841149, "label": "Miryang"}, {"country": "South Korea", "subcountry": "Gyeongsangbuk-do", "geolabelid": 1841598, "label": "Gyeongsan-si"}, {"country": "South Korea", "subcountry": "Gyeongsangbuk-do", "geolabelid": 1841603, "label": "Kyonju"}, {"country": "South Korea", "subcountry": "Jeollanam-do", "geolabelid": 1841775, "label": "Kwangyang"}, {"country": "South Korea", "subcountry": "Gyeonggi-do", "geolabelid": 1841810, "label": "Gwangju"}, {"country": "South Korea", "subcountry": "Gwangju", "geolabelid": 1841811, "label": "Gwangju"}, {"country": "South Korea", "subcountry": "Jeollanam-do", "geolabelid": 1841976, "label": "Kurye"}, {"country": "South Korea", "subcountry": "Gyeonggi-do", "geolabelid": 1841988, "label": "Guri-si"}, {"country": "South Korea", "subcountry": "Gyeongsangbuk-do", "geolabelid": 1842016, "label": "Kunwi"}, {"country": "South Korea", "subcountry": "Jeollabuk-do", "geolabelid": 1842025, "label": "Kunsan"}, {"country": "South Korea", "subcountry": "Chungcheongnam-do", "geolabelid": 1842153, "label": "Kinzan"}, {"country": "South Korea", "subcountry": "Gyeongsangbuk-do", "geolabelid": 1842225, "label": "Gumi"}, {"country": "South Korea", "subcountry": "Gyeonggi-do", "geolabelid": 1842485, "label": "Goyang-si"}, {"country": "South Korea", "subcountry": "Gyeongsangnam-do", "geolabelid": 1842518, "label": "Goseong"}, {"country": "South Korea", "subcountry": "Chungcheongnam-do", "geolabelid": 1842616, "label": "Gongju"}, {"country": "South Korea", "subcountry": "Gyeongsangnam-do", "geolabelid": 1842754, "label": "Kyosai"}, {"country": "South Korea", "subcountry": "Chungcheongbuk-do", "geolabelid": 1842800, "label": "Koesan"}, {"country": "South Korea", "subcountry": "Jeollabuk-do", "geolabelid": 1842859, "label": "Koch'ang"}, {"country": "South Korea", "subcountry": "Jeollabuk-do", "geolabelid": 1842939, "label": "Kimje"}, {"country": "South Korea", "subcountry": "Gyeongsangnam-do", "geolabelid": 1842943, "label": "Kimhae"}, {"country": "South Korea", "subcountry": "Gyeongsangbuk-do", "geolabelid": 1842944, "label": "Gimcheon"}, {"country": "South Korea", "subcountry": "Busan", "geolabelid": 1842966, "label": "Gijang"}, {"country": "South Korea", "subcountry": "Gyeonggi-do", "geolabelid": 1843082, "label": "Gapyeong"}, {"country": "South Korea", "subcountry": "Gangwon-do", "geolabelid": 1843137, "label": "Kang-neung"}, {"country": "South Korea", "subcountry": "Incheon", "geolabelid": 1843163, "label": "Ganghwa-gun"}, {"country": "South Korea", "subcountry": "Jeollabuk-do", "geolabelid": 1843491, "label": "Iksan"}, {"country": "South Korea", "subcountry": "Incheon", "geolabelid": 1843564, "label": "Incheon"}, {"country": "South Korea", "subcountry": "Jeollabuk-do", "geolabelid": 1843585, "label": "Imsil"}, {"country": "South Korea", "subcountry": "Gyeonggi-do", "geolabelid": 1843702, "label": "Icheon-si"}, {"country": "South Korea", "subcountry": "Jeollanam-do", "geolabelid": 1843841, "label": "Hwasun"}, {"country": "South Korea", "subcountry": "Gyeonggi-do", "geolabelid": 1843847, "label": "Hwaseong-si"}, {"country": "South Korea", "subcountry": "Gangwon-do", "geolabelid": 1844045, "label": "Hwacheon"}, {"country": "South Korea", "subcountry": "Chungcheongnam-do", "geolabelid": 1844174, "label": "Hongsung"}, {"country": "South Korea", "subcountry": "Gangwon-do", "geolabelid": 1844191, "label": "Hongch\u2019\u014fn"}, {"country": "South Korea", "subcountry": "Gyeongsangbuk-do", "geolabelid": 1844308, "label": "Hayang"}, {"country": "South Korea", "subcountry": "Jeollanam-do", "geolabelid": 1844751, "label": "Haenam"}, {"country": "South Korea", "subcountry": "Gangwon-do", "geolabelid": 1845136, "label": "Chuncheon"}, {"country": "South Korea", "subcountry": "Jeollabuk-do", "geolabelid": 1845457, "label": "Jeonju"}, {"country": "South Korea", "subcountry": "Gyeongsangbuk-do", "geolabelid": 1845519, "label": "Cheongsong gun"}, {"country": "South Korea", "subcountry": "Chungcheongbuk-do", "geolabelid": 1845604, "label": "Cheongju-si"}, {"country": "South Korea", "subcountry": "Chungcheongnam-do", "geolabelid": 1845759, "label": "Cheonan"}, {"country": "South Korea", "subcountry": "Gyeongsangnam-do", "geolabelid": 1846052, "label": "Chinju"}, {"country": "South Korea", "subcountry": "Chungcheongbuk-do", "geolabelid": 1846095, "label": "Chinch'\u014fn"}, {"country": "South Korea", "subcountry": "Jeollabuk-do", "geolabelid": 1846114, "label": "Jinan-gun"}, {"country": "South Korea", "subcountry": "Jeju-do", "geolabelid": 1846266, "label": "Jeju City"}, {"country": "South Korea", "subcountry": "Gyeongsangnam-do", "geolabelid": 1846326, "label": "Changwon"}, {"country": "South Korea", "subcountry": "Jeollabuk-do", "geolabelid": 1846355, "label": "Changsu"}, {"country": "South Korea", "subcountry": "Gyeonggi-do", "geolabelid": 1846898, "label": "Anyang-si"}, {"country": "South Korea", "subcountry": "Gyeonggi-do", "geolabelid": 1846912, "label": "Anseong"}, {"country": "South Korea", "subcountry": "Gyeonggi-do", "geolabelid": 1846918, "label": "Ansan-si"}, {"country": "South Korea", "subcountry": "Gyeongsangbuk-do", "geolabelid": 1846986, "label": "Andong"}, {"country": "South Korea", "subcountry": "Jeju-do", "geolabelid": 1847050, "label": "Gaigeturi"}, {"country": "South Korea", "subcountry": "Gyeongsangnam-do", "geolabelid": 1882056, "label": "Sinhyeon"}, {"country": "South Korea", "subcountry": "Jeollanam-do", "geolabelid": 1884138, "label": "Yeosu"}, {"country": "South Korea", "subcountry": "Chungcheongnam-do", "geolabelid": 1886598, "label": "Y\u014fnmu"}, {"country": "South Korea", "subcountry": "Gangwon-do", "geolabelid": 1892823, "label": "Tonghae"}, {"country": "South Korea", "subcountry": "Gyeonggi-do", "geolabelid": 1896953, "label": "Pubal"}, {"country": "South Korea", "subcountry": "Gyeonggi-do", "geolabelid": 1897000, "label": "Seongnam-si"}, {"country": "South Korea", "subcountry": "Gyeonggi-do", "geolabelid": 1897007, "label": "Hanam"}, {"country": "South Korea", "subcountry": "Gyeonggi-do", "geolabelid": 1897118, "label": "Hwado"}, {"country": "South Korea", "subcountry": "Gyeonggi-do", "geolabelid": 1897122, "label": "Namyangju"}, {"country": "South Korea", "subcountry": "Gyeongsangnam-do", "geolabelid": 1912205, "label": "Ungsang"}, {"country": "South Korea", "subcountry": "Gyeonggi-do", "geolabelid": 1912209, "label": "Wabu"}, {"country": "South Korea", "subcountry": "Gyeongsangnam-do", "geolabelid": 1925936, "label": "Naes\u014f"}, {"country": "South Korea", "subcountry": "Daegu", "geolabelid": 1925943, "label": "Hwaw\u014fn"}, {"country": "South Korea", "subcountry": "Gyeonggi-do", "geolabelid": 1948005, "label": "Kwangmy\u014fng"}, {"country": "South Korea", "subcountry": "Jeollanam-do", "geolabelid": 6395804, "label": "Sinan"}, {"country": "South Korea", "subcountry": "Jeju-do", "geolabelid": 6621166, "label": "Seogwipo"}, {"country": "South Korea", "subcountry": "Gyeongsangnam-do", "geolabelid": 6903078, "label": "Changnyeong"}]