[{"country": "Uzbekistan", "subcountry": "Karakalpakstan", "geolabelid": 601294, "label": "Nukus"}, {"country": "Uzbekistan", "subcountry": "Karakalpakstan", "geolabelid": 601339, "label": "Kh\u016djayli"}, {"country": "Uzbekistan", "subcountry": "Karakalpakstan", "geolabelid": 601417, "label": "Oltinko\u2019l"}, {"country": "Uzbekistan", "subcountry": "Jizzax", "geolabelid": 1215694, "label": "Zomin"}, {"country": "Uzbekistan", "subcountry": "Samarqand", "geolabelid": 1215839, "label": "Urgut"}, {"country": "Uzbekistan", "subcountry": "Surxondaryo", "geolabelid": 1215957, "label": "Tirmiz"}, {"country": "Uzbekistan", "subcountry": "Surxondaryo", "geolabelid": 1216115, "label": "Sho\u2019rchi"}, {"country": "Uzbekistan", "subcountry": "Qashqadaryo", "geolabelid": 1216187, "label": "Shahrisabz"}, {"country": "Uzbekistan", "subcountry": "Samarqand", "geolabelid": 1216265, "label": "Samarqand"}, {"country": "Uzbekistan", "subcountry": "Qashqadaryo", "geolabelid": 1216311, "label": "Qarshi"}, {"country": "Uzbekistan", "subcountry": "Qashqadaryo", "geolabelid": 1216475, "label": "Muborak"}, {"country": "Uzbekistan", "subcountry": "Qashqadaryo", "geolabelid": 1216787, "label": "Kitob"}, {"country": "Uzbekistan", "subcountry": "Samarqand", "geolabelid": 1216982, "label": "Kattaqo\u2019rg\u2019on"}, {"country": "Uzbekistan", "subcountry": "Qashqadaryo", "geolabelid": 1217007, "label": "Koson"}, {"country": "Uzbekistan", "subcountry": "Bukhara", "geolabelid": 1217084, "label": "Karakul\u2019"}, {"country": "Uzbekistan", "subcountry": "Bukhara", "geolabelid": 1217180, "label": "Kogon"}, {"country": "Uzbekistan", "subcountry": "Qashqadaryo", "geolabelid": 1217262, "label": "G\u2019uzor"}, {"country": "Uzbekistan", "subcountry": "Bukhara", "geolabelid": 1217340, "label": "Galaosiyo"}, {"country": "Uzbekistan", "subcountry": "Samarqand", "geolabelid": 1217362, "label": "Juma"}, {"country": "Uzbekistan", "subcountry": "Surxondaryo", "geolabelid": 1217474, "label": "Denov"}, {"country": "Uzbekistan", "subcountry": "Qashqadaryo", "geolabelid": 1217540, "label": "Chiroqchi"}, {"country": "Uzbekistan", "subcountry": "Samarqand", "geolabelid": 1217569, "label": "Chelak"}, {"country": "Uzbekistan", "subcountry": "Samarqand", "geolabelid": 1217658, "label": "Bulung\u2019ur"}, {"country": "Uzbekistan", "subcountry": "Bukhara", "geolabelid": 1217662, "label": "Bukhara"}, {"country": "Uzbekistan", "subcountry": "Qashqadaryo", "geolabelid": 1217703, "label": "Beshkent"}, {"country": "Uzbekistan", "subcountry": "Surxondaryo", "geolabelid": 1217734, "label": "Boysun"}, {"country": "Uzbekistan", "subcountry": "Samarqand", "geolabelid": 1217926, "label": "Oqtosh"}, {"country": "Uzbekistan", "subcountry": "Toshkent", "geolabelid": 1512287, "label": "Zafar"}, {"country": "Uzbekistan", "subcountry": "Fergana", "geolabelid": 1512320, "label": "Yaypan"}, {"country": "Uzbekistan", "subcountry": "Toshkent", "geolabelid": 1512339, "label": "Yangiy\u016dl"}, {"country": "Uzbekistan", "subcountry": "Sirdaryo", "geolabelid": 1512342, "label": "Yangiyer"}, {"country": "Uzbekistan", "subcountry": "Navoiy", "geolabelid": 1512348, "label": "Yangirabot"}, {"country": "Uzbekistan", "subcountry": "Namangan", "geolabelid": 1512350, "label": "Yangiqo\u2018rg\u2018on"}, {"country": "Uzbekistan", "subcountry": "Toshkent", "geolabelid": 1512372, "label": "Yangiobod"}, {"country": "Uzbekistan", "subcountry": "Bukhara", "geolabelid": 1512423, "label": "Wobkent"}, {"country": "Uzbekistan", "subcountry": "Namangan", "geolabelid": 1512449, "label": "Uychi"}, {"country": "Uzbekistan", "subcountry": "Xorazm", "geolabelid": 1512473, "label": "Urganch"}, {"country": "Uzbekistan", "subcountry": "Jizzax", "geolabelid": 1512480, "label": "Dashtobod"}, {"country": "Uzbekistan", "subcountry": "Namangan", "geolabelid": 1512501, "label": "Uchq\u016drghon Shahri"}, {"country": "Uzbekistan", "subcountry": "Toshkent", "geolabelid": 1512524, "label": "T\u016dytepa"}, {"country": "Uzbekistan", "subcountry": "Namangan", "geolabelid": 1512549, "label": "T\u016drag\u016drghon"}, {"country": "Uzbekistan", "subcountry": "Fergana", "geolabelid": 1512568, "label": "Toshloq"}, {"country": "Uzbekistan", "subcountry": "Toshkent Shahri", "geolabelid": 1512569, "label": "Tashkent"}, {"country": "Uzbekistan", "subcountry": "Namangan", "geolabelid": 1512658, "label": "Toshbuloq"}, {"country": "Uzbekistan", "subcountry": "Sirdaryo", "geolabelid": 1512770, "label": "Sirdaryo"}, {"country": "Uzbekistan", "subcountry": "Xorazm", "geolabelid": 1512790, "label": "Showot"}, {"country": "Uzbekistan", "subcountry": "Bukhara", "geolabelid": 1512838, "label": "Shofirkon"}, {"country": "Uzbekistan", "subcountry": "Toshkent", "geolabelid": 1512934, "label": "Salor"}, {"country": "Uzbekistan", "subcountry": "Xorazm", "geolabelid": 1512978, "label": "Q\u016dshk\u016dpir"}, {"country": "Uzbekistan", "subcountry": "Fergana", "geolabelid": 1512979, "label": "Qo\u2018qon"}, {"country": "Uzbekistan", "subcountry": "Toshkent", "geolabelid": 1512986, "label": "Piskent"}, {"country": "Uzbekistan", "subcountry": "Samarqand", "geolabelid": 1513011, "label": "Payshanba"}, {"country": "Uzbekistan", "subcountry": "Toshkent", "geolabelid": 1513017, "label": "Parkent"}, {"country": "Uzbekistan", "subcountry": "Namangan", "geolabelid": 1513023, "label": "Pop"}, {"country": "Uzbekistan", "subcountry": "Jizzax", "geolabelid": 1513038, "label": "Paxtakor"}, {"country": "Uzbekistan", "subcountry": "Toshkent", "geolabelid": 1513064, "label": "Olmaliq"}, {"country": "Uzbekistan", "subcountry": "Toshkent", "geolabelid": 1513072, "label": "Ohangaron"}, {"country": "Uzbekistan", "subcountry": "Navoiy", "geolabelid": 1513087, "label": "Nurota"}, {"country": "Uzbekistan", "subcountry": "Karakalpakstan", "geolabelid": 1513092, "label": "Novyy Turtkul\u2019"}, {"country": "Uzbekistan", "subcountry": "Navoiy", "geolabelid": 1513131, "label": "Navoiy"}, {"country": "Uzbekistan", "subcountry": "Namangan", "geolabelid": 1513157, "label": "Namangan"}, {"country": "Uzbekistan", "subcountry": "Fergana", "geolabelid": 1513243, "label": "Marg\u2018ilon"}, {"country": "Uzbekistan", "subcountry": "Karakalpakstan", "geolabelid": 1513245, "label": "Manghit"}, {"country": "Uzbekistan", "subcountry": "Andijon", "geolabelid": 1513271, "label": "Asaka"}, {"country": "Uzbekistan", "subcountry": "Fergana", "geolabelid": 1513331, "label": "Quvasoy"}, {"country": "Uzbekistan", "subcountry": "Andijon", "geolabelid": 1513364, "label": "Q\u016drghontepa"}, {"country": "Uzbekistan", "subcountry": "Fergana", "geolabelid": 1513555, "label": "Kirguli"}, {"country": "Uzbekistan", "subcountry": "Toshkent", "geolabelid": 1513567, "label": "Qibray"}, {"country": "Uzbekistan", "subcountry": "Andijon", "geolabelid": 1513600, "label": "Kh\u016djaobod"}, {"country": "Uzbekistan", "subcountry": "Xorazm", "geolabelid": 1513604, "label": "Khiwa"}, {"country": "Uzbekistan", "subcountry": "Namangan", "geolabelid": 1513655, "label": "Haqqulobod"}, {"country": "Uzbekistan", "subcountry": "Namangan", "geolabelid": 1513714, "label": "Kosonsoy"}, {"country": "Uzbekistan", "subcountry": "Jizzax", "geolabelid": 1513886, "label": "Jizzax"}, {"country": "Uzbekistan", "subcountry": "Toshkent", "geolabelid": 1513900, "label": "Iskandar"}, {"country": "Uzbekistan", "subcountry": "Xorazm", "geolabelid": 1513957, "label": "Hazorasp"}, {"country": "Uzbekistan", "subcountry": "Xorazm", "geolabelid": 1513962, "label": "Gurlan"}, {"country": "Uzbekistan", "subcountry": "Sirdaryo", "geolabelid": 1513966, "label": "Guliston"}, {"country": "Uzbekistan", "subcountry": "Bukhara", "geolabelid": 1513983, "label": "Ghijduwon"}, {"country": "Uzbekistan", "subcountry": "Toshkent", "geolabelid": 1513996, "label": "G\u2018azalkent"}, {"country": "Uzbekistan", "subcountry": "Jizzax", "geolabelid": 1514011, "label": "Gagarin"}, {"country": "Uzbekistan", "subcountry": "Fergana", "geolabelid": 1514019, "label": "Fergana"}, {"country": "Uzbekistan", "subcountry": "Jizzax", "geolabelid": 1514125, "label": "D\u016dstlik"}, {"country": "Uzbekistan", "subcountry": "Namangan", "geolabelid": 1514192, "label": "Chust Shahri"}, {"country": "Uzbekistan", "subcountry": "Toshkent", "geolabelid": 1514210, "label": "Chirchiq"}, {"country": "Uzbekistan", "subcountry": "Toshkent", "geolabelid": 1514215, "label": "Chinoz"}, {"country": "Uzbekistan", "subcountry": "Namangan", "geolabelid": 1514258, "label": "Chortoq"}, {"country": "Uzbekistan", "subcountry": "Toshkent", "geolabelid": 1514330, "label": "B\u016dka"}, {"country": "Uzbekistan", "subcountry": "Fergana", "geolabelid": 1514382, "label": "Beshariq"}, {"country": "Uzbekistan", "subcountry": "Karakalpakstan", "geolabelid": 1514387, "label": "Beruniy"}, {"country": "Uzbekistan", "subcountry": "Toshkent Shahri", "geolabelid": 1514396, "label": "Bektemir"}, {"country": "Uzbekistan", "subcountry": "Toshkent", "geolabelid": 1514402, "label": "Bekobod"}, {"country": "Uzbekistan", "subcountry": "Toshkent", "geolabelid": 1514581, "label": "Angren"}, {"country": "Uzbekistan", "subcountry": "Andijon", "geolabelid": 1514588, "label": "Andijon"}, {"country": "Uzbekistan", "subcountry": "Fergana", "geolabelid": 1514615, "label": "Oltiariq"}, {"country": "Uzbekistan", "subcountry": "Fergana", "geolabelid": 1526979, "label": "Quva"}, {"country": "Uzbekistan", "subcountry": "Navoiy", "geolabelid": 1538229, "label": "Navoiy"}]