[{"country": "Mali", "subcountry": "Sikasso", "geolabelid": 2448442, "label": "Yorosso"}, {"country": "Mali", "subcountry": "Tombouctou", "geolabelid": 2449067, "label": "Timbuktu"}, {"country": "Mali", "subcountry": "Sikasso", "geolabelid": 2451185, "label": "Sikasso"}, {"country": "Mali", "subcountry": "S\u00e9gou", "geolabelid": 2451478, "label": "S\u00e9gou"}, {"country": "Mali", "subcountry": "S\u00e9gou", "geolabelid": 2451778, "label": "San"}, {"country": "Mali", "subcountry": "Kayes", "geolabelid": 2451935, "label": "Sagalo"}, {"country": "Mali", "subcountry": "Mopti", "geolabelid": 2453348, "label": "Mopti"}, {"country": "Mali", "subcountry": "S\u00e9gou", "geolabelid": 2453662, "label": "Markala"}, {"country": "Mali", "subcountry": "Sikasso", "geolabelid": 2454268, "label": "Koutiala"}, {"country": "Mali", "subcountry": "Koulikoro", "geolabelid": 2454530, "label": "Koulikoro"}, {"country": "Mali", "subcountry": "Koulikoro", "geolabelid": 2454955, "label": "Kolokani"}, {"country": "Mali", "subcountry": "Kayes", "geolabelid": 2455518, "label": "Kayes"}, {"country": "Mali", "subcountry": "Koulikoro", "geolabelid": 2455558, "label": "Kati"}, {"country": "Mali", "subcountry": "Koulikoro", "geolabelid": 2455735, "label": "Kangaba"}, {"country": "Mali", "subcountry": "Gao", "geolabelid": 2457163, "label": "Gao"}, {"country": "Mali", "subcountry": "Mopti", "geolabelid": 2458589, "label": "Dj\u00e9nn\u00e9"}, {"country": "Mali", "subcountry": "Sikasso", "geolabelid": 2459775, "label": "Bougouni"}, {"country": "Mali", "subcountry": "Koulikoro", "geolabelid": 2460546, "label": "Banamba"}, {"country": "Mali", "subcountry": "Bamako", "geolabelid": 2460596, "label": "Bamako"}, {"country": "Mali", "subcountry": "Kayes", "geolabelid": 2460755, "label": "Bafoulab\u00e9"}]