[{"country": "Guam", "subcountry": "Tamuning", "geolabelid": 4038659, "label": "Tamuning-Tumon-Harmon Village"}, {"country": "Guam", "subcountry": "Yigo", "geolabelid": 4038794, "label": "Yigo Village"}, {"country": "Guam", "subcountry": "Hagatna", "geolabelid": 4043547, "label": "Guam Government House"}, {"country": "Guam", "subcountry": "Dededo", "geolabelid": 4043909, "label": "Dededo Village"}, {"country": "Guam", "subcountry": "Hagatna", "geolabelid": 4044012, "label": "Hag\u00e5t\u00f1a"}, {"country": "Guam", "subcountry": "Mangilao", "geolabelid": 7268049, "label": "Mangilao Village"}]