[{"country": "Chad", "subcountry": "Ennedi-Ouest", "geolabelid": 244128, "label": "Fada"}, {"country": "Chad", "subcountry": "Salamat", "geolabelid": 245338, "label": "Am Timan"}, {"country": "Chad", "subcountry": "Ouadda\u00ef", "geolabelid": 245785, "label": "Ab\u00e9ch\u00e9"}, {"country": "Chad", "subcountry": "Moyen-Chari", "geolabelid": 2425791, "label": "Sagh"}, {"country": "Chad", "subcountry": "Mayo-Kebbi Ouest", "geolabelid": 2426240, "label": "Pala"}, {"country": "Chad", "subcountry": "Batha", "geolabelid": 2426370, "label": "Oum Hadjer"}, {"country": "Chad", "subcountry": "Chari-Baguirmi", "geolabelid": 2427123, "label": "N'Djamena"}, {"country": "Chad", "subcountry": "Barh el Gazel", "geolabelid": 2427336, "label": "Moussoro"}, {"country": "Chad", "subcountry": "Logone Occidental", "geolabelid": 2427455, "label": "Moundou"}, {"country": "Chad", "subcountry": "Gu\u00e9ra", "geolabelid": 2427637, "label": "Mongo"}, {"country": "Chad", "subcountry": "Mayo-Kebbi Ouest", "geolabelid": 2428042, "label": "Mboursou L\u00e9r\u00e9"}, {"country": "Chad", "subcountry": "Hadjer-Lamis", "geolabelid": 2428228, "label": "Massakory"}, {"country": "Chad", "subcountry": "Hadjer-Lamis", "geolabelid": 2428231, "label": "Massaguet"}, {"country": "Chad", "subcountry": "Kanem", "geolabelid": 2428394, "label": "Mao"}, {"country": "Chad", "subcountry": "Tandjil\u00e9", "geolabelid": 2429296, "label": "La\u00ef"}, {"country": "Chad", "subcountry": "Moyen-Chari", "geolabelid": 2429344, "label": "Kyab\u00e9"}, {"country": "Chad", "subcountry": "Mandoul", "geolabelid": 2429605, "label": "Koumra"}, {"country": "Chad", "subcountry": "Tandjil\u00e9", "geolabelid": 2430506, "label": "Kelo"}, {"country": "Chad", "subcountry": "Chari-Baguirmi", "geolabelid": 2433055, "label": "Dourbali"}, {"country": "Chad", "subcountry": "Logone Oriental", "geolabelid": 2433437, "label": "Doba"}, {"country": "Chad", "subcountry": "Mayo-Kebbi Est", "geolabelid": 2434910, "label": "Bongor"}, {"country": "Chad", "subcountry": "Gu\u00e9ra", "geolabelid": 2435124, "label": "Bitkine"}, {"country": "Chad", "subcountry": "Logone Occidental", "geolabelid": 2435508, "label": "Benoy"}, {"country": "Chad", "subcountry": "Batha", "geolabelid": 2436400, "label": "Ati"}]