[{"country": "Guinea", "subcountry": "Labe", "geolabelid": 2414545, "label": "Tougu\u00e9"}, {"country": "Guinea", "subcountry": "Kindia", "geolabelid": 2414926, "label": "T\u00e9lim\u00e9l\u00e9"}, {"country": "Guinea", "subcountry": "Kankan", "geolabelid": 2415703, "label": "Siguiri"}, {"country": "Guinea", "subcountry": "Mamou", "geolabelid": 2416443, "label": "Pita"}, {"country": "Guinea", "subcountry": "Nzerekore", "geolabelid": 2416969, "label": "Nz\u00e9r\u00e9kor\u00e9"}, {"country": "Guinea", "subcountry": "Mamou", "geolabelid": 2417833, "label": "Mamou"}, {"country": "Guinea", "subcountry": "Nzerekore", "geolabelid": 2417988, "label": "Macenta"}, {"country": "Guinea", "subcountry": "Labe", "geolabelid": 2418362, "label": "Lab\u00e9"}, {"country": "Guinea", "subcountry": "Faranah", "geolabelid": 2419472, "label": "Kissidougou"}, {"country": "Guinea", "subcountry": "Kindia", "geolabelid": 2419533, "label": "Kindia"}, {"country": "Guinea", "subcountry": "Kankan", "geolabelid": 2419992, "label": "Kankan"}, {"country": "Guinea", "subcountry": "Boke", "geolabelid": 2420056, "label": "Kamsar"}, {"country": "Guinea", "subcountry": "Nzerekore", "geolabelid": 2420562, "label": "Gueckedou"}, {"country": "Guinea", "subcountry": "Boke", "geolabelid": 2420884, "label": "Fria"}, {"country": "Guinea", "subcountry": "Kindia", "geolabelid": 2422457, "label": "Coyah"}, {"country": "Guinea", "subcountry": "Conakry", "geolabelid": 2422465, "label": "Conakry"}, {"country": "Guinea", "subcountry": "Conakry", "geolabelid": 2422488, "label": "Camayenne"}, {"country": "Guinea", "subcountry": "Boke", "geolabelid": 2422924, "label": "Bok\u00e9"}]