[{"country": "Panama", "subcountry": "Panam\u00e1", "geolabelid": 3700038, "label": "Vista Alegre"}, {"country": "Panama", "subcountry": "Panam\u00e1", "geolabelid": 3700164, "label": "Veracruz"}, {"country": "Panama", "subcountry": "Panam\u00e1", "geolabelid": 3700563, "label": "Tocumen"}, {"country": "Panama", "subcountry": "Veraguas", "geolabelid": 3701117, "label": "Santiago de Veraguas"}, {"country": "Panama", "subcountry": "Panam\u00e1", "geolabelid": 3701329, "label": "San Miguelito"}, {"country": "Panama", "subcountry": "Chiriqu\u00ed", "geolabelid": 3702431, "label": "Puerto Armuelles"}, {"country": "Panama", "subcountry": "Chiriqu\u00ed", "geolabelid": 3703229, "label": "Pedregal"}, {"country": "Panama", "subcountry": "Panam\u00e1", "geolabelid": 3703443, "label": "Panam\u00e1"}, {"country": "Panama", "subcountry": "Panam\u00e1", "geolabelid": 3703647, "label": "Pacora"}, {"country": "Panama", "subcountry": "Panam\u00e1", "geolabelid": 3703833, "label": "Nuevo Arraij\u00e1n"}, {"country": "Panama", "subcountry": "Panam\u00e1", "geolabelid": 3706567, "label": "Las Cumbres"}, {"country": "Panama", "subcountry": "Chiriqu\u00ed", "geolabelid": 3707899, "label": "La Concepci\u00f3n"}, {"country": "Panama", "subcountry": "Panam\u00e1", "geolabelid": 3707961, "label": "La Chorrera"}, {"country": "Panama", "subcountry": "Panam\u00e1", "geolabelid": 3708066, "label": "La Cabima"}, {"country": "Panama", "subcountry": "Chiriqu\u00ed", "geolabelid": 3711668, "label": "David"}, {"country": "Panama", "subcountry": "Col\u00f3n", "geolabelid": 3712076, "label": "Col\u00f3n"}, {"country": "Panama", "subcountry": "Herrera", "geolabelid": 3712384, "label": "Chitr\u00e9"}, {"country": "Panama", "subcountry": "Panam\u00e1", "geolabelid": 3712455, "label": "Chilibre"}, {"country": "Panama", "subcountry": "Panam\u00e1", "geolabelid": 3712505, "label": "Chepo"}, {"country": "Panama", "subcountry": "Bocas del Toro", "geolabelid": 3712560, "label": "Changuinola"}, {"country": "Panama", "subcountry": "Col\u00f3n", "geolabelid": 3712884, "label": "Cativ\u00e1"}, {"country": "Panama", "subcountry": "Panam\u00e1", "geolabelid": 3714637, "label": "Arraij\u00e1n"}, {"country": "Panama", "subcountry": "Panam\u00e1", "geolabelid": 3714932, "label": "Alcalde D\u00edaz"}, {"country": "Panama", "subcountry": "Cocl\u00e9", "geolabelid": 3715042, "label": "Aguadulce"}]