[{"country": "Syria", "subcountry": "Rif-dimashq", "geolabelid": 162627, "label": "Yabr\u016bd"}, {"country": "Syria", "subcountry": "Hama", "geolabelid": 163270, "label": "\u0162ayyibat al Im\u0101m"}, {"country": "Syria", "subcountry": "Tartus", "geolabelid": 163345, "label": "Tartouss"}, {"country": "Syria", "subcountry": "Aleppo", "geolabelid": 163476, "label": "Tall Rif\u2018at"}, {"country": "Syria", "subcountry": "Homs", "geolabelid": 163533, "label": "Tallkalakh"}, {"country": "Syria", "subcountry": "Homs", "geolabelid": 163779, "label": "Tallb\u012bsah"}, {"country": "Syria", "subcountry": "Daraa", "geolabelid": 163806, "label": "\u0162afas"}, {"country": "Syria", "subcountry": "Homs", "geolabelid": 163808, "label": "Tadmur"}, {"country": "Syria", "subcountry": "Aleppo", "geolabelid": 163811, "label": "T\u0101dif"}, {"country": "Syria", "subcountry": "Hama", "geolabelid": 163915, "label": "Souran"}, {"country": "Syria", "subcountry": "Deir ez-Zor", "geolabelid": 164025, "label": "Subaykh\u0101n"}, {"country": "Syria", "subcountry": "Daraa", "geolabelid": 164328, "label": "Ash Shaykh Misk\u012bn"}, {"country": "Syria", "subcountry": "Idlib", "geolabelid": 164816, "label": "Sar\u0101qib"}, {"country": "Syria", "subcountry": "Idlib", "geolabelid": 164898, "label": "Salq\u012bn"}, {"country": "Syria", "subcountry": "Hama", "geolabelid": 164947, "label": "As Salam\u012byah"}, {"country": "Syria", "subcountry": "Tartus", "geolabelid": 165060, "label": "Satita"}, {"country": "Syria", "subcountry": "Rif-dimashq", "geolabelid": 165929, "label": "Qa\u0163an\u0101"}, {"country": "Syria", "subcountry": "Daraa", "geolabelid": 165997, "label": "J\u0101sim"}, {"country": "Syria", "subcountry": "Rif-dimashq", "geolabelid": 166111, "label": "Q\u0101rah"}, {"country": "Syria", "subcountry": "Aleppo", "geolabelid": 166331, "label": "Nubl"}, {"country": "Syria", "subcountry": "Hama", "geolabelid": 167046, "label": "Ma\u015fy\u0101f"}, {"country": "Syria", "subcountry": "Aleppo", "geolabelid": 167357, "label": "Manbij"}, {"country": "Syria", "subcountry": "Idlib", "geolabelid": 167605, "label": "Ma\u2018arratmi\u015fr\u012bn"}, {"country": "Syria", "subcountry": "Idlib", "geolabelid": 168325, "label": "Kh\u0101n Shaykh\u016bn"}, {"country": "Syria", "subcountry": "Hama", "geolabelid": 168620, "label": "Kafr Zayt\u0101"}, {"country": "Syria", "subcountry": "Idlib", "geolabelid": 168629, "label": "Kafr Takh\u0101r\u012bm"}, {"country": "Syria", "subcountry": "Idlib", "geolabelid": 168661, "label": "Kafr Nubl"}, {"country": "Syria", "subcountry": "Homs", "geolabelid": 168668, "label": "Kafr L\u0101h\u0101"}, {"country": "Syria", "subcountry": "Idlib", "geolabelid": 169023, "label": "Jisr ash Shugh\u016br"}, {"country": "Syria", "subcountry": "Rif-dimashq", "geolabelid": 169113, "label": "Jayr\u016bd"}, {"country": "Syria", "subcountry": "Aleppo", "geolabelid": 169179, "label": "Jar\u0101bulus"}, {"country": "Syria", "subcountry": "Latakia", "geolabelid": 169304, "label": "Jablah"}, {"country": "Syria", "subcountry": "Rif-dimashq", "geolabelid": 169372, "label": "\u2018Irb\u012bn"}, {"country": "Syria", "subcountry": "Daraa", "geolabelid": 169375, "label": "Inkhil"}, {"country": "Syria", "subcountry": "Idlib", "geolabelid": 169389, "label": "Idlib"}, {"country": "Syria", "subcountry": "Homs", "geolabelid": 169577, "label": "Homs"}, {"country": "Syria", "subcountry": "Rif-dimashq", "geolabelid": 169897, "label": "\u1e28arast\u0101"}, {"country": "Syria", "subcountry": "Hama", "geolabelid": 170017, "label": "\u1e28am\u0101h"}, {"country": "Syria", "subcountry": "Hama", "geolabelid": 170044, "label": "\u1e28alf\u0101y\u0101"}, {"country": "Syria", "subcountry": "Aleppo", "geolabelid": 170063, "label": "Aleppo"}, {"country": "Syria", "subcountry": "Rif-dimashq", "geolabelid": 170592, "label": "Douma"}, {"country": "Syria", "subcountry": "Dimashq", "geolabelid": 170654, "label": "Damascus"}, {"country": "Syria", "subcountry": "Aleppo", "geolabelid": 170785, "label": "Dayr \u1e28\u0101fir"}, {"country": "Syria", "subcountry": "Deir ez-Zor", "geolabelid": 170794, "label": "Deir ez-Zor"}, {"country": "Syria", "subcountry": "Al-Hasakah", "geolabelid": 170887, "label": "Ad Darb\u0101s\u012byah"}, {"country": "Syria", "subcountry": "Rif-dimashq", "geolabelid": 170892, "label": "D\u0101rayy\u0101"}, {"country": "Syria", "subcountry": "Daraa", "geolabelid": 170905, "label": "Dar\u2018\u0101"}, {"country": "Syria", "subcountry": "Idlib", "geolabelid": 171451, "label": "Binnish"}, {"country": "Syria", "subcountry": "Tartus", "geolabelid": 171830, "label": "B\u0101niy\u0101s"}, {"country": "Syria", "subcountry": "Rif-dimashq", "geolabelid": 172059, "label": "Az Zabad\u0101n\u012b"}, {"country": "Syria", "subcountry": "Aleppo", "geolabelid": 172082, "label": "I\u2018z\u0101z"}, {"country": "Syria", "subcountry": "Aleppo", "geolabelid": 172256, "label": "\u2018Ayn al \u2018Arab"}, {"country": "Syria", "subcountry": "Rif-dimashq", "geolabelid": 172349, "label": "At Tall"}, {"country": "Syria", "subcountry": "Ar-Raqqah", "geolabelid": 172374, "label": "Ath Thawrah"}, {"country": "Syria", "subcountry": "As-Suwayda", "geolabelid": 172408, "label": "As Suwayd\u0101\u2019"}, {"country": "Syria", "subcountry": "Daraa", "geolabelid": 172469, "label": "A\u015f \u015eanamayn"}, {"country": "Syria", "subcountry": "Aleppo", "geolabelid": 172503, "label": "As Saf\u012brah"}, {"country": "Syria", "subcountry": "Homs", "geolabelid": 172946, "label": "Ar Rastan"}, {"country": "Syria", "subcountry": "Ar-Raqqah", "geolabelid": 172955, "label": "Ar Raqqah"}, {"country": "Syria", "subcountry": "Rif-dimashq", "geolabelid": 173193, "label": "An Nabk"}, {"country": "Syria", "subcountry": "Rif-dimashq", "geolabelid": 173312, "label": "Al Qu\u0163ayfah"}, {"country": "Syria", "subcountry": "Homs", "geolabelid": 173322, "label": "Al Qu\u015fayr"}, {"country": "Syria", "subcountry": "Quneitra", "geolabelid": 173334, "label": "Al Qunay\u0163irah"}, {"country": "Syria", "subcountry": "Homs", "geolabelid": 173361, "label": "Al Qaryatayn"}, {"country": "Syria", "subcountry": "Deir ez-Zor", "geolabelid": 173480, "label": "Al May\u0101d\u012bn"}, {"country": "Syria", "subcountry": "Latakia", "geolabelid": 173576, "label": "Latakia"}, {"country": "Syria", "subcountry": "Rif-dimashq", "geolabelid": 173598, "label": "Al Kiswah"}, {"country": "Syria", "subcountry": "Al-Hasakah", "geolabelid": 173811, "label": "Al \u1e28asakah"}, {"country": "Syria", "subcountry": "Daraa", "geolabelid": 173819, "label": "Al \u1e28ar\u0101k"}, {"country": "Syria", "subcountry": "Aleppo", "geolabelid": 174018, "label": "Al B\u0101b"}, {"country": "Syria", "subcountry": "Aleppo", "geolabelid": 174186, "label": "\u2018Afr\u012bn"}, {"country": "Syria", "subcountry": "Idlib", "geolabelid": 174259, "label": "Ad D\u0101n\u0101"}, {"country": "Syria", "subcountry": "Deir ez-Zor", "geolabelid": 174448, "label": "\u0100lb\u016b Kam\u0101l"}, {"country": "Syria", "subcountry": "Deir ez-Zor", "geolabelid": 174506, "label": "Haj\u012bn"}]