[{"country": "Cyprus", "subcountry": "Ammochostos", "geolabelid": 18918, "label": "Protaras"}, {"country": "Cyprus", "subcountry": "Pafos", "geolabelid": 146214, "label": "Paphos"}, {"country": "Cyprus", "subcountry": "Lefkosia", "geolabelid": 146268, "label": "Nicosia"}, {"country": "Cyprus", "subcountry": "Limassol", "geolabelid": 146384, "label": "Limassol"}, {"country": "Cyprus", "subcountry": "Larnaka", "geolabelid": 146400, "label": "Larnaca"}, {"country": "Cyprus", "subcountry": "Keryneia", "geolabelid": 146412, "label": "Kyrenia"}, {"country": "Cyprus", "subcountry": "Ammochostos", "geolabelid": 146617, "label": "Famagusta"}]