[{"country": "Tunisia", "subcountry": "Zaghw\u0101n", "geolabelid": 2464041, "label": "Zaghouan"}, {"country": "Tunisia", "subcountry": "T\u016bnis", "geolabelid": 2464168, "label": "Oued Lill"}, {"country": "Tunisia", "subcountry": "T\u016bnis", "geolabelid": 2464470, "label": "Tunis"}, {"country": "Tunisia", "subcountry": "Tawzar", "geolabelid": 2464648, "label": "Tozeur"}, {"country": "Tunisia", "subcountry": "Tataouine", "geolabelid": 2464701, "label": "Tataouine"}, {"country": "Tunisia", "subcountry": "Al Qa\u015frayn", "geolabelid": 2464795, "label": "Thala"}, {"country": "Tunisia", "subcountry": "N\u0101bul", "geolabelid": 2464804, "label": "Takelsa"}, {"country": "Tunisia", "subcountry": "Kef", "geolabelid": 2464809, "label": "Tajerouine"}, {"country": "Tunisia", "subcountry": "S\u016bsah", "geolabelid": 2464915, "label": "Sousse"}, {"country": "Tunisia", "subcountry": "Sily\u0101nah", "geolabelid": 2465030, "label": "Siliana"}, {"country": "Tunisia", "subcountry": "S\u012bd\u012b B\u016b Zayd", "geolabelid": 2465840, "label": "Sidi Bouzid"}, {"country": "Tunisia", "subcountry": "Al Munast\u012br", "geolabelid": 2467246, "label": "Skanes"}, {"country": "Tunisia", "subcountry": "\u015eaf\u0101qis", "geolabelid": 2467454, "label": "Sfax"}, {"country": "Tunisia", "subcountry": "T\u016bnis", "geolabelid": 2467521, "label": "La Sebala du Mornag"}, {"country": "Tunisia", "subcountry": "T\u016bnis", "geolabelid": 2467815, "label": "Rad\u00e8s"}, {"country": "Tunisia", "subcountry": "Al Mahd\u012byah", "geolabelid": 2467856, "label": "Ksour Essaf"}, {"country": "Tunisia", "subcountry": "N\u0101bul", "geolabelid": 2467920, "label": "Korba"}, {"country": "Tunisia", "subcountry": "N\u0101bul", "geolabelid": 2467959, "label": "K\u00e9libia"}, {"country": "Tunisia", "subcountry": "Qibil\u012b", "geolabelid": 2468018, "label": "Kebili"}, {"country": "Tunisia", "subcountry": "Al Munast\u012br", "geolabelid": 2468106, "label": "Ksar Hellal"}, {"country": "Tunisia", "subcountry": "T\u016bnis", "geolabelid": 2468245, "label": "Carthage"}, {"country": "Tunisia", "subcountry": "Zaghw\u0101n", "geolabelid": 2468285, "label": "El Fahs"}, {"country": "Tunisia", "subcountry": "Ariana", "geolabelid": 2468329, "label": "Galaat el Andeless"}, {"country": "Tunisia", "subcountry": "Gafsa", "geolabelid": 2468353, "label": "Gafsa"}, {"country": "Tunisia", "subcountry": "Q\u0101bis", "geolabelid": 2468369, "label": "Gab\u00e8s"}, {"country": "Tunisia", "subcountry": "Tawzar", "geolabelid": 2468561, "label": "Nefta"}, {"country": "Tunisia", "subcountry": "N\u0101bul", "geolabelid": 2468579, "label": "Nabeul"}, {"country": "Tunisia", "subcountry": "Madan\u012bn", "geolabelid": 2468925, "label": "Midoun"}, {"country": "Tunisia", "subcountry": "Banzart", "geolabelid": 2469088, "label": "Mateur"}, {"country": "Tunisia", "subcountry": "S\u016bsah", "geolabelid": 2469140, "label": "Msaken"}, {"country": "Tunisia", "subcountry": "Banzart", "geolabelid": 2469256, "label": "Menzel Jemil"}, {"country": "Tunisia", "subcountry": "N\u0101bul", "geolabelid": 2469262, "label": "Mennzel Bou Zelfa"}, {"country": "Tunisia", "subcountry": "Banzart", "geolabelid": 2469264, "label": "Menzel Bourguiba"}, {"country": "Tunisia", "subcountry": "Banzart", "geolabelid": 2469268, "label": "Menzel Abderhaman"}, {"country": "Tunisia", "subcountry": "Manouba", "geolabelid": 2469274, "label": "Manouba"}, {"country": "Tunisia", "subcountry": "B\u0101jah", "geolabelid": 2469386, "label": "Medjez el Bab"}, {"country": "Tunisia", "subcountry": "Madan\u012bn", "geolabelid": 2469473, "label": "Medenine"}, {"country": "Tunisia", "subcountry": "Jund\u016bbah", "geolabelid": 2470088, "label": "Jendouba"}, {"country": "Tunisia", "subcountry": "Madan\u012bn", "geolabelid": 2470173, "label": "Zarzis"}, {"country": "Tunisia", "subcountry": "Al Munast\u012br", "geolabelid": 2470191, "label": "Djemmal"}, {"country": "Tunisia", "subcountry": "Madan\u012bn", "geolabelid": 2470384, "label": "Houmt Souk"}, {"country": "Tunisia", "subcountry": "S\u016bsah", "geolabelid": 2470579, "label": "Hammam Sousse"}, {"country": "Tunisia", "subcountry": "T\u016bnis", "geolabelid": 2470588, "label": "Hammam-Lif"}, {"country": "Tunisia", "subcountry": "T\u016bnis", "geolabelid": 2470656, "label": "La Goulette"}, {"country": "Tunisia", "subcountry": "Qibil\u012b", "geolabelid": 2471287, "label": "Douz"}, {"country": "Tunisia", "subcountry": "Banzart", "geolabelid": 2471475, "label": "Douar Tindja"}, {"country": "Tunisia", "subcountry": "N\u0101bul", "geolabelid": 2471637, "label": "Dar Chabanne"}, {"country": "Tunisia", "subcountry": "Bin \u2018Ar\u016bs", "geolabelid": 2472479, "label": "Ben Arous"}, {"country": "Tunisia", "subcountry": "Banzart", "geolabelid": 2472706, "label": "Bizerte"}, {"country": "Tunisia", "subcountry": "N\u0101bul", "geolabelid": 2472722, "label": "Beni Khiar"}, {"country": "Tunisia", "subcountry": "B\u0101jah", "geolabelid": 2472774, "label": "B\u00e9ja"}, {"country": "Tunisia", "subcountry": "Al Mahd\u012byah", "geolabelid": 2472833, "label": "Zouila"}, {"country": "Tunisia", "subcountry": "Al Mahd\u012byah", "geolabelid": 2473229, "label": "Chebba"}, {"country": "Tunisia", "subcountry": "Ariana", "geolabelid": 2473247, "label": "Ariana"}, {"country": "Tunisia", "subcountry": "Gafsa", "geolabelid": 2473257, "label": "Ar Rudayyif"}, {"country": "Tunisia", "subcountry": "Al Munast\u012br", "geolabelid": 2473420, "label": "Ouardenine"}, {"country": "Tunisia", "subcountry": "Al Qayraw\u0101n", "geolabelid": 2473449, "label": "Kairouan"}, {"country": "Tunisia", "subcountry": "Al Qa\u015frayn", "geolabelid": 2473457, "label": "Kasserine"}, {"country": "Tunisia", "subcountry": "\u015eaf\u0101qis", "geolabelid": 2473470, "label": "Gremda"}, {"country": "Tunisia", "subcountry": "Al Munast\u012br", "geolabelid": 2473493, "label": "Monastir"}, {"country": "Tunisia", "subcountry": "T\u016bnis", "geolabelid": 2473499, "label": "La Mohammedia"}, {"country": "Tunisia", "subcountry": "Gafsa", "geolabelid": 2473517, "label": "Metlaoui"}, {"country": "Tunisia", "subcountry": "T\u016bnis", "geolabelid": 2473540, "label": "Al Mars\u00e1"}, {"country": "Tunisia", "subcountry": "Al Mahd\u012byah", "geolabelid": 2473572, "label": "Mahdia"}, {"country": "Tunisia", "subcountry": "Kef", "geolabelid": 2473634, "label": "El Kef"}, {"country": "Tunisia", "subcountry": "Al Mahd\u012byah", "geolabelid": 2473654, "label": "El Jem"}, {"country": "Tunisia", "subcountry": "N\u0101bul", "geolabelid": 2473744, "label": "Hammamet"}, {"country": "Tunisia", "subcountry": "Q\u0101bis", "geolabelid": 2473747, "label": "El Hamma"}, {"country": "Tunisia", "subcountry": "Al Munast\u012br", "geolabelid": 2473826, "label": "Bekalta"}, {"country": "Tunisia", "subcountry": "Banzart", "geolabelid": 2473876, "label": "El Alia"}, {"country": "Tunisia", "subcountry": "S\u016bsah", "geolabelid": 2473913, "label": "Akouda"}, {"country": "Tunisia", "subcountry": "N\u0101bul", "geolabelid": 2581754, "label": "Douane"}]