[{"country": "Tanzania", "subcountry": "Zanzibar Urban/West", "geolabelid": 148730, "label": "Zanzibar"}, {"country": "Tanzania", "subcountry": "Pemba North", "geolabelid": 148842, "label": "Wete"}, {"country": "Tanzania", "subcountry": "Mbeya", "geolabelid": 148942, "label": "Vwawa"}, {"country": "Tanzania", "subcountry": "Pwani", "geolabelid": 148987, "label": "Vikindu"}, {"country": "Tanzania", "subcountry": "Geita", "geolabelid": 149027, "label": "Uyovu"}, {"country": "Tanzania", "subcountry": "Kigoma", "geolabelid": 149050, "label": "Uvinza"}, {"country": "Tanzania", "subcountry": "Geita", "geolabelid": 149129, "label": "Ushirombo"}, {"country": "Tanzania", "subcountry": "Katavi", "geolabelid": 149132, "label": "Usevia"}, {"country": "Tanzania", "subcountry": "Mwanza", "geolabelid": 149151, "label": "Usagara"}, {"country": "Tanzania", "subcountry": "Arusha", "geolabelid": 149155, "label": "Usa River"}, {"country": "Tanzania", "subcountry": "Tabora", "geolabelid": 149172, "label": "Urambo"}, {"country": "Tanzania", "subcountry": "Mbeya", "geolabelid": 149402, "label": "Tunduma"}, {"country": "Tanzania", "subcountry": "Tabora", "geolabelid": 149418, "label": "Tumbi"}, {"country": "Tanzania", "subcountry": "Mbeya", "geolabelid": 149437, "label": "Tukuyu"}, {"country": "Tanzania", "subcountry": "Shinyanga", "geolabelid": 149512, "label": "Tinde"}, {"country": "Tanzania", "subcountry": "Mara", "geolabelid": 149581, "label": "Tarime"}, {"country": "Tanzania", "subcountry": "Tanga", "geolabelid": 149606, "label": "Tanga"}, {"country": "Tanzania", "subcountry": "Tabora", "geolabelid": 149658, "label": "Tabora"}, {"country": "Tanzania", "subcountry": "Rukwa", "geolabelid": 149703, "label": "Sumbawanga"}, {"country": "Tanzania", "subcountry": "Shinyanga", "geolabelid": 149775, "label": "Songwa"}, {"country": "Tanzania", "subcountry": "Simiyu", "geolabelid": 149792, "label": "Somanda"}, {"country": "Tanzania", "subcountry": "Zanzibar Central/South", "geolabelid": 149812, "label": "Sokoni"}, {"country": "Tanzania", "subcountry": "Mara", "geolabelid": 149854, "label": "Sirari"}, {"country": "Tanzania", "subcountry": "Singida", "geolabelid": 149879, "label": "Singida"}, {"country": "Tanzania", "subcountry": "Tabora", "geolabelid": 149929, "label": "Sikonge"}, {"country": "Tanzania", "subcountry": "Shinyanga", "geolabelid": 150006, "label": "Shinyanga"}, {"country": "Tanzania", "subcountry": "Singida", "geolabelid": 150037, "label": "Shelui"}, {"country": "Tanzania", "subcountry": "Singida", "geolabelid": 150099, "label": "Sepuka"}, {"country": "Tanzania", "subcountry": "Kilimanjaro", "geolabelid": 150276, "label": "Same"}, {"country": "Tanzania", "subcountry": "Kagera", "geolabelid": 150436, "label": "Rulenge"}, {"country": "Tanzania", "subcountry": "Mbeya", "geolabelid": 150453, "label": "Rujewa"}, {"country": "Tanzania", "subcountry": "Singida", "geolabelid": 150634, "label": "Puma"}, {"country": "Tanzania", "subcountry": "Shinyanga", "geolabelid": 150885, "label": "Old Shinyanga"}, {"country": "Tanzania", "subcountry": "Tabora", "geolabelid": 150930, "label": "Nzega"}, {"country": "Tanzania", "subcountry": "Mara", "geolabelid": 151108, "label": "Nyamuswa"}, {"country": "Tanzania", "subcountry": "Simiyu", "geolabelid": 151211, "label": "Nyalikungu"}, {"country": "Tanzania", "subcountry": "Simiyu", "geolabelid": 151266, "label": "Nyakabindi"}, {"country": "Tanzania", "subcountry": "Kagera", "geolabelid": 151363, "label": "Nsunga"}, {"country": "Tanzania", "subcountry": "Kagera", "geolabelid": 151373, "label": "Nshamba"}, {"country": "Tanzania", "subcountry": "Njombe", "geolabelid": 151479, "label": "Njombe"}, {"country": "Tanzania", "subcountry": "Kigoma", "geolabelid": 151567, "label": "Nguruka"}, {"country": "Tanzania", "subcountry": "Mwanza", "geolabelid": 151599, "label": "Ngudu"}, {"country": "Tanzania", "subcountry": "Morogoro", "geolabelid": 151678, "label": "Ngerengere"}, {"country": "Tanzania", "subcountry": "Kagera", "geolabelid": 151711, "label": "Ngara"}, {"country": "Tanzania", "subcountry": "Manyara", "geolabelid": 151929, "label": "Nangwa"}, {"country": "Tanzania", "subcountry": "Rukwa", "geolabelid": 151986, "label": "Namanyere"}, {"country": "Tanzania", "subcountry": "Mwanza", "geolabelid": 152224, "label": "Mwanza"}, {"country": "Tanzania", "subcountry": "Shinyanga", "geolabelid": 152376, "label": "Mwadui"}, {"country": "Tanzania", "subcountry": "Pwani", "geolabelid": 152403, "label": "Mvomero"}, {"country": "Tanzania", "subcountry": "Mara", "geolabelid": 152451, "label": "Musoma"}, {"country": "Tanzania", "subcountry": "Mara", "geolabelid": 152497, "label": "Muriti"}, {"country": "Tanzania", "subcountry": "Singida", "geolabelid": 152546, "label": "Mungaa"}, {"country": "Tanzania", "subcountry": "Tanga", "geolabelid": 152632, "label": "Muheza"}, {"country": "Tanzania", "subcountry": "Mara", "geolabelid": 152663, "label": "Mugumu"}, {"country": "Tanzania", "subcountry": "Njombe", "geolabelid": 152718, "label": "Mtwango"}, {"country": "Tanzania", "subcountry": "Arusha", "geolabelid": 152743, "label": "Mto wa Mbu"}, {"country": "Tanzania", "subcountry": "Singida", "geolabelid": 152781, "label": "Mtinko"}, {"country": "Tanzania", "subcountry": "Morogoro", "geolabelid": 152933, "label": "Msowero"}, {"country": "Tanzania", "subcountry": "Dodoma", "geolabelid": 153094, "label": "Mpwapwa"}, {"country": "Tanzania", "subcountry": "Katavi", "geolabelid": 153176, "label": "Mpanda"}, {"country": "Tanzania", "subcountry": "Kilimanjaro", "geolabelid": 153209, "label": "Moshi"}, {"country": "Tanzania", "subcountry": "Morogoro", "geolabelid": 153220, "label": "Morogoro"}, {"country": "Tanzania", "subcountry": "Mbeya", "geolabelid": 153352, "label": "Mlowo"}, {"country": "Tanzania", "subcountry": "Morogoro", "geolabelid": 153384, "label": "Mlimba"}, {"country": "Tanzania", "subcountry": "Njombe", "geolabelid": 153408, "label": "Mlangali"}, {"country": "Tanzania", "subcountry": "Pwani", "geolabelid": 153412, "label": "Mlandizi"}, {"country": "Tanzania", "subcountry": "Tanga", "geolabelid": 153423, "label": "Mlalo"}, {"country": "Tanzania", "subcountry": "Pwani", "geolabelid": 153482, "label": "Mkuranga"}, {"country": "Tanzania", "subcountry": "Kigoma", "geolabelid": 153709, "label": "Mwandiga"}, {"country": "Tanzania", "subcountry": "Mwanza", "geolabelid": 153759, "label": "Misungwi"}, {"country": "Tanzania", "subcountry": "Morogoro", "geolabelid": 153871, "label": "Mikumi"}, {"country": "Tanzania", "subcountry": "Shinyanga", "geolabelid": 154002, "label": "Mhango"}, {"country": "Tanzania", "subcountry": "Singida", "geolabelid": 154097, "label": "Mgandu"}, {"country": "Tanzania", "subcountry": "Arusha", "geolabelid": 154321, "label": "Mbuguni"}, {"country": "Tanzania", "subcountry": "Mbeya", "geolabelid": 154380, "label": "Mbeya"}, {"country": "Tanzania", "subcountry": "Tanga", "geolabelid": 154470, "label": "Mazinde"}, {"country": "Tanzania", "subcountry": "Tanga", "geolabelid": 154566, "label": "Matui"}, {"country": "Tanzania", "subcountry": "Rukwa", "geolabelid": 154638, "label": "Matai"}, {"country": "Tanzania", "subcountry": "Simiyu", "geolabelid": 154648, "label": "Maswa"}, {"country": "Tanzania", "subcountry": "Geita", "geolabelid": 154654, "label": "Masumbwe"}, {"country": "Tanzania", "subcountry": "Tanga", "geolabelid": 154780, "label": "Maramba"}, {"country": "Tanzania", "subcountry": "Morogoro", "geolabelid": 155016, "label": "Malinyi"}, {"country": "Tanzania", "subcountry": "Simiyu", "geolabelid": 155056, "label": "Malampaka"}, {"country": "Tanzania", "subcountry": "Tanga", "geolabelid": 155076, "label": "Makuyuni"}, {"country": "Tanzania", "subcountry": "Njombe", "geolabelid": 155101, "label": "Makumbako"}, {"country": "Tanzania", "subcountry": "Ruvuma", "geolabelid": 155285, "label": "Mahanje"}, {"country": "Tanzania", "subcountry": "Mwanza", "geolabelid": 155307, "label": "Kihangara"}, {"country": "Tanzania", "subcountry": "Manyara", "geolabelid": 155310, "label": "Magugu"}, {"country": "Tanzania", "subcountry": "Dar es Salaam", "geolabelid": 155321, "label": "Magomeni"}, {"country": "Tanzania", "subcountry": "Morogoro", "geolabelid": 155334, "label": "Magole"}, {"country": "Tanzania", "subcountry": "Iringa", "geolabelid": 155405, "label": "Mafinga"}, {"country": "Tanzania", "subcountry": "Tabora", "geolabelid": 155515, "label": "Mabama"}, {"country": "Tanzania", "subcountry": "Tanga", "geolabelid": 155569, "label": "Lushoto"}, {"country": "Tanzania", "subcountry": "Pwani", "geolabelid": 155743, "label": "Lugoba"}, {"country": "Tanzania", "subcountry": "Lindi", "geolabelid": 155921, "label": "Liwale"}, {"country": "Tanzania", "subcountry": "Kilimanjaro", "geolabelid": 156025, "label": "Lembeni"}, {"country": "Tanzania", "subcountry": "Simiyu", "geolabelid": 156080, "label": "Lalago"}, {"country": "Tanzania", "subcountry": "Rukwa", "geolabelid": 156098, "label": "Laela"}, {"country": "Tanzania", "subcountry": "Mbeya", "geolabelid": 156111, "label": "Kyela"}, {"country": "Tanzania", "subcountry": "Dodoma", "geolabelid": 156510, "label": "Kondoa"}, {"country": "Tanzania", "subcountry": "Mbeya", "geolabelid": 156627, "label": "Kiwira"}, {"country": "Tanzania", "subcountry": "Shinyanga", "geolabelid": 156963, "label": "Kishapu"}, {"country": "Tanzania", "subcountry": "Simiyu", "geolabelid": 156974, "label": "Kisesa"}, {"country": "Tanzania", "subcountry": "Rukwa", "geolabelid": 157107, "label": "Kirando"}, {"country": "Tanzania", "subcountry": "Singida", "geolabelid": 157198, "label": "Kiomboi"}, {"country": "Tanzania", "subcountry": "Arusha", "geolabelid": 157268, "label": "Kingori"}, {"country": "Tanzania", "subcountry": "Morogoro", "geolabelid": 157403, "label": "Kilosa"}, {"country": "Tanzania", "subcountry": "Kigoma", "geolabelid": 157738, "label": "Kigoma"}, {"country": "Tanzania", "subcountry": "Morogoro", "geolabelid": 157826, "label": "Kidodi"}, {"country": "Tanzania", "subcountry": "Morogoro", "geolabelid": 157863, "label": "Kidatu"}, {"country": "Tanzania", "subcountry": "Kigoma", "geolabelid": 157960, "label": "Kibondo"}, {"country": "Tanzania", "subcountry": "Pwani", "geolabelid": 157977, "label": "Kibiti"}, {"country": "Tanzania", "subcountry": "Mara", "geolabelid": 158016, "label": "Kibara"}, {"country": "Tanzania", "subcountry": "Dodoma", "geolabelid": 158024, "label": "Kibakwe"}, {"country": "Tanzania", "subcountry": "Pwani", "geolabelid": 158027, "label": "Kibaha"}, {"country": "Tanzania", "subcountry": "Mbeya", "geolabelid": 158151, "label": "Katumba"}, {"country": "Tanzania", "subcountry": "Geita", "geolabelid": 158160, "label": "Katoro"}, {"country": "Tanzania", "subcountry": "Kagera", "geolabelid": 158179, "label": "Katerero"}, {"country": "Tanzania", "subcountry": "Kigoma", "geolabelid": 158214, "label": "Kasulu"}, {"country": "Tanzania", "subcountry": "Geita", "geolabelid": 158289, "label": "Kasamwa"}, {"country": "Tanzania", "subcountry": "Arusha", "geolabelid": 158324, "label": "Kiratu"}, {"country": "Tanzania", "subcountry": "Kagera", "geolabelid": 158492, "label": "Kamachumu"}, {"country": "Tanzania", "subcountry": "Kigoma", "geolabelid": 158563, "label": "Kakonko"}, {"country": "Tanzania", "subcountry": "Shinyanga", "geolabelid": 158597, "label": "Kahama"}, {"country": "Tanzania", "subcountry": "Kagera", "geolabelid": 158684, "label": "Kabanga"}, {"country": "Tanzania", "subcountry": "Iringa", "geolabelid": 158825, "label": "Izazi"}, {"country": "Tanzania", "subcountry": "Singida", "geolabelid": 158904, "label": "Itigi"}, {"country": "Tanzania", "subcountry": "Shinyanga", "geolabelid": 159045, "label": "Isaka"}, {"country": "Tanzania", "subcountry": "Iringa", "geolabelid": 159071, "label": "Iringa"}, {"country": "Tanzania", "subcountry": "Mbeya", "geolabelid": 159107, "label": "Ipinda"}, {"country": "Tanzania", "subcountry": "Iringa", "geolabelid": 159179, "label": "Ilula"}, {"country": "Tanzania", "subcountry": "Singida", "geolabelid": 159186, "label": "Ilongero"}, {"country": "Tanzania", "subcountry": "Njombe", "geolabelid": 159218, "label": "Ilembula"}, {"country": "Tanzania", "subcountry": "Singida", "geolabelid": 159267, "label": "Ikungi"}, {"country": "Tanzania", "subcountry": "Mbeya", "geolabelid": 159380, "label": "Igurusi"}, {"country": "Tanzania", "subcountry": "Tabora", "geolabelid": 159386, "label": "Igunga"}, {"country": "Tanzania", "subcountry": "Singida", "geolabelid": 159398, "label": "Igugunu"}, {"country": "Tanzania", "subcountry": "Morogoro", "geolabelid": 159492, "label": "Ifakara"}, {"country": "Tanzania", "subcountry": "Kilimanjaro", "geolabelid": 159647, "label": "Hedaru"}, {"country": "Tanzania", "subcountry": "Geita", "geolabelid": 159908, "label": "Geita"}, {"country": "Tanzania", "subcountry": "Morogoro", "geolabelid": 159909, "label": "Geiro"}, {"country": "Tanzania", "subcountry": "Manyara", "geolabelid": 159951, "label": "Galappo"}, {"country": "Tanzania", "subcountry": "Manyara", "geolabelid": 160172, "label": "Dongobesh"}, {"country": "Tanzania", "subcountry": "Dodoma", "geolabelid": 160196, "label": "Dodoma"}, {"country": "Tanzania", "subcountry": "Dar es Salaam", "geolabelid": 160263, "label": "Dar es Salaam"}, {"country": "Tanzania", "subcountry": "Manyara", "geolabelid": 160266, "label": "Dareda"}, {"country": "Tanzania", "subcountry": "Mbeya", "geolabelid": 160464, "label": "Chimala"}, {"country": "Tanzania", "subcountry": "Geita", "geolabelid": 160552, "label": "Chato"}, {"country": "Tanzania", "subcountry": "Tanga", "geolabelid": 160592, "label": "Chanika"}, {"country": "Tanzania", "subcountry": "Pwani", "geolabelid": 160660, "label": "Chalinze"}, {"country": "Tanzania", "subcountry": "Rukwa", "geolabelid": 160670, "label": "Chala"}, {"country": "Tanzania", "subcountry": "Pemba South", "geolabelid": 160677, "label": "Chake Chake"}, {"country": "Tanzania", "subcountry": "Mara", "geolabelid": 160798, "label": "Butiama"}, {"country": "Tanzania", "subcountry": "Geita", "geolabelid": 160833, "label": "Buseresere"}, {"country": "Tanzania", "subcountry": "Pwani", "geolabelid": 160877, "label": "Bungu"}, {"country": "Tanzania", "subcountry": "Mara", "geolabelid": 160892, "label": "Bunda"}, {"country": "Tanzania", "subcountry": "Kagera", "geolabelid": 160961, "label": "Bukoba"}, {"country": "Tanzania", "subcountry": "Kagera", "geolabelid": 161023, "label": "Bugarama"}, {"country": "Tanzania", "subcountry": "Kagera", "geolabelid": 161154, "label": "Biharamulo"}, {"country": "Tanzania", "subcountry": "Manyara", "geolabelid": 161197, "label": "Basotu"}, {"country": "Tanzania", "subcountry": "Manyara", "geolabelid": 161204, "label": "Bashanet"}, {"country": "Tanzania", "subcountry": "Simiyu", "geolabelid": 161218, "label": "Bariadi"}, {"country": "Tanzania", "subcountry": "Pwani", "geolabelid": 161290, "label": "Bagamoyo"}, {"country": "Tanzania", "subcountry": "Manyara", "geolabelid": 161312, "label": "Babati"}, {"country": "Tanzania", "subcountry": "Arusha", "geolabelid": 161325, "label": "Arusha"}, {"country": "Tanzania", "subcountry": "Ruvuma", "geolabelid": 877384, "label": "Tingi"}, {"country": "Tanzania", "subcountry": "Mtwara", "geolabelid": 877391, "label": "Tandahimba"}, {"country": "Tanzania", "subcountry": "Ruvuma", "geolabelid": 877401, "label": "Songea"}, {"country": "Tanzania", "subcountry": "Lindi", "geolabelid": 877471, "label": "Nyangao"}, {"country": "Tanzania", "subcountry": "Mtwara", "geolabelid": 877532, "label": "Newala Kisimani"}, {"country": "Tanzania", "subcountry": "Mtwara", "geolabelid": 877581, "label": "Nanyamba"}, {"country": "Tanzania", "subcountry": "Mtwara", "geolabelid": 877597, "label": "Nangomba"}, {"country": "Tanzania", "subcountry": "Mtwara", "geolabelid": 877605, "label": "Nanganga"}, {"country": "Tanzania", "subcountry": "Lindi", "geolabelid": 877702, "label": "Nachingwea"}, {"country": "Tanzania", "subcountry": "Mtwara", "geolabelid": 877747, "label": "Mtwara"}, {"country": "Tanzania", "subcountry": "Ruvuma", "geolabelid": 877998, "label": "Mbinga"}, {"country": "Tanzania", "subcountry": "Ruvuma", "geolabelid": 878041, "label": "Matiri"}, {"country": "Tanzania", "subcountry": "Mtwara", "geolabelid": 878058, "label": "Masasi"}, {"country": "Tanzania", "subcountry": "Ruvuma", "geolabelid": 878073, "label": "Maposeni"}, {"country": "Tanzania", "subcountry": "Mtwara", "geolabelid": 878195, "label": "Lukuledi"}, {"country": "Tanzania", "subcountry": "Mtwara", "geolabelid": 878223, "label": "Luchingu"}, {"country": "Tanzania", "subcountry": "Lindi", "geolabelid": 878281, "label": "Lindi"}, {"country": "Tanzania", "subcountry": "Mtwara", "geolabelid": 878367, "label": "Kitama"}, {"country": "Tanzania", "subcountry": "Ruvuma", "geolabelid": 878400, "label": "Kigonsera"}, {"country": "Tanzania", "subcountry": "Arusha", "geolabelid": 6640202, "label": "Merelani"}]