[{"country": "Albania", "subcountry": "Vlor\u00eb", "geolabelid": 363243, "label": "Sarand\u00eb"}, {"country": "Albania", "subcountry": "Kuk\u00ebs", "geolabelid": 782661, "label": "Kuk\u00ebs"}, {"country": "Albania", "subcountry": "Kor\u00e7\u00eb", "geolabelid": 782756, "label": "Kor\u00e7\u00eb"}, {"country": "Albania", "subcountry": "Gjirokast\u00ebr", "geolabelid": 783148, "label": "Gjirokast\u00ebr"}, {"country": "Albania", "subcountry": "Elbasan", "geolabelid": 783263, "label": "Elbasan"}, {"country": "Albania", "subcountry": "Dib\u00ebr", "geolabelid": 783493, "label": "Burrel"}, {"country": "Albania", "subcountry": "Vlor\u00eb", "geolabelid": 3183719, "label": "Vlor\u00eb"}, {"country": "Albania", "subcountry": "Tiran\u00eb", "geolabelid": 3183875, "label": "Tirana"}, {"country": "Albania", "subcountry": "Shkod\u00ebr", "geolabelid": 3184081, "label": "Shkod\u00ebr"}, {"country": "Albania", "subcountry": "Fier", "geolabelid": 3184517, "label": "Patos Fshat"}, {"country": "Albania", "subcountry": "Fier", "geolabelid": 3184862, "label": "Lushnj\u00eb"}, {"country": "Albania", "subcountry": "Lezh\u00eb", "geolabelid": 3184935, "label": "Lezh\u00eb"}, {"country": "Albania", "subcountry": "Lezh\u00eb", "geolabelid": 3185012, "label": "La\u00e7"}, {"country": "Albania", "subcountry": "Berat", "geolabelid": 3185060, "label": "Ku\u00e7ov\u00eb"}, {"country": "Albania", "subcountry": "Durr\u00ebs", "geolabelid": 3185082, "label": "Kruj\u00eb"}, {"country": "Albania", "subcountry": "Tiran\u00eb", "geolabelid": 3185211, "label": "Kavaj\u00eb"}, {"country": "Albania", "subcountry": "Fier", "geolabelid": 3185670, "label": "Fier-\u00c7if\u00e7i"}, {"country": "Albania", "subcountry": "Fier", "geolabelid": 3185672, "label": "Fier"}, {"country": "Albania", "subcountry": "Durr\u00ebs", "geolabelid": 3185728, "label": "Durr\u00ebs"}, {"country": "Albania", "subcountry": "Berat", "geolabelid": 3186084, "label": "Berat"}]