[{"country": "Netherlands", "subcountry": "Overijssel", "geolabelid": 2743477, "label": "Zwolle"}, {"country": "Netherlands", "subcountry": "South Holland", "geolabelid": 2743493, "label": "Zwijndrecht"}, {"country": "Netherlands", "subcountry": "Gelderland", "geolabelid": 2743608, "label": "Zutphen"}, {"country": "Netherlands", "subcountry": "North Brabant", "geolabelid": 2743619, "label": "Zundert"}, {"country": "Netherlands", "subcountry": "South Holland", "geolabelid": 2743856, "label": "Zoetermeer"}, {"country": "Netherlands", "subcountry": "Gelderland", "geolabelid": 2743949, "label": "Zevenaar"}, {"country": "Netherlands", "subcountry": "Utrecht", "geolabelid": 2743977, "label": "Zeist"}, {"country": "Netherlands", "subcountry": "Flevoland", "geolabelid": 2743997, "label": "Zeewolde"}, {"country": "Netherlands", "subcountry": "North Holland", "geolabelid": 2744042, "label": "Zandvoort"}, {"country": "Netherlands", "subcountry": "Gelderland", "geolabelid": 2744102, "label": "Zaltbommel"}, {"country": "Netherlands", "subcountry": "North Holland", "geolabelid": 2744114, "label": "Zaanstad"}, {"country": "Netherlands", "subcountry": "North Holland", "geolabelid": 2744118, "label": "Zaandam"}, {"country": "Netherlands", "subcountry": "Friesland", "geolabelid": 2744194, "label": "Wolvega"}, {"country": "Netherlands", "subcountry": "Utrecht", "geolabelid": 2744248, "label": "Woerden"}, {"country": "Netherlands", "subcountry": "North Brabant", "geolabelid": 2744257, "label": "Woensdrecht"}, {"country": "Netherlands", "subcountry": "Gelderland", "geolabelid": 2744324, "label": "Wisch"}, {"country": "Netherlands", "subcountry": "Gelderland", "geolabelid": 2744332, "label": "Winterswijk"}, {"country": "Netherlands", "subcountry": "Groningen", "geolabelid": 2744344, "label": "Winschoten"}, {"country": "Netherlands", "subcountry": "Utrecht", "geolabelid": 2744483, "label": "Wijk bij Duurstede"}, {"country": "Netherlands", "subcountry": "Gelderland", "geolabelid": 2744514, "label": "Wijchen"}, {"country": "Netherlands", "subcountry": "Overijssel", "geolabelid": 2744549, "label": "Wierden"}, {"country": "Netherlands", "subcountry": "Gelderland", "geolabelid": 2744675, "label": "Westervoort"}, {"country": "Netherlands", "subcountry": "North Brabant", "geolabelid": 2744827, "label": "Werkendam"}, {"country": "Netherlands", "subcountry": "North Holland", "geolabelid": 2744904, "label": "Weesp"}, {"country": "Netherlands", "subcountry": "Limburg", "geolabelid": 2744911, "label": "Weert"}, {"country": "Netherlands", "subcountry": "South Holland", "geolabelid": 2744991, "label": "Wassenaar"}, {"country": "Netherlands", "subcountry": "Gelderland", "geolabelid": 2745088, "label": "Wageningen"}, {"country": "Netherlands", "subcountry": "South Holland", "geolabelid": 2745096, "label": "Waddinxveen"}, {"country": "Netherlands", "subcountry": "North Brabant", "geolabelid": 2745123, "label": "Waalwijk"}, {"country": "Netherlands", "subcountry": "North Brabant", "geolabelid": 2745127, "label": "Waalre"}, {"country": "Netherlands", "subcountry": "North Brabant", "geolabelid": 2745154, "label": "Vught"}, {"country": "Netherlands", "subcountry": "Gelderland", "geolabelid": 2745297, "label": "Voorst"}, {"country": "Netherlands", "subcountry": "South Holland", "geolabelid": 2745301, "label": "Voorschoten"}, {"country": "Netherlands", "subcountry": "South Holland", "geolabelid": 2745311, "label": "Voorhout"}, {"country": "Netherlands", "subcountry": "South Holland", "geolabelid": 2745321, "label": "Voorburg"}, {"country": "Netherlands", "subcountry": "North Holland", "geolabelid": 2745340, "label": "Volendam"}, {"country": "Netherlands", "subcountry": "Zeeland", "geolabelid": 2745392, "label": "Vlissingen"}, {"country": "Netherlands", "subcountry": "Groningen", "geolabelid": 2745461, "label": "Vlagtwedde"}, {"country": "Netherlands", "subcountry": "South Holland", "geolabelid": 2745467, "label": "Vlaardingen"}, {"country": "Netherlands", "subcountry": "Utrecht", "geolabelid": 2745580, "label": "Vianen"}, {"country": "Netherlands", "subcountry": "Limburg", "geolabelid": 2745634, "label": "Venray"}, {"country": "Netherlands", "subcountry": "Limburg", "geolabelid": 2745641, "label": "Venlo"}, {"country": "Netherlands", "subcountry": "North Holland", "geolabelid": 2745673, "label": "Velsen-Zuid"}, {"country": "Netherlands", "subcountry": "Gelderland", "geolabelid": 2745677, "label": "Velp"}, {"country": "Netherlands", "subcountry": "North Brabant", "geolabelid": 2745706, "label": "Veldhoven"}, {"country": "Netherlands", "subcountry": "North Brabant", "geolabelid": 2745726, "label": "Veghel"}, {"country": "Netherlands", "subcountry": "Zeeland", "geolabelid": 2745739, "label": "Veere"}, {"country": "Netherlands", "subcountry": "Utrecht", "geolabelid": 2745774, "label": "Veenendaal"}, {"country": "Netherlands", "subcountry": "Groningen", "geolabelid": 2745783, "label": "Veendam"}, {"country": "Netherlands", "subcountry": "North Brabant", "geolabelid": 2745860, "label": "Valkenswaard"}, {"country": "Netherlands", "subcountry": "Utrecht", "geolabelid": 2745912, "label": "Utrecht"}, {"country": "Netherlands", "subcountry": "Flevoland", "geolabelid": 2745932, "label": "Urk"}, {"country": "Netherlands", "subcountry": "North Holland", "geolabelid": 2745973, "label": "Uithoorn"}, {"country": "Netherlands", "subcountry": "North Brabant", "geolabelid": 2746005, "label": "Uden"}, {"country": "Netherlands", "subcountry": "Overijssel", "geolabelid": 2746133, "label": "Tubbergen"}, {"country": "Netherlands", "subcountry": "North Brabant", "geolabelid": 2746215, "label": "Tongelre"}, {"country": "Netherlands", "subcountry": "North Brabant", "geolabelid": 2746301, "label": "Tilburg"}, {"country": "Netherlands", "subcountry": "Gelderland", "geolabelid": 2746331, "label": "Tiel"}, {"country": "Netherlands", "subcountry": "Zeeland", "geolabelid": 2746420, "label": "Terneuzen"}, {"country": "Netherlands", "subcountry": "Limburg", "geolabelid": 2746504, "label": "Tegelen"}, {"country": "Netherlands", "subcountry": "Overijssel", "geolabelid": 2746766, "label": "Steenwijk"}, {"country": "Netherlands", "subcountry": "North Brabant", "geolabelid": 2746804, "label": "Steenbergen"}, {"country": "Netherlands", "subcountry": "Overijssel", "geolabelid": 2746839, "label": "Staphorst"}, {"country": "Netherlands", "subcountry": "Groningen", "geolabelid": 2746860, "label": "Stadskanaal"}, {"country": "Netherlands", "subcountry": "South Holland", "geolabelid": 2746932, "label": "Spijkenisse"}, {"country": "Netherlands", "subcountry": "North Brabant", "geolabelid": 2747021, "label": "Someren"}, {"country": "Netherlands", "subcountry": "Utrecht", "geolabelid": 2747034, "label": "Soest"}, {"country": "Netherlands", "subcountry": "Friesland", "geolabelid": 2747063, "label": "Sneek"}, {"country": "Netherlands", "subcountry": "South Holland", "geolabelid": 2747169, "label": "Sliedrecht"}, {"country": "Netherlands", "subcountry": "Limburg", "geolabelid": 2747203, "label": "Sittard"}, {"country": "Netherlands", "subcountry": "North Brabant", "geolabelid": 2747227, "label": "Sint-Oedenrode"}, {"country": "Netherlands", "subcountry": "North Brabant", "geolabelid": 2747351, "label": "'s-Hertogenbosch"}, {"country": "Netherlands", "subcountry": "South Holland", "geolabelid": 2747364, "label": "'s-Gravenzande"}, {"country": "Netherlands", "subcountry": "South Holland", "geolabelid": 2747373, "label": "The Hague"}, {"country": "Netherlands", "subcountry": "North Brabant", "geolabelid": 2747584, "label": "Schijndel"}, {"country": "Netherlands", "subcountry": "South Holland", "geolabelid": 2747596, "label": "Schiedam"}, {"country": "Netherlands", "subcountry": "South Holland", "geolabelid": 2747599, "label": "Scheveningen"}, {"country": "Netherlands", "subcountry": "North Holland", "geolabelid": 2747720, "label": "Schagen"}, {"country": "Netherlands", "subcountry": "North Brabant", "geolabelid": 2747858, "label": "Rucphen"}, {"country": "Netherlands", "subcountry": "South Holland", "geolabelid": 2747891, "label": "Rotterdam"}, {"country": "Netherlands", "subcountry": "North Brabant", "geolabelid": 2747930, "label": "Roosendaal"}, {"country": "Netherlands", "subcountry": "Limburg", "geolabelid": 2748000, "label": "Roermond"}, {"country": "Netherlands", "subcountry": "South Holland", "geolabelid": 2748076, "label": "Rijswijk"}, {"country": "Netherlands", "subcountry": "South Holland", "geolabelid": 2748172, "label": "Ridderkerk"}, {"country": "Netherlands", "subcountry": "South Holland", "geolabelid": 2748178, "label": "Rhoon"}, {"country": "Netherlands", "subcountry": "Utrecht", "geolabelid": 2748185, "label": "Rhenen"}, {"country": "Netherlands", "subcountry": "Overijssel", "geolabelid": 2748371, "label": "Raalte"}, {"country": "Netherlands", "subcountry": "Gelderland", "geolabelid": 2748392, "label": "Putten"}, {"country": "Netherlands", "subcountry": "North Holland", "geolabelid": 2748413, "label": "Purmerend"}, {"country": "Netherlands", "subcountry": "South Holland", "geolabelid": 2748591, "label": "Pijnacker"}, {"country": "Netherlands", "subcountry": "South Holland", "geolabelid": 2748729, "label": "Papendrecht"}, {"country": "Netherlands", "subcountry": "South Holland", "geolabelid": 2749182, "label": "Oud-Beijerland"}, {"country": "Netherlands", "subcountry": "North Brabant", "geolabelid": 2749234, "label": "Oss"}, {"country": "Netherlands", "subcountry": "North Brabant", "geolabelid": 2749450, "label": "Oosterhout"}, {"country": "Netherlands", "subcountry": "Overijssel", "geolabelid": 2749644, "label": "Oldenzaal"}, {"country": "Netherlands", "subcountry": "Gelderland", "geolabelid": 2749668, "label": "Oldebroek"}, {"country": "Netherlands", "subcountry": "North Brabant", "geolabelid": 2749680, "label": "Oisterwijk"}, {"country": "Netherlands", "subcountry": "South Holland", "geolabelid": 2749723, "label": "Oegstgeest"}, {"country": "Netherlands", "subcountry": "Limburg", "geolabelid": 2749753, "label": "Nuth"}, {"country": "Netherlands", "subcountry": "Gelderland", "geolabelid": 2749756, "label": "Nunspeet"}, {"country": "Netherlands", "subcountry": "North Brabant", "geolabelid": 2749780, "label": "Nuenen"}, {"country": "Netherlands", "subcountry": "South Holland", "geolabelid": 2749811, "label": "Noordwijkerhout"}, {"country": "Netherlands", "subcountry": "South Holland", "geolabelid": 2749812, "label": "Noordwijk-Binnen"}, {"country": "Netherlands", "subcountry": "Gelderland", "geolabelid": 2750053, "label": "Nijmegen"}, {"country": "Netherlands", "subcountry": "Gelderland", "geolabelid": 2750065, "label": "Nijkerk"}, {"country": "Netherlands", "subcountry": "Utrecht", "geolabelid": 2750325, "label": "Nieuwegein"}, {"country": "Netherlands", "subcountry": "Limburg", "geolabelid": 2750467, "label": "Nederweert"}, {"country": "Netherlands", "subcountry": "North Holland", "geolabelid": 2750521, "label": "Naarden"}, {"country": "Netherlands", "subcountry": "South Holland", "geolabelid": 2750523, "label": "Naaldwijk"}, {"country": "Netherlands", "subcountry": "Utrecht", "geolabelid": 2750815, "label": "Mijdrecht"}, {"country": "Netherlands", "subcountry": "South Holland", "geolabelid": 2750884, "label": "Middelharnis"}, {"country": "Netherlands", "subcountry": "Zeeland", "geolabelid": 2750896, "label": "Middelburg"}, {"country": "Netherlands", "subcountry": "Drenthe", "geolabelid": 2750947, "label": "Meppel"}, {"country": "Netherlands", "subcountry": "Limburg", "geolabelid": 2751037, "label": "Meerssen"}, {"country": "Netherlands", "subcountry": "North Holland", "geolabelid": 2751073, "label": "Medemblik"}, {"country": "Netherlands", "subcountry": "Limburg", "geolabelid": 2751283, "label": "Maastricht"}, {"country": "Netherlands", "subcountry": "South Holland", "geolabelid": 2751285, "label": "Maassluis"}, {"country": "Netherlands", "subcountry": "Utrecht", "geolabelid": 2751316, "label": "Maarssen"}, {"country": "Netherlands", "subcountry": "Overijssel", "geolabelid": 2751424, "label": "Losser"}, {"country": "Netherlands", "subcountry": "North Brabant", "geolabelid": 2751456, "label": "Loon op Zand"}, {"country": "Netherlands", "subcountry": "South Holland", "geolabelid": 2751547, "label": "Lisse"}, {"country": "Netherlands", "subcountry": "Gelderland", "geolabelid": 2751582, "label": "Lindenholt"}, {"country": "Netherlands", "subcountry": "Gelderland", "geolabelid": 2751651, "label": "Lichtenvoorde"}, {"country": "Netherlands", "subcountry": "Utrecht", "geolabelid": 2751687, "label": "Leusden"}, {"country": "Netherlands", "subcountry": "Flevoland", "geolabelid": 2751738, "label": "Lelystad"}, {"country": "Netherlands", "subcountry": "South Holland", "geolabelid": 2751771, "label": "Leiderdorp"}, {"country": "Netherlands", "subcountry": "South Holland", "geolabelid": 2751773, "label": "Leiden"}, {"country": "Netherlands", "subcountry": "Friesland", "geolabelid": 2751792, "label": "Leeuwarden"}, {"country": "Netherlands", "subcountry": "South Holland", "geolabelid": 2751808, "label": "Leerdam"}, {"country": "Netherlands", "subcountry": "Groningen", "geolabelid": 2751834, "label": "Leek"}, {"country": "Netherlands", "subcountry": "South Holland", "geolabelid": 2752264, "label": "Krimpen aan den IJssel"}, {"country": "Netherlands", "subcountry": "Groningen", "geolabelid": 2752420, "label": "Korrewegwijk"}, {"country": "Netherlands", "subcountry": "Limburg", "geolabelid": 2752923, "label": "Kerkrade"}, {"country": "Netherlands", "subcountry": "South Holland", "geolabelid": 2753010, "label": "Katwijk aan Zee"}, {"country": "Netherlands", "subcountry": "Overijssel", "geolabelid": 2753106, "label": "Kampen"}, {"country": "Netherlands", "subcountry": "Utrecht", "geolabelid": 2753355, "label": "IJsselstein"}, {"country": "Netherlands", "subcountry": "North Holland", "geolabelid": 2753468, "label": "Huizen"}, {"country": "Netherlands", "subcountry": "Utrecht", "geolabelid": 2753557, "label": "Houten"}, {"country": "Netherlands", "subcountry": "Gelderland", "geolabelid": 2753587, "label": "Horst"}, {"country": "Netherlands", "subcountry": "North Holland", "geolabelid": 2753638, "label": "Hoorn"}, {"country": "Netherlands", "subcountry": "Groningen", "geolabelid": 2753706, "label": "Hoogezand"}, {"country": "Netherlands", "subcountry": "Drenthe", "geolabelid": 2753719, "label": "Hoogeveen"}, {"country": "Netherlands", "subcountry": "North Holland", "geolabelid": 2753801, "label": "Hoofddorp"}, {"country": "Netherlands", "subcountry": "North Brabant", "geolabelid": 2753955, "label": "Hoge Vucht"}, {"country": "Netherlands", "subcountry": "Limburg", "geolabelid": 2753996, "label": "Hoensbroek"}, {"country": "Netherlands", "subcountry": "North Holland", "geolabelid": 2754064, "label": "Hilversum"}, {"country": "Netherlands", "subcountry": "North Brabant", "geolabelid": 2754066, "label": "Hilvarenbeek"}, {"country": "Netherlands", "subcountry": "South Holland", "geolabelid": 2754073, "label": "Hillegom"}, {"country": "Netherlands", "subcountry": "North Brabant", "geolabelid": 2754135, "label": "Heusden"}, {"country": "Netherlands", "subcountry": "Overijssel", "geolabelid": 2754394, "label": "Hengelo"}, {"country": "Netherlands", "subcountry": "South Holland", "geolabelid": 2754408, "label": "Hendrik-Ido-Ambacht"}, {"country": "Netherlands", "subcountry": "North Brabant", "geolabelid": 2754447, "label": "Helmond"}, {"country": "Netherlands", "subcountry": "South Holland", "geolabelid": 2754454, "label": "Hellevoetsluis"}, {"country": "Netherlands", "subcountry": "North Holland", "geolabelid": 2754516, "label": "Heiloo"}, {"country": "Netherlands", "subcountry": "North Brabant", "geolabelid": 2754635, "label": "Heesch"}, {"country": "Netherlands", "subcountry": "Limburg", "geolabelid": 2754652, "label": "Heerlen"}, {"country": "Netherlands", "subcountry": "North Holland", "geolabelid": 2754659, "label": "Heerhugowaard"}, {"country": "Netherlands", "subcountry": "Friesland", "geolabelid": 2754669, "label": "Heerenveen"}, {"country": "Netherlands", "subcountry": "Gelderland", "geolabelid": 2754681, "label": "Heerde"}, {"country": "Netherlands", "subcountry": "North Holland", "geolabelid": 2754692, "label": "Heemstede"}, {"country": "Netherlands", "subcountry": "North Holland", "geolabelid": 2754697, "label": "Heemskerk"}, {"country": "Netherlands", "subcountry": "Friesland", "geolabelid": 2754817, "label": "Harlingen"}, {"country": "Netherlands", "subcountry": "North Holland", "geolabelid": 2754837, "label": "Harenkarspel"}, {"country": "Netherlands", "subcountry": "Groningen", "geolabelid": 2754841, "label": "Haren"}, {"country": "Netherlands", "subcountry": "Gelderland", "geolabelid": 2754848, "label": "Harderwijk"}, {"country": "Netherlands", "subcountry": "Overijssel", "geolabelid": 2754861, "label": "Hardenberg"}, {"country": "Netherlands", "subcountry": "North Holland", "geolabelid": 2755003, "label": "Haarlem"}, {"country": "Netherlands", "subcountry": "Overijssel", "geolabelid": 2755030, "label": "Haaksbergen"}, {"country": "Netherlands", "subcountry": "Groningen", "geolabelid": 2755251, "label": "Groningen"}, {"country": "Netherlands", "subcountry": "Gelderland", "geolabelid": 2755272, "label": "Groesbeek"}, {"country": "Netherlands", "subcountry": "South Holland", "geolabelid": 2755420, "label": "Gouda"}, {"country": "Netherlands", "subcountry": "South Holland", "geolabelid": 2755434, "label": "Gorinchem"}, {"country": "Netherlands", "subcountry": "North Brabant", "geolabelid": 2755464, "label": "Goirle"}, {"country": "Netherlands", "subcountry": "Zeeland", "geolabelid": 2755476, "label": "Goes"}, {"country": "Netherlands", "subcountry": "Limburg", "geolabelid": 2755584, "label": "Gennep"}, {"country": "Netherlands", "subcountry": "Gelderland", "geolabelid": 2755599, "label": "Gendringen"}, {"country": "Netherlands", "subcountry": "North Brabant", "geolabelid": 2755619, "label": "Geldrop"}, {"country": "Netherlands", "subcountry": "Gelderland", "geolabelid": 2755633, "label": "Geldermalsen"}, {"country": "Netherlands", "subcountry": "North Brabant", "geolabelid": 2755669, "label": "Geertruidenberg"}, {"country": "Netherlands", "subcountry": "Gelderland", "geolabelid": 2756039, "label": "Ermelo"}, {"country": "Netherlands", "subcountry": "Gelderland", "geolabelid": 2756059, "label": "Epe"}, {"country": "Netherlands", "subcountry": "Overijssel", "geolabelid": 2756071, "label": "Enschede"}, {"country": "Netherlands", "subcountry": "North Holland", "geolabelid": 2756077, "label": "Enkhuizen"}, {"country": "Netherlands", "subcountry": "Drenthe", "geolabelid": 2756136, "label": "Emmen"}, {"country": "Netherlands", "subcountry": "Flevoland", "geolabelid": 2756139, "label": "Emmeloord"}, {"country": "Netherlands", "subcountry": "Gelderland", "geolabelid": 2756161, "label": "Elst"}, {"country": "Netherlands", "subcountry": "Gelderland", "geolabelid": 2756232, "label": "Elburg"}, {"country": "Netherlands", "subcountry": "North Brabant", "geolabelid": 2756253, "label": "Eindhoven"}, {"country": "Netherlands", "subcountry": "Gelderland", "geolabelid": 2756295, "label": "Eibergen"}, {"country": "Netherlands", "subcountry": "North Brabant", "geolabelid": 2756342, "label": "Eersel"}, {"country": "Netherlands", "subcountry": "Gelderland", "geolabelid": 2756429, "label": "Ede"}, {"country": "Netherlands", "subcountry": "Gelderland", "geolabelid": 2756507, "label": "Duiven"}, {"country": "Netherlands", "subcountry": "Gelderland", "geolabelid": 2756539, "label": "Druten"}, {"country": "Netherlands", "subcountry": "Flevoland", "geolabelid": 2756559, "label": "Dronten"}, {"country": "Netherlands", "subcountry": "North Brabant", "geolabelid": 2756569, "label": "Drimmelen"}, {"country": "Netherlands", "subcountry": "Utrecht", "geolabelid": 2756619, "label": "Driebergen-Rijsenburg"}, {"country": "Netherlands", "subcountry": "Friesland", "geolabelid": 2756644, "label": "Drachten"}, {"country": "Netherlands", "subcountry": "South Holland", "geolabelid": 2756669, "label": "Dordrecht"}, {"country": "Netherlands", "subcountry": "North Brabant", "geolabelid": 2756723, "label": "Dongen"}, {"country": "Netherlands", "subcountry": "Gelderland", "geolabelid": 2756767, "label": "Doetinchem"}, {"country": "Netherlands", "subcountry": "North Holland", "geolabelid": 2756888, "label": "Diemen"}, {"country": "Netherlands", "subcountry": "Overijssel", "geolabelid": 2756987, "label": "Deventer"}, {"country": "Netherlands", "subcountry": "North Holland", "geolabelid": 2757220, "label": "Den Helder"}, {"country": "Netherlands", "subcountry": "Groningen", "geolabelid": 2757340, "label": "Delfzijl"}, {"country": "Netherlands", "subcountry": "South Holland", "geolabelid": 2757345, "label": "Delft"}, {"country": "Netherlands", "subcountry": "South Holland", "geolabelid": 2757347, "label": "Delfshaven"}, {"country": "Netherlands", "subcountry": "Utrecht", "geolabelid": 2757783, "label": "De Bilt"}, {"country": "Netherlands", "subcountry": "Overijssel", "geolabelid": 2757850, "label": "Dalfsen"}, {"country": "Netherlands", "subcountry": "Gelderland", "geolabelid": 2757872, "label": "Culemborg"}, {"country": "Netherlands", "subcountry": "North Brabant", "geolabelid": 2757874, "label": "Cuijk"}, {"country": "Netherlands", "subcountry": "North Brabant", "geolabelid": 2757890, "label": "Cranendonck"}, {"country": "Netherlands", "subcountry": "North Holland", "geolabelid": 2757991, "label": "Castricum"}, {"country": "Netherlands", "subcountry": "South Holland", "geolabelid": 2758012, "label": "Capelle aan den IJssel"}, {"country": "Netherlands", "subcountry": "North Holland", "geolabelid": 2758064, "label": "Bussum"}, {"country": "Netherlands", "subcountry": "Utrecht", "geolabelid": 2758104, "label": "Bunschoten"}, {"country": "Netherlands", "subcountry": "Limburg", "geolabelid": 2758174, "label": "Brunssum"}, {"country": "Netherlands", "subcountry": "Gelderland", "geolabelid": 2758177, "label": "Brummen"}, {"country": "Netherlands", "subcountry": "North Holland", "geolabelid": 2758245, "label": "Broek op Langedijk"}, {"country": "Netherlands", "subcountry": "North Holland", "geolabelid": 2758258, "label": "Broek in Waterland"}, {"country": "Netherlands", "subcountry": "North Brabant", "geolabelid": 2758401, "label": "Breda"}, {"country": "Netherlands", "subcountry": "North Brabant", "geolabelid": 2758460, "label": "Boxtel"}, {"country": "Netherlands", "subcountry": "South Holland", "geolabelid": 2758547, "label": "Boskoop"}, {"country": "Netherlands", "subcountry": "Zeeland", "geolabelid": 2758587, "label": "Borssele"}, {"country": "Netherlands", "subcountry": "Overijssel", "geolabelid": 2758598, "label": "Borne"}, {"country": "Netherlands", "subcountry": "Limburg", "geolabelid": 2758602, "label": "Born"}, {"country": "Netherlands", "subcountry": "Drenthe", "geolabelid": 2758621, "label": "Borger"}, {"country": "Netherlands", "subcountry": "South Holland", "geolabelid": 2758765, "label": "Bodegraven"}, {"country": "Netherlands", "subcountry": "North Holland", "geolabelid": 2758804, "label": "Bloemendaal"}, {"country": "Netherlands", "subcountry": "North Brabant", "geolabelid": 2758878, "label": "Bladel"}, {"country": "Netherlands", "subcountry": "North Holland", "geolabelid": 2758998, "label": "Beverwijk"}, {"country": "Netherlands", "subcountry": "Gelderland", "geolabelid": 2759016, "label": "Beuningen"}, {"country": "Netherlands", "subcountry": "North Brabant", "geolabelid": 2759040, "label": "Best"}, {"country": "Netherlands", "subcountry": "South Holland", "geolabelid": 2759113, "label": "Bergschenhoek"}, {"country": "Netherlands", "subcountry": "North Brabant", "geolabelid": 2759132, "label": "Bergeijk"}, {"country": "Netherlands", "subcountry": "North Brabant", "geolabelid": 2759145, "label": "Bergen op Zoom"}, {"country": "Netherlands", "subcountry": "South Holland", "geolabelid": 2759178, "label": "Benthuizen"}, {"country": "Netherlands", "subcountry": "Limburg", "geolabelid": 2759350, "label": "Beek"}, {"country": "Netherlands", "subcountry": "Gelderland", "geolabelid": 2759407, "label": "Barneveld"}, {"country": "Netherlands", "subcountry": "South Holland", "geolabelid": 2759426, "label": "Barendrecht"}, {"country": "Netherlands", "subcountry": "Utrecht", "geolabelid": 2759544, "label": "Baarn"}, {"country": "Netherlands", "subcountry": "North Brabant", "geolabelid": 2759621, "label": "Asten"}, {"country": "Netherlands", "subcountry": "Drenthe", "geolabelid": 2759633, "label": "Assen"}, {"country": "Netherlands", "subcountry": "Gelderland", "geolabelid": 2759661, "label": "Arnhem"}, {"country": "Netherlands", "subcountry": "Gelderland", "geolabelid": 2759706, "label": "Apeldoorn"}, {"country": "Netherlands", "subcountry": "Drenthe", "geolabelid": 2759746, "label": "Anloo"}, {"country": "Netherlands", "subcountry": "North Holland", "geolabelid": 2759794, "label": "Amsterdam"}, {"country": "Netherlands", "subcountry": "North Holland", "geolabelid": 2759798, "label": "Amstelveen"}, {"country": "Netherlands", "subcountry": "Utrecht", "geolabelid": 2759821, "label": "Amersfoort"}, {"country": "Netherlands", "subcountry": "South Holland", "geolabelid": 2759875, "label": "Alphen aan den Rijn"}, {"country": "Netherlands", "subcountry": "Flevoland", "geolabelid": 2759879, "label": "Almere Stad"}, {"country": "Netherlands", "subcountry": "Overijssel", "geolabelid": 2759887, "label": "Almelo"}, {"country": "Netherlands", "subcountry": "North Holland", "geolabelid": 2759899, "label": "Alkmaar"}, {"country": "Netherlands", "subcountry": "South Holland", "geolabelid": 2759915, "label": "Alblasserdam"}, {"country": "Netherlands", "subcountry": "Gelderland", "geolabelid": 2760123, "label": "Aalten"}, {"country": "Netherlands", "subcountry": "North Holland", "geolabelid": 2760134, "label": "Aalsmeer"}, {"country": "Netherlands", "subcountry": "North Holland", "geolabelid": 6544881, "label": "Amsterdam-Zuidoost"}, {"country": "Netherlands", "subcountry": "South Holland", "geolabelid": 6929992, "label": "Berkel en Rodenrijs"}, {"country": "Netherlands", "subcountry": "South Holland", "geolabelid": 6941548, "label": "Ypenburg"}]