[{"country": "China", "subcountry": "Tibet Autonomous Region", "geolabelid": 1279715, "label": "Rikaze"}, {"country": "China", "subcountry": "Gansu Sheng", "geolabelid": 1279945, "label": "Jiuquan"}, {"country": "China", "subcountry": "Xinjiang Uygur Zizhiqu", "geolabelid": 1280037, "label": "Shache"}, {"country": "China", "subcountry": "Tibet Autonomous Region", "geolabelid": 1280281, "label": "Qamdo"}, {"country": "China", "subcountry": "Tibet Autonomous Region", "geolabelid": 1280517, "label": "Nagqu"}, {"country": "China", "subcountry": "Tibet Autonomous Region", "geolabelid": 1280737, "label": "Lhasa"}, {"country": "China", "subcountry": "Gansu Sheng", "geolabelid": 1280757, "label": "Laojunmiao"}, {"country": "China", "subcountry": "Xinjiang Uygur Zizhiqu", "geolabelid": 1280849, "label": "Kashgar"}, {"country": "China", "subcountry": "Gansu Sheng", "geolabelid": 1280957, "label": "Jiayuguan"}, {"country": "China", "subcountry": "Xinjiang Uygur Zizhiqu", "geolabelid": 1281019, "label": "Hotan"}, {"country": "China", "subcountry": "Tibet Autonomous Region", "geolabelid": 1281368, "label": "D\u00eaq\u00ean"}, {"country": "China", "subcountry": "Xinjiang Uygur Zizhiqu", "geolabelid": 1529102, "label": "\u00dcr\u00fcmqi"}, {"country": "China", "subcountry": "Xinjiang Uygur Zizhiqu", "geolabelid": 1529114, "label": "Laochenglu"}, {"country": "China", "subcountry": "Xinjiang Uygur Zizhiqu", "geolabelid": 1529195, "label": "Shihezi"}, {"country": "China", "subcountry": "Xinjiang Uygur Zizhiqu", "geolabelid": 1529363, "label": "Kuche"}, {"country": "China", "subcountry": "Xinjiang Uygur Zizhiqu", "geolabelid": 1529376, "label": "Sayibage"}, {"country": "China", "subcountry": "Xinjiang Uygur Zizhiqu", "geolabelid": 1529452, "label": "Hoxtolgay"}, {"country": "China", "subcountry": "Xinjiang Uygur Zizhiqu", "geolabelid": 1529484, "label": "Hami"}, {"country": "China", "subcountry": "Xinjiang Uygur Zizhiqu", "geolabelid": 1529569, "label": "Changji"}, {"country": "China", "subcountry": "Xinjiang Uygur Zizhiqu", "geolabelid": 1529626, "label": "Baijiantan"}, {"country": "China", "subcountry": "Xinjiang Uygur Zizhiqu", "geolabelid": 1529641, "label": "Aral"}, {"country": "China", "subcountry": "Xinjiang Uygur Zizhiqu", "geolabelid": 1529651, "label": "Altay"}, {"country": "China", "subcountry": "Xinjiang Uygur Zizhiqu", "geolabelid": 1529660, "label": "Yingbazha"}, {"country": "China", "subcountry": "Guizhou Sheng", "geolabelid": 1783621, "label": "Zunyi"}, {"country": "China", "subcountry": "Shandong Sheng", "geolabelid": 1783633, "label": "Zoucheng"}, {"country": "China", "subcountry": "Sichuan", "geolabelid": 1783683, "label": "Yanjiang"}, {"country": "China", "subcountry": "Sichuan", "geolabelid": 1783745, "label": "Zigong"}, {"country": "China", "subcountry": "Hunan", "geolabelid": 1783763, "label": "Zhuzhou"}, {"country": "China", "subcountry": "Henan Sheng", "geolabelid": 1783873, "label": "Zhumadian"}, {"country": "China", "subcountry": "Shanghai Shi", "geolabelid": 1783920, "label": "Zhujiajiao"}, {"country": "China", "subcountry": "Henan Sheng", "geolabelid": 1783934, "label": "Shangqiu"}, {"country": "China", "subcountry": "Zhejiang Sheng", "geolabelid": 1783940, "label": "Zhuji"}, {"country": "China", "subcountry": "Shandong Sheng", "geolabelid": 1783988, "label": "Mizhou"}, {"country": "China", "subcountry": "Liaoning", "geolabelid": 1784055, "label": "Zhuanghe"}, {"country": "China", "subcountry": "Jiangsu", "geolabelid": 1784074, "label": "Zhouzhuang"}, {"country": "China", "subcountry": "Henan Sheng", "geolabelid": 1784130, "label": "Zhoukou"}, {"country": "China", "subcountry": "Shandong Sheng", "geolabelid": 1784178, "label": "Zhoucun"}, {"country": "China", "subcountry": "Yunnan", "geolabelid": 1784185, "label": "Yuxi"}, {"country": "China", "subcountry": "Jiangsu", "geolabelid": 1784253, "label": "Zhongxing"}, {"country": "China", "subcountry": "Yunnan", "geolabelid": 1784310, "label": "Zhongshu"}, {"country": "China", "subcountry": "Zhejiang Sheng", "geolabelid": 1784553, "label": "Zhicheng"}, {"country": "China", "subcountry": "Hubei", "geolabelid": 1784554, "label": "Zhicheng"}, {"country": "China", "subcountry": "Jiangsu", "geolabelid": 1784580, "label": "Zhenzhou"}, {"country": "China", "subcountry": "Jiangsu", "geolabelid": 1784642, "label": "Zhenjiang"}, {"country": "China", "subcountry": "Zhejiang Sheng", "geolabelid": 1784647, "label": "Zhaobaoshan"}, {"country": "China", "subcountry": "Henan Sheng", "geolabelid": 1784658, "label": "Zhengzhou"}, {"country": "China", "subcountry": "Jiangsu", "geolabelid": 1784820, "label": "Xinghua"}, {"country": "China", "subcountry": "Yunnan", "geolabelid": 1784841, "label": "Zhaotong"}, {"country": "China", "subcountry": "Guangdong", "geolabelid": 1784853, "label": "Zhaoqing"}, {"country": "China", "subcountry": "Hebei", "geolabelid": 1784929, "label": "Zhaogezhuang"}, {"country": "China", "subcountry": "Shandong Sheng", "geolabelid": 1784953, "label": "Luofeng"}, {"country": "China", "subcountry": "Guangdong", "geolabelid": 1784990, "label": "Zhanjiang"}, {"country": "China", "subcountry": "Fujian", "geolabelid": 1785018, "label": "Zhangzhou"}, {"country": "China", "subcountry": "Gansu Sheng", "geolabelid": 1785036, "label": "Zhangye"}, {"country": "China", "subcountry": "Shandong Sheng", "geolabelid": 1785286, "label": "Zibo"}, {"country": "China", "subcountry": "Henan Sheng", "geolabelid": 1785294, "label": "Anyang"}, {"country": "China", "subcountry": "Shandong Sheng", "geolabelid": 1785453, "label": "Zaozhuang"}, {"country": "China", "subcountry": "Hubei", "geolabelid": 1785462, "label": "Zaoyang"}, {"country": "China", "subcountry": "Zhejiang Sheng", "geolabelid": 1785545, "label": "Yuyao"}, {"country": "China", "subcountry": "Henan Sheng", "geolabelid": 1785566, "label": "Yingchuan"}, {"country": "China", "subcountry": "Shaanxi", "geolabelid": 1785572, "label": "Yuxia"}, {"country": "China", "subcountry": "Jiangsu", "geolabelid": 1785623, "label": "Kunshan"}, {"country": "China", "subcountry": "Henan Sheng", "geolabelid": 1785655, "label": "Yunyang"}, {"country": "China", "subcountry": "Hubei", "geolabelid": 1785698, "label": "Yunmeng Chengguanzhen"}, {"country": "China", "subcountry": "Yunnan", "geolabelid": 1785710, "label": "Jinghong"}, {"country": "China", "subcountry": "Jiangsu", "geolabelid": 1785716, "label": "Pizhou"}, {"country": "China", "subcountry": "Guangdong", "geolabelid": 1785725, "label": "Yunfu"}, {"country": "China", "subcountry": "Shanxi Sheng", "geolabelid": 1785738, "label": "Yuncheng"}, {"country": "China", "subcountry": "Shaanxi", "geolabelid": 1785777, "label": "Yulin"}, {"country": "China", "subcountry": "Guangxi Zhuangzu Zizhiqu", "geolabelid": 1785781, "label": "Yulin"}, {"country": "China", "subcountry": "Chongqing Shi", "geolabelid": 1785964, "label": "Yudong"}, {"country": "China", "subcountry": "Shanxi Sheng", "geolabelid": 1785974, "label": "Yuci"}, {"country": "China", "subcountry": "Shandong Sheng", "geolabelid": 1785980, "label": "Yucheng"}, {"country": "China", "subcountry": "Shanxi Sheng", "geolabelid": 1786060, "label": "Yuanping"}, {"country": "China", "subcountry": "Hubei", "geolabelid": 1786067, "label": "Qianjiang"}, {"country": "China", "subcountry": "Guangdong", "geolabelid": 1786112, "label": "Heyuan"}, {"country": "China", "subcountry": "Hunan", "geolabelid": 1786357, "label": "Yongfeng"}, {"country": "China", "subcountry": "Chongqing Shi", "geolabelid": 1786378, "label": "Yongchuan"}, {"country": "China", "subcountry": "Shandong Sheng", "geolabelid": 1786455, "label": "Yishui"}, {"country": "China", "subcountry": "Hubei", "geolabelid": 1786546, "label": "Zhongxiang"}, {"country": "China", "subcountry": "Anhui Sheng", "geolabelid": 1786587, "label": "Yingshang Chengguanzhen"}, {"country": "China", "subcountry": "Hubei", "geolabelid": 1786640, "label": "Chengzhong"}, {"country": "China", "subcountry": "Ningxia Huizu Zizhiqu", "geolabelid": 1786657, "label": "Yinchuan"}, {"country": "China", "subcountry": "Henan Sheng", "geolabelid": 1786676, "label": "Yima"}, {"country": "China", "subcountry": "Henan Sheng", "geolabelid": 1786720, "label": "Yigou"}, {"country": "China", "subcountry": "Shandong Sheng", "geolabelid": 1786731, "label": "Qingzhou"}, {"country": "China", "subcountry": "Jiangxi Sheng", "geolabelid": 1786746, "label": "Yichun"}, {"country": "China", "subcountry": "Hubei", "geolabelid": 1786759, "label": "Yicheng"}, {"country": "China", "subcountry": "Jiangsu", "geolabelid": 1786760, "label": "Yicheng"}, {"country": "China", "subcountry": "Hubei", "geolabelid": 1786764, "label": "Yichang"}, {"country": "China", "subcountry": "Sichuan", "geolabelid": 1786770, "label": "Yibin"}, {"country": "China", "subcountry": "Shandong Sheng", "geolabelid": 1786855, "label": "Yatou"}, {"country": "China", "subcountry": "Guangxi Zhuangzu Zizhiqu", "geolabelid": 1786867, "label": "Yashan"}, {"country": "China", "subcountry": "Shandong Sheng", "geolabelid": 1787031, "label": "Yanzhou"}, {"country": "China", "subcountry": "Shandong Sheng", "geolabelid": 1787093, "label": "Yantai"}, {"country": "China", "subcountry": "Shaanxi", "geolabelid": 1787144, "label": "Yanliang"}, {"country": "China", "subcountry": "Jiangsu", "geolabelid": 1787227, "label": "Yangzhou"}, {"country": "China", "subcountry": "Guangxi Zhuangzu Zizhiqu", "geolabelid": 1787323, "label": "Yangshuo"}, {"country": "China", "subcountry": "Jiangsu", "geolabelid": 1787331, "label": "Zhangjiagang"}, {"country": "China", "subcountry": "Shanxi Sheng", "geolabelid": 1787351, "label": "Yangquan"}, {"country": "China", "subcountry": "Tianjin Shi", "geolabelid": 1787437, "label": "Yangliuqing"}, {"country": "China", "subcountry": "Shandong Sheng", "geolabelid": 1787601, "label": "Yanggu"}, {"country": "China", "subcountry": "Tianjin Shi", "geolabelid": 1787646, "label": "Yangcun"}, {"country": "China", "subcountry": "Jiangsu", "geolabelid": 1787746, "label": "Yancheng"}, {"country": "China", "subcountry": "Jiangsu", "geolabelid": 1787824, "label": "Tongshan"}, {"country": "China", "subcountry": "Guangdong", "geolabelid": 1787837, "label": "Xucheng"}, {"country": "China", "subcountry": "Jiangxi Sheng", "geolabelid": 1787858, "label": "Shangrao"}, {"country": "China", "subcountry": "Sichuan", "geolabelid": 1787901, "label": "Xunchang"}, {"country": "China", "subcountry": "Henan Sheng", "geolabelid": 1788046, "label": "Jiangguanchi"}, {"country": "China", "subcountry": "Anhui Sheng", "geolabelid": 1788081, "label": "Xuanzhou"}, {"country": "China", "subcountry": "Henan Sheng", "geolabelid": 1788206, "label": "Xixiang"}, {"country": "China", "subcountry": "Hainan", "geolabelid": 1788245, "label": "Xiuying"}, {"country": "China", "subcountry": "Hubei", "geolabelid": 1788268, "label": "Xiulin"}, {"country": "China", "subcountry": "Guangdong", "geolabelid": 1788402, "label": "Xiongzhou"}, {"country": "China", "subcountry": "Jiangxi Sheng", "geolabelid": 1788406, "label": "Guixi"}, {"country": "China", "subcountry": "Shanxi Sheng", "geolabelid": 1788450, "label": "Xinzhou"}, {"country": "China", "subcountry": "Hubei", "geolabelid": 1788452, "label": "Xinzhou"}, {"country": "China", "subcountry": "Shanxi Sheng", "geolabelid": 1788462, "label": "Xinzhi"}, {"country": "China", "subcountry": "Jiangxi Sheng", "geolabelid": 1788508, "label": "Xinyu"}, {"country": "China", "subcountry": "Henan Sheng", "geolabelid": 1788522, "label": "Hancheng"}, {"country": "China", "subcountry": "Henan Sheng", "geolabelid": 1788534, "label": "Xinyang"}, {"country": "China", "subcountry": "Henan Sheng", "geolabelid": 1788572, "label": "Nangandao"}, {"country": "China", "subcountry": "Shandong Sheng", "geolabelid": 1788618, "label": "Xintai"}, {"country": "China", "subcountry": "Hubei", "geolabelid": 1788638, "label": "Xinshi"}, {"country": "China", "subcountry": "Jiangsu", "geolabelid": 1788694, "label": "Xinpu"}, {"country": "China", "subcountry": "Hebei", "geolabelid": 1788816, "label": "Xinji"}, {"country": "China", "subcountry": "Qinghai Sheng", "geolabelid": 1788852, "label": "Xining"}, {"country": "China", "subcountry": "Hunan", "geolabelid": 1788869, "label": "Shangmei"}, {"country": "China", "subcountry": "Hebei", "geolabelid": 1788927, "label": "Xingtai"}, {"country": "China", "subcountry": "Shaanxi", "geolabelid": 1789065, "label": "Ankang"}, {"country": "China", "subcountry": "Shandong Sheng", "geolabelid": 1789118, "label": "Xindian"}, {"country": "China", "subcountry": "Hubei", "geolabelid": 1789137, "label": "Xindi"}, {"country": "China", "subcountry": "Shandong Sheng", "geolabelid": 1789176, "label": "Feicheng"}, {"country": "China", "subcountry": "Guangdong", "geolabelid": 1789273, "label": "Sanshui"}, {"country": "China", "subcountry": "Fujian", "geolabelid": 1789289, "label": "Ximei"}, {"country": "China", "subcountry": "Henan Sheng", "geolabelid": 1789427, "label": "Wacheng"}, {"country": "China", "subcountry": "Hubei", "geolabelid": 1789462, "label": "Xihe"}, {"country": "China", "subcountry": "Sichuan", "geolabelid": 1789647, "label": "Xichang"}, {"country": "China", "subcountry": "Shandong Sheng", "geolabelid": 1789693, "label": "Xiazhuang"}, {"country": "China", "subcountry": "Shandong Sheng", "geolabelid": 1789703, "label": "Xiazhen"}, {"country": "China", "subcountry": "Zhejiang Sheng", "geolabelid": 1789799, "label": "Xiashi"}, {"country": "China", "subcountry": "Henan Sheng", "geolabelid": 1789897, "label": "Zijinglu"}, {"country": "China", "subcountry": "Guizhou Sheng", "geolabelid": 1789945, "label": "Xiaoweizhai"}, {"country": "China", "subcountry": "Zhejiang Sheng", "geolabelid": 1789998, "label": "Xiaoshan"}, {"country": "China", "subcountry": "Jiangsu", "geolabelid": 1790100, "label": "Xiaolingwei"}, {"country": "China", "subcountry": "Hubei", "geolabelid": 1790254, "label": "Xiaogan"}, {"country": "China", "subcountry": "Shaanxi", "geolabelid": 1790353, "label": "Xianyang"}, {"country": "China", "subcountry": "Hubei", "geolabelid": 1790371, "label": "Xiantao"}, {"country": "China", "subcountry": "Tianjin Shi", "geolabelid": 1790379, "label": "Xianshuigu"}, {"country": "China", "subcountry": "Jiangsu", "geolabelid": 1790392, "label": "Xiann\u00fc"}, {"country": "China", "subcountry": "Hubei", "geolabelid": 1790396, "label": "Xianning"}, {"country": "China", "subcountry": "Zhejiang Sheng", "geolabelid": 1790413, "label": "Xianju"}, {"country": "China", "subcountry": "Guangdong", "geolabelid": 1790437, "label": "Zhuhai"}, {"country": "China", "subcountry": "Hunan", "geolabelid": 1790451, "label": "Wenxing"}, {"country": "China", "subcountry": "Hunan", "geolabelid": 1790471, "label": "Xiangxiang"}, {"country": "China", "subcountry": "Hunan", "geolabelid": 1790492, "label": "Xiangtan"}, {"country": "China", "subcountry": "Hubei", "geolabelid": 1790587, "label": "Xiangyang"}, {"country": "China", "subcountry": "Henan Sheng", "geolabelid": 1790601, "label": "Xiangcheng Chengguanzhen"}, {"country": "China", "subcountry": "Shaanxi", "geolabelid": 1790630, "label": "Xi\u2019an"}, {"country": "China", "subcountry": "Fujian", "geolabelid": 1790645, "label": "Xiamen"}, {"country": "China", "subcountry": "Guangxi Zhuangzu Zizhiqu", "geolabelid": 1790840, "label": "Wuzhou"}, {"country": "China", "subcountry": "Anhui Sheng", "geolabelid": 1790885, "label": "Wuyang"}, {"country": "China", "subcountry": "Hubei", "geolabelid": 1790894, "label": "Wuxue"}, {"country": "China", "subcountry": "Jiangsu", "geolabelid": 1790923, "label": "Wuxi"}, {"country": "China", "subcountry": "Zhejiang Sheng", "geolabelid": 1791056, "label": "Dongyang"}, {"country": "China", "subcountry": "Hunan", "geolabelid": 1791121, "label": "Changde"}, {"country": "China", "subcountry": "Anhui Sheng", "geolabelid": 1791236, "label": "Wuhu"}, {"country": "China", "subcountry": "Hubei", "geolabelid": 1791247, "label": "Wuhan"}, {"country": "China", "subcountry": "Inner Mongolia", "geolabelid": 1791249, "label": "Wuhai"}, {"country": "China", "subcountry": "Inner Mongolia", "geolabelid": 1791325, "label": "Wuda"}, {"country": "China", "subcountry": "Anhui Sheng", "geolabelid": 1791347, "label": "Wucheng"}, {"country": "China", "subcountry": "Zhejiang Sheng", "geolabelid": 1791388, "label": "Wenzhou"}, {"country": "China", "subcountry": "Shandong Sheng", "geolabelid": 1791428, "label": "Wenshang"}, {"country": "China", "subcountry": "Zhejiang Sheng", "geolabelid": 1791464, "label": "Wenling"}, {"country": "China", "subcountry": "Shandong Sheng", "geolabelid": 1791536, "label": "Tianfu"}, {"country": "China", "subcountry": "Shaanxi", "geolabelid": 1791636, "label": "Weinan"}, {"country": "China", "subcountry": "Shandong Sheng", "geolabelid": 1791673, "label": "Weihai"}, {"country": "China", "subcountry": "Shandong Sheng", "geolabelid": 1791681, "label": "Weifang"}, {"country": "China", "subcountry": "Chongqing Shi", "geolabelid": 1791748, "label": "Wanxian"}, {"country": "China", "subcountry": "Hainan", "geolabelid": 1791779, "label": "Wanning"}, {"country": "China", "subcountry": "Shandong Sheng", "geolabelid": 1792087, "label": "Yinzhu"}, {"country": "China", "subcountry": "Liaoning", "geolabelid": 1792260, "label": "Wafangdian"}, {"country": "China", "subcountry": "Anhui Sheng", "geolabelid": 1792359, "label": "Huangshan"}, {"country": "China", "subcountry": "Guizhou Sheng", "geolabelid": 1792516, "label": "Loushanguan"}, {"country": "China", "subcountry": "Beijing", "geolabelid": 1792520, "label": "Tongzhou"}, {"country": "China", "subcountry": "Fujian", "geolabelid": 1792585, "label": "Fuding"}, {"country": "China", "subcountry": "Guizhou Sheng", "geolabelid": 1792592, "label": "Tongren"}, {"country": "China", "subcountry": "Anhui Sheng", "geolabelid": 1792621, "label": "Wusong"}, {"country": "China", "subcountry": "Sichuan", "geolabelid": 1792692, "label": "Tongchuan"}, {"country": "China", "subcountry": "Gansu Sheng", "geolabelid": 1792892, "label": "Tianshui"}, {"country": "China", "subcountry": "Sichuan", "geolabelid": 1792916, "label": "Tianpeng"}, {"country": "China", "subcountry": "Tianjin Shi", "geolabelid": 1792947, "label": "Tianjin"}, {"country": "China", "subcountry": "Shandong Sheng", "geolabelid": 1793036, "label": "Tengzhou"}, {"country": "China", "subcountry": "Shandong Sheng", "geolabelid": 1793089, "label": "Taozhuang"}, {"country": "China", "subcountry": "Fujian", "geolabelid": 1793230, "label": "Tantou"}, {"country": "China", "subcountry": "Anhui Sheng", "geolabelid": 1793286, "label": "Tangzhai"}, {"country": "China", "subcountry": "Hebei", "geolabelid": 1793346, "label": "Tangshan"}, {"country": "China", "subcountry": "Guangdong", "geolabelid": 1793364, "label": "Tangping"}, {"country": "China", "subcountry": "Hebei", "geolabelid": 1793385, "label": "Tangjiazhuang"}, {"country": "China", "subcountry": "Henan Sheng", "geolabelid": 1793419, "label": "Binhe"}, {"country": "China", "subcountry": "Tianjin Shi", "geolabelid": 1793424, "label": "Tanggu"}, {"country": "China", "subcountry": "Jiangsu", "geolabelid": 1793505, "label": "Taizhou"}, {"country": "China", "subcountry": "Shanxi Sheng", "geolabelid": 1793511, "label": "Taiyuan"}, {"country": "China", "subcountry": "Jiangsu", "geolabelid": 1793533, "label": "Taixing"}, {"country": "China", "subcountry": "Guangdong", "geolabelid": 1793700, "label": "Taishan"}, {"country": "China", "subcountry": "Shandong Sheng", "geolabelid": 1793724, "label": "Tai\u2019an"}, {"country": "China", "subcountry": "Anhui Sheng", "geolabelid": 1793743, "label": "Suzhou"}, {"country": "China", "subcountry": "Shandong Sheng", "geolabelid": 1793774, "label": "Suozhen"}, {"country": "China", "subcountry": "Hubei", "geolabelid": 1793879, "label": "Suizhou"}, {"country": "China", "subcountry": "Anhui Sheng", "geolabelid": 1793889, "label": "Suixi"}, {"country": "China", "subcountry": "Jiangsu", "geolabelid": 1793899, "label": "Suicheng"}, {"country": "China", "subcountry": "Sichuan", "geolabelid": 1793900, "label": "Suining"}, {"country": "China", "subcountry": "Shanghai Shi", "geolabelid": 1794035, "label": "Songjiang"}, {"country": "China", "subcountry": "Shandong Sheng", "geolabelid": 1794140, "label": "Sishui"}, {"country": "China", "subcountry": "Shandong Sheng", "geolabelid": 1794479, "label": "Laixi"}, {"country": "China", "subcountry": "Shandong Sheng", "geolabelid": 1794794, "label": "Shouguang"}, {"country": "China", "subcountry": "Ningxia Huizu Zizhiqu", "geolabelid": 1794806, "label": "Shizuishan"}, {"country": "China", "subcountry": "Shandong Sheng", "geolabelid": 1794825, "label": "Shizilu"}, {"country": "China", "subcountry": "Hubei", "geolabelid": 1794903, "label": "Shiyan"}, {"country": "China", "subcountry": "Hubei", "geolabelid": 1794904, "label": "Shiyan"}, {"country": "China", "subcountry": "Guangdong", "geolabelid": 1794947, "label": "Shiwan"}, {"country": "China", "subcountry": "Ningxia Huizu Zizhiqu", "geolabelid": 1794971, "label": "Shitanjing"}, {"country": "China", "subcountry": "Guangdong", "geolabelid": 1795055, "label": "Shiqiao"}, {"country": "China", "subcountry": "Guangdong", "geolabelid": 1795060, "label": "Shiqi"}, {"country": "China", "subcountry": "Fujian", "geolabelid": 1795166, "label": "Shima"}, {"country": "China", "subcountry": "Guangdong", "geolabelid": 1795184, "label": "Shilong"}, {"country": "China", "subcountry": "Shaanxi", "geolabelid": 1795196, "label": "Tongchuan"}, {"country": "China", "subcountry": "Hebei", "geolabelid": 1795270, "label": "Shijiazhuang"}, {"country": "China", "subcountry": "Guangdong", "geolabelid": 1795565, "label": "Shenzhen"}, {"country": "China", "subcountry": "Shandong Sheng", "geolabelid": 1795579, "label": "Yanta"}, {"country": "China", "subcountry": "Zhejiang Sheng", "geolabelid": 1795632, "label": "Shenjiamen"}, {"country": "China", "subcountry": "Hubei", "geolabelid": 1795816, "label": "Shashi"}, {"country": "China", "subcountry": "Guangdong", "geolabelid": 1795842, "label": "Shaping"}, {"country": "China", "subcountry": "Zhejiang Sheng", "geolabelid": 1795855, "label": "Shaoxing"}, {"country": "China", "subcountry": "Fujian", "geolabelid": 1795857, "label": "Shaowu"}, {"country": "China", "subcountry": "Guangdong", "geolabelid": 1795874, "label": "Shaoguan"}, {"country": "China", "subcountry": "Shandong Sheng", "geolabelid": 1795919, "label": "Shancheng"}, {"country": "China", "subcountry": "Guangdong", "geolabelid": 1795928, "label": "Shanwei"}, {"country": "China", "subcountry": "Guangdong", "geolabelid": 1795940, "label": "Shantou"}, {"country": "China", "subcountry": "Shandong Sheng", "geolabelid": 1795941, "label": "Shanting"}, {"country": "China", "subcountry": "Shanghai Shi", "geolabelid": 1796236, "label": "Shanghai"}, {"country": "China", "subcountry": "Hebei", "geolabelid": 1796421, "label": "Shahecheng"}, {"country": "China", "subcountry": "Hainan", "geolabelid": 1796556, "label": "Sanya"}, {"country": "China", "subcountry": "Fujian", "geolabelid": 1796663, "label": "Sanming"}, {"country": "China", "subcountry": "Henan Sheng", "geolabelid": 1797038, "label": "Runing"}, {"country": "China", "subcountry": "Fujian", "geolabelid": 1797120, "label": "Fuqing"}, {"country": "China", "subcountry": "Guangdong", "geolabelid": 1797121, "label": "Jieyang"}, {"country": "China", "subcountry": "Shandong Sheng", "geolabelid": 1797132, "label": "Rizhao"}, {"country": "China", "subcountry": "Hebei", "geolabelid": 1797181, "label": "Renqiu"}, {"country": "China", "subcountry": "Zhejiang Sheng", "geolabelid": 1797264, "label": "Quzhou"}, {"country": "China", "subcountry": "Yunnan", "geolabelid": 1797318, "label": "Qujing"}, {"country": "China", "subcountry": "Shandong Sheng", "geolabelid": 1797333, "label": "Qufu"}, {"country": "China", "subcountry": "Fujian", "geolabelid": 1797353, "label": "Quanzhou"}, {"country": "China", "subcountry": "Hunan", "geolabelid": 1797417, "label": "Wuxi"}, {"country": "China", "subcountry": "Shandong Sheng", "geolabelid": 1797438, "label": "Zhuangyuan"}, {"country": "China", "subcountry": "Hainan", "geolabelid": 1797535, "label": "Qiongshan"}, {"country": "China", "subcountry": "Hunan", "geolabelid": 1797543, "label": "Qionghu"}, {"country": "China", "subcountry": "Guangxi Zhuangzu Zizhiqu", "geolabelid": 1797551, "label": "Qinzhou"}, {"country": "China", "subcountry": "Jiangsu", "geolabelid": 1797575, "label": "Qinnan"}, {"country": "China", "subcountry": "Hebei", "geolabelid": 1797595, "label": "Qinhuangdao"}, {"country": "China", "subcountry": "Fujian", "geolabelid": 1797658, "label": "Jinjiang"}, {"country": "China", "subcountry": "Hubei", "geolabelid": 1797793, "label": "Qingquan"}, {"country": "China", "subcountry": "Jiangsu", "geolabelid": 1797873, "label": "Huai'an"}, {"country": "China", "subcountry": "Shandong Sheng", "geolabelid": 1797929, "label": "Qingdao"}, {"country": "China", "subcountry": "Guangdong", "geolabelid": 1797945, "label": "Qingyuan"}, {"country": "China", "subcountry": "Hunan", "geolabelid": 1798082, "label": "Hongqiao"}, {"country": "China", "subcountry": "Henan Sheng", "geolabelid": 1798422, "label": "Puyang Chengguanzhen"}, {"country": "China", "subcountry": "Zhejiang Sheng", "geolabelid": 1798425, "label": "Puyang"}, {"country": "China", "subcountry": "Fujian", "geolabelid": 1798449, "label": "Putian"}, {"country": "China", "subcountry": "Hubei", "geolabelid": 1798473, "label": "Puqi"}, {"country": "China", "subcountry": "Guangxi Zhuangzu Zizhiqu", "geolabelid": 1798480, "label": "Pumiao"}, {"country": "China", "subcountry": "Liaoning", "geolabelid": 1798490, "label": "Pulandian"}, {"country": "China", "subcountry": "Jiangxi Sheng", "geolabelid": 1798548, "label": "Poyang"}, {"country": "China", "subcountry": "Shandong Sheng", "geolabelid": 1798632, "label": "Pingyin"}, {"country": "China", "subcountry": "Shandong Sheng", "geolabelid": 1798634, "label": "Pingyi"}, {"country": "China", "subcountry": "Shanxi Sheng", "geolabelid": 1798636, "label": "Gutao"}, {"country": "China", "subcountry": "Jiangxi Sheng", "geolabelid": 1798654, "label": "Pingxiang"}, {"country": "China", "subcountry": "Guangdong", "geolabelid": 1798713, "label": "Pingshan"}, {"country": "China", "subcountry": "Guangxi Zhuangzu Zizhiqu", "geolabelid": 1798733, "label": "Pingnan"}, {"country": "China", "subcountry": "Gansu Sheng", "geolabelid": 1798760, "label": "Pingliang"}, {"country": "China", "subcountry": "Shandong Sheng", "geolabelid": 1798821, "label": "Pingdu"}, {"country": "China", "subcountry": "Henan Sheng", "geolabelid": 1798827, "label": "Pingdingshan"}, {"country": "China", "subcountry": "Hebei", "geolabelid": 1798946, "label": "Pengcheng"}, {"country": "China", "subcountry": "Sichuan", "geolabelid": 1798998, "label": "Dadukou"}, {"country": "China", "subcountry": "Shandong Sheng", "geolabelid": 1799348, "label": "Ningyang"}, {"country": "China", "subcountry": "Hunan", "geolabelid": 1799352, "label": "Yutan"}, {"country": "China", "subcountry": "Shandong Sheng", "geolabelid": 1799383, "label": "Ninghai"}, {"country": "China", "subcountry": "Zhejiang Sheng", "geolabelid": 1799384, "label": "Ninghai"}, {"country": "China", "subcountry": "Zhejiang Sheng", "geolabelid": 1799397, "label": "Ningbo"}, {"country": "China", "subcountry": "Sichuan", "geolabelid": 1799491, "label": "Neijiang"}, {"country": "China", "subcountry": "Hunan", "geolabelid": 1799552, "label": "Nanzhou"}, {"country": "China", "subcountry": "Hubei", "geolabelid": 1799574, "label": "Nanzhang Chengguanzhen"}, {"country": "China", "subcountry": "Henan Sheng", "geolabelid": 1799629, "label": "Nanyang"}, {"country": "China", "subcountry": "Jiangsu", "geolabelid": 1799722, "label": "Nantong"}, {"country": "China", "subcountry": "Fujian", "geolabelid": 1799832, "label": "Pucheng"}, {"country": "China", "subcountry": "Fujian", "geolabelid": 1799846, "label": "Nanping"}, {"country": "China", "subcountry": "Guangxi Zhuangzu Zizhiqu", "geolabelid": 1799869, "label": "Nanning"}, {"country": "China", "subcountry": "Shandong Sheng", "geolabelid": 1799897, "label": "Nanma"}, {"country": "China", "subcountry": "Sichuan", "geolabelid": 1799908, "label": "Nanlong"}, {"country": "China", "subcountry": "Jiangsu", "geolabelid": 1799962, "label": "Nanjing"}, {"country": "China", "subcountry": "Hebei", "geolabelid": 1800065, "label": "Nangong"}, {"country": "China", "subcountry": "Guangdong", "geolabelid": 1800088, "label": "Nanfeng"}, {"country": "China", "subcountry": "Guangxi Zhuangzu Zizhiqu", "geolabelid": 1800101, "label": "Nandu"}, {"country": "China", "subcountry": "Shandong Sheng", "geolabelid": 1800107, "label": "Nanding"}, {"country": "China", "subcountry": "Sichuan", "geolabelid": 1800146, "label": "Nanchong"}, {"country": "China", "subcountry": "Jiangxi Sheng", "geolabelid": 1800163, "label": "Nanchang"}, {"country": "China", "subcountry": "Yunnan", "geolabelid": 1800430, "label": "Miyang"}, {"country": "China", "subcountry": "Shandong Sheng", "geolabelid": 1800498, "label": "Mingshui"}, {"country": "China", "subcountry": "Anhui Sheng", "geolabelid": 1800519, "label": "Mingguang"}, {"country": "China", "subcountry": "Henan Sheng", "geolabelid": 1800521, "label": "Minggang"}, {"country": "China", "subcountry": "Sichuan", "geolabelid": 1800627, "label": "Mianyang"}, {"country": "China", "subcountry": "Beijing", "geolabelid": 1800657, "label": "Mentougou"}, {"country": "China", "subcountry": "Shandong Sheng", "geolabelid": 1800675, "label": "Mengyin"}, {"country": "China", "subcountry": "Anhui Sheng", "geolabelid": 1800764, "label": "Mengcheng Chengguanzhen"}, {"country": "China", "subcountry": "Guangdong", "geolabelid": 1800779, "label": "Meizhou"}, {"country": "China", "subcountry": "Guangdong", "geolabelid": 1800829, "label": "Wuchuan"}, {"country": "China", "subcountry": "Yunnan", "geolabelid": 1801401, "label": "Majie"}, {"country": "China", "subcountry": "Hubei", "geolabelid": 1801455, "label": "Zhijiang"}, {"country": "China", "subcountry": "Hubei", "geolabelid": 1801582, "label": "Macheng"}, {"country": "China", "subcountry": "Guangdong", "geolabelid": 1801615, "label": "Maba"}, {"country": "China", "subcountry": "Liaoning", "geolabelid": 1801722, "label": "L\u00fcshun"}, {"country": "China", "subcountry": "Zhejiang Sheng", "geolabelid": 1801757, "label": "Luqiao"}, {"country": "China", "subcountry": "Henan Sheng", "geolabelid": 1801792, "label": "Luoyang"}, {"country": "China", "subcountry": "Fujian", "geolabelid": 1801797, "label": "Luoyang"}, {"country": "China", "subcountry": "Guangdong", "geolabelid": 1801799, "label": "Luoyang"}, {"country": "China", "subcountry": "Guangxi Zhuangzu Zizhiqu", "geolabelid": 1801850, "label": "Luorong"}, {"country": "China", "subcountry": "Henan Sheng", "geolabelid": 1801934, "label": "Luohe"}, {"country": "China", "subcountry": "Sichuan", "geolabelid": 1801983, "label": "Luocheng"}, {"country": "China", "subcountry": "Anhui Sheng", "geolabelid": 1802068, "label": "Lucheng"}, {"country": "China", "subcountry": "Sichuan", "geolabelid": 1802171, "label": "Kangding"}, {"country": "China", "subcountry": "Guangdong", "geolabelid": 1802177, "label": "Lubu"}, {"country": "China", "subcountry": "Hebei", "geolabelid": 1802204, "label": "Luancheng"}, {"country": "China", "subcountry": "Hunan", "geolabelid": 1802238, "label": "Loudi"}, {"country": "China", "subcountry": "Yunnan", "geolabelid": 1802476, "label": "Longquan"}, {"country": "China", "subcountry": "Shandong Sheng", "geolabelid": 1802550, "label": "Longgang"}, {"country": "China", "subcountry": "Jiangsu", "geolabelid": 1802788, "label": "Licheng"}, {"country": "China", "subcountry": "Hunan", "geolabelid": 1802875, "label": "Guankou"}, {"country": "China", "subcountry": "Guangdong", "geolabelid": 1802940, "label": "Puning"}, {"country": "China", "subcountry": "Zhejiang Sheng", "geolabelid": 1803245, "label": "Lishui"}, {"country": "China", "subcountry": "Shaanxi", "geolabelid": 1803266, "label": "Lintong"}, {"country": "China", "subcountry": "Shandong Sheng", "geolabelid": 1803318, "label": "Linyi"}, {"country": "China", "subcountry": "Gansu Sheng", "geolabelid": 1803331, "label": "Linxia Chengguanzhen"}, {"country": "China", "subcountry": "Hebei", "geolabelid": 1803334, "label": "Linxi"}, {"country": "China", "subcountry": "Hebei", "geolabelid": 1803352, "label": "Linshui"}, {"country": "China", "subcountry": "Shandong Sheng", "geolabelid": 1803364, "label": "Linqu"}, {"country": "China", "subcountry": "Sichuan", "geolabelid": 1803365, "label": "Linqiong"}, {"country": "China", "subcountry": "Shandong Sheng", "geolabelid": 1803367, "label": "Qingnian"}, {"country": "China", "subcountry": "Zhejiang Sheng", "geolabelid": 1803374, "label": "Linping"}, {"country": "China", "subcountry": "Zhejiang Sheng", "geolabelid": 1803422, "label": "Linhai"}, {"country": "China", "subcountry": "Guangxi Zhuangzu Zizhiqu", "geolabelid": 1803551, "label": "Lingcheng"}, {"country": "China", "subcountry": "Hainan", "geolabelid": 1803560, "label": "Lincheng"}, {"country": "China", "subcountry": "Shanxi Sheng", "geolabelid": 1803567, "label": "Linfen"}, {"country": "China", "subcountry": "Hunan", "geolabelid": 1803616, "label": "Xishan"}, {"country": "China", "subcountry": "Hubei", "geolabelid": 1803782, "label": "Lichuan"}, {"country": "China", "subcountry": "Guangdong", "geolabelid": 1803791, "label": "Licheng"}, {"country": "China", "subcountry": "Shandong Sheng", "geolabelid": 1803834, "label": "Liaocheng"}, {"country": "China", "subcountry": "Guangdong", "geolabelid": 1803841, "label": "Lianzhou"}, {"country": "China", "subcountry": "Guangxi Zhuangzu Zizhiqu", "geolabelid": 1803842, "label": "Lianzhou"}, {"country": "China", "subcountry": "Yunnan", "geolabelid": 1803886, "label": "Lianran"}, {"country": "China", "subcountry": "Gansu Sheng", "geolabelid": 1803936, "label": "Wuwei"}, {"country": "China", "subcountry": "Beijing", "geolabelid": 1803948, "label": "Liangxiang"}, {"country": "China", "subcountry": "Guangdong", "geolabelid": 1804120, "label": "Lianjiang"}, {"country": "China", "subcountry": "Sichuan", "geolabelid": 1804153, "label": "Leshan"}, {"country": "China", "subcountry": "Hunan", "geolabelid": 1804162, "label": "Lengshuitan"}, {"country": "China", "subcountry": "Hunan", "geolabelid": 1804169, "label": "Lengshuijiang"}, {"country": "China", "subcountry": "Hunan", "geolabelid": 1804208, "label": "Leiyang"}, {"country": "China", "subcountry": "Guangdong", "geolabelid": 1804252, "label": "Lecheng"}, {"country": "China", "subcountry": "Hubei", "geolabelid": 1804386, "label": "Laohekou"}, {"country": "China", "subcountry": "Gansu Sheng", "geolabelid": 1804430, "label": "Lanzhou"}, {"country": "China", "subcountry": "Zhejiang Sheng", "geolabelid": 1804442, "label": "Lanxi"}, {"country": "China", "subcountry": "Hunan", "geolabelid": 1804451, "label": "Lianyuan"}, {"country": "China", "subcountry": "Hebei", "geolabelid": 1804540, "label": "Langfang"}, {"country": "China", "subcountry": "Shandong Sheng", "geolabelid": 1804578, "label": "Weichanglu"}, {"country": "China", "subcountry": "Shandong Sheng", "geolabelid": 1804586, "label": "Laiyang"}, {"country": "China", "subcountry": "Shandong Sheng", "geolabelid": 1804591, "label": "Laiwu"}, {"country": "China", "subcountry": "Guangxi Zhuangzu Zizhiqu", "geolabelid": 1804609, "label": "Laibin"}, {"country": "China", "subcountry": "Zhejiang Sheng", "geolabelid": 1804645, "label": "Kunyang"}, {"country": "China", "subcountry": "Yunnan", "geolabelid": 1804651, "label": "Kunming"}, {"country": "China", "subcountry": "Yunnan", "geolabelid": 1804850, "label": "Kaiyuan"}, {"country": "China", "subcountry": "Yunnan", "geolabelid": 1804874, "label": "Kaihua"}, {"country": "China", "subcountry": "Henan Sheng", "geolabelid": 1804879, "label": "Kaifeng"}, {"country": "China", "subcountry": "Shandong Sheng", "geolabelid": 1804892, "label": "Juye"}, {"country": "China", "subcountry": "Jiangsu", "geolabelid": 1804979, "label": "Juegang"}, {"country": "China", "subcountry": "Jiangxi Sheng", "geolabelid": 1805179, "label": "Jiujiang"}, {"country": "China", "subcountry": "Henan Sheng", "geolabelid": 1805267, "label": "Jishui"}, {"country": "China", "subcountry": "Hunan", "geolabelid": 1805270, "label": "Qianzhou"}, {"country": "China", "subcountry": "Liaoning", "geolabelid": 1805298, "label": "Jinzhou"}, {"country": "China", "subcountry": "Zhejiang Sheng", "geolabelid": 1805334, "label": "Jinxiang"}, {"country": "China", "subcountry": "Hunan", "geolabelid": 1805379, "label": "Jinshi"}, {"country": "China", "subcountry": "Jiangsu", "geolabelid": 1805408, "label": "Jinsha"}, {"country": "China", "subcountry": "Hainan", "geolabelid": 1805505, "label": "Jinjiang"}, {"country": "China", "subcountry": "Guangxi Zhuangzu Zizhiqu", "geolabelid": 1805515, "label": "Jinji"}, {"country": "China", "subcountry": "Shandong Sheng", "geolabelid": 1805518, "label": "Jining"}, {"country": "China", "subcountry": "Zhejiang Sheng", "geolabelid": 1805528, "label": "Jinhua"}, {"country": "China", "subcountry": "Hubei", "geolabelid": 1805540, "label": "Jingzhou"}, {"country": "China", "subcountry": "Hebei", "geolabelid": 1805563, "label": "Tianchang"}, {"country": "China", "subcountry": "Hubei", "geolabelid": 1805611, "label": "Jingmen"}, {"country": "China", "subcountry": "Hubei", "geolabelid": 1805618, "label": "Jingling"}, {"country": "China", "subcountry": "Jiangxi Sheng", "geolabelid": 1805680, "label": "Jingdezhen"}, {"country": "China", "subcountry": "Gansu Sheng", "geolabelid": 1805733, "label": "Jinchang"}, {"country": "China", "subcountry": "Shanxi Sheng", "geolabelid": 1805741, "label": "Jincheng"}, {"country": "China", "subcountry": "Shandong Sheng", "geolabelid": 1805753, "label": "Jinan"}, {"country": "China", "subcountry": "Shandong Sheng", "geolabelid": 1805757, "label": "Jimo"}, {"country": "China", "subcountry": "Chongqing Shi", "geolabelid": 1805798, "label": "Jijiang"}, {"country": "China", "subcountry": "Shanxi Sheng", "geolabelid": 1805833, "label": "Jiexiu"}, {"country": "China", "subcountry": "Anhui Sheng", "geolabelid": 1805844, "label": "Jieshou"}, {"country": "China", "subcountry": "Guangdong", "geolabelid": 1805857, "label": "Jieshi"}, {"country": "China", "subcountry": "Shandong Sheng", "geolabelid": 1805884, "label": "Jiehu"}, {"country": "China", "subcountry": "Guangdong", "geolabelid": 1805935, "label": "Jiazi"}, {"country": "China", "subcountry": "Zhejiang Sheng", "geolabelid": 1805953, "label": "Jiaxing"}, {"country": "China", "subcountry": "Henan Sheng", "geolabelid": 1805987, "label": "Jiaozuo"}, {"country": "China", "subcountry": "Shandong Sheng", "geolabelid": 1806096, "label": "Jiaozhou"}, {"country": "China", "subcountry": "Fujian", "geolabelid": 1806097, "label": "Ningde"}, {"country": "China", "subcountry": "Fujian", "geolabelid": 1806167, "label": "Jian\u2019ou"}, {"country": "China", "subcountry": "Jiangsu", "geolabelid": 1806218, "label": "Jiangyan"}, {"country": "China", "subcountry": "Jiangxi Sheng", "geolabelid": 1806248, "label": "Jianguang"}, {"country": "China", "subcountry": "Guangdong", "geolabelid": 1806299, "label": "Jiangmen"}, {"country": "China", "subcountry": "Fujian", "geolabelid": 1806327, "label": "Jiangkou"}, {"country": "China", "subcountry": "Guangdong", "geolabelid": 1806408, "label": "Yangjiang"}, {"country": "China", "subcountry": "Jiangxi Sheng", "geolabelid": 1806445, "label": "Ji\u2019an"}, {"country": "China", "subcountry": "Sichuan", "geolabelid": 1806466, "label": "Guangyuan"}, {"country": "China", "subcountry": "Zhejiang Sheng", "geolabelid": 1806535, "label": "Huzhou"}, {"country": "China", "subcountry": "Jiangsu", "geolabelid": 1806591, "label": "Hutang"}, {"country": "China", "subcountry": "Anhui Sheng", "geolabelid": 1806651, "label": "Huoqiu Chengguanzhen"}, {"country": "China", "subcountry": "Guangdong", "geolabelid": 1806696, "label": "Humen"}, {"country": "China", "subcountry": "Guangdong", "geolabelid": 1806776, "label": "Huizhou"}, {"country": "China", "subcountry": "Jiangsu", "geolabelid": 1806840, "label": "Huilong"}, {"country": "China", "subcountry": "Guangdong", "geolabelid": 1806881, "label": "Huicheng"}, {"country": "China", "subcountry": "Guangdong", "geolabelid": 1806882, "label": "Xinhui"}, {"country": "China", "subcountry": "Guangdong", "geolabelid": 1806960, "label": "Huazhou"}, {"country": "China", "subcountry": "Hubei", "geolabelid": 1807112, "label": "Huangzhou"}, {"country": "China", "subcountry": "Zhejiang Sheng", "geolabelid": 1807143, "label": "Huangyan"}, {"country": "China", "subcountry": "Hubei", "geolabelid": 1807234, "label": "Huangshi"}, {"country": "China", "subcountry": "Guangdong", "geolabelid": 1807301, "label": "Dasha"}, {"country": "China", "subcountry": "Hubei", "geolabelid": 1807308, "label": "Huangpi"}, {"country": "China", "subcountry": "Hubei", "geolabelid": 1807339, "label": "Huangmei"}, {"country": "China", "subcountry": "Guangdong", "geolabelid": 1807508, "label": "Huanggang"}, {"country": "China", "subcountry": "Beijing", "geolabelid": 1807544, "label": "Daxing"}, {"country": "China", "subcountry": "Henan Sheng", "geolabelid": 1807553, "label": "Dingcheng"}, {"country": "China", "subcountry": "Anhui Sheng", "geolabelid": 1807645, "label": "Huaiyuan Chengguanzhen"}, {"country": "China", "subcountry": "Anhui Sheng", "geolabelid": 1807681, "label": "Huainan"}, {"country": "China", "subcountry": "Guangdong", "geolabelid": 1807687, "label": "Huaicheng"}, {"country": "China", "subcountry": "Hunan", "geolabelid": 1807689, "label": "Huaihua"}, {"country": "China", "subcountry": "Henan Sheng", "geolabelid": 1807695, "label": "Huaidian"}, {"country": "China", "subcountry": "Anhui Sheng", "geolabelid": 1807700, "label": "Huaibei"}, {"country": "China", "subcountry": "Hunan", "geolabelid": 1808106, "label": "Hongjiang"}, {"country": "China", "subcountry": "Shandong Sheng", "geolabelid": 1808198, "label": "Heze"}, {"country": "China", "subcountry": "Chongqing Shi", "geolabelid": 1808212, "label": "Hechuan"}, {"country": "China", "subcountry": "Hunan", "geolabelid": 1808316, "label": "Yiyang"}, {"country": "China", "subcountry": "Guangdong", "geolabelid": 1808336, "label": "Hepo"}, {"country": "China", "subcountry": "Hunan", "geolabelid": 1808370, "label": "Hengyang"}, {"country": "China", "subcountry": "Hebei", "geolabelid": 1808392, "label": "Hengshui"}, {"country": "China", "subcountry": "Anhui Sheng", "geolabelid": 1808722, "label": "Hefei"}, {"country": "China", "subcountry": "Jiangsu", "geolabelid": 1808744, "label": "Hede"}, {"country": "China", "subcountry": "Hebei", "geolabelid": 1808747, "label": "Hecun"}, {"country": "China", "subcountry": "Henan Sheng", "geolabelid": 1808770, "label": "Hebi"}, {"country": "China", "subcountry": "Shaanxi", "geolabelid": 1808857, "label": "Hanzhong"}, {"country": "China", "subcountry": "Fujian", "geolabelid": 1808872, "label": "Chengyang"}, {"country": "China", "subcountry": "Shandong Sheng", "geolabelid": 1808879, "label": "Hanting"}, {"country": "China", "subcountry": "Zhejiang Sheng", "geolabelid": 1808926, "label": "Hangzhou"}, {"country": "China", "subcountry": "Tianjin Shi", "geolabelid": 1808931, "label": "Hangu"}, {"country": "China", "subcountry": "Hebei", "geolabelid": 1808963, "label": "Handan"}, {"country": "China", "subcountry": "Hubei", "geolabelid": 1808977, "label": "Hanchuan"}, {"country": "China", "subcountry": "Shaanxi", "geolabelid": 1808981, "label": "Hancheng"}, {"country": "China", "subcountry": "Jiangsu", "geolabelid": 1809003, "label": "Haizhou"}, {"country": "China", "subcountry": "Zhejiang Sheng", "geolabelid": 1809061, "label": "Jiaojiang"}, {"country": "China", "subcountry": "Guangdong", "geolabelid": 1809062, "label": "Haimen"}, {"country": "China", "subcountry": "Yunnan", "geolabelid": 1809077, "label": "Haikou"}, {"country": "China", "subcountry": "Hainan", "geolabelid": 1809078, "label": "Haikou"}, {"country": "China", "subcountry": "Hebei", "geolabelid": 1809159, "label": "Guye"}, {"country": "China", "subcountry": "Shaanxi", "geolabelid": 1809263, "label": "Guozhen"}, {"country": "China", "subcountry": "Zhejiang Sheng", "geolabelid": 1809412, "label": "Guli"}, {"country": "China", "subcountry": "Guizhou Sheng", "geolabelid": 1809461, "label": "Guiyang"}, {"country": "China", "subcountry": "Jiangsu", "geolabelid": 1809483, "label": "Guiren"}, {"country": "China", "subcountry": "Guangxi Zhuangzu Zizhiqu", "geolabelid": 1809486, "label": "Guiping"}, {"country": "China", "subcountry": "Guangxi Zhuangzu Zizhiqu", "geolabelid": 1809498, "label": "Guilin"}, {"country": "China", "subcountry": "Guangxi Zhuangzu Zizhiqu", "geolabelid": 1809532, "label": "Guigang"}, {"country": "China", "subcountry": "Hubei", "geolabelid": 1809610, "label": "Gucheng Chengguanzhen"}, {"country": "China", "subcountry": "Guangdong", "geolabelid": 1809858, "label": "Guangzhou"}, {"country": "China", "subcountry": "Hubei", "geolabelid": 1809879, "label": "Guangshui"}, {"country": "China", "subcountry": "Yunnan", "geolabelid": 1810240, "label": "Gejiu"}, {"country": "China", "subcountry": "Guangdong", "geolabelid": 1810295, "label": "Gaozhou"}, {"country": "China", "subcountry": "Jiangsu", "geolabelid": 1810309, "label": "Gaoyou"}, {"country": "China", "subcountry": "Sichuan", "geolabelid": 1810437, "label": "Gaoping"}, {"country": "China", "subcountry": "Shandong Sheng", "geolabelid": 1810458, "label": "Gaomi"}, {"country": "China", "subcountry": "Jiangsu", "geolabelid": 1810553, "label": "Gaogou"}, {"country": "China", "subcountry": "Fujian", "geolabelid": 1810821, "label": "Fuzhou"}, {"country": "China", "subcountry": "Anhui Sheng", "geolabelid": 1810845, "label": "Fuyang"}, {"country": "China", "subcountry": "Zhejiang Sheng", "geolabelid": 1810846, "label": "Fuyang"}, {"country": "China", "subcountry": "Shandong Sheng", "geolabelid": 1810920, "label": "Qingyang"}, {"country": "China", "subcountry": "Chongqing Shi", "geolabelid": 1810979, "label": "Fuling"}, {"country": "China", "subcountry": "Guangdong", "geolabelid": 1811103, "label": "Foshan"}, {"country": "China", "subcountry": "Jiangxi Sheng", "geolabelid": 1811114, "label": "Fenyi"}, {"country": "China", "subcountry": "Jiangsu", "geolabelid": 1811200, "label": "Fengxian"}, {"country": "China", "subcountry": "Hebei", "geolabelid": 1811260, "label": "Fengrun"}, {"country": "China", "subcountry": "Hubei", "geolabelid": 1811305, "label": "Fengkou"}, {"country": "China", "subcountry": "Shandong Sheng", "geolabelid": 1811440, "label": "Feicheng"}, {"country": "China", "subcountry": "Beijing", "geolabelid": 1811542, "label": "Fangshan"}, {"country": "China", "subcountry": "Hubei", "geolabelid": 1811619, "label": "Ezhou"}, {"country": "China", "subcountry": "Hubei", "geolabelid": 1811720, "label": "Enshi"}, {"country": "China", "subcountry": "Guangdong", "geolabelid": 1811729, "label": "Encheng"}, {"country": "China", "subcountry": "Guizhou Sheng", "geolabelid": 1811764, "label": "Duyun"}, {"country": "China", "subcountry": "Hubei", "geolabelid": 1811829, "label": "Duobao"}, {"country": "China", "subcountry": "Guangdong", "geolabelid": 1811929, "label": "Ducheng"}, {"country": "China", "subcountry": "Guangdong", "geolabelid": 1812057, "label": "Xinyi"}, {"country": "China", "subcountry": "Shandong Sheng", "geolabelid": 1812101, "label": "Shengli"}, {"country": "China", "subcountry": "Jiangsu", "geolabelid": 1812228, "label": "Dongtai"}, {"country": "China", "subcountry": "Inner Mongolia", "geolabelid": 1812256, "label": "Dongsheng"}, {"country": "China", "subcountry": "Jiangsu", "geolabelid": 1812427, "label": "Dongkan"}, {"country": "China", "subcountry": "Guangdong", "geolabelid": 1812521, "label": "Donghai"}, {"country": "China", "subcountry": "Guangdong", "geolabelid": 1812545, "label": "Dongguan"}, {"country": "China", "subcountry": "Shandong Sheng", "geolabelid": 1812597, "label": "Dongdu"}, {"country": "China", "subcountry": "Shandong Sheng", "geolabelid": 1812621, "label": "Dongcun"}, {"country": "China", "subcountry": "Hebei", "geolabelid": 1812728, "label": "Dingzhou"}, {"country": "China", "subcountry": "Shandong Sheng", "geolabelid": 1812754, "label": "Dingtao"}, {"country": "China", "subcountry": "Shandong Sheng", "geolabelid": 1812955, "label": "Dezhou"}, {"country": "China", "subcountry": "Sichuan", "geolabelid": 1812961, "label": "Deyang"}, {"country": "China", "subcountry": "Zhejiang Sheng", "geolabelid": 1812981, "label": "Deqing"}, {"country": "China", "subcountry": "Shandong Sheng", "geolabelid": 1812988, "label": "Dengzhou"}, {"country": "China", "subcountry": "Henan Sheng", "geolabelid": 1812990, "label": "Huazhou"}, {"country": "China", "subcountry": "Henan Sheng", "geolabelid": 1813016, "label": "Songyang"}, {"country": "China", "subcountry": "Jiangsu", "geolabelid": 1813088, "label": "Dazhong"}, {"country": "China", "subcountry": "Hunan", "geolabelid": 1813171, "label": "Zhangjiajie"}, {"country": "China", "subcountry": "Hubei", "geolabelid": 1813206, "label": "Daye"}, {"country": "China", "subcountry": "Yunnan", "geolabelid": 1813253, "label": "Lijiang"}, {"country": "China", "subcountry": "Sichuan", "geolabelid": 1813325, "label": "Dazhou"}, {"country": "China", "subcountry": "Ningxia Huizu Zizhiqu", "geolabelid": 1813344, "label": "Dawukou"}, {"country": "China", "subcountry": "Anhui Sheng", "geolabelid": 1813451, "label": "Datong"}, {"country": "China", "subcountry": "Zhejiang Sheng", "geolabelid": 1813658, "label": "Fenghua"}, {"country": "China", "subcountry": "Henan Sheng", "geolabelid": 1813775, "label": "Daokou"}, {"country": "China", "subcountry": "Guangdong", "geolabelid": 1813812, "label": "Danshui"}, {"country": "China", "subcountry": "Hubei", "geolabelid": 1813828, "label": "Danjiangkou"}, {"country": "China", "subcountry": "Anhui Sheng", "geolabelid": 1813851, "label": "Gushu"}, {"country": "China", "subcountry": "Henan Sheng", "geolabelid": 1813892, "label": "Xincheng"}, {"country": "China", "subcountry": "Guangdong", "geolabelid": 1814082, "label": "Daliang"}, {"country": "China", "subcountry": "Liaoning", "geolabelid": 1814087, "label": "Dalian"}, {"country": "China", "subcountry": "Yunnan", "geolabelid": 1814093, "label": "Dali"}, {"country": "China", "subcountry": "Anhui Sheng", "geolabelid": 1814757, "label": "Chuzhou"}, {"country": "China", "subcountry": "Guangdong", "geolabelid": 1814786, "label": "Yangchun"}, {"country": "China", "subcountry": "Zhejiang Sheng", "geolabelid": 1814870, "label": "Yiwu"}, {"country": "China", "subcountry": "Chongqing Shi", "geolabelid": 1814906, "label": "Chongqing"}, {"country": "China", "subcountry": "Sichuan", "geolabelid": 1814919, "label": "Chonglong"}, {"country": "China", "subcountry": "Anhui Sheng", "geolabelid": 1814934, "label": "Chizhou"}, {"country": "China", "subcountry": "Hunan", "geolabelid": 1815059, "label": "Chenzhou"}, {"country": "China", "subcountry": "Shandong Sheng", "geolabelid": 1815184, "label": "Chengyang"}, {"country": "China", "subcountry": "Jiangsu", "geolabelid": 1815251, "label": "Jiangyin"}, {"country": "China", "subcountry": "Sichuan", "geolabelid": 1815286, "label": "Chengdu"}, {"country": "China", "subcountry": "Guangdong", "geolabelid": 1815302, "label": "Chenghua"}, {"country": "China", "subcountry": "Guangdong", "geolabelid": 1815395, "label": "Chaozhou"}, {"country": "China", "subcountry": "Anhui Sheng", "geolabelid": 1815427, "label": "Chaohu"}, {"country": "China", "subcountry": "Jiangsu", "geolabelid": 1815456, "label": "Changzhou"}, {"country": "China", "subcountry": "Shanxi Sheng", "geolabelid": 1815463, "label": "Changzhi"}, {"country": "China", "subcountry": "Hunan", "geolabelid": 1815577, "label": "Changsha"}, {"country": "China", "subcountry": "Shandong Sheng", "geolabelid": 1815585, "label": "Changqing"}, {"country": "China", "subcountry": "Hebei", "geolabelid": 1815656, "label": "Changli"}, {"country": "China", "subcountry": "Jiangxi Sheng", "geolabelid": 1815667, "label": "Changleng"}, {"country": "China", "subcountry": "Hubei", "geolabelid": 1816026, "label": "Caohe"}, {"country": "China", "subcountry": "Guizhou Sheng", "geolabelid": 1816028, "label": "Weining"}, {"country": "China", "subcountry": "Hebei", "geolabelid": 1816080, "label": "Cangzhou"}, {"country": "China", "subcountry": "Hubei", "geolabelid": 1816176, "label": "Caidian"}, {"country": "China", "subcountry": "Hubei", "geolabelid": 1816221, "label": "Buhe"}, {"country": "China", "subcountry": "Anhui Sheng", "geolabelid": 1816234, "label": "Bozhou"}, {"country": "China", "subcountry": "Hebei", "geolabelid": 1816256, "label": "Botou"}, {"country": "China", "subcountry": "Shandong Sheng", "geolabelid": 1816265, "label": "Boshan"}, {"country": "China", "subcountry": "Guangxi Zhuangzu Zizhiqu", "geolabelid": 1816269, "label": "Baise City"}, {"country": "China", "subcountry": "Shandong Sheng", "geolabelid": 1816336, "label": "Binzhou"}, {"country": "China", "subcountry": "Guangxi Zhuangzu Zizhiqu", "geolabelid": 1816338, "label": "Luxu"}, {"country": "China", "subcountry": "Guizhou Sheng", "geolabelid": 1816373, "label": "Bijie"}, {"country": "China", "subcountry": "Shandong Sheng", "geolabelid": 1816406, "label": "Bianzhuang"}, {"country": "China", "subcountry": "Anhui Sheng", "geolabelid": 1816440, "label": "Bengbu"}, {"country": "China", "subcountry": "Beijing", "geolabelid": 1816670, "label": "Beijing"}, {"country": "China", "subcountry": "Guangxi Zhuangzu Zizhiqu", "geolabelid": 1816705, "label": "Beihai"}, {"country": "China", "subcountry": "Gansu Sheng", "geolabelid": 1816751, "label": "Beidao"}, {"country": "China", "subcountry": "Hebei", "geolabelid": 1816753, "label": "Beidaihehaibin"}, {"country": "China", "subcountry": "Chongqing Shi", "geolabelid": 1816790, "label": "Beibei"}, {"country": "China", "subcountry": "Jiangsu", "geolabelid": 1816890, "label": "Baoying"}, {"country": "China", "subcountry": "Sichuan", "geolabelid": 1816924, "label": "Langzhong"}, {"country": "China", "subcountry": "Hebei", "geolabelid": 1816971, "label": "Baoding"}, {"country": "China", "subcountry": "Gansu Sheng", "geolabelid": 1817240, "label": "Baiyin"}, {"country": "China", "subcountry": "Guangxi Zhuangzu Zizhiqu", "geolabelid": 1817701, "label": "Baihe"}, {"country": "China", "subcountry": "Zhejiang Sheng", "geolabelid": 1817720, "label": "Shangyu"}, {"country": "China", "subcountry": "Guangxi Zhuangzu Zizhiqu", "geolabelid": 1817858, "label": "Babu"}, {"country": "China", "subcountry": "Hunan", "geolabelid": 1817952, "label": "Anxiang"}, {"country": "China", "subcountry": "Guizhou Sheng", "geolabelid": 1817968, "label": "Anshun"}, {"country": "China", "subcountry": "Shandong Sheng", "geolabelid": 1817990, "label": "Anqiu"}, {"country": "China", "subcountry": "Anhui Sheng", "geolabelid": 1817993, "label": "Anqing"}, {"country": "China", "subcountry": "Yunnan", "geolabelid": 1818004, "label": "Mabai"}, {"country": "China", "subcountry": "Hubei", "geolabelid": 1818016, "label": "Anlu"}, {"country": "China", "subcountry": "Hunan", "geolabelid": 1818051, "label": "Anjiang"}, {"country": "China", "subcountry": "Guangdong", "geolabelid": 1818116, "label": "Anbu"}, {"country": "China", "subcountry": "Sichuan", "geolabelid": 1885823, "label": "Jiangyou"}, {"country": "China", "subcountry": "Jiangsu", "geolabelid": 1886760, "label": "Suzhou"}, {"country": "China", "subcountry": "Zhejiang Sheng", "geolabelid": 1886762, "label": "Zhoushan"}, {"country": "China", "subcountry": "Jiangsu", "geolabelid": 1898359, "label": "Mudu"}, {"country": "China", "subcountry": "Jiangsu", "geolabelid": 1898494, "label": "Songling"}, {"country": "China", "subcountry": "Guangdong", "geolabelid": 1915223, "label": "Zhongshan"}, {"country": "China", "subcountry": "Zhejiang Sheng", "geolabelid": 1919014, "label": "Lianghu"}, {"country": "China", "subcountry": "Shandong Sheng", "geolabelid": 1920772, "label": "Zhoucheng"}, {"country": "China", "subcountry": "Liaoning", "geolabelid": 1921372, "label": "Dalianwan"}, {"country": "China", "subcountry": "Hunan", "geolabelid": 1927639, "label": "Yueyang"}, {"country": "China", "subcountry": "Hunan", "geolabelid": 1929434, "label": "Bojia"}, {"country": "China", "subcountry": "Jilin Sheng", "geolabelid": 2033128, "label": "Zhenlai"}, {"country": "China", "subcountry": "Jilin Sheng", "geolabelid": 2033135, "label": "Zhengjiatun"}, {"country": "China", "subcountry": "Heilongjiang Sheng", "geolabelid": 2033147, "label": "Zhaozhou"}, {"country": "China", "subcountry": "Heilongjiang Sheng", "geolabelid": 2033149, "label": "Zhaoyuan"}, {"country": "China", "subcountry": "Heilongjiang Sheng", "geolabelid": 2033168, "label": "Zhaodong"}, {"country": "China", "subcountry": "Hebei", "geolabelid": 2033196, "label": "Zhangjiakou"}, {"country": "China", "subcountry": "Inner Mongolia", "geolabelid": 2033225, "label": "Zalantun"}, {"country": "China", "subcountry": "Jilin Sheng", "geolabelid": 2033242, "label": "Yushu"}, {"country": "China", "subcountry": "Heilongjiang Sheng", "geolabelid": 2033301, "label": "Youhao"}, {"country": "China", "subcountry": "Liaoning", "geolabelid": 2033370, "label": "Yingkou"}, {"country": "China", "subcountry": "Heilongjiang Sheng", "geolabelid": 2033403, "label": "Yilan"}, {"country": "China", "subcountry": "Heilongjiang Sheng", "geolabelid": 2033413, "label": "Yichun"}, {"country": "China", "subcountry": "Liaoning", "geolabelid": 2033423, "label": "Yebaishou"}, {"country": "China", "subcountry": "Jilin Sheng", "geolabelid": 2033449, "label": "Yantongshan"}, {"country": "China", "subcountry": "Jilin Sheng", "geolabelid": 2033467, "label": "Yanji"}, {"country": "China", "subcountry": "Inner Mongolia", "geolabelid": 2033536, "label": "Yakeshi"}, {"country": "China", "subcountry": "Hebei", "geolabelid": 2033574, "label": "Zhangjiakou Shi Xuanhua Qu"}, {"country": "China", "subcountry": "Liaoning", "geolabelid": 2033602, "label": "Xiuyan"}, {"country": "China", "subcountry": "Heilongjiang Sheng", "geolabelid": 2033667, "label": "Xinqing"}, {"country": "China", "subcountry": "Liaoning", "geolabelid": 2033675, "label": "Xinmin"}, {"country": "China", "subcountry": "Jilin Sheng", "geolabelid": 2033739, "label": "Xinglongshan"}, {"country": "China", "subcountry": "Liaoning", "geolabelid": 2033766, "label": "Xingcheng"}, {"country": "China", "subcountry": "Inner Mongolia", "geolabelid": 2033824, "label": "Xilin Hot"}, {"country": "China", "subcountry": "Liaoning", "geolabelid": 2033866, "label": "Xifeng"}, {"country": "China", "subcountry": "Liaoning", "geolabelid": 2033934, "label": "Xiaoshi"}, {"country": "China", "subcountry": "Heilongjiang Sheng", "geolabelid": 2034141, "label": "Wuchang"}, {"country": "China", "subcountry": "Jilin Sheng", "geolabelid": 2034221, "label": "Wangqing"}, {"country": "China", "subcountry": "Jilin Sheng", "geolabelid": 2034226, "label": "Hepingjie"}, {"country": "China", "subcountry": "Heilongjiang Sheng", "geolabelid": 2034228, "label": "Wangkui"}, {"country": "China", "subcountry": "Inner Mongolia", "geolabelid": 2034312, "label": "Ulanhot"}, {"country": "China", "subcountry": "Jilin Sheng", "geolabelid": 2034340, "label": "Tumen"}, {"country": "China", "subcountry": "Inner Mongolia", "geolabelid": 2034400, "label": "Tongliao"}, {"country": "China", "subcountry": "Liaoning", "geolabelid": 2034439, "label": "Tieling"}, {"country": "China", "subcountry": "Heilongjiang Sheng", "geolabelid": 2034440, "label": "Tieli"}, {"country": "China", "subcountry": "Jilin Sheng", "geolabelid": 2034497, "label": "Guangming"}, {"country": "China", "subcountry": "Heilongjiang Sheng", "geolabelid": 2034599, "label": "Tailai"}, {"country": "China", "subcountry": "Heilongjiang Sheng", "geolabelid": 2034600, "label": "Taikang"}, {"country": "China", "subcountry": "Heilongjiang Sheng", "geolabelid": 2034615, "label": "Tahe"}, {"country": "China", "subcountry": "Liaoning", "geolabelid": 2034638, "label": "Sujiatun"}, {"country": "China", "subcountry": "Heilongjiang Sheng", "geolabelid": 2034651, "label": "Suileng"}, {"country": "China", "subcountry": "Heilongjiang Sheng", "geolabelid": 2034655, "label": "Suihua"}, {"country": "China", "subcountry": "Heilongjiang Sheng", "geolabelid": 2034657, "label": "Suifenhe"}, {"country": "China", "subcountry": "Jilin Sheng", "geolabelid": 2034691, "label": "Songjianghe"}, {"country": "China", "subcountry": "Jilin Sheng", "geolabelid": 2034714, "label": "Siping"}, {"country": "China", "subcountry": "Beijing", "geolabelid": 2034754, "label": "Shunyi"}, {"country": "China", "subcountry": "Jilin Sheng", "geolabelid": 2034761, "label": "Shulan"}, {"country": "China", "subcountry": "Heilongjiang Sheng", "geolabelid": 2034786, "label": "Shuangyashan"}, {"country": "China", "subcountry": "Jilin Sheng", "geolabelid": 2034791, "label": "Shuangyang"}, {"country": "China", "subcountry": "Heilongjiang Sheng", "geolabelid": 2034834, "label": "Shuangcheng"}, {"country": "China", "subcountry": "Inner Mongolia", "geolabelid": 2034918, "label": "Shiguai"}, {"country": "China", "subcountry": "Liaoning", "geolabelid": 2034937, "label": "Shenyang"}, {"country": "China", "subcountry": "Heilongjiang Sheng", "geolabelid": 2034995, "label": "Shanhetun"}, {"country": "China", "subcountry": "Hebei", "geolabelid": 2034996, "label": "Shanhaiguan"}, {"country": "China", "subcountry": "Heilongjiang Sheng", "geolabelid": 2035002, "label": "Shangzhi"}, {"country": "China", "subcountry": "Jilin Sheng", "geolabelid": 2035182, "label": "Sanchazi"}, {"country": "China", "subcountry": "Inner Mongolia", "geolabelid": 2035196, "label": "Salaqi"}, {"country": "China", "subcountry": "Heilongjiang Sheng", "geolabelid": 2035225, "label": "Fendou"}, {"country": "China", "subcountry": "Heilongjiang Sheng", "geolabelid": 2035261, "label": "Taihe"}, {"country": "China", "subcountry": "Heilongjiang Sheng", "geolabelid": 2035265, "label": "Qiqihar"}, {"country": "China", "subcountry": "Heilongjiang Sheng", "geolabelid": 2035325, "label": "Qinggang"}, {"country": "China", "subcountry": "Jilin Sheng", "geolabelid": 2035399, "label": "Qianguo"}, {"country": "China", "subcountry": "Inner Mongolia", "geolabelid": 2035453, "label": "Pingzhuang"}, {"country": "China", "subcountry": "Jilin Sheng", "geolabelid": 2035511, "label": "Panshi"}, {"country": "China", "subcountry": "Liaoning", "geolabelid": 2035513, "label": "Panshan"}, {"country": "China", "subcountry": "Heilongjiang Sheng", "geolabelid": 2035593, "label": "Nianzishan"}, {"country": "China", "subcountry": "Heilongjiang Sheng", "geolabelid": 2035601, "label": "Nenjiang"}, {"country": "China", "subcountry": "Heilongjiang Sheng", "geolabelid": 2035610, "label": "Nehe"}, {"country": "China", "subcountry": "Liaoning", "geolabelid": 2035635, "label": "Nantai"}, {"country": "China", "subcountry": "Liaoning", "geolabelid": 2035644, "label": "Nanpiao"}, {"country": "China", "subcountry": "Heilongjiang Sheng", "geolabelid": 2035669, "label": "Lianhe"}, {"country": "China", "subcountry": "Inner Mongolia", "geolabelid": 2035707, "label": "Mujiayingzi"}, {"country": "China", "subcountry": "Heilongjiang Sheng", "geolabelid": 2035715, "label": "Mudanjiang"}, {"country": "China", "subcountry": "Heilongjiang Sheng", "geolabelid": 2035746, "label": "Mishan"}, {"country": "China", "subcountry": "Jilin Sheng", "geolabelid": 2035754, "label": "Mingyue"}, {"country": "China", "subcountry": "Heilongjiang Sheng", "geolabelid": 2035758, "label": "Mingshui"}, {"country": "China", "subcountry": "Jilin Sheng", "geolabelid": 2035801, "label": "Meihekou"}, {"country": "China", "subcountry": "Inner Mongolia", "geolabelid": 2035836, "label": "Manzhouli"}, {"country": "China", "subcountry": "Jilin Sheng", "geolabelid": 2035966, "label": "Longjing"}, {"country": "China", "subcountry": "Heilongjiang Sheng", "geolabelid": 2035970, "label": "Longjiang"}, {"country": "China", "subcountry": "Heilongjiang Sheng", "geolabelid": 2035980, "label": "Longfeng"}, {"country": "China", "subcountry": "Jilin Sheng", "geolabelid": 2036033, "label": "Liuhe"}, {"country": "China", "subcountry": "Jilin Sheng", "geolabelid": 2036055, "label": "Lishu"}, {"country": "China", "subcountry": "Heilongjiang Sheng", "geolabelid": 2036066, "label": "Linkou"}, {"country": "China", "subcountry": "Jilin Sheng", "geolabelid": 2036069, "label": "Linjiang"}, {"country": "China", "subcountry": "Liaoning", "geolabelid": 2036075, "label": "Lingyuan"}, {"country": "China", "subcountry": "Heilongjiang Sheng", "geolabelid": 2036081, "label": "Lingdong"}, {"country": "China", "subcountry": "Liaoning", "geolabelid": 2036106, "label": "Liaozhong"}, {"country": "China", "subcountry": "Jilin Sheng", "geolabelid": 2036109, "label": "Liaoyuan"}, {"country": "China", "subcountry": "Liaoning", "geolabelid": 2036113, "label": "Liaoyang"}, {"country": "China", "subcountry": "Heilongjiang Sheng", "geolabelid": 2036226, "label": "Lanxi"}, {"country": "China", "subcountry": "Heilongjiang Sheng", "geolabelid": 2036237, "label": "Langxiang"}, {"country": "China", "subcountry": "Liaoning", "geolabelid": 2036241, "label": "Langtou"}, {"country": "China", "subcountry": "Liaoning", "geolabelid": 2036283, "label": "Kuandian"}, {"country": "China", "subcountry": "Liaoning", "geolabelid": 2036337, "label": "Kaiyuan"}, {"country": "China", "subcountry": "Jilin Sheng", "geolabelid": 2036338, "label": "Kaitong"}, {"country": "China", "subcountry": "Heilongjiang Sheng", "geolabelid": 2036389, "label": "Jixi"}, {"country": "China", "subcountry": "Jilin Sheng", "geolabelid": 2036401, "label": "Jiutai"}, {"country": "China", "subcountry": "Liaoning", "geolabelid": 2036403, "label": "Jiupu"}, {"country": "China", "subcountry": "Jilin Sheng", "geolabelid": 2036418, "label": "Jishu"}, {"country": "China", "subcountry": "Liaoning", "geolabelid": 2036427, "label": "Jinzhou"}, {"country": "China", "subcountry": "Liaoning", "geolabelid": 2036434, "label": "Lianshan"}, {"country": "China", "subcountry": "Inner Mongolia", "geolabelid": 2036458, "label": "Jining"}, {"country": "China", "subcountry": "Jilin Sheng", "geolabelid": 2036502, "label": "Jilin"}, {"country": "China", "subcountry": "Heilongjiang Sheng", "geolabelid": 2036519, "label": "Jidong"}, {"country": "China", "subcountry": "Jilin Sheng", "geolabelid": 2036536, "label": "Minzhu"}, {"country": "China", "subcountry": "Heilongjiang Sheng", "geolabelid": 2036581, "label": "Jiamusi"}, {"country": "China", "subcountry": "Inner Mongolia", "geolabelid": 2036595, "label": "Jalai Nur"}, {"country": "China", "subcountry": "Inner Mongolia", "geolabelid": 2036597, "label": "Jagdaqi"}, {"country": "China", "subcountry": "Liaoning", "geolabelid": 2036619, "label": "Hushitai"}, {"country": "China", "subcountry": "Jilin Sheng", "geolabelid": 2036653, "label": "Hunchun"}, {"country": "China", "subcountry": "Heilongjiang Sheng", "geolabelid": 2036670, "label": "Hulan Ergi"}, {"country": "China", "subcountry": "Heilongjiang Sheng", "geolabelid": 2036671, "label": "Hulan"}, {"country": "China", "subcountry": "Jilin Sheng", "geolabelid": 2036685, "label": "Huinan"}, {"country": "China", "subcountry": "Liaoning", "geolabelid": 2036713, "label": "Huanren"}, {"country": "China", "subcountry": "Jilin Sheng", "geolabelid": 2036734, "label": "Huangnihe"}, {"country": "China", "subcountry": "Heilongjiang Sheng", "geolabelid": 2036753, "label": "Huanan"}, {"country": "China", "subcountry": "Jilin Sheng", "geolabelid": 2036776, "label": "Huadian"}, {"country": "China", "subcountry": "Heilongjiang Sheng", "geolabelid": 2036876, "label": "Honggang"}, {"country": "China", "subcountry": "Inner Mongolia", "geolabelid": 2036892, "label": "Hohhot"}, {"country": "China", "subcountry": "Heilongjiang Sheng", "geolabelid": 2036920, "label": "Fendou"}, {"country": "China", "subcountry": "Jilin Sheng", "geolabelid": 2036933, "label": "Helong"}, {"country": "China", "subcountry": "Liaoning", "geolabelid": 2036959, "label": "Heishan"}, {"country": "China", "subcountry": "Heilongjiang Sheng", "geolabelid": 2036973, "label": "Heihe"}, {"country": "China", "subcountry": "Heilongjiang Sheng", "geolabelid": 2036986, "label": "Hegang"}, {"country": "China", "subcountry": "Heilongjiang Sheng", "geolabelid": 2037013, "label": "Harbin"}, {"country": "China", "subcountry": "Heilongjiang Sheng", "geolabelid": 2037069, "label": "Hailun"}, {"country": "China", "subcountry": "Heilongjiang Sheng", "geolabelid": 2037075, "label": "Hailin"}, {"country": "China", "subcountry": "Inner Mongolia", "geolabelid": 2037078, "label": "Hailar"}, {"country": "China", "subcountry": "Liaoning", "geolabelid": 2037086, "label": "Haicheng"}, {"country": "China", "subcountry": "Jilin Sheng", "geolabelid": 2037222, "label": "Gongzhuling"}, {"country": "China", "subcountry": "Liaoning", "geolabelid": 2037240, "label": "Gongchangling"}, {"country": "China", "subcountry": "Inner Mongolia", "geolabelid": 2037252, "label": "Genhe"}, {"country": "China", "subcountry": "Heilongjiang Sheng", "geolabelid": 2037311, "label": "Gannan"}, {"country": "China", "subcountry": "Heilongjiang Sheng", "geolabelid": 2037330, "label": "Fuyuan"}, {"country": "China", "subcountry": "Heilongjiang Sheng", "geolabelid": 2037334, "label": "Fuyu"}, {"country": "China", "subcountry": "Jilin Sheng", "geolabelid": 2037335, "label": "Fuyu"}, {"country": "China", "subcountry": "Liaoning", "geolabelid": 2037345, "label": "Fuxin"}, {"country": "China", "subcountry": "Liaoning", "geolabelid": 2037346, "label": "Fuxin"}, {"country": "China", "subcountry": "Liaoning", "geolabelid": 2037355, "label": "Fushun"}, {"country": "China", "subcountry": "Heilongjiang Sheng", "geolabelid": 2037370, "label": "Fuli"}, {"country": "China", "subcountry": "Heilongjiang Sheng", "geolabelid": 2037375, "label": "Fujin"}, {"country": "China", "subcountry": "Inner Mongolia", "geolabelid": 2037391, "label": "Beichengqu"}, {"country": "China", "subcountry": "Heilongjiang Sheng", "geolabelid": 2037393, "label": "Fengxiang"}, {"country": "China", "subcountry": "Liaoning", "geolabelid": 2037411, "label": "Fengcheng"}, {"country": "China", "subcountry": "Inner Mongolia", "geolabelid": 2037485, "label": "Erenhot"}, {"country": "China", "subcountry": "Jilin Sheng", "geolabelid": 2037494, "label": "Erdaojiang"}, {"country": "China", "subcountry": "Jilin Sheng", "geolabelid": 2037534, "label": "Dunhua"}, {"country": "China", "subcountry": "Heilongjiang Sheng", "geolabelid": 2037611, "label": "Dongning"}, {"country": "China", "subcountry": "Liaoning", "geolabelid": 2037620, "label": "Dongling"}, {"country": "China", "subcountry": "Jilin Sheng", "geolabelid": 2037658, "label": "Dongfeng"}, {"country": "China", "subcountry": "Heilongjiang Sheng", "geolabelid": 2037685, "label": "Dongxing"}, {"country": "China", "subcountry": "Jilin Sheng", "geolabelid": 2037712, "label": "Dehui"}, {"country": "China", "subcountry": "Shanxi Sheng", "geolabelid": 2037799, "label": "Datong"}, {"country": "China", "subcountry": "Jilin Sheng", "geolabelid": 2037820, "label": "Dashitou"}, {"country": "China", "subcountry": "Liaoning", "geolabelid": 2037823, "label": "Dashiqiao"}, {"country": "China", "subcountry": "Heilongjiang Sheng", "geolabelid": 2037860, "label": "Daqing"}, {"country": "China", "subcountry": "Liaoning", "geolabelid": 2037886, "label": "Dandong"}, {"country": "China", "subcountry": "Liaoning", "geolabelid": 2037913, "label": "Linghai"}, {"country": "China", "subcountry": "Jilin Sheng", "geolabelid": 2037930, "label": "Dalai"}, {"country": "China", "subcountry": "Inner Mongolia", "geolabelid": 2038067, "label": "Chifeng"}, {"country": "China", "subcountry": "Heilongjiang Sheng", "geolabelid": 2038080, "label": "Chengzihe"}, {"country": "China", "subcountry": "Hebei", "geolabelid": 2038087, "label": "Chengde"}, {"country": "China", "subcountry": "Jilin Sheng", "geolabelid": 2038118, "label": "Chaoyang"}, {"country": "China", "subcountry": "Liaoning", "geolabelid": 2038120, "label": "Chaoyang"}, {"country": "China", "subcountry": "Liaoning", "geolabelid": 2038139, "label": "Changtu"}, {"country": "China", "subcountry": "Beijing", "geolabelid": 2038154, "label": "Changping"}, {"country": "China", "subcountry": "Jilin Sheng", "geolabelid": 2038158, "label": "Changling"}, {"country": "China", "subcountry": "Jilin Sheng", "geolabelid": 2038180, "label": "Changchun"}, {"country": "China", "subcountry": "Heilongjiang Sheng", "geolabelid": 2038198, "label": "Chaihe"}, {"country": "China", "subcountry": "Heilongjiang Sheng", "geolabelid": 2038274, "label": "Boli"}, {"country": "China", "subcountry": "Heilongjiang Sheng", "geolabelid": 2038283, "label": "Binzhou"}, {"country": "China", "subcountry": "Liaoning", "geolabelid": 2038300, "label": "Benxi"}, {"country": "China", "subcountry": "Liaoning", "geolabelid": 2038342, "label": "Beipiao"}, {"country": "China", "subcountry": "Heilongjiang Sheng", "geolabelid": 2038365, "label": "Bei\u2019an"}, {"country": "China", "subcountry": "Heilongjiang Sheng", "geolabelid": 2038421, "label": "Bayan"}, {"country": "China", "subcountry": "Inner Mongolia", "geolabelid": 2038432, "label": "Baotou"}, {"country": "China", "subcountry": "Heilongjiang Sheng", "geolabelid": 2038438, "label": "Baoshan"}, {"country": "China", "subcountry": "Heilongjiang Sheng", "geolabelid": 2038446, "label": "Baoqing"}, {"country": "China", "subcountry": "Heilongjiang Sheng", "geolabelid": 2038482, "label": "Bamiantong"}, {"country": "China", "subcountry": "Jilin Sheng", "geolabelid": 2038529, "label": "Baishishan"}, {"country": "China", "subcountry": "Heilongjiang Sheng", "geolabelid": 2038541, "label": "Baiquan"}, {"country": "China", "subcountry": "Jilin Sheng", "geolabelid": 2038569, "label": "Baicheng"}, {"country": "China", "subcountry": "Jilin Sheng", "geolabelid": 2038584, "label": "Baishan"}, {"country": "China", "subcountry": "Liaoning", "geolabelid": 2038632, "label": "Anshan"}, {"country": "China", "subcountry": "Heilongjiang Sheng", "geolabelid": 2038650, "label": "Anda"}, {"country": "China", "subcountry": "Inner Mongolia", "geolabelid": 2038665, "label": "Oroqen Zizhiqi"}, {"country": "China", "subcountry": "Heilongjiang Sheng", "geolabelid": 2038679, "label": "Acheng"}, {"country": "China", "subcountry": "Hebei", "geolabelid": 2047837, "label": "Songling"}, {"country": "China", "subcountry": "Yunnan", "geolabelid": 6825277, "label": "Shilin"}, {"country": "China", "subcountry": "Jiangsu", "geolabelid": 7283386, "label": "Changshu City"}, {"country": "China", "subcountry": "Guangdong", "geolabelid": 7290013, "label": "Shixing"}, {"country": "China", "subcountry": "Zhejiang Sheng", "geolabelid": 7303248, "label": "Jiashan"}, {"country": "China", "subcountry": "Hunan", "geolabelid": 7304020, "label": "Fenghuang"}, {"country": "China", "subcountry": "Shandong Sheng", "geolabelid": 7602670, "label": "Zhu Cheng City"}, {"country": "China", "subcountry": "Yunnan", "geolabelid": 7910932, "label": "Shangri-La"}, {"country": "China", "subcountry": "Inner Mongolia", "geolabelid": 8347664, "label": "Ordos"}, {"country": "China", "subcountry": "Yunnan", "geolabelid": 8505006, "label": "Wenshan City"}, {"country": "China", "subcountry": "Guizhou Sheng", "geolabelid": 8533133, "label": "Liupanshui"}]