[{"country": "Sierra Leone", "subcountry": "Western Area", "geolabelid": 2403094, "label": "Waterloo"}, {"country": "Sierra Leone", "subcountry": "Eastern Province", "geolabelid": 2404041, "label": "Segbwema"}, {"country": "Sierra Leone", "subcountry": "Northern Province", "geolabelid": 2404433, "label": "Port Loko"}, {"country": "Sierra Leone", "subcountry": "Northern Province", "geolabelid": 2406407, "label": "Makeni"}, {"country": "Sierra Leone", "subcountry": "Northern Province", "geolabelid": 2406916, "label": "Lunsar"}, {"country": "Sierra Leone", "subcountry": "Eastern Province", "geolabelid": 2407656, "label": "Koidu"}, {"country": "Sierra Leone", "subcountry": "Eastern Province", "geolabelid": 2407790, "label": "Kenema"}, {"country": "Sierra Leone", "subcountry": "Northern Province", "geolabelid": 2408329, "label": "Kabala"}, {"country": "Sierra Leone", "subcountry": "Western Area", "geolabelid": 2409306, "label": "Freetown"}, {"country": "Sierra Leone", "subcountry": "Southern Province", "geolabelid": 2410048, "label": "Bo"}]