[{"country": "Mozambique", "subcountry": "Gaza", "geolabelid": 1024552, "label": "Xai-Xai"}, {"country": "Mozambique", "subcountry": "Sofala", "geolabelid": 1024696, "label": "Dondo"}, {"country": "Mozambique", "subcountry": "Gaza", "geolabelid": 1024701, "label": "Macia"}, {"country": "Mozambique", "subcountry": "Tete", "geolabelid": 1026014, "label": "Tete"}, {"country": "Mozambique", "subcountry": "Maputo", "geolabelid": 1028079, "label": "Ressano Garcia"}, {"country": "Mozambique", "subcountry": "Zamb\u00e9zia", "geolabelid": 1028434, "label": "Quelimane"}, {"country": "Mozambique", "subcountry": "Cabo Delgado", "geolabelid": 1028918, "label": "Pemba"}, {"country": "Mozambique", "subcountry": "Nampula", "geolabelid": 1033356, "label": "Nampula"}, {"country": "Mozambique", "subcountry": "Nampula", "geolabelid": 1035025, "label": "Nacala"}, {"country": "Mozambique", "subcountry": "Cabo Delgado", "geolabelid": 1037125, "label": "Montepuez"}, {"country": "Mozambique", "subcountry": "Cabo Delgado", "geolabelid": 1037370, "label": "Moc\u00edmboa"}, {"country": "Mozambique", "subcountry": "Nampula", "geolabelid": 1037390, "label": "Ilha de Mo\u00e7ambique"}, {"country": "Mozambique", "subcountry": "Inhambane", "geolabelid": 1039536, "label": "Maxixe"}, {"country": "Mozambique", "subcountry": "Maputo", "geolabelid": 1039854, "label": "Matola"}, {"country": "Mozambique", "subcountry": "Maputo City", "geolabelid": 1040652, "label": "Maputo"}, {"country": "Mozambique", "subcountry": "Gaza", "geolabelid": 1040938, "label": "Manjacaze"}, {"country": "Mozambique", "subcountry": "Niassa", "geolabelid": 1043893, "label": "Lichinga"}, {"country": "Mozambique", "subcountry": "Inhambane", "geolabelid": 1045114, "label": "Inhambane"}, {"country": "Mozambique", "subcountry": "Niassa", "geolabelid": 1047660, "label": "Cuamba"}, {"country": "Mozambique", "subcountry": "Gaza", "geolabelid": 1048364, "label": "Chokw\u00e9"}, {"country": "Mozambique", "subcountry": "Manica", "geolabelid": 1049261, "label": "Chimoio"}, {"country": "Mozambique", "subcountry": "Gaza", "geolabelid": 1049861, "label": "Chibuto"}, {"country": "Mozambique", "subcountry": "Sofala", "geolabelid": 1052373, "label": "Beira"}, {"country": "Mozambique", "subcountry": "Nampula", "geolabelid": 1052944, "label": "Ant\u00f3nio Enes"}, {"country": "Mozambique", "subcountry": "Nampula", "geolabelid": 1088155, "label": "Mutu\u00e1li"}]