[{"country": "France", "subcountry": "\u00cele-de-France", "geolabelid": 2967245, "label": "Yerres"}, {"country": "France", "subcountry": "Alsace-Champagne-Ardenne-Lorraine", "geolabelid": 2967318, "label": "Wittenheim"}, {"country": "France", "subcountry": "Nord-Pas-de-Calais-Picardie", "geolabelid": 2967421, "label": "Wattrelos"}, {"country": "France", "subcountry": "Nord-Pas-de-Calais-Picardie", "geolabelid": 2967438, "label": "Wasquehal"}, {"country": "France", "subcountry": "Auvergne-Rh\u00f4ne-Alpes", "geolabelid": 2967758, "label": "Voiron"}, {"country": "France", "subcountry": "\u00cele-de-France", "geolabelid": 2967849, "label": "Vitry-sur-Seine"}, {"country": "France", "subcountry": "Alsace-Champagne-Ardenne-Lorraine", "geolabelid": 2967856, "label": "Vitry-le-Fran\u00e7ois"}, {"country": "France", "subcountry": "Provence-Alpes-C\u00f4te d'Azur", "geolabelid": 2967870, "label": "Vitrolles"}, {"country": "France", "subcountry": "Brittany", "geolabelid": 2967879, "label": "Vitr\u00e9"}, {"country": "France", "subcountry": "\u00cele-de-France", "geolabelid": 2967917, "label": "Viry-Ch\u00e2tillon"}, {"country": "France", "subcountry": "\u00cele-de-France", "geolabelid": 2967934, "label": "Viroflay"}, {"country": "France", "subcountry": "\u00cele-de-France", "geolabelid": 2968054, "label": "Vincennes"}, {"country": "France", "subcountry": "\u00cele-de-France", "geolabelid": 2968142, "label": "Villiers-sur-Marne"}, {"country": "France", "subcountry": "\u00cele-de-France", "geolabelid": 2968176, "label": "Villiers-le-Bel"}, {"country": "France", "subcountry": "Auvergne-Rh\u00f4ne-Alpes", "geolabelid": 2968254, "label": "Villeurbanne"}, {"country": "France", "subcountry": "Alsace-Champagne-Ardenne-Lorraine", "geolabelid": 2968368, "label": "Villers-l\u00e8s-Nancy"}, {"country": "France", "subcountry": "\u00cele-de-France", "geolabelid": 2968482, "label": "Villepinte"}, {"country": "France", "subcountry": "\u00cele-de-France", "geolabelid": 2968496, "label": "Villeparisis"}, {"country": "France", "subcountry": "Aquitaine-Limousin-Poitou-Charentes", "geolabelid": 2968515, "label": "Villeneuve-sur-Lot"}, {"country": "France", "subcountry": "\u00cele-de-France", "geolabelid": 2968529, "label": "Villeneuve-Saint-Georges"}, {"country": "France", "subcountry": "\u00cele-de-France", "geolabelid": 2968546, "label": "Villeneuve-le-Roi"}, {"country": "France", "subcountry": "\u00cele-de-France", "geolabelid": 2968555, "label": "Villeneuve-la-Garenne"}, {"country": "France", "subcountry": "Aquitaine-Limousin-Poitou-Charentes", "geolabelid": 2968620, "label": "Villenave-d\u2019Ornon"}, {"country": "France", "subcountry": "\u00cele-de-France", "geolabelid": 2968653, "label": "Villemomble"}, {"country": "France", "subcountry": "\u00cele-de-France", "geolabelid": 2968705, "label": "Villejuif"}, {"country": "France", "subcountry": "Auvergne-Rh\u00f4ne-Alpes", "geolabelid": 2968748, "label": "Villefranche-sur-Sa\u00f4ne"}, {"country": "France", "subcountry": "Auvergne-Rh\u00f4ne-Alpes", "geolabelid": 2968771, "label": "Villefontaine"}, {"country": "France", "subcountry": "\u00cele-de-France", "geolabelid": 2969109, "label": "Vigneux-sur-Seine"}, {"country": "France", "subcountry": "Centre", "geolabelid": 2969257, "label": "Vierzon"}, {"country": "France", "subcountry": "Auvergne-Rh\u00f4ne-Alpes", "geolabelid": 2969284, "label": "Vienne"}, {"country": "France", "subcountry": "Auvergne-Rh\u00f4ne-Alpes", "geolabelid": 2969392, "label": "Vichy"}, {"country": "France", "subcountry": "Bourgogne-Franche-Comt\u00e9", "geolabelid": 2969562, "label": "Vesoul"}, {"country": "France", "subcountry": "Pays de la Loire", "geolabelid": 2969612, "label": "Vertou"}, {"country": "France", "subcountry": "\u00cele-de-France", "geolabelid": 2969679, "label": "Versailles"}, {"country": "France", "subcountry": "\u00cele-de-France", "geolabelid": 2969692, "label": "Verri\u00e8res-le-Buisson"}, {"country": "France", "subcountry": "Normandy", "geolabelid": 2969766, "label": "Vernon"}, {"country": "France", "subcountry": "\u00cele-de-France", "geolabelid": 2969796, "label": "Verneuil-sur-Seine"}, {"country": "France", "subcountry": "Alsace-Champagne-Ardenne-Lorraine", "geolabelid": 2969958, "label": "Verdun"}, {"country": "France", "subcountry": "Auvergne-Rh\u00f4ne-Alpes", "geolabelid": 2970072, "label": "V\u00e9nissieux"}, {"country": "France", "subcountry": "Centre", "geolabelid": 2970110, "label": "Vend\u00f4me"}, {"country": "France", "subcountry": "Provence-Alpes-C\u00f4te d'Azur", "geolabelid": 2970148, "label": "Vence"}, {"country": "France", "subcountry": "\u00cele-de-France", "geolabelid": 2970203, "label": "V\u00e9lizy-Villacoublay"}, {"country": "France", "subcountry": "\u00cele-de-France", "geolabelid": 2970432, "label": "Vaur\u00e9al"}, {"country": "France", "subcountry": "Auvergne-Rh\u00f4ne-Alpes", "geolabelid": 2970456, "label": "Vaulx-en-Velin"}, {"country": "France", "subcountry": "\u00cele-de-France", "geolabelid": 2970761, "label": "Vanves"}, {"country": "France", "subcountry": "Brittany", "geolabelid": 2970777, "label": "Vannes"}, {"country": "France", "subcountry": "Alsace-Champagne-Ardenne-Lorraine", "geolabelid": 2970797, "label": "Vand\u0153uvre-l\u00e8s-Nancy"}, {"country": "France", "subcountry": "Provence-Alpes-C\u00f4te d'Azur", "geolabelid": 2970962, "label": "Vallauris"}, {"country": "France", "subcountry": "Nord-Pas-de-Calais-Picardie", "geolabelid": 2971041, "label": "Valenciennes"}, {"country": "France", "subcountry": "Auvergne-Rh\u00f4ne-Alpes", "geolabelid": 2971053, "label": "Valence"}, {"country": "France", "subcountry": "Aquitaine-Limousin-Poitou-Charentes", "geolabelid": 2971482, "label": "Tulle"}, {"country": "France", "subcountry": "Alsace-Champagne-Ardenne-Lorraine", "geolabelid": 2971549, "label": "Troyes"}, {"country": "France", "subcountry": "\u00cele-de-France", "geolabelid": 2971874, "label": "Tremblay-en-France"}, {"country": "France", "subcountry": "\u00cele-de-France", "geolabelid": 2972049, "label": "Trappes"}, {"country": "France", "subcountry": "Centre", "geolabelid": 2972191, "label": "Tours"}, {"country": "France", "subcountry": "Languedoc-Roussillon-Midi-Pyr\u00e9n\u00e9es", "geolabelid": 2972237, "label": "Tournefeuille"}, {"country": "France", "subcountry": "Normandy", "geolabelid": 2972270, "label": "Tourlaville"}, {"country": "France", "subcountry": "Nord-Pas-de-Calais-Picardie", "geolabelid": 2972284, "label": "Tourcoing"}, {"country": "France", "subcountry": "Languedoc-Roussillon-Midi-Pyr\u00e9n\u00e9es", "geolabelid": 2972315, "label": "Toulouse"}, {"country": "France", "subcountry": "Provence-Alpes-C\u00f4te d'Azur", "geolabelid": 2972328, "label": "Toulon"}, {"country": "France", "subcountry": "Alsace-Champagne-Ardenne-Lorraine", "geolabelid": 2972350, "label": "Toul"}, {"country": "France", "subcountry": "\u00cele-de-France", "geolabelid": 2972444, "label": "Torcy"}, {"country": "France", "subcountry": "Auvergne-Rh\u00f4ne-Alpes", "geolabelid": 2972742, "label": "Thonon-les-Bains"}, {"country": "France", "subcountry": "Alsace-Champagne-Ardenne-Lorraine", "geolabelid": 2972811, "label": "Thionville"}, {"country": "France", "subcountry": "\u00cele-de-France", "geolabelid": 2972893, "label": "Thiais"}, {"country": "France", "subcountry": "Nord-Pas-de-Calais-Picardie", "geolabelid": 2973146, "label": "Tergnier"}, {"country": "France", "subcountry": "\u00cele-de-France", "geolabelid": 2973258, "label": "Taverny"}, {"country": "France", "subcountry": "Auvergne-Rh\u00f4ne-Alpes", "geolabelid": 2973317, "label": "Tassin-la-Demi-Lune"}, {"country": "France", "subcountry": "Languedoc-Roussillon-Midi-Pyr\u00e9n\u00e9es", "geolabelid": 2973385, "label": "Tarbes"}, {"country": "France", "subcountry": "Aquitaine-Limousin-Poitou-Charentes", "geolabelid": 2973495, "label": "Talence"}, {"country": "France", "subcountry": "\u00cele-de-France", "geolabelid": 2973675, "label": "Suresnes"}, {"country": "France", "subcountry": "\u00cele-de-France", "geolabelid": 2973745, "label": "Sucy-en-Brie"}, {"country": "France", "subcountry": "Alsace-Champagne-Ardenne-Lorraine", "geolabelid": 2973783, "label": "Strasbourg"}, {"country": "France", "subcountry": "\u00cele-de-France", "geolabelid": 2973841, "label": "Stains"}, {"country": "France", "subcountry": "Normandy", "geolabelid": 2974153, "label": "Sotteville-l\u00e8s-Rouen"}, {"country": "France", "subcountry": "Provence-Alpes-C\u00f4te d'Azur", "geolabelid": 2974188, "label": "Sorgues"}, {"country": "France", "subcountry": "\u00cele-de-France", "geolabelid": 2974385, "label": "Soisy-sous-Montmorency"}, {"country": "France", "subcountry": "Nord-Pas-de-Calais-Picardie", "geolabelid": 2974389, "label": "Soissons"}, {"country": "France", "subcountry": "Provence-Alpes-C\u00f4te d'Azur", "geolabelid": 2974427, "label": "Six-Fours-les-Plages"}, {"country": "France", "subcountry": "Nord-Pas-de-Calais-Picardie", "geolabelid": 2974494, "label": "Sin-le-Noble"}, {"country": "France", "subcountry": "Auvergne-Rh\u00f4ne-Alpes", "geolabelid": 2974655, "label": "Seynod"}, {"country": "France", "subcountry": "\u00cele-de-France", "geolabelid": 2974678, "label": "S\u00e8vres"}, {"country": "France", "subcountry": "\u00cele-de-France", "geolabelid": 2974681, "label": "Sevran"}, {"country": "France", "subcountry": "Languedoc-Roussillon-Midi-Pyr\u00e9n\u00e9es", "geolabelid": 2974733, "label": "S\u00e8te"}, {"country": "France", "subcountry": "Bourgogne-Franche-Comt\u00e9", "geolabelid": 2975050, "label": "Sens"}, {"country": "France", "subcountry": "Nord-Pas-de-Calais-Picardie", "geolabelid": 2975088, "label": "Senlis"}, {"country": "France", "subcountry": "Alsace-Champagne-Ardenne-Lorraine", "geolabelid": 2975233, "label": "S\u00e9lestat"}, {"country": "France", "subcountry": "Alsace-Champagne-Ardenne-Lorraine", "geolabelid": 2975349, "label": "Sedan"}, {"country": "France", "subcountry": "Alsace-Champagne-Ardenne-Lorraine", "geolabelid": 2975446, "label": "Schiltigheim"}, {"country": "France", "subcountry": "\u00cele-de-France", "geolabelid": 2975469, "label": "Sceaux"}, {"country": "France", "subcountry": "\u00cele-de-France", "geolabelid": 2975525, "label": "Savigny-sur-Orge"}, {"country": "France", "subcountry": "\u00cele-de-France", "geolabelid": 2975536, "label": "Savigny-le-Temple"}, {"country": "France", "subcountry": "Pays de la Loire", "geolabelid": 2975758, "label": "Saumur"}, {"country": "France", "subcountry": "\u00cele-de-France", "geolabelid": 2975921, "label": "Sartrouville"}, {"country": "France", "subcountry": "Alsace-Champagne-Ardenne-Lorraine", "geolabelid": 2975964, "label": "Sarreguemines"}, {"country": "France", "subcountry": "\u00cele-de-France", "geolabelid": 2976043, "label": "Sarcelles"}, {"country": "France", "subcountry": "Centre", "geolabelid": 2976050, "label": "Saran"}, {"country": "France", "subcountry": "\u00cele-de-France", "geolabelid": 2976179, "label": "Sannois"}, {"country": "France", "subcountry": "Provence-Alpes-C\u00f4te d'Azur", "geolabelid": 2976258, "label": "Sanary-sur-Mer"}, {"country": "France", "subcountry": "Provence-Alpes-C\u00f4te d'Azur", "geolabelid": 2976341, "label": "Salon-de-Provence"}, {"country": "France", "subcountry": "Auvergne-Rh\u00f4ne-Alpes", "geolabelid": 2976406, "label": "Sallanches"}, {"country": "France", "subcountry": "Pays de la Loire", "geolabelid": 2976984, "label": "Saint-S\u00e9bastien-sur-Loire"}, {"country": "France", "subcountry": "Provence-Alpes-C\u00f4te d'Azur", "geolabelid": 2977246, "label": "Saint-Rapha\u00ebl"}, {"country": "France", "subcountry": "Nord-Pas-de-Calais-Picardie", "geolabelid": 2977295, "label": "Saint-Quentin"}, {"country": "France", "subcountry": "Auvergne-Rh\u00f4ne-Alpes", "geolabelid": 2977356, "label": "Saint-Priest"}, {"country": "France", "subcountry": "Nord-Pas-de-Calais-Picardie", "geolabelid": 2977388, "label": "Saint-Pol-sur-Mer"}, {"country": "France", "subcountry": "Centre", "geolabelid": 2977491, "label": "Saint-Pierre-des-Corps"}, {"country": "France", "subcountry": "\u00cele-de-France", "geolabelid": 2977800, "label": "Saint-Ouen-l\u2019Aum\u00f4ne"}, {"country": "France", "subcountry": "\u00cele-de-France", "geolabelid": 2977824, "label": "Saint-Ouen"}, {"country": "France", "subcountry": "Nord-Pas-de-Calais-Picardie", "geolabelid": 2977845, "label": "Saint-Omer"}, {"country": "France", "subcountry": "Pays de la Loire", "geolabelid": 2977921, "label": "Saint-Nazaire"}, {"country": "France", "subcountry": "\u00cele-de-France", "geolabelid": 2977952, "label": "Saint-Michel-sur-Orge"}, {"country": "France", "subcountry": "Aquitaine-Limousin-Poitou-Charentes", "geolabelid": 2978072, "label": "Saint-M\u00e9dard-en-Jalles"}, {"country": "France", "subcountry": "Provence-Alpes-C\u00f4te d'Azur", "geolabelid": 2978100, "label": "Saint-Maximin-la-Sainte-Baume"}, {"country": "France", "subcountry": "\u00cele-de-France", "geolabelid": 2978179, "label": "Saint-Maur-des-Foss\u00e9s"}, {"country": "France", "subcountry": "Auvergne-Rh\u00f4ne-Alpes", "geolabelid": 2978317, "label": "Saint-Martin-d\u2019H\u00e8res"}, {"country": "France", "subcountry": "\u00cele-de-France", "geolabelid": 2978621, "label": "Saint-Mand\u00e9"}, {"country": "France", "subcountry": "Brittany", "geolabelid": 2978640, "label": "Saint-Malo"}, {"country": "France", "subcountry": "Alsace-Champagne-Ardenne-Lorraine", "geolabelid": 2978742, "label": "Saint-Louis"}, {"country": "France", "subcountry": "Normandy", "geolabelid": 2978758, "label": "Saint-L\u00f4"}, {"country": "France", "subcountry": "\u00cele-de-France", "geolabelid": 2978768, "label": "Saint-Leu-la-For\u00eat"}, {"country": "France", "subcountry": "Bourgogne-Franche-Comt\u00e9", "geolabelid": 2978771, "label": "Saint-Leu"}, {"country": "France", "subcountry": "Provence-Alpes-C\u00f4te d'Azur", "geolabelid": 2978891, "label": "Saint-Laurent-du-Var"}, {"country": "France", "subcountry": "Centre", "geolabelid": 2979316, "label": "Saint-Jean-de-la-Ruelle"}, {"country": "France", "subcountry": "Centre", "geolabelid": 2979341, "label": "Saint-Jean-de-Braye"}, {"country": "France", "subcountry": "Pays de la Loire", "geolabelid": 2979590, "label": "Saint-Herblain"}, {"country": "France", "subcountry": "\u00cele-de-France", "geolabelid": 2979627, "label": "Saint-Gratien"}, {"country": "France", "subcountry": "\u00cele-de-France", "geolabelid": 2979783, "label": "Saint-Germain-en-Laye"}, {"country": "France", "subcountry": "Auvergne-Rh\u00f4ne-Alpes", "geolabelid": 2979985, "label": "Saint-Genis-Laval"}, {"country": "France", "subcountry": "Auvergne-Rh\u00f4ne-Alpes", "geolabelid": 2980097, "label": "Saint-Fons"}, {"country": "France", "subcountry": "Normandy", "geolabelid": 2980236, "label": "Saint-\u00c9tienne-du-Rouvray"}, {"country": "France", "subcountry": "Auvergne-Rh\u00f4ne-Alpes", "geolabelid": 2980291, "label": "Saint-\u00c9tienne"}, {"country": "France", "subcountry": "Aquitaine-Limousin-Poitou-Charentes", "geolabelid": 2980340, "label": "Saintes"}, {"country": "France", "subcountry": "\u00cele-de-France", "geolabelid": 2980558, "label": "Sainte-Genevi\u00e8ve-des-Bois"}, {"country": "France", "subcountry": "Auvergne-Rh\u00f4ne-Alpes", "geolabelid": 2980586, "label": "Sainte-Foy-l\u00e8s-Lyon"}, {"country": "France", "subcountry": "Auvergne-Rh\u00f4ne-Alpes", "geolabelid": 2980636, "label": "Saint-\u00c9gr\u00e8ve"}, {"country": "France", "subcountry": "Alsace-Champagne-Ardenne-Lorraine", "geolabelid": 2980816, "label": "Saint-Dizier"}, {"country": "France", "subcountry": "Alsace-Champagne-Ardenne-Lorraine", "geolabelid": 2980827, "label": "Saint-Di\u00e9-des-Vosges"}, {"country": "France", "subcountry": "\u00cele-de-France", "geolabelid": 2980916, "label": "Saint-Denis"}, {"country": "France", "subcountry": "Centre", "geolabelid": 2980935, "label": "Saint-Cyr-sur-Loire"}, {"country": "France", "subcountry": "\u00cele-de-France", "geolabelid": 2980942, "label": "Saint-Cyr-l\u2019\u00c9cole"}, {"country": "France", "subcountry": "\u00cele-de-France", "geolabelid": 2981041, "label": "Saint-Cloud"}, {"country": "France", "subcountry": "Auvergne-Rh\u00f4ne-Alpes", "geolabelid": 2981206, "label": "Saint-Chamond"}, {"country": "France", "subcountry": "Brittany", "geolabelid": 2981280, "label": "Saint-Brieuc"}, {"country": "France", "subcountry": "Alsace-Champagne-Ardenne-Lorraine", "geolabelid": 2981492, "label": "Saint-Avold"}, {"country": "France", "subcountry": "Centre", "geolabelid": 2981512, "label": "Saint-Avertin"}, {"country": "France", "subcountry": "Nord-Pas-de-Calais-Picardie", "geolabelid": 2981839, "label": "Saint-Amand-les-Eaux"}, {"country": "France", "subcountry": "\u00cele-de-France", "geolabelid": 2982235, "label": "Rueil-Malmaison"}, {"country": "France", "subcountry": "Aquitaine-Limousin-Poitou-Charentes", "geolabelid": 2982343, "label": "Royan"}, {"country": "France", "subcountry": "Normandy", "geolabelid": 2982652, "label": "Rouen"}, {"country": "France", "subcountry": "Nord-Pas-de-Calais-Picardie", "geolabelid": 2982681, "label": "Roubaix"}, {"country": "France", "subcountry": "\u00cele-de-France", "geolabelid": 2982757, "label": "Rosny-sous-Bois"}, {"country": "France", "subcountry": "Nord-Pas-de-Calais-Picardie", "geolabelid": 2982944, "label": "Ronchin"}, {"country": "France", "subcountry": "Centre", "geolabelid": 2982967, "label": "Romorantin-Lanthenay"}, {"country": "France", "subcountry": "Auvergne-Rh\u00f4ne-Alpes", "geolabelid": 2983011, "label": "Romans-sur-Is\u00e8re"}, {"country": "France", "subcountry": "\u00cele-de-France", "geolabelid": 2983026, "label": "Romainville"}, {"country": "France", "subcountry": "\u00cele-de-France", "geolabelid": 2983074, "label": "Roissy-en-Brie"}, {"country": "France", "subcountry": "Languedoc-Roussillon-Midi-Pyr\u00e9n\u00e9es", "geolabelid": 2983154, "label": "Rodez"}, {"country": "France", "subcountry": "Aquitaine-Limousin-Poitou-Charentes", "geolabelid": 2983276, "label": "Rochefort"}, {"country": "France", "subcountry": "Auvergne-Rh\u00f4ne-Alpes", "geolabelid": 2983362, "label": "Roanne"}, {"country": "France", "subcountry": "\u00cele-de-France", "geolabelid": 2983440, "label": "Ris-Orangis"}, {"country": "France", "subcountry": "Auvergne-Rh\u00f4ne-Alpes", "geolabelid": 2983489, "label": "Riom"}, {"country": "France", "subcountry": "Auvergne-Rh\u00f4ne-Alpes", "geolabelid": 2983536, "label": "Rillieux-la-Pape"}, {"country": "France", "subcountry": "Pays de la Loire", "geolabelid": 2983770, "label": "Rez\u00e9"}, {"country": "France", "subcountry": "Brittany", "geolabelid": 2983990, "label": "Rennes"}, {"country": "France", "subcountry": "Alsace-Champagne-Ardenne-Lorraine", "geolabelid": 2984114, "label": "Reims"}, {"country": "France", "subcountry": "\u00cele-de-France", "geolabelid": 2984513, "label": "Rambouillet"}, {"country": "France", "subcountry": "Brittany", "geolabelid": 2984701, "label": "Quimper"}, {"country": "France", "subcountry": "\u00cele-de-France", "geolabelid": 2985034, "label": "Puteaux"}, {"country": "France", "subcountry": "Provence-Alpes-C\u00f4te d'Azur", "geolabelid": 2986025, "label": "Port-de-Bouc"}, {"country": "France", "subcountry": "\u00cele-de-France", "geolabelid": 2986140, "label": "Pontoise"}, {"country": "France", "subcountry": "Brittany", "geolabelid": 2986160, "label": "Pontivy"}, {"country": "France", "subcountry": "Bourgogne-Franche-Comt\u00e9", "geolabelid": 2986302, "label": "Pontarlier"}, {"country": "France", "subcountry": "Alsace-Champagne-Ardenne-Lorraine", "geolabelid": 2986306, "label": "Pont-\u00e0-Mousson"}, {"country": "France", "subcountry": "Aquitaine-Limousin-Poitou-Charentes", "geolabelid": 2986495, "label": "Poitiers"}, {"country": "France", "subcountry": "\u00cele-de-France", "geolabelid": 2986501, "label": "Poissy"}, {"country": "France", "subcountry": "Brittany", "geolabelid": 2986732, "label": "Ploemeur"}, {"country": "France", "subcountry": "\u00cele-de-France", "geolabelid": 2986930, "label": "Plaisir"}, {"country": "France", "subcountry": "Languedoc-Roussillon-Midi-Pyr\u00e9n\u00e9es", "geolabelid": 2986933, "label": "Plaisance-du-Touch"}, {"country": "France", "subcountry": "\u00cele-de-France", "geolabelid": 2987271, "label": "Pierrefitte-sur-Seine"}, {"country": "France", "subcountry": "Aquitaine-Limousin-Poitou-Charentes", "geolabelid": 2987805, "label": "Pessac"}, {"country": "France", "subcountry": "Provence-Alpes-C\u00f4te d'Azur", "geolabelid": 2987825, "label": "Pertuis"}, {"country": "France", "subcountry": "Languedoc-Roussillon-Midi-Pyr\u00e9n\u00e9es", "geolabelid": 2987914, "label": "Perpignan"}, {"country": "France", "subcountry": "Aquitaine-Limousin-Poitou-Charentes", "geolabelid": 2987967, "label": "P\u00e9rigueux"}, {"country": "France", "subcountry": "Aquitaine-Limousin-Poitou-Charentes", "geolabelid": 2988358, "label": "Pau"}, {"country": "France", "subcountry": "\u00cele-de-France", "geolabelid": 2988507, "label": "Paris"}, {"country": "France", "subcountry": "\u00cele-de-France", "geolabelid": 2988621, "label": "Pantin"}, {"country": "France", "subcountry": "Languedoc-Roussillon-Midi-Pyr\u00e9n\u00e9es", "geolabelid": 2988670, "label": "Pamiers"}, {"country": "France", "subcountry": "\u00cele-de-France", "geolabelid": 2988758, "label": "Palaiseau"}, {"country": "France", "subcountry": "\u00cele-de-France", "geolabelid": 2988867, "label": "Ozoir-la-Ferri\u00e8re"}, {"country": "France", "subcountry": "Auvergne-Rh\u00f4ne-Alpes", "geolabelid": 2988888, "label": "Oyonnax"}, {"country": "France", "subcountry": "Nord-Pas-de-Calais-Picardie", "geolabelid": 2988936, "label": "Outreau"}, {"country": "France", "subcountry": "Auvergne-Rh\u00f4ne-Alpes", "geolabelid": 2988998, "label": "Oullins"}, {"country": "France", "subcountry": "\u00cele-de-France", "geolabelid": 2989130, "label": "Osny"}, {"country": "France", "subcountry": "Pays de la Loire", "geolabelid": 2989170, "label": "Orvault"}, {"country": "France", "subcountry": "\u00cele-de-France", "geolabelid": 2989204, "label": "Orsay"}, {"country": "France", "subcountry": "\u00cele-de-France", "geolabelid": 2989297, "label": "Orly"}, {"country": "France", "subcountry": "Centre", "geolabelid": 2989317, "label": "Orl\u00e9ans"}, {"country": "France", "subcountry": "Provence-Alpes-C\u00f4te d'Azur", "geolabelid": 2989460, "label": "Orange"}, {"country": "France", "subcountry": "Centre", "geolabelid": 2989611, "label": "Olivet"}, {"country": "France", "subcountry": "Normandy", "geolabelid": 2989755, "label": "Octeville"}, {"country": "France", "subcountry": "Nord-Pas-de-Calais-Picardie", "geolabelid": 2989877, "label": "Noyon"}, {"country": "France", "subcountry": "\u00cele-de-France", "geolabelid": 2990187, "label": "Noisy-le-Sec"}, {"country": "France", "subcountry": "\u00cele-de-France", "geolabelid": 2990189, "label": "Noisy-le-Grand"}, {"country": "France", "subcountry": "\u00cele-de-France", "geolabelid": 2990192, "label": "Noisiel"}, {"country": "France", "subcountry": "Nord-Pas-de-Calais-Picardie", "geolabelid": 2990264, "label": "Nogent-sur-Oise"}, {"country": "France", "subcountry": "\u00cele-de-France", "geolabelid": 2990265, "label": "Nogent-sur-Marne"}, {"country": "France", "subcountry": "Aquitaine-Limousin-Poitou-Charentes", "geolabelid": 2990355, "label": "Niort"}, {"country": "France", "subcountry": "Languedoc-Roussillon-Midi-Pyr\u00e9n\u00e9es", "geolabelid": 2990363, "label": "N\u00eemes"}, {"country": "France", "subcountry": "Provence-Alpes-C\u00f4te d'Azur", "geolabelid": 2990440, "label": "Nice"}, {"country": "France", "subcountry": "Bourgogne-Franche-Comt\u00e9", "geolabelid": 2990474, "label": "Nevers"}, {"country": "France", "subcountry": "\u00cele-de-France", "geolabelid": 2990611, "label": "Neuilly-sur-Seine"}, {"country": "France", "subcountry": "\u00cele-de-France", "geolabelid": 2990612, "label": "Neuilly-sur-Marne"}, {"country": "France", "subcountry": "\u00cele-de-France", "geolabelid": 2990616, "label": "Neuilly-Plaisance"}, {"country": "France", "subcountry": "Languedoc-Roussillon-Midi-Pyr\u00e9n\u00e9es", "geolabelid": 2990919, "label": "Narbonne"}, {"country": "France", "subcountry": "Pays de la Loire", "geolabelid": 2990969, "label": "Nantes"}, {"country": "France", "subcountry": "\u00cele-de-France", "geolabelid": 2990970, "label": "Nanterre"}, {"country": "France", "subcountry": "Alsace-Champagne-Ardenne-Lorraine", "geolabelid": 2990999, "label": "Nancy"}, {"country": "France", "subcountry": "Languedoc-Roussillon-Midi-Pyr\u00e9n\u00e9es", "geolabelid": 2991153, "label": "Muret"}, {"country": "France", "subcountry": "Alsace-Champagne-Ardenne-Lorraine", "geolabelid": 2991214, "label": "Mulhouse"}, {"country": "France", "subcountry": "Auvergne-Rh\u00f4ne-Alpes", "geolabelid": 2991481, "label": "Moulins"}, {"country": "France", "subcountry": "Provence-Alpes-C\u00f4te d'Azur", "geolabelid": 2991551, "label": "Mougins"}, {"country": "France", "subcountry": "\u00cele-de-France", "geolabelid": 2991719, "label": "Morsang-sur-Orge"}, {"country": "France", "subcountry": "Brittany", "geolabelid": 2991772, "label": "Morlaix"}, {"country": "France", "subcountry": "Normandy", "geolabelid": 2992003, "label": "Mont-Saint-Aignan"}, {"country": "France", "subcountry": "\u00cele-de-France", "geolabelid": 2992017, "label": "Montrouge"}, {"country": "France", "subcountry": "\u00cele-de-France", "geolabelid": 2992090, "label": "Montreuil"}, {"country": "France", "subcountry": "Languedoc-Roussillon-Midi-Pyr\u00e9n\u00e9es", "geolabelid": 2992166, "label": "Montpellier"}, {"country": "France", "subcountry": "\u00cele-de-France", "geolabelid": 2992229, "label": "Montmorency"}, {"country": "France", "subcountry": "Auvergne-Rh\u00f4ne-Alpes", "geolabelid": 2992292, "label": "Montlu\u00e7on"}, {"country": "France", "subcountry": "Normandy", "geolabelid": 2992367, "label": "Montivilliers"}, {"country": "France", "subcountry": "Alsace-Champagne-Ardenne-Lorraine", "geolabelid": 2992402, "label": "Montigny-l\u00e8s-Metz"}, {"country": "France", "subcountry": "\u00cele-de-France", "geolabelid": 2992404, "label": "Montigny-l\u00e8s-Cormeilles"}, {"country": "France", "subcountry": "\u00cele-de-France", "geolabelid": 2992415, "label": "Montigny-le-Bretonneux"}, {"country": "France", "subcountry": "\u00cele-de-France", "geolabelid": 2992536, "label": "Montgeron"}, {"country": "France", "subcountry": "\u00cele-de-France", "geolabelid": 2992616, "label": "Montfermeil"}, {"country": "France", "subcountry": "\u00cele-de-France", "geolabelid": 2992650, "label": "Montesson"}, {"country": "France", "subcountry": "\u00cele-de-France", "geolabelid": 2992671, "label": "Montereau-Fault-Yonne"}, {"country": "France", "subcountry": "Auvergne-Rh\u00f4ne-Alpes", "geolabelid": 2992703, "label": "Mont\u00e9limar"}, {"country": "France", "subcountry": "Aquitaine-Limousin-Poitou-Charentes", "geolabelid": 2992771, "label": "Mont-de-Marsan"}, {"country": "France", "subcountry": "Bourgogne-Franche-Comt\u00e9", "geolabelid": 2992863, "label": "Montceau-les-Mines"}, {"country": "France", "subcountry": "Auvergne-Rh\u00f4ne-Alpes", "geolabelid": 2992890, "label": "Montbrison"}, {"country": "France", "subcountry": "Bourgogne-Franche-Comt\u00e9", "geolabelid": 2992938, "label": "Montb\u00e9liard"}, {"country": "France", "subcountry": "Languedoc-Roussillon-Midi-Pyr\u00e9n\u00e9es", "geolabelid": 2993002, "label": "Montauban"}, {"country": "France", "subcountry": "Centre", "geolabelid": 2993024, "label": "Montargis"}, {"country": "France", "subcountry": "Nord-Pas-de-Calais-Picardie", "geolabelid": 2993207, "label": "Mons-en-Bar\u0153ul"}, {"country": "France", "subcountry": "\u00cele-de-France", "geolabelid": 2993572, "label": "Moissy-Cramayel"}, {"country": "France", "subcountry": "\u00cele-de-France", "geolabelid": 2993679, "label": "Mitry-Mory"}, {"country": "France", "subcountry": "Provence-Alpes-C\u00f4te d'Azur", "geolabelid": 2993760, "label": "Miramas"}, {"country": "France", "subcountry": "Languedoc-Roussillon-Midi-Pyr\u00e9n\u00e9es", "geolabelid": 2993875, "label": "Millau"}, {"country": "France", "subcountry": "Auvergne-Rh\u00f4ne-Alpes", "geolabelid": 2994048, "label": "Meyzieu"}, {"country": "France", "subcountry": "Auvergne-Rh\u00f4ne-Alpes", "geolabelid": 2994087, "label": "Meylan"}, {"country": "France", "subcountry": "\u00cele-de-France", "geolabelid": 2994144, "label": "Meudon"}, {"country": "France", "subcountry": "Alsace-Champagne-Ardenne-Lorraine", "geolabelid": 2994160, "label": "Metz"}, {"country": "France", "subcountry": "Aquitaine-Limousin-Poitou-Charentes", "geolabelid": 2994393, "label": "M\u00e9rignac"}, {"country": "France", "subcountry": "Provence-Alpes-C\u00f4te d'Azur", "geolabelid": 2994497, "label": "Menton"}, {"country": "France", "subcountry": "\u00cele-de-France", "geolabelid": 2994651, "label": "Melun"}, {"country": "France", "subcountry": "\u00cele-de-France", "geolabelid": 2994798, "label": "Meaux"}, {"country": "France", "subcountry": "Pays de la Loire", "geolabelid": 2994935, "label": "Mayenne"}, {"country": "France", "subcountry": "\u00cele-de-France", "geolabelid": 2995041, "label": "Maurepas"}, {"country": "France", "subcountry": "Languedoc-Roussillon-Midi-Pyr\u00e9n\u00e9es", "geolabelid": 2995121, "label": "Mauguio"}, {"country": "France", "subcountry": "Nord-Pas-de-Calais-Picardie", "geolabelid": 2995150, "label": "Maubeuge"}, {"country": "France", "subcountry": "\u00cele-de-France", "geolabelid": 2995206, "label": "Massy"}, {"country": "France", "subcountry": "Provence-Alpes-C\u00f4te d'Azur", "geolabelid": 2995387, "label": "Martigues"}, {"country": "France", "subcountry": "Provence-Alpes-C\u00f4te d'Azur", "geolabelid": 2995469, "label": "Marseille"}, {"country": "France", "subcountry": "Aquitaine-Limousin-Poitou-Charentes", "geolabelid": 2995642, "label": "Marmande"}, {"country": "France", "subcountry": "\u00cele-de-France", "geolabelid": 2995652, "label": "Marly-le-Roi"}, {"country": "France", "subcountry": "Provence-Alpes-C\u00f4te d'Azur", "geolabelid": 2995750, "label": "Marignane"}, {"country": "France", "subcountry": "Nord-Pas-de-Calais-Picardie", "geolabelid": 2995908, "label": "Marcq-en-Bar\u0153ul"}, {"country": "France", "subcountry": "\u00cele-de-France", "geolabelid": 2996146, "label": "Mantes-la-Ville"}, {"country": "France", "subcountry": "\u00cele-de-France", "geolabelid": 2996148, "label": "Mantes-la-Jolie"}, {"country": "France", "subcountry": "Provence-Alpes-C\u00f4te d'Azur", "geolabelid": 2996180, "label": "Manosque"}, {"country": "France", "subcountry": "Provence-Alpes-C\u00f4te d'Azur", "geolabelid": 2996255, "label": "Mandelieu-la-Napoule"}, {"country": "France", "subcountry": "\u00cele-de-France", "geolabelid": 2996514, "label": "Malakoff"}, {"country": "France", "subcountry": "\u00cele-de-France", "geolabelid": 2996564, "label": "Maisons-Laffitte"}, {"country": "France", "subcountry": "\u00cele-de-France", "geolabelid": 2996568, "label": "Maisons-Alfort"}, {"country": "France", "subcountry": "Bourgogne-Franche-Comt\u00e9", "geolabelid": 2996882, "label": "M\u00e2con"}, {"country": "France", "subcountry": "Auvergne-Rh\u00f4ne-Alpes", "geolabelid": 2996944, "label": "Lyon"}, {"country": "France", "subcountry": "Alsace-Champagne-Ardenne-Lorraine", "geolabelid": 2997110, "label": "Lun\u00e9ville"}, {"country": "France", "subcountry": "Languedoc-Roussillon-Midi-Pyr\u00e9n\u00e9es", "geolabelid": 2997116, "label": "Lunel"}, {"country": "France", "subcountry": "Centre", "geolabelid": 2997246, "label": "Luc\u00e9"}, {"country": "France", "subcountry": "Normandy", "geolabelid": 2997336, "label": "Louviers"}, {"country": "France", "subcountry": "Languedoc-Roussillon-Midi-Pyr\u00e9n\u00e9es", "geolabelid": 2997395, "label": "Lourdes"}, {"country": "France", "subcountry": "Aquitaine-Limousin-Poitou-Charentes", "geolabelid": 2997556, "label": "Lormont"}, {"country": "France", "subcountry": "Brittany", "geolabelid": 2997577, "label": "Lorient"}, {"country": "France", "subcountry": "Nord-Pas-de-Calais-Picardie", "geolabelid": 2997620, "label": "Loos"}, {"country": "France", "subcountry": "Bourgogne-Franche-Comt\u00e9", "geolabelid": 2997626, "label": "Lons-le-Saunier"}, {"country": "France", "subcountry": "\u00cele-de-France", "geolabelid": 2997712, "label": "Longjumeau"}, {"country": "France", "subcountry": "Nord-Pas-de-Calais-Picardie", "geolabelid": 2997803, "label": "Lomme"}, {"country": "France", "subcountry": "\u00cele-de-France", "geolabelid": 2997904, "label": "Lognes"}, {"country": "France", "subcountry": "\u00cele-de-France", "geolabelid": 2998056, "label": "Livry-Gargan"}, {"country": "France", "subcountry": "Provence-Alpes-C\u00f4te d'Azur", "geolabelid": 2998127, "label": "L\u2019Isle-sur-la-Sorgue"}, {"country": "France", "subcountry": "Normandy", "geolabelid": 2998150, "label": "Lisieux"}, {"country": "France", "subcountry": "Alsace-Champagne-Ardenne-Lorraine", "geolabelid": 2998224, "label": "Lingolsheim"}, {"country": "France", "subcountry": "Aquitaine-Limousin-Poitou-Charentes", "geolabelid": 2998286, "label": "Limoges"}, {"country": "France", "subcountry": "\u00cele-de-France", "geolabelid": 2998305, "label": "Limeil-Br\u00e9vannes"}, {"country": "France", "subcountry": "\u00cele-de-France", "geolabelid": 2998311, "label": "Limay"}, {"country": "France", "subcountry": "Nord-Pas-de-Calais-Picardie", "geolabelid": 2998324, "label": "Lille"}, {"country": "France", "subcountry": "Nord-Pas-de-Calais-Picardie", "geolabelid": 2998431, "label": "Li\u00e9vin"}, {"country": "France", "subcountry": "Aquitaine-Limousin-Poitou-Charentes", "geolabelid": 2998517, "label": "Libourne"}, {"country": "France", "subcountry": "\u00cele-de-France", "geolabelid": 2998632, "label": "L'Ha\u00ff-les-Roses"}, {"country": "France", "subcountry": "\u00cele-de-France", "geolabelid": 2998854, "label": "Le V\u00e9sinet"}, {"country": "France", "subcountry": "\u00cele-de-France", "geolabelid": 2998975, "label": "Levallois-Perret"}, {"country": "France", "subcountry": "Pays de la Loire", "geolabelid": 2999683, "label": "Les Sables-d'Olonne"}, {"country": "France", "subcountry": "Provence-Alpes-C\u00f4te d'Azur", "geolabelid": 3000047, "label": "Les Pennes-Mirabeau"}, {"country": "France", "subcountry": "\u00cele-de-France", "geolabelid": 3000060, "label": "Les Pavillons-sous-Bois"}, {"country": "France", "subcountry": "\u00cele-de-France", "geolabelid": 3000192, "label": "Les Mureaux"}, {"country": "France", "subcountry": "\u00cele-de-France", "geolabelid": 3000491, "label": "Les Lilas"}, {"country": "France", "subcountry": "Pays de la Loire", "geolabelid": 3000648, "label": "Les Herbiers"}, {"country": "France", "subcountry": "\u00cele-de-France", "geolabelid": 3001402, "label": "Les Clayes-sous-Bois"}, {"country": "France", "subcountry": "Auvergne-Rh\u00f4ne-Alpes", "geolabelid": 3002465, "label": "Le Puy-en-Velay"}, {"country": "France", "subcountry": "\u00cele-de-France", "geolabelid": 3002499, "label": "Le Pr\u00e9-Saint-Gervais"}, {"country": "France", "subcountry": "Provence-Alpes-C\u00f4te d'Azur", "geolabelid": 3002570, "label": "Le Pontet"}, {"country": "France", "subcountry": "\u00cele-de-France", "geolabelid": 3002647, "label": "Le Plessis-Tr\u00e9vise"}, {"country": "France", "subcountry": "\u00cele-de-France", "geolabelid": 3002650, "label": "Le Plessis-Robinson"}, {"country": "France", "subcountry": "Normandy", "geolabelid": 3002880, "label": "Le Petit-Quevilly"}, {"country": "France", "subcountry": "\u00cele-de-France", "geolabelid": 3002965, "label": "Le Perreux-sur-Marne"}, {"country": "France", "subcountry": "\u00cele-de-France", "geolabelid": 3002984, "label": "Le Pecq"}, {"country": "France", "subcountry": "Nord-Pas-de-Calais-Picardie", "geolabelid": 3003093, "label": "Lens"}, {"country": "France", "subcountry": "\u00cele-de-France", "geolabelid": 3003481, "label": "Le M\u00e9e-sur-Seine"}, {"country": "France", "subcountry": "Pays de la Loire", "geolabelid": 3003603, "label": "Le Mans"}, {"country": "France", "subcountry": "\u00cele-de-France", "geolabelid": 3003737, "label": "Le Kremlin-Bic\u00eatre"}, {"country": "France", "subcountry": "Normandy", "geolabelid": 3003796, "label": "Le Havre"}, {"country": "France", "subcountry": "Normandy", "geolabelid": 3003952, "label": "Le Grand-Quevilly"}, {"country": "France", "subcountry": "Bourgogne-Franche-Comt\u00e9", "geolabelid": 3004427, "label": "Le Creusot"}, {"country": "France", "subcountry": "\u00cele-de-France", "geolabelid": 3004630, "label": "Le Chesnay"}, {"country": "France", "subcountry": "Provence-Alpes-C\u00f4te d'Azur", "geolabelid": 3004871, "label": "Le Cannet"}, {"country": "France", "subcountry": "Aquitaine-Limousin-Poitou-Charentes", "geolabelid": 3005066, "label": "Le Bouscat"}, {"country": "France", "subcountry": "\u00cele-de-France", "geolabelid": 3005269, "label": "Le Blanc-Mesnil"}, {"country": "France", "subcountry": "Alsace-Champagne-Ardenne-Lorraine", "geolabelid": 3005417, "label": "Laxou"}, {"country": "France", "subcountry": "Provence-Alpes-C\u00f4te d'Azur", "geolabelid": 3005825, "label": "La Valette-du-Var"}, {"country": "France", "subcountry": "Pays de la Loire", "geolabelid": 3005866, "label": "Laval"}, {"country": "France", "subcountry": "Languedoc-Roussillon-Midi-Pyr\u00e9n\u00e9es", "geolabelid": 3006121, "label": "Lattes"}, {"country": "France", "subcountry": "Aquitaine-Limousin-Poitou-Charentes", "geolabelid": 3006283, "label": "La Teste-de-Buch"}, {"country": "France", "subcountry": "Provence-Alpes-C\u00f4te d'Azur", "geolabelid": 3006414, "label": "La Seyne-sur-Mer"}, {"country": "France", "subcountry": "Pays de la Loire", "geolabelid": 3006767, "label": "La Roche-sur-Yon"}, {"country": "France", "subcountry": "Aquitaine-Limousin-Poitou-Charentes", "geolabelid": 3006787, "label": "La Rochelle"}, {"country": "France", "subcountry": "Nord-Pas-de-Calais-Picardie", "geolabelid": 3007477, "label": "Laon"}, {"country": "France", "subcountry": "Brittany", "geolabelid": 3007609, "label": "Lannion"}, {"country": "France", "subcountry": "Brittany", "geolabelid": 3007794, "label": "Lanester"}, {"country": "France", "subcountry": "Brittany", "geolabelid": 3007874, "label": "Landerneau"}, {"country": "France", "subcountry": "Nord-Pas-de-Calais-Picardie", "geolabelid": 3008218, "label": "Lambersart"}, {"country": "France", "subcountry": "Nord-Pas-de-Calais-Picardie", "geolabelid": 3008379, "label": "La Madeleine"}, {"country": "France", "subcountry": "\u00cele-de-France", "geolabelid": 3009071, "label": "Lagny-sur-Marne"}, {"country": "France", "subcountry": "\u00cele-de-France", "geolabelid": 3009169, "label": "La Garenne-Colombes"}, {"country": "France", "subcountry": "Provence-Alpes-C\u00f4te d'Azur", "geolabelid": 3009223, "label": "La Garde"}, {"country": "France", "subcountry": "Pays de la Loire", "geolabelid": 3009443, "label": "La Fl\u00e8che"}, {"country": "France", "subcountry": "Provence-Alpes-C\u00f4te d'Azur", "geolabelid": 3009791, "label": "La Crau"}, {"country": "France", "subcountry": "\u00cele-de-France", "geolabelid": 3009824, "label": "La Courneuve"}, {"country": "France", "subcountry": "Provence-Alpes-C\u00f4te d'Azur", "geolabelid": 3010025, "label": "La Ciotat"}, {"country": "France", "subcountry": "Pays de la Loire", "geolabelid": 3010237, "label": "La Chapelle-sur-Erdre"}, {"country": "France", "subcountry": "\u00cele-de-France", "geolabelid": 3010529, "label": "La Celle-Saint-Cloud"}, {"country": "France", "subcountry": "\u00cele-de-France", "geolabelid": 3012162, "label": "Jouy-le-Moutier"}, {"country": "France", "subcountry": "Centre", "geolabelid": 3012219, "label": "Jou\u00e9-l\u00e9s-Tours"}, {"country": "France", "subcountry": "\u00cele-de-France", "geolabelid": 3012313, "label": "Joinville-le-Pont"}, {"country": "France", "subcountry": "\u00cele-de-France", "geolabelid": 3012621, "label": "Ivry-sur-Seine"}, {"country": "France", "subcountry": "Provence-Alpes-C\u00f4te d'Azur", "geolabelid": 3012647, "label": "Istres"}, {"country": "France", "subcountry": "\u00cele-de-France", "geolabelid": 3012649, "label": "Issy-les-Moulineaux"}, {"country": "France", "subcountry": "Auvergne-Rh\u00f4ne-Alpes", "geolabelid": 3012664, "label": "Issoire"}, {"country": "France", "subcountry": "Alsace-Champagne-Ardenne-Lorraine", "geolabelid": 3012829, "label": "Illzach"}, {"country": "France", "subcountry": "Alsace-Champagne-Ardenne-Lorraine", "geolabelid": 3012834, "label": "Illkirch-Graffenstaden"}, {"country": "France", "subcountry": "Provence-Alpes-C\u00f4te d'Azur", "geolabelid": 3012937, "label": "Hy\u00e8res"}, {"country": "France", "subcountry": "\u00cele-de-France", "geolabelid": 3013097, "label": "Houilles"}, {"country": "France", "subcountry": "Normandy", "geolabelid": 3013403, "label": "H\u00e9rouville-Saint-Clair"}, {"country": "France", "subcountry": "\u00cele-de-France", "geolabelid": 3013477, "label": "Herblay"}, {"country": "France", "subcountry": "Nord-Pas-de-Calais-Picardie", "geolabelid": 3013525, "label": "H\u00e9nin-Beaumont"}, {"country": "France", "subcountry": "Nord-Pas-de-Calais-Picardie", "geolabelid": 3013549, "label": "Hem"}, {"country": "France", "subcountry": "Nord-Pas-de-Calais-Picardie", "geolabelid": 3013619, "label": "Hazebrouck"}, {"country": "France", "subcountry": "Alsace-Champagne-Ardenne-Lorraine", "geolabelid": 3013627, "label": "Hayange"}, {"country": "France", "subcountry": "Nord-Pas-de-Calais-Picardie", "geolabelid": 3013681, "label": "Hautmont"}, {"country": "France", "subcountry": "Alsace-Champagne-Ardenne-Lorraine", "geolabelid": 3013701, "label": "Yutz"}, {"country": "France", "subcountry": "Nord-Pas-de-Calais-Picardie", "geolabelid": 3013862, "label": "Haubourdin"}, {"country": "France", "subcountry": "Nord-Pas-de-Calais-Picardie", "geolabelid": 3014034, "label": "Halluin"}, {"country": "France", "subcountry": "Alsace-Champagne-Ardenne-Lorraine", "geolabelid": 3014078, "label": "Haguenau"}, {"country": "France", "subcountry": "\u00cele-de-France", "geolabelid": 3014143, "label": "Guyancourt"}, {"country": "France", "subcountry": "Aquitaine-Limousin-Poitou-Charentes", "geolabelid": 3014175, "label": "Gujan-Mestras"}, {"country": "France", "subcountry": "Aquitaine-Limousin-Poitou-Charentes", "geolabelid": 3014383, "label": "Gu\u00e9ret"}, {"country": "France", "subcountry": "Pays de la Loire", "geolabelid": 3014392, "label": "Gu\u00e9rande"}, {"country": "France", "subcountry": "\u00cele-de-France", "geolabelid": 3014646, "label": "Grigny"}, {"country": "France", "subcountry": "Auvergne-Rh\u00f4ne-Alpes", "geolabelid": 3014728, "label": "Grenoble"}, {"country": "France", "subcountry": "Provence-Alpes-C\u00f4te d'Azur", "geolabelid": 3014856, "label": "Grasse"}, {"country": "France", "subcountry": "Nord-Pas-de-Calais-Picardie", "geolabelid": 3015160, "label": "Grande-Synthe"}, {"country": "France", "subcountry": "Aquitaine-Limousin-Poitou-Charentes", "geolabelid": 3015419, "label": "Gradignan"}, {"country": "France", "subcountry": "\u00cele-de-France", "geolabelid": 3015490, "label": "Goussainville"}, {"country": "France", "subcountry": "\u00cele-de-France", "geolabelid": 3015689, "label": "Gonesse"}, {"country": "France", "subcountry": "Auvergne-Rh\u00f4ne-Alpes", "geolabelid": 3015902, "label": "Givors"}, {"country": "France", "subcountry": "\u00cele-de-France", "geolabelid": 3016078, "label": "Gif-sur-Yvette"}, {"country": "France", "subcountry": "Centre", "geolabelid": 3016097, "label": "Gien"}, {"country": "France", "subcountry": "\u00cele-de-France", "geolabelid": 3016292, "label": "Gentilly"}, {"country": "France", "subcountry": "\u00cele-de-France", "geolabelid": 3016321, "label": "Gennevilliers"}, {"country": "France", "subcountry": "\u00cele-de-France", "geolabelid": 3016621, "label": "Garges-l\u00e8s-Gonesse"}, {"country": "France", "subcountry": "Provence-Alpes-C\u00f4te d'Azur", "geolabelid": 3016667, "label": "Gardanne"}, {"country": "France", "subcountry": "\u00cele-de-France", "geolabelid": 3016675, "label": "Garches"}, {"country": "France", "subcountry": "Provence-Alpes-C\u00f4te d'Azur", "geolabelid": 3016702, "label": "Gap"}, {"country": "France", "subcountry": "\u00cele-de-France", "geolabelid": 3016830, "label": "Gagny"}, {"country": "France", "subcountry": "Languedoc-Roussillon-Midi-Pyr\u00e9n\u00e9es", "geolabelid": 3016956, "label": "Frontignan"}, {"country": "France", "subcountry": "\u00cele-de-France", "geolabelid": 3017178, "label": "Fresnes"}, {"country": "France", "subcountry": "Provence-Alpes-C\u00f4te d'Azur", "geolabelid": 3017253, "label": "Fr\u00e9jus"}, {"country": "France", "subcountry": "\u00cele-de-France", "geolabelid": 3017341, "label": "Franconville"}, {"country": "France", "subcountry": "Brittany", "geolabelid": 3017609, "label": "Foug\u00e8res"}, {"country": "France", "subcountry": "Provence-Alpes-C\u00f4te d'Azur", "geolabelid": 3017651, "label": "Fos-sur-Mer"}, {"country": "France", "subcountry": "Alsace-Champagne-Ardenne-Lorraine", "geolabelid": 3017805, "label": "Forbach"}, {"country": "France", "subcountry": "\u00cele-de-France", "geolabelid": 3017910, "label": "Fontenay-sous-Bois"}, {"country": "France", "subcountry": "Pays de la Loire", "geolabelid": 3017921, "label": "Fontenay-le-Comte"}, {"country": "France", "subcountry": "\u00cele-de-France", "geolabelid": 3017924, "label": "Fontenay-aux-Roses"}, {"country": "France", "subcountry": "\u00cele-de-France", "geolabelid": 3018074, "label": "Fontainebleau"}, {"country": "France", "subcountry": "Auvergne-Rh\u00f4ne-Alpes", "geolabelid": 3018095, "label": "Fontaine"}, {"country": "France", "subcountry": "Aquitaine-Limousin-Poitou-Charentes", "geolabelid": 3018246, "label": "Floirac"}, {"country": "France", "subcountry": "Centre", "geolabelid": 3018280, "label": "Fleury-les-Aubrais"}, {"country": "France", "subcountry": "Normandy", "geolabelid": 3018339, "label": "Flers"}, {"country": "France", "subcountry": "Auvergne-Rh\u00f4ne-Alpes", "geolabelid": 3018455, "label": "Firminy"}, {"country": "France", "subcountry": "Normandy", "geolabelid": 3018794, "label": "F\u00e9camp"}, {"country": "France", "subcountry": "Nord-Pas-de-Calais-Picardie", "geolabelid": 3019153, "label": "Faches-Thumesnil"}, {"country": "France", "subcountry": "Aquitaine-Limousin-Poitou-Charentes", "geolabelid": 3019193, "label": "Eysines"}, {"country": "France", "subcountry": "\u00cele-de-France", "geolabelid": 3019256, "label": "\u00c9vry"}, {"country": "France", "subcountry": "Normandy", "geolabelid": 3019265, "label": "\u00c9vreux"}, {"country": "France", "subcountry": "\u00cele-de-France", "geolabelid": 3019459, "label": "\u00c9tampes"}, {"country": "France", "subcountry": "Pays de la Loire", "geolabelid": 3019766, "label": "La Baule-Escoublac"}, {"country": "France", "subcountry": "\u00cele-de-France", "geolabelid": 3019897, "label": "Ermont"}, {"country": "France", "subcountry": "\u00cele-de-France", "geolabelid": 3019952, "label": "\u00c9ragny"}, {"country": "France", "subcountry": "Normandy", "geolabelid": 3019960, "label": "\u00c9queurdreville-Hainneville"}, {"country": "France", "subcountry": "\u00cele-de-France", "geolabelid": 3020020, "label": "\u00c9pinay-sur-Seine"}, {"country": "France", "subcountry": "Alsace-Champagne-Ardenne-Lorraine", "geolabelid": 3020035, "label": "\u00c9pinal"}, {"country": "France", "subcountry": "Alsace-Champagne-Ardenne-Lorraine", "geolabelid": 3020062, "label": "\u00c9pernay"}, {"country": "France", "subcountry": "Normandy", "geolabelid": 3020307, "label": "Elbeuf"}, {"country": "France", "subcountry": "\u00cele-de-France", "geolabelid": 3020310, "label": "\u00c9lancourt"}, {"country": "France", "subcountry": "Auvergne-Rh\u00f4ne-Alpes", "geolabelid": 3020392, "label": "\u00c9cully"}, {"country": "France", "subcountry": "Auvergne-Rh\u00f4ne-Alpes", "geolabelid": 3020495, "label": "\u00c9chirolles"}, {"country": "France", "subcountry": "\u00cele-de-France", "geolabelid": 3020601, "label": "Eaubonne"}, {"country": "France", "subcountry": "Nord-Pas-de-Calais-Picardie", "geolabelid": 3020686, "label": "Dunkerque"}, {"country": "France", "subcountry": "Centre", "geolabelid": 3020810, "label": "Dreux"}, {"country": "France", "subcountry": "\u00cele-de-France", "geolabelid": 3020832, "label": "Draveil"}, {"country": "France", "subcountry": "\u00cele-de-France", "geolabelid": 3020839, "label": "Drancy"}, {"country": "France", "subcountry": "Provence-Alpes-C\u00f4te d'Azur", "geolabelid": 3020850, "label": "Draguignan"}, {"country": "France", "subcountry": "Brittany", "geolabelid": 3020996, "label": "Douarnenez"}, {"country": "France", "subcountry": "Nord-Pas-de-Calais-Picardie", "geolabelid": 3021000, "label": "Douai"}, {"country": "France", "subcountry": "\u00cele-de-France", "geolabelid": 3021150, "label": "Domont"}, {"country": "France", "subcountry": "Bourgogne-Franche-Comt\u00e9", "geolabelid": 3021263, "label": "Dole"}, {"country": "France", "subcountry": "Bourgogne-Franche-Comt\u00e9", "geolabelid": 3021372, "label": "Dijon"}, {"country": "France", "subcountry": "Provence-Alpes-C\u00f4te d'Azur", "geolabelid": 3021382, "label": "Digne-les-Bains"}, {"country": "France", "subcountry": "Normandy", "geolabelid": 3021411, "label": "Dieppe"}, {"country": "France", "subcountry": "\u00cele-de-France", "geolabelid": 3021516, "label": "Deuil-la-Barre"}, {"country": "France", "subcountry": "Nord-Pas-de-Calais-Picardie", "geolabelid": 3021605, "label": "Denain"}, {"country": "France", "subcountry": "Auvergne-Rh\u00f4ne-Alpes", "geolabelid": 3021662, "label": "D\u00e9cines-Charpieu"}, {"country": "France", "subcountry": "Aquitaine-Limousin-Poitou-Charentes", "geolabelid": 3021670, "label": "Dax"}, {"country": "France", "subcountry": "\u00cele-de-France", "geolabelid": 3021852, "label": "Dammarie-les-Lys"}, {"country": "France", "subcountry": "Languedoc-Roussillon-Midi-Pyr\u00e9n\u00e9es", "geolabelid": 3022151, "label": "Cugnaux"}, {"country": "France", "subcountry": "Nord-Pas-de-Calais-Picardie", "geolabelid": 3022376, "label": "Croix"}, {"country": "France", "subcountry": "\u00cele-de-France", "geolabelid": 3022530, "label": "Cr\u00e9teil"}, {"country": "France", "subcountry": "Nord-Pas-de-Calais-Picardie", "geolabelid": 3022569, "label": "Cr\u00e9py-en-Valois"}, {"country": "France", "subcountry": "Nord-Pas-de-Calais-Picardie", "geolabelid": 3022610, "label": "Creil"}, {"country": "France", "subcountry": "Auvergne-Rh\u00f4ne-Alpes", "geolabelid": 3022700, "label": "Cran-Gevrier"}, {"country": "France", "subcountry": "Auvergne-Rh\u00f4ne-Alpes", "geolabelid": 3022988, "label": "Cournon-d\u2019Auvergne"}, {"country": "France", "subcountry": "\u00cele-de-France", "geolabelid": 3023141, "label": "Courbevoie"}, {"country": "France", "subcountry": "\u00cele-de-France", "geolabelid": 3023240, "label": "Coulommiers"}, {"country": "France", "subcountry": "Pays de la Loire", "geolabelid": 3023324, "label": "Cou\u00ebron"}, {"country": "France", "subcountry": "Nord-Pas-de-Calais-Picardie", "geolabelid": 3023356, "label": "Coudekerque-Branche"}, {"country": "France", "subcountry": "\u00cele-de-France", "geolabelid": 3023645, "label": "Cormeilles-en-Parisis"}, {"country": "France", "subcountry": "\u00cele-de-France", "geolabelid": 3023763, "label": "Corbeil-Essonnes"}, {"country": "France", "subcountry": "\u00cele-de-France", "geolabelid": 3023924, "label": "Conflans-Sainte-Honorine"}, {"country": "France", "subcountry": "Brittany", "geolabelid": 3024035, "label": "Concarneau"}, {"country": "France", "subcountry": "Nord-Pas-de-Calais-Picardie", "geolabelid": 3024066, "label": "Compi\u00e8gne"}, {"country": "France", "subcountry": "\u00cele-de-France", "geolabelid": 3024107, "label": "Combs-la-Ville"}, {"country": "France", "subcountry": "\u00cele-de-France", "geolabelid": 3024195, "label": "Pontault-Combault"}, {"country": "France", "subcountry": "Languedoc-Roussillon-Midi-Pyr\u00e9n\u00e9es", "geolabelid": 3024223, "label": "Colomiers"}, {"country": "France", "subcountry": "\u00cele-de-France", "geolabelid": 3024266, "label": "Colombes"}, {"country": "France", "subcountry": "Alsace-Champagne-Ardenne-Lorraine", "geolabelid": 3024297, "label": "Colmar"}, {"country": "France", "subcountry": "Aquitaine-Limousin-Poitou-Charentes", "geolabelid": 3024440, "label": "Cognac"}, {"country": "France", "subcountry": "Auvergne-Rh\u00f4ne-Alpes", "geolabelid": 3024532, "label": "Cluses"}, {"country": "France", "subcountry": "\u00cele-de-France", "geolabelid": 3024596, "label": "Clichy-sous-Bois"}, {"country": "France", "subcountry": "\u00cele-de-France", "geolabelid": 3024597, "label": "Clichy"}, {"country": "France", "subcountry": "Auvergne-Rh\u00f4ne-Alpes", "geolabelid": 3024635, "label": "Clermont-Ferrand"}, {"country": "France", "subcountry": "\u00cele-de-France", "geolabelid": 3024783, "label": "Clamart"}, {"country": "France", "subcountry": "Pays de la Loire", "geolabelid": 3025053, "label": "Cholet"}, {"country": "France", "subcountry": "\u00cele-de-France", "geolabelid": 3025055, "label": "Choisy-le-Roi"}, {"country": "France", "subcountry": "\u00cele-de-France", "geolabelid": 3025144, "label": "Chilly-Mazarin"}, {"country": "France", "subcountry": "\u00cele-de-France", "geolabelid": 3025314, "label": "Chevilly-Larue"}, {"country": "France", "subcountry": "Normandy", "geolabelid": 3025466, "label": "Cherbourg-Octeville"}, {"country": "France", "subcountry": "Bourgogne-Franche-Comt\u00e9", "geolabelid": 3025496, "label": "Chen\u00f4ve"}, {"country": "France", "subcountry": "\u00cele-de-France", "geolabelid": 3025509, "label": "Chennevi\u00e8res-sur-Marne"}, {"country": "France", "subcountry": "\u00cele-de-France", "geolabelid": 3025622, "label": "Chelles"}, {"country": "France", "subcountry": "\u00cele-de-France", "geolabelid": 3025715, "label": "Chaville"}, {"country": "France", "subcountry": "Alsace-Champagne-Ardenne-Lorraine", "geolabelid": 3025892, "label": "Chaumont"}, {"country": "France", "subcountry": "\u00cele-de-France", "geolabelid": 3026033, "label": "Chatou"}, {"country": "France", "subcountry": "\u00cele-de-France", "geolabelid": 3026083, "label": "Ch\u00e2tillon"}, {"country": "France", "subcountry": "\u00cele-de-France", "geolabelid": 3026108, "label": "Ch\u00e2tenay-Malabry"}, {"country": "France", "subcountry": "Aquitaine-Limousin-Poitou-Charentes", "geolabelid": 3026141, "label": "Ch\u00e2tellerault"}, {"country": "France", "subcountry": "Nord-Pas-de-Calais-Picardie", "geolabelid": 3026194, "label": "Ch\u00e2teau-Thierry"}, {"country": "France", "subcountry": "Centre", "geolabelid": 3026204, "label": "Ch\u00e2teauroux"}, {"country": "France", "subcountry": "Centre", "geolabelid": 3026285, "label": "Ch\u00e2teaudun"}, {"country": "France", "subcountry": "Centre", "geolabelid": 3026467, "label": "Chartres"}, {"country": "France", "subcountry": "Alsace-Champagne-Ardenne-Lorraine", "geolabelid": 3026613, "label": "Charleville-M\u00e9zi\u00e8res"}, {"country": "France", "subcountry": "\u00cele-de-France", "geolabelid": 3026637, "label": "Charenton-le-Pont"}, {"country": "France", "subcountry": "\u00cele-de-France", "geolabelid": 3027014, "label": "Champs-sur-Marne"}, {"country": "France", "subcountry": "\u00cele-de-France", "geolabelid": 3027105, "label": "Champigny-sur-Marne"}, {"country": "France", "subcountry": "Auvergne-Rh\u00f4ne-Alpes", "geolabelid": 3027422, "label": "Chamb\u00e9ry"}, {"country": "France", "subcountry": "Auvergne-Rh\u00f4ne-Alpes", "geolabelid": 3027453, "label": "Chamali\u00e8res"}, {"country": "France", "subcountry": "Bourgogne-Franche-Comt\u00e9", "geolabelid": 3027484, "label": "Chalon-sur-Sa\u00f4ne"}, {"country": "France", "subcountry": "Alsace-Champagne-Ardenne-Lorraine", "geolabelid": 3027487, "label": "Ch\u00e2lons-en-Champagne"}, {"country": "France", "subcountry": "Pays de la Loire", "geolabelid": 3027513, "label": "Challans"}, {"country": "France", "subcountry": "Aquitaine-Limousin-Poitou-Charentes", "geolabelid": 3027763, "label": "Cestas"}, {"country": "France", "subcountry": "Brittany", "geolabelid": 3027767, "label": "Cesson-S\u00e9vign\u00e9"}, {"country": "France", "subcountry": "\u00cele-de-France", "geolabelid": 3027883, "label": "Cergy"}, {"country": "France", "subcountry": "Aquitaine-Limousin-Poitou-Charentes", "geolabelid": 3027950, "label": "Cenon"}, {"country": "France", "subcountry": "Provence-Alpes-C\u00f4te d'Azur", "geolabelid": 3028134, "label": "Cavaillon"}, {"country": "France", "subcountry": "Languedoc-Roussillon-Midi-Pyr\u00e9n\u00e9es", "geolabelid": 3028263, "label": "Castres"}, {"country": "France", "subcountry": "Languedoc-Roussillon-Midi-Pyr\u00e9n\u00e9es", "geolabelid": 3028337, "label": "Castelnau-le-Lez"}, {"country": "France", "subcountry": "Nord-Pas-de-Calais-Picardie", "geolabelid": 3028486, "label": "Carvin"}, {"country": "France", "subcountry": "\u00cele-de-France", "geolabelid": 3028521, "label": "Carri\u00e8res-sous-Poissy"}, {"country": "France", "subcountry": "Pays de la Loire", "geolabelid": 3028535, "label": "Carquefou"}, {"country": "France", "subcountry": "Provence-Alpes-C\u00f4te d'Azur", "geolabelid": 3028542, "label": "Carpentras"}, {"country": "France", "subcountry": "Languedoc-Roussillon-Midi-Pyr\u00e9n\u00e9es", "geolabelid": 3028641, "label": "Carcassonne"}, {"country": "France", "subcountry": "Normandy", "geolabelid": 3028779, "label": "Canteleu"}, {"country": "France", "subcountry": "Provence-Alpes-C\u00f4te d'Azur", "geolabelid": 3028808, "label": "Cannes"}, {"country": "France", "subcountry": "Nord-Pas-de-Calais-Picardie", "geolabelid": 3029030, "label": "Cambrai"}, {"country": "France", "subcountry": "Auvergne-Rh\u00f4ne-Alpes", "geolabelid": 3029096, "label": "Caluire-et-Cuire"}, {"country": "France", "subcountry": "Nord-Pas-de-Calais-Picardie", "geolabelid": 3029162, "label": "Calais"}, {"country": "France", "subcountry": "Languedoc-Roussillon-Midi-Pyr\u00e9n\u00e9es", "geolabelid": 3029213, "label": "Cahors"}, {"country": "France", "subcountry": "Provence-Alpes-C\u00f4te d'Azur", "geolabelid": 3029227, "label": "Cagnes-sur-Mer"}, {"country": "France", "subcountry": "Normandy", "geolabelid": 3029241, "label": "Caen"}, {"country": "France", "subcountry": "\u00cele-de-France", "geolabelid": 3029276, "label": "Cachan"}, {"country": "France", "subcountry": "\u00cele-de-France", "geolabelid": 3029706, "label": "Bry-sur-Marne"}, {"country": "France", "subcountry": "\u00cele-de-France", "geolabelid": 3029748, "label": "Brunoy"}, {"country": "France", "subcountry": "Nord-Pas-de-Calais-Picardie", "geolabelid": 3029825, "label": "Bruay-la-Buissi\u00e8re"}, {"country": "France", "subcountry": "Auvergne-Rh\u00f4ne-Alpes", "geolabelid": 3029931, "label": "Bron"}, {"country": "France", "subcountry": "Aquitaine-Limousin-Poitou-Charentes", "geolabelid": 3029974, "label": "Brive-la-Gaillarde"}, {"country": "France", "subcountry": "Provence-Alpes-C\u00f4te d'Azur", "geolabelid": 3030057, "label": "Brignoles"}, {"country": "France", "subcountry": "\u00cele-de-France", "geolabelid": 3030101, "label": "Brie-Comte-Robert"}, {"country": "France", "subcountry": "\u00cele-de-France", "geolabelid": 3030257, "label": "Br\u00e9tigny-sur-Orge"}, {"country": "France", "subcountry": "Brittany", "geolabelid": 3030300, "label": "Brest"}, {"country": "France", "subcountry": "Aquitaine-Limousin-Poitou-Charentes", "geolabelid": 3030303, "label": "Bressuire"}, {"country": "France", "subcountry": "Auvergne-Rh\u00f4ne-Alpes", "geolabelid": 3030960, "label": "Bourgoin"}, {"country": "France", "subcountry": "Auvergne-Rh\u00f4ne-Alpes", "geolabelid": 3030985, "label": "Bourg-l\u00e8s-Valence"}, {"country": "France", "subcountry": "\u00cele-de-France", "geolabelid": 3030990, "label": "Bourg-la-Reine"}, {"country": "France", "subcountry": "Centre", "geolabelid": 3031005, "label": "Bourges"}, {"country": "France", "subcountry": "Auvergne-Rh\u00f4ne-Alpes", "geolabelid": 3031009, "label": "Bourg-en-Bresse"}, {"country": "France", "subcountry": "Nord-Pas-de-Calais-Picardie", "geolabelid": 3031133, "label": "Boulogne-sur-Mer"}, {"country": "France", "subcountry": "\u00cele-de-France", "geolabelid": 3031137, "label": "Boulogne-Billancourt"}, {"country": "France", "subcountry": "Pays de la Loire", "geolabelid": 3031268, "label": "Bouguenais"}, {"country": "France", "subcountry": "Aquitaine-Limousin-Poitou-Charentes", "geolabelid": 3031582, "label": "Bordeaux"}, {"country": "France", "subcountry": "\u00cele-de-France", "geolabelid": 3031709, "label": "Bonneuil-sur-Marne"}, {"country": "France", "subcountry": "\u00cele-de-France", "geolabelid": 3031815, "label": "Bondy"}, {"country": "France", "subcountry": "\u00cele-de-France", "geolabelid": 3031898, "label": "Boissy-Saint-L\u00e9ger"}, {"country": "France", "subcountry": "\u00cele-de-France", "geolabelid": 3032070, "label": "Bois-Colombes"}, {"country": "France", "subcountry": "\u00cele-de-France", "geolabelid": 3032179, "label": "Bobigny"}, {"country": "France", "subcountry": "Centre", "geolabelid": 3032213, "label": "Blois"}, {"country": "France", "subcountry": "Aquitaine-Limousin-Poitou-Charentes", "geolabelid": 3032340, "label": "Blanquefort"}, {"country": "France", "subcountry": "Languedoc-Roussillon-Midi-Pyr\u00e9n\u00e9es", "geolabelid": 3032469, "label": "Blagnac"}, {"country": "France", "subcountry": "Alsace-Champagne-Ardenne-Lorraine", "geolabelid": 3032551, "label": "Bischheim"}, {"country": "France", "subcountry": "Aquitaine-Limousin-Poitou-Charentes", "geolabelid": 3032797, "label": "Biarritz"}, {"country": "France", "subcountry": "\u00cele-de-France", "geolabelid": 3032824, "label": "Bezons"}, {"country": "France", "subcountry": "Languedoc-Roussillon-Midi-Pyr\u00e9n\u00e9es", "geolabelid": 3032833, "label": "B\u00e9ziers"}, {"country": "France", "subcountry": "Nord-Pas-de-Calais-Picardie", "geolabelid": 3033002, "label": "B\u00e9thune"}, {"country": "France", "subcountry": "Bourgogne-Franche-Comt\u00e9", "geolabelid": 3033123, "label": "Besan\u00e7on"}, {"country": "France", "subcountry": "Aquitaine-Limousin-Poitou-Charentes", "geolabelid": 3033391, "label": "Bergerac"}, {"country": "France", "subcountry": "Nord-Pas-de-Calais-Picardie", "geolabelid": 3033415, "label": "Berck"}, {"country": "France", "subcountry": "Nord-Pas-de-Calais-Picardie", "geolabelid": 3033416, "label": "Berck-Plage"}, {"country": "France", "subcountry": "Bourgogne-Franche-Comt\u00e9", "geolabelid": 3033791, "label": "Belfort"}, {"country": "France", "subcountry": "Aquitaine-Limousin-Poitou-Charentes", "geolabelid": 3033881, "label": "B\u00e8gles"}, {"country": "France", "subcountry": "Nord-Pas-de-Calais-Picardie", "geolabelid": 3034006, "label": "Beauvais"}, {"country": "France", "subcountry": "Bourgogne-Franche-Comt\u00e9", "geolabelid": 3034126, "label": "Beaune"}, {"country": "France", "subcountry": "Aquitaine-Limousin-Poitou-Charentes", "geolabelid": 3034475, "label": "Bayonne"}, {"country": "France", "subcountry": "Normandy", "geolabelid": 3034483, "label": "Bayeux"}, {"country": "France", "subcountry": "Corsica", "geolabelid": 3034640, "label": "Bastia"}, {"country": "France", "subcountry": "Alsace-Champagne-Ardenne-Lorraine", "geolabelid": 3034911, "label": "Bar-le-Duc"}, {"country": "France", "subcountry": "Languedoc-Roussillon-Midi-Pyr\u00e9n\u00e9es", "geolabelid": 3035204, "label": "Balma"}, {"country": "France", "subcountry": "Languedoc-Roussillon-Midi-Pyr\u00e9n\u00e9es", "geolabelid": 3035396, "label": "Bagnols-sur-C\u00e8ze"}, {"country": "France", "subcountry": "\u00cele-de-France", "geolabelid": 3035403, "label": "Bagnolet"}, {"country": "France", "subcountry": "\u00cele-de-France", "geolabelid": 3035409, "label": "Bagneux"}, {"country": "France", "subcountry": "\u00cele-de-France", "geolabelid": 3035654, "label": "Avon"}, {"country": "France", "subcountry": "Nord-Pas-de-Calais-Picardie", "geolabelid": 3035667, "label": "Avion"}, {"country": "France", "subcountry": "Provence-Alpes-C\u00f4te d'Azur", "geolabelid": 3035681, "label": "Avignon"}, {"country": "France", "subcountry": "Bourgogne-Franche-Comt\u00e9", "geolabelid": 3035843, "label": "Auxerre"}, {"country": "France", "subcountry": "Bourgogne-Franche-Comt\u00e9", "geolabelid": 3035883, "label": "Autun"}, {"country": "France", "subcountry": "Auvergne-Rh\u00f4ne-Alpes", "geolabelid": 3036016, "label": "Aurillac"}, {"country": "France", "subcountry": "\u00cele-de-France", "geolabelid": 3036145, "label": "Aulnay-sous-Bois"}, {"country": "France", "subcountry": "Bourgogne-Franche-Comt\u00e9", "geolabelid": 3036240, "label": "Audincourt"}, {"country": "France", "subcountry": "Languedoc-Roussillon-Midi-Pyr\u00e9n\u00e9es", "geolabelid": 3036281, "label": "Auch"}, {"country": "France", "subcountry": "\u00cele-de-France", "geolabelid": 3036386, "label": "Aubervilliers"}, {"country": "France", "subcountry": "Provence-Alpes-C\u00f4te d'Azur", "geolabelid": 3036433, "label": "Aubagne"}, {"country": "France", "subcountry": "\u00cele-de-France", "geolabelid": 3036460, "label": "Athis-Mons"}, {"country": "France", "subcountry": "\u00cele-de-France", "geolabelid": 3036572, "label": "Asni\u00e8res-sur-Seine"}, {"country": "France", "subcountry": "Nord-Pas-de-Calais-Picardie", "geolabelid": 3036784, "label": "Arras"}, {"country": "France", "subcountry": "Nord-Pas-de-Calais-Picardie", "geolabelid": 3036903, "label": "Armenti\u00e8res"}, {"country": "France", "subcountry": "Provence-Alpes-C\u00f4te d'Azur", "geolabelid": 3036938, "label": "Arles"}, {"country": "France", "subcountry": "\u00cele-de-France", "geolabelid": 3037044, "label": "Argenteuil"}, {"country": "France", "subcountry": "Normandy", "geolabelid": 3037051, "label": "Argentan"}, {"country": "France", "subcountry": "\u00cele-de-France", "geolabelid": 3037157, "label": "Arcueil"}, {"country": "France", "subcountry": "\u00cele-de-France", "geolabelid": 3037423, "label": "Antony"}, {"country": "France", "subcountry": "Provence-Alpes-C\u00f4te d'Azur", "geolabelid": 3037456, "label": "Antibes"}, {"country": "France", "subcountry": "Auvergne-Rh\u00f4ne-Alpes", "geolabelid": 3037514, "label": "Annonay"}, {"country": "France", "subcountry": "Auvergne-Rh\u00f4ne-Alpes", "geolabelid": 3037538, "label": "Annemasse"}, {"country": "France", "subcountry": "Auvergne-Rh\u00f4ne-Alpes", "geolabelid": 3037540, "label": "Annecy-le-Vieux"}, {"country": "France", "subcountry": "Auvergne-Rh\u00f4ne-Alpes", "geolabelid": 3037543, "label": "Annecy"}, {"country": "France", "subcountry": "Aquitaine-Limousin-Poitou-Charentes", "geolabelid": 3037598, "label": "Angoul\u00eame"}, {"country": "France", "subcountry": "Aquitaine-Limousin-Poitou-Charentes", "geolabelid": 3037612, "label": "Anglet"}, {"country": "France", "subcountry": "Pays de la Loire", "geolabelid": 3037656, "label": "Angers"}, {"country": "France", "subcountry": "Nord-Pas-de-Calais-Picardie", "geolabelid": 3037854, "label": "Amiens"}, {"country": "France", "subcountry": "Provence-Alpes-C\u00f4te d'Azur", "geolabelid": 3038159, "label": "Allauch"}, {"country": "France", "subcountry": "\u00cele-de-France", "geolabelid": 3038213, "label": "Alfortville"}, {"country": "France", "subcountry": "Languedoc-Roussillon-Midi-Pyr\u00e9n\u00e9es", "geolabelid": 3038224, "label": "Al\u00e8s"}, {"country": "France", "subcountry": "Normandy", "geolabelid": 3038230, "label": "Alen\u00e7on"}, {"country": "France", "subcountry": "Languedoc-Roussillon-Midi-Pyr\u00e9n\u00e9es", "geolabelid": 3038261, "label": "Albi"}, {"country": "France", "subcountry": "Auvergne-Rh\u00f4ne-Alpes", "geolabelid": 3038266, "label": "Albertville"}, {"country": "France", "subcountry": "Corsica", "geolabelid": 3038334, "label": "Ajaccio"}, {"country": "France", "subcountry": "Auvergne-Rh\u00f4ne-Alpes", "geolabelid": 3038350, "label": "Aix-les-Bains"}, {"country": "France", "subcountry": "Provence-Alpes-C\u00f4te d'Azur", "geolabelid": 3038354, "label": "Aix-en-Provence"}, {"country": "France", "subcountry": "Aquitaine-Limousin-Poitou-Charentes", "geolabelid": 3038634, "label": "Agen"}, {"country": "France", "subcountry": "Languedoc-Roussillon-Midi-Pyr\u00e9n\u00e9es", "geolabelid": 3038638, "label": "Agde"}, {"country": "France", "subcountry": "\u00cele-de-France", "geolabelid": 3038712, "label": "Ach\u00e8res"}, {"country": "France", "subcountry": "Nord-Pas-de-Calais-Picardie", "geolabelid": 3038789, "label": "Abbeville"}, {"country": "France", "subcountry": "Nord-Pas-de-Calais-Picardie", "geolabelid": 6543862, "label": "Villeneuve-d'Ascq"}, {"country": "France", "subcountry": "\u00cele-de-France", "geolabelid": 6615536, "label": "Les Ulis"}, {"country": "France", "subcountry": "Auvergne-Rh\u00f4ne-Alpes", "geolabelid": 6615539, "label": "Bourgoin-Jallieu"}, {"country": "France", "subcountry": "Provence-Alpes-C\u00f4te d'Azur", "geolabelid": 7284882, "label": "Marseille 01"}, {"country": "France", "subcountry": "Provence-Alpes-C\u00f4te d'Azur", "geolabelid": 7284883, "label": "Marseille 02"}, {"country": "France", "subcountry": "Provence-Alpes-C\u00f4te d'Azur", "geolabelid": 7284884, "label": "Marseille 03"}, {"country": "France", "subcountry": "Provence-Alpes-C\u00f4te d'Azur", "geolabelid": 7284885, "label": "Marseille 04"}, {"country": "France", "subcountry": "Provence-Alpes-C\u00f4te d'Azur", "geolabelid": 7284886, "label": "Marseille 05"}, {"country": "France", "subcountry": "Provence-Alpes-C\u00f4te d'Azur", "geolabelid": 7284887, "label": "Marseille 06"}, {"country": "France", "subcountry": "Provence-Alpes-C\u00f4te d'Azur", "geolabelid": 7284888, "label": "Marseille 07"}, {"country": "France", "subcountry": "Provence-Alpes-C\u00f4te d'Azur", "geolabelid": 7284889, "label": "Marseille 08"}, {"country": "France", "subcountry": "Provence-Alpes-C\u00f4te d'Azur", "geolabelid": 7284890, "label": "Marseille 10"}, {"country": "France", "subcountry": "Provence-Alpes-C\u00f4te d'Azur", "geolabelid": 7284891, "label": "Marseille 09"}, {"country": "France", "subcountry": "Provence-Alpes-C\u00f4te d'Azur", "geolabelid": 7284892, "label": "Marseille 11"}, {"country": "France", "subcountry": "Provence-Alpes-C\u00f4te d'Azur", "geolabelid": 7284893, "label": "Marseille 12"}, {"country": "France", "subcountry": "Provence-Alpes-C\u00f4te d'Azur", "geolabelid": 7284894, "label": "Marseille 13"}, {"country": "France", "subcountry": "Provence-Alpes-C\u00f4te d'Azur", "geolabelid": 7284895, "label": "Marseille 14"}, {"country": "France", "subcountry": "Provence-Alpes-C\u00f4te d'Azur", "geolabelid": 7284896, "label": "Marseille 15"}, {"country": "France", "subcountry": "Provence-Alpes-C\u00f4te d'Azur", "geolabelid": 7284897, "label": "Marseille 16"}, {"country": "France", "subcountry": "\u00cele-de-France", "geolabelid": 8504417, "label": "La Defense"}, {"country": "France", "subcountry": "\u00cele-de-France", "geolabelid": 8533870, "label": "Saint-Quentin-en-Yvelines"}, {"country": "France", "subcountry": "\u00cele-de-France", "geolabelid": 8555643, "label": "Cergy-Pontoise"}]