[{"country": "Lebanon", "subcountry": "B\u00e9qaa", "geolabelid": 266045, "label": "Zahl\u00e9"}, {"country": "Lebanon", "subcountry": "Liban-Nord", "geolabelid": 266826, "label": "Tripoli"}, {"country": "Lebanon", "subcountry": "Liban-Sud", "geolabelid": 267008, "label": "Tyre"}, {"country": "Lebanon", "subcountry": "Liban-Sud", "geolabelid": 268064, "label": "Sidon"}, {"country": "Lebanon", "subcountry": "Beyrouth", "geolabelid": 268743, "label": "Ra\u2019s Bayr\u016bt"}, {"country": "Lebanon", "subcountry": "Mont-Liban", "geolabelid": 273140, "label": "Djounie"}, {"country": "Lebanon", "subcountry": "Mont-Liban", "geolabelid": 273203, "label": "Jba\u00efl"}, {"country": "Lebanon", "subcountry": "Nabat\u00eey\u00e9", "geolabelid": 274874, "label": "Habbo\u00fbch"}, {"country": "Lebanon", "subcountry": "Liban-Nord", "geolabelid": 276359, "label": "Bcharr\u00e9"}, {"country": "Lebanon", "subcountry": "Beyrouth", "geolabelid": 276781, "label": "Beirut"}, {"country": "Lebanon", "subcountry": "Baalbek-Hermel", "geolabelid": 277130, "label": "Baalbek"}, {"country": "Lebanon", "subcountry": "Liban-Sud", "geolabelid": 278832, "label": "En N\u00e2qo\u00fbra"}, {"country": "Lebanon", "subcountry": "Nabat\u00eey\u00e9", "geolabelid": 278913, "label": "Nabat\u00eey\u00e9 et Tahta"}]