[{"country": "Zimbabwe", "subcountry": "Masvingo", "geolabelid": 878549, "label": "Zvishavane"}, {"country": "Zimbabwe", "subcountry": "Matabeleland North", "geolabelid": 879431, "label": "Victoria Falls"}, {"country": "Zimbabwe", "subcountry": "Midlands", "geolabelid": 881164, "label": "Shurugwi"}, {"country": "Zimbabwe", "subcountry": "Manicaland", "geolabelid": 882100, "label": "Rusape"}, {"country": "Zimbabwe", "subcountry": "Midlands", "geolabelid": 882599, "label": "Redcliff"}, {"country": "Zimbabwe", "subcountry": "Mashonaland West", "geolabelid": 884141, "label": "Norton"}, {"country": "Zimbabwe", "subcountry": "Manicaland", "geolabelid": 884979, "label": "Mutare"}, {"country": "Zimbabwe", "subcountry": "Masvingo", "geolabelid": 886763, "label": "Masvingo"}, {"country": "Zimbabwe", "subcountry": "Mashonaland East", "geolabelid": 886990, "label": "Marondera"}, {"country": "Zimbabwe", "subcountry": "Midlands", "geolabelid": 888710, "label": "Kwekwe"}, {"country": "Zimbabwe", "subcountry": "Mashonaland West", "geolabelid": 889191, "label": "Karoi"}, {"country": "Zimbabwe", "subcountry": "Mashonaland West", "geolabelid": 889215, "label": "Kariba"}, {"country": "Zimbabwe", "subcountry": "Mashonaland West", "geolabelid": 889453, "label": "Kadoma"}, {"country": "Zimbabwe", "subcountry": "Matabeleland North", "geolabelid": 889942, "label": "Hwange"}, {"country": "Zimbabwe", "subcountry": "Harare", "geolabelid": 890299, "label": "Harare"}, {"country": "Zimbabwe", "subcountry": "Midlands", "geolabelid": 890422, "label": "Gweru"}, {"country": "Zimbabwe", "subcountry": "Midlands", "geolabelid": 890983, "label": "Gokwe"}, {"country": "Zimbabwe", "subcountry": "Masvingo", "geolabelid": 893485, "label": "Chiredzi"}, {"country": "Zimbabwe", "subcountry": "Manicaland", "geolabelid": 893549, "label": "Chipinge"}, {"country": "Zimbabwe", "subcountry": "Mashonaland West", "geolabelid": 893697, "label": "Chinhoyi"}, {"country": "Zimbabwe", "subcountry": "Mashonaland West", "geolabelid": 894239, "label": "Chegutu"}, {"country": "Zimbabwe", "subcountry": "Bulawayo", "geolabelid": 894701, "label": "Bulawayo"}, {"country": "Zimbabwe", "subcountry": "Mashonaland Central", "geolabelid": 895061, "label": "Bindura"}, {"country": "Zimbabwe", "subcountry": "Matabeleland South", "geolabelid": 895269, "label": "Beitbridge"}, {"country": "Zimbabwe", "subcountry": "Harare", "geolabelid": 1085510, "label": "Epworth"}, {"country": "Zimbabwe", "subcountry": "Harare", "geolabelid": 1106542, "label": "Chitungwiza"}]