[{"country": "Paraguay", "subcountry": "Guair\u00e1", "geolabelid": 3436714, "label": "Villarrica"}, {"country": "Paraguay", "subcountry": "Presidente Hayes", "geolabelid": 3436725, "label": "Villa Hayes"}, {"country": "Paraguay", "subcountry": "Central", "geolabelid": 3436728, "label": "Villa Elisa"}, {"country": "Paraguay", "subcountry": "Central", "geolabelid": 3437056, "label": "San Lorenzo"}, {"country": "Paraguay", "subcountry": "Misiones", "geolabelid": 3437063, "label": "San Juan Bautista"}, {"country": "Paraguay", "subcountry": "Central", "geolabelid": 3437127, "label": "San Antonio"}, {"country": "Paraguay", "subcountry": "Alto Paran\u00e1", "geolabelid": 3437444, "label": "Presidente Franco"}, {"country": "Paraguay", "subcountry": "\u00d1eembuc\u00fa", "geolabelid": 3437526, "label": "Pilar"}, {"country": "Paraguay", "subcountry": "Amambay", "geolabelid": 3437547, "label": "Pedro Juan Caballero"}, {"country": "Paraguay", "subcountry": "Central", "geolabelid": 3437665, "label": "Nemby"}, {"country": "Paraguay", "subcountry": "Central", "geolabelid": 3437842, "label": "Limpio"}, {"country": "Paraguay", "subcountry": "Central", "geolabelid": 3437863, "label": "Lambar\u00e9"}, {"country": "Paraguay", "subcountry": "Central", "geolabelid": 3437918, "label": "Itaugu\u00e1"}, {"country": "Paraguay", "subcountry": "Central", "geolabelid": 3437954, "label": "It\u00e1"}, {"country": "Paraguay", "subcountry": "Central", "geolabelid": 3438115, "label": "Fernando de la Mora"}, {"country": "Paraguay", "subcountry": "Itap\u00faa", "geolabelid": 3438735, "label": "Encarnaci\u00f3n"}, {"country": "Paraguay", "subcountry": "Caaguaz\u00fa", "geolabelid": 3438819, "label": "Coronel Oviedo"}, {"country": "Paraguay", "subcountry": "Concepci\u00f3n", "geolabelid": 3438834, "label": "Concepci\u00f3n"}, {"country": "Paraguay", "subcountry": "Central", "geolabelid": 3438995, "label": "Colonia Mariano Roque Alonso"}, {"country": "Paraguay", "subcountry": "Alto Paran\u00e1", "geolabelid": 3439101, "label": "Ciudad del Este"}, {"country": "Paraguay", "subcountry": "Central", "geolabelid": 3439214, "label": "Capiat\u00e1"}, {"country": "Paraguay", "subcountry": "Caazap\u00e1", "geolabelid": 3439297, "label": "Caazap\u00e1"}, {"country": "Paraguay", "subcountry": "Caaguaz\u00fa", "geolabelid": 3439317, "label": "Caaguaz\u00fa"}, {"country": "Paraguay", "subcountry": "Cordillera", "geolabelid": 3439320, "label": "Caacup\u00e9"}, {"country": "Paraguay", "subcountry": "Asunci\u00f3n", "geolabelid": 3439389, "label": "Asunci\u00f3n"}]