[{"country": "Benin", "subcountry": "Borgou", "geolabelid": 2391377, "label": "Tchaourou"}, {"country": "Benin", "subcountry": "Atakora", "geolabelid": 2391455, "label": "Tangui\u00e9ta"}, {"country": "Benin", "subcountry": "Collines", "geolabelid": 2391893, "label": "Sav\u00e9"}, {"country": "Benin", "subcountry": "Collines", "geolabelid": 2391895, "label": "Savalou"}, {"country": "Benin", "subcountry": "Plateau", "geolabelid": 2392009, "label": "Sak\u00e9t\u00e9"}, {"country": "Benin", "subcountry": "Qu\u00e9m\u00e9", "geolabelid": 2392087, "label": "Porto-Novo"}, {"country": "Benin", "subcountry": "Plateau", "geolabelid": 2392108, "label": "Pob\u00e9"}, {"country": "Benin", "subcountry": "Borgou", "geolabelid": 2392204, "label": "Parakou"}, {"country": "Benin", "subcountry": "Atlantique", "geolabelid": 2392308, "label": "Ouidah"}, {"country": "Benin", "subcountry": "Borgou", "geolabelid": 2392505, "label": "Nikki"}, {"country": "Benin", "subcountry": "Atakora", "geolabelid": 2392601, "label": "Natitingou"}, {"country": "Benin", "subcountry": "Atakora", "geolabelid": 2392837, "label": "Malanville"}, {"country": "Benin", "subcountry": "Mono", "geolabelid": 2392897, "label": "Lokossa"}, {"country": "Benin", "subcountry": "Plateau", "geolabelid": 2393551, "label": "K\u00e9tou"}, {"country": "Benin", "subcountry": "Alibori", "geolabelid": 2393693, "label": "Kandi"}, {"country": "Benin", "subcountry": "Kouffo", "geolabelid": 2394545, "label": "Dogbo"}, {"country": "Benin", "subcountry": "Donga", "geolabelid": 2394560, "label": "Djougou"}, {"country": "Benin", "subcountry": "Collines", "geolabelid": 2394711, "label": "Dassa-Zoum\u00e9"}, {"country": "Benin", "subcountry": "Zou", "geolabelid": 2394814, "label": "Cov\u00e9"}, {"country": "Benin", "subcountry": "Littoral", "geolabelid": 2394819, "label": "Cotonou"}, {"country": "Benin", "subcountry": "Mono", "geolabelid": 2394824, "label": "Com\u00e9"}, {"country": "Benin", "subcountry": "Zou", "geolabelid": 2395049, "label": "Bohicon"}, {"country": "Benin", "subcountry": "Borgou", "geolabelid": 2395182, "label": "Bemb\u00e8r\u00e8k\u00e8"}, {"country": "Benin", "subcountry": "Donga", "geolabelid": 2395261, "label": "Bassila"}, {"country": "Benin", "subcountry": "Alibori", "geolabelid": 2395317, "label": "Banikoara"}, {"country": "Benin", "subcountry": "Kouffo", "geolabelid": 2395568, "label": "Aplahou\u00e9"}, {"country": "Benin", "subcountry": "Atlantique", "geolabelid": 2395635, "label": "Allada"}, {"country": "Benin", "subcountry": "Atlantique", "geolabelid": 2395914, "label": "Abomey-Calavi"}, {"country": "Benin", "subcountry": "Zou", "geolabelid": 2395915, "label": "Abomey"}]