[{"country": "Ghana", "subcountry": "Northern", "geolabelid": 2293801, "label": "Yendi"}, {"country": "Ghana", "subcountry": "Central", "geolabelid": 2294034, "label": "Winneba"}, {"country": "Ghana", "subcountry": "Brong-Ahafo", "geolabelid": 2294086, "label": "Wenchi"}, {"country": "Ghana", "subcountry": "Upper West", "geolabelid": 2294206, "label": "Wa"}, {"country": "Ghana", "subcountry": "Greater Accra", "geolabelid": 2294665, "label": "Teshi Old Town"}, {"country": "Ghana", "subcountry": "Greater Accra", "geolabelid": 2294700, "label": "Tema"}, {"country": "Ghana", "subcountry": "Brong-Ahafo", "geolabelid": 2294727, "label": "Techiman"}, {"country": "Ghana", "subcountry": "Western", "geolabelid": 2294768, "label": "Tarkwa"}, {"country": "Ghana", "subcountry": "Northern", "geolabelid": 2294877, "label": "Tamale"}, {"country": "Ghana", "subcountry": "Western", "geolabelid": 2294915, "label": "Takoradi"}, {"country": "Ghana", "subcountry": "Ashanti", "geolabelid": 2294938, "label": "Tafo"}, {"country": "Ghana", "subcountry": "Central", "geolabelid": 2294962, "label": "Swedru"}, {"country": "Ghana", "subcountry": "Brong-Ahafo", "geolabelid": 2295021, "label": "Sunyani"}, {"country": "Ghana", "subcountry": "Eastern", "geolabelid": 2295065, "label": "Suhum"}, {"country": "Ghana", "subcountry": "Western", "geolabelid": 2295385, "label": "Shama Junction"}, {"country": "Ghana", "subcountry": "Western", "geolabelid": 2295458, "label": "Sekondi-Takoradi"}, {"country": "Ghana", "subcountry": "Northern", "geolabelid": 2295517, "label": "Savelugu"}, {"country": "Ghana", "subcountry": "Central", "geolabelid": 2295672, "label": "Saltpond"}, {"country": "Ghana", "subcountry": "Northern", "geolabelid": 2295684, "label": "Salaga"}, {"country": "Ghana", "subcountry": "Western", "geolabelid": 2295840, "label": "Prestea"}, {"country": "Ghana", "subcountry": "Central", "geolabelid": 2296458, "label": "Kasoa"}, {"country": "Ghana", "subcountry": "Eastern", "geolabelid": 2296564, "label": "Akim Oda"}, {"country": "Ghana", "subcountry": "Ashanti", "geolabelid": 2296606, "label": "Obuasi"}, {"country": "Ghana", "subcountry": "Greater Accra", "geolabelid": 2296969, "label": "Nungua"}, {"country": "Ghana", "subcountry": "Eastern", "geolabelid": 2297141, "label": "Nsawam"}, {"country": "Ghana", "subcountry": "Eastern", "geolabelid": 2297313, "label": "Nkawkaw"}, {"country": "Ghana", "subcountry": "Upper East", "geolabelid": 2297505, "label": "Navrongo"}, {"country": "Ghana", "subcountry": "Ashanti", "geolabelid": 2298264, "label": "Mampong"}, {"country": "Ghana", "subcountry": "Greater Accra", "geolabelid": 2298330, "label": "Medina Estates"}, {"country": "Ghana", "subcountry": "Ashanti", "geolabelid": 2298890, "label": "Kumasi"}, {"country": "Ghana", "subcountry": "Volta", "geolabelid": 2299233, "label": "Kpandu"}, {"country": "Ghana", "subcountry": "Ashanti", "geolabelid": 2299349, "label": "Konongo"}, {"country": "Ghana", "subcountry": "Eastern", "geolabelid": 2299522, "label": "Koforidua"}, {"country": "Ghana", "subcountry": "Brong-Ahafo", "geolabelid": 2299625, "label": "Kintampo"}, {"country": "Ghana", "subcountry": "Volta", "geolabelid": 2299645, "label": "Keta"}, {"country": "Ghana", "subcountry": "Volta", "geolabelid": 2300372, "label": "Hohoe"}, {"country": "Ghana", "subcountry": "Volta", "geolabelid": 2300379, "label": "Ho"}, {"country": "Ghana", "subcountry": "Greater Accra", "geolabelid": 2300721, "label": "Gbawe"}, {"country": "Ghana", "subcountry": "Central", "geolabelid": 2300883, "label": "Foso"}, {"country": "Ghana", "subcountry": "Central", "geolabelid": 2301190, "label": "Elmina"}, {"country": "Ghana", "subcountry": "Ashanti", "geolabelid": 2301217, "label": "Ejura"}, {"country": "Ghana", "subcountry": "Central", "geolabelid": 2301400, "label": "Dunkwa"}, {"country": "Ghana", "subcountry": "Greater Accra", "geolabelid": 2301639, "label": "Dome"}, {"country": "Ghana", "subcountry": "Central", "geolabelid": 2302357, "label": "Cape Coast"}, {"country": "Ghana", "subcountry": "Upper East", "geolabelid": 2302821, "label": "Bolgatanga"}, {"country": "Ghana", "subcountry": "Western", "geolabelid": 2303060, "label": "Bibiani"}, {"country": "Ghana", "subcountry": "Brong-Ahafo", "geolabelid": 2303125, "label": "Berekum"}, {"country": "Ghana", "subcountry": "Eastern", "geolabelid": 2303236, "label": "Begoro"}, {"country": "Ghana", "subcountry": "Upper East", "geolabelid": 2303287, "label": "Bawku"}, {"country": "Ghana", "subcountry": "Western", "geolabelid": 2303611, "label": "Axim"}, {"country": "Ghana", "subcountry": "Eastern", "geolabelid": 2304220, "label": "Asamankese"}, {"country": "Ghana", "subcountry": "Central", "geolabelid": 2304389, "label": "Apam"}, {"country": "Ghana", "subcountry": "Volta", "geolabelid": 2304548, "label": "Anloga"}, {"country": "Ghana", "subcountry": "Eastern", "geolabelid": 2304931, "label": "Akwatia"}, {"country": "Ghana", "subcountry": "Ashanti", "geolabelid": 2305537, "label": "Agogo"}, {"country": "Ghana", "subcountry": "Greater Accra", "geolabelid": 2306079, "label": "Achiaman"}, {"country": "Ghana", "subcountry": "Greater Accra", "geolabelid": 2306104, "label": "Accra"}, {"country": "Ghana", "subcountry": "Eastern", "geolabelid": 2306119, "label": "Aburi"}]