[{"country": "Philippines", "subcountry": "Zamboanga Peninsula", "geolabelid": 1679432, "label": "Zamboanga"}, {"country": "Philippines", "subcountry": "Autonomous Region in Muslim Mindanao", "geolabelid": 1679678, "label": "Wao"}, {"country": "Philippines", "subcountry": "Bicol", "geolabelid": 1679802, "label": "Virac"}, {"country": "Philippines", "subcountry": "Ilocos", "geolabelid": 1679980, "label": "Vigan"}, {"country": "Philippines", "subcountry": "Western Visayas", "geolabelid": 1680007, "label": "Victorias"}, {"country": "Philippines", "subcountry": "Calabarzon", "geolabelid": 1680018, "label": "Victoria"}, {"country": "Philippines", "subcountry": "Caraga", "geolabelid": 1680040, "label": "Veruela"}, {"country": "Philippines", "subcountry": "Northern Mindanao", "geolabelid": 1680116, "label": "Valencia"}, {"country": "Philippines", "subcountry": "Ilocos", "geolabelid": 1680197, "label": "Urdaneta"}, {"country": "Philippines", "subcountry": "Western Visayas", "geolabelid": 1680505, "label": "Ualog"}, {"country": "Philippines", "subcountry": "Davao", "geolabelid": 1680613, "label": "Tupi"}, {"country": "Philippines", "subcountry": "Cagayan Valley", "geolabelid": 1680932, "label": "Tuguegarao City"}, {"country": "Philippines", "subcountry": "Caraga", "geolabelid": 1681333, "label": "Trento"}, {"country": "Philippines", "subcountry": "Central Visayas", "geolabelid": 1681602, "label": "Toledo"}, {"country": "Philippines", "subcountry": "Bicol", "geolabelid": 1681676, "label": "Tiwi"}, {"country": "Philippines", "subcountry": "Calabarzon", "geolabelid": 1682472, "label": "Ternate"}, {"country": "Philippines", "subcountry": "Calabarzon", "geolabelid": 1682478, "label": "Teresa"}, {"country": "Philippines", "subcountry": "Central Luzon", "geolabelid": 1682537, "label": "Telabastagan"}, {"country": "Philippines", "subcountry": "Calabarzon", "geolabelid": 1682598, "label": "Taytay"}, {"country": "Philippines", "subcountry": "Calabarzon", "geolabelid": 1682659, "label": "Tayabas"}, {"country": "Philippines", "subcountry": "Central Luzon", "geolabelid": 1682812, "label": "Tarlac City"}, {"country": "Philippines", "subcountry": "Metro Manila", "geolabelid": 1683013, "label": "Tanza"}, {"country": "Philippines", "subcountry": "Central Visayas", "geolabelid": 1683088, "label": "Tanjay"}, {"country": "Philippines", "subcountry": "Northern Mindanao", "geolabelid": 1683116, "label": "Tangub"}, {"country": "Philippines", "subcountry": "Caraga", "geolabelid": 1683302, "label": "Tandag"}, {"country": "Philippines", "subcountry": "Calabarzon", "geolabelid": 1683319, "label": "Tanay"}, {"country": "Philippines", "subcountry": "Calabarzon", "geolabelid": 1683340, "label": "Tanauan"}, {"country": "Philippines", "subcountry": "Eastern Visayas", "geolabelid": 1683342, "label": "Tanauan"}, {"country": "Philippines", "subcountry": "Western Visayas", "geolabelid": 1683800, "label": "Taloc"}, {"country": "Philippines", "subcountry": "Calabarzon", "geolabelid": 1683860, "label": "Talisay"}, {"country": "Philippines", "subcountry": "Western Visayas", "geolabelid": 1683877, "label": "Talisay"}, {"country": "Philippines", "subcountry": "Central Visayas", "geolabelid": 1683881, "label": "Talisay"}, {"country": "Philippines", "subcountry": "Central Luzon", "geolabelid": 1684016, "label": "Talavera"}, {"country": "Philippines", "subcountry": "Caraga", "geolabelid": 1684137, "label": "Talacogon"}, {"country": "Philippines", "subcountry": "Davao", "geolabelid": 1684269, "label": "Tagum"}, {"country": "Philippines", "subcountry": "Calabarzon", "geolabelid": 1684308, "label": "Taguig"}, {"country": "Philippines", "subcountry": "Ilocos", "geolabelid": 1684320, "label": "Tagudin"}, {"country": "Philippines", "subcountry": "Northern Mindanao", "geolabelid": 1684379, "label": "Tagoloan"}, {"country": "Philippines", "subcountry": "Central Visayas", "geolabelid": 1684497, "label": "Tagbilaran City"}, {"country": "Philippines", "subcountry": "Bicol", "geolabelid": 1684577, "label": "Tagas"}, {"country": "Philippines", "subcountry": "Soccsksargen", "geolabelid": 1684681, "label": "Tacurong"}, {"country": "Philippines", "subcountry": "Cordillera", "geolabelid": 1684803, "label": "Tabuk"}, {"country": "Philippines", "subcountry": "Bicol", "geolabelid": 1685117, "label": "Tabaco"}, {"country": "Philippines", "subcountry": "Calabarzon", "geolabelid": 1685146, "label": "Taal"}, {"country": "Philippines", "subcountry": "Caraga", "geolabelid": 1685218, "label": "Surigao"}, {"country": "Philippines", "subcountry": "Soccsksargen", "geolabelid": 1685230, "label": "Surallah"}, {"country": "Philippines", "subcountry": "Central Luzon", "geolabelid": 1685577, "label": "Subic"}, {"country": "Philippines", "subcountry": "Western Visayas", "geolabelid": 1685622, "label": "Suay"}, {"country": "Philippines", "subcountry": "Bicol", "geolabelid": 1685755, "label": "Sorsogon"}, {"country": "Philippines", "subcountry": "Cagayan Valley", "geolabelid": 1685875, "label": "Solano"}, {"country": "Philippines", "subcountry": "Cagayan Valley", "geolabelid": 1685880, "label": "Solana"}, {"country": "Philippines", "subcountry": "Autonomous Region in Muslim Mindanao", "geolabelid": 1686004, "label": "Sitangkai"}, {"country": "Philippines", "subcountry": "Western Visayas", "geolabelid": 1686102, "label": "Sipalay"}, {"country": "Philippines", "subcountry": "Calabarzon", "geolabelid": 1686547, "label": "Silang"}, {"country": "Philippines", "subcountry": "Central Visayas", "geolabelid": 1686728, "label": "Sibulan"}, {"country": "Philippines", "subcountry": "Central Luzon", "geolabelid": 1686933, "label": "Sexmoan"}, {"country": "Philippines", "subcountry": "Soccsksargen", "geolabelid": 1687029, "label": "Sebu"}, {"country": "Philippines", "subcountry": "Calabarzon", "geolabelid": 1687164, "label": "Sariaya"}, {"country": "Philippines", "subcountry": "Central Luzon", "geolabelid": 1687409, "label": "San Vicente"}, {"country": "Philippines", "subcountry": "Calabarzon", "geolabelid": 1687534, "label": "Santo Tomas"}, {"country": "Philippines", "subcountry": "Central Luzon", "geolabelid": 1687687, "label": "Santol"}, {"country": "Philippines", "subcountry": "Cagayan Valley", "geolabelid": 1687801, "label": "Santiago"}, {"country": "Philippines", "subcountry": "Calabarzon", "geolabelid": 1687894, "label": "Santa Rosa"}, {"country": "Philippines", "subcountry": "Ilocos", "geolabelid": 1688017, "label": "Santa Maria"}, {"country": "Philippines", "subcountry": "Davao", "geolabelid": 1688058, "label": "Santa Maria"}, {"country": "Philippines", "subcountry": "Central Luzon", "geolabelid": 1688232, "label": "Santa Cruz"}, {"country": "Philippines", "subcountry": "Central Luzon", "geolabelid": 1688248, "label": "Santa Cruz"}, {"country": "Philippines", "subcountry": "Calabarzon", "geolabelid": 1688253, "label": "Santa Cruz"}, {"country": "Philippines", "subcountry": "Central Visayas", "geolabelid": 1688363, "label": "Santa Catalina"}, {"country": "Philippines", "subcountry": "Ilocos", "geolabelid": 1688372, "label": "Santa Barbara"}, {"country": "Philippines", "subcountry": "Central Luzon", "geolabelid": 1688398, "label": "Santa Ana"}, {"country": "Philippines", "subcountry": "Central Luzon", "geolabelid": 1688425, "label": "San Simon"}, {"country": "Philippines", "subcountry": "Calabarzon", "geolabelid": 1688749, "label": "San Pedro"}, {"country": "Philippines", "subcountry": "Calabarzon", "geolabelid": 1688795, "label": "San Pascual"}, {"country": "Philippines", "subcountry": "Calabarzon", "geolabelid": 1688830, "label": "San Pablo"}, {"country": "Philippines", "subcountry": "Ilocos", "geolabelid": 1688859, "label": "San Nicolas"}, {"country": "Philippines", "subcountry": "Central Luzon", "geolabelid": 1688912, "label": "San Narciso"}, {"country": "Philippines", "subcountry": "Central Luzon", "geolabelid": 1688949, "label": "San Miguel"}, {"country": "Philippines", "subcountry": "Central Luzon", "geolabelid": 1688954, "label": "San Miguel"}, {"country": "Philippines", "subcountry": "Cagayan Valley", "geolabelid": 1689052, "label": "San Mateo"}, {"country": "Philippines", "subcountry": "Calabarzon", "geolabelid": 1689056, "label": "San Mateo"}, {"country": "Philippines", "subcountry": "Davao", "geolabelid": 1689087, "label": "San Mariano"}, {"country": "Philippines", "subcountry": "Central Luzon", "geolabelid": 1689099, "label": "San Marcelino"}, {"country": "Philippines", "subcountry": "Central Luzon", "geolabelid": 1689129, "label": "San Luis"}, {"country": "Philippines", "subcountry": "Central Luzon", "geolabelid": 1689171, "label": "San Leonardo"}, {"country": "Philippines", "subcountry": "Metro Manila", "geolabelid": 1689286, "label": "San Juan"}, {"country": "Philippines", "subcountry": "Central Luzon", "geolabelid": 1689395, "label": "San Jose del Monte"}, {"country": "Philippines", "subcountry": "Bicol", "geolabelid": 1689498, "label": "San Jose"}, {"country": "Philippines", "subcountry": "Mimaropa", "geolabelid": 1689510, "label": "San Jose"}, {"country": "Philippines", "subcountry": "Central Luzon", "geolabelid": 1689832, "label": "San Ildefonso"}, {"country": "Philippines", "subcountry": "Central Luzon", "geolabelid": 1689973, "label": "San Francisco"}, {"country": "Philippines", "subcountry": "Calabarzon", "geolabelid": 1689994, "label": "Aurora"}, {"country": "Philippines", "subcountry": "Caraga", "geolabelid": 1690019, "label": "San Francisco"}, {"country": "Philippines", "subcountry": "Ilocos", "geolabelid": 1690033, "label": "San Fernando"}, {"country": "Philippines", "subcountry": "Central Luzon", "geolabelid": 1690039, "label": "San Fernando"}, {"country": "Philippines", "subcountry": "Central Visayas", "geolabelid": 1690060, "label": "San Fernando"}, {"country": "Philippines", "subcountry": "Central Luzon", "geolabelid": 1690313, "label": "San Antonio"}, {"country": "Philippines", "subcountry": "Central Luzon", "geolabelid": 1690315, "label": "San Antonio"}, {"country": "Philippines", "subcountry": "Central Luzon", "geolabelid": 1690321, "label": "San Antonio"}, {"country": "Philippines", "subcountry": "Calabarzon", "geolabelid": 1690570, "label": "Sampaloc"}, {"country": "Philippines", "subcountry": "Central Luzon", "geolabelid": 1690664, "label": "Samal"}, {"country": "Philippines", "subcountry": "Davao", "geolabelid": 1690666, "label": "Samal"}, {"country": "Philippines", "subcountry": "Western Visayas", "geolabelid": 1691150, "label": "Sagay"}, {"country": "Philippines", "subcountry": "Mimaropa", "geolabelid": 1691280, "label": "Sablayan"}, {"country": "Philippines", "subcountry": "Cagayan Valley", "geolabelid": 1691441, "label": "Roxas"}, {"country": "Philippines", "subcountry": "Western Visayas", "geolabelid": 1691444, "label": "Roxas City"}, {"country": "Philippines", "subcountry": "Mimaropa", "geolabelid": 1691446, "label": "Roxas"}, {"country": "Philippines", "subcountry": "Mimaropa", "geolabelid": 1691538, "label": "Romblon"}, {"country": "Philippines", "subcountry": "Central Luzon", "geolabelid": 1691606, "label": "Rizal"}, {"country": "Philippines", "subcountry": "Zamboanga Peninsula", "geolabelid": 1691804, "label": "Recodo"}, {"country": "Philippines", "subcountry": "Central Luzon", "geolabelid": 1691904, "label": "Ramos"}, {"country": "Philippines", "subcountry": "Cagayan Valley", "geolabelid": 1691911, "label": "Ramon"}, {"country": "Philippines", "subcountry": "Metro Manila", "geolabelid": 1692184, "label": "Quiapo"}, {"country": "Philippines", "subcountry": "Metro Manila", "geolabelid": 1692192, "label": "Quezon City"}, {"country": "Philippines", "subcountry": "Central Luzon", "geolabelid": 1692199, "label": "Quezon"}, {"country": "Philippines", "subcountry": "Northern Mindanao", "geolabelid": 1692214, "label": "Quezon"}, {"country": "Philippines", "subcountry": "Western Visayas", "geolabelid": 1692489, "label": "Pulupandan"}, {"country": "Philippines", "subcountry": "Calabarzon", "geolabelid": 1692520, "label": "Pulong Santa Cruz"}, {"country": "Philippines", "subcountry": "Central Luzon", "geolabelid": 1692565, "label": "Pulilan"}, {"country": "Philippines", "subcountry": "Mimaropa", "geolabelid": 1692685, "label": "Puerto Princesa"}, {"country": "Philippines", "subcountry": "Metro Manila", "geolabelid": 1692872, "label": "Port Area"}, {"country": "Philippines", "subcountry": "Central Luzon", "geolabelid": 1692914, "label": "Porac"}, {"country": "Philippines", "subcountry": "Davao", "geolabelid": 1693077, "label": "Polomolok"}, {"country": "Philippines", "subcountry": "Bicol", "geolabelid": 1693136, "label": "Polangui"}, {"country": "Philippines", "subcountry": "Central Luzon", "geolabelid": 1693239, "label": "Plaridel"}, {"country": "Philippines", "subcountry": "Central Luzon", "geolabelid": 1693401, "label": "Pio"}, {"country": "Philippines", "subcountry": "Central Visayas", "geolabelid": 1693574, "label": "Pinamungahan"}, {"country": "Philippines", "subcountry": "Mimaropa", "geolabelid": 1693618, "label": "Pinamalayan"}, {"country": "Philippines", "subcountry": "Calabarzon", "geolabelid": 1693778, "label": "Pililla"}, {"country": "Philippines", "subcountry": "Central Luzon", "geolabelid": 1693839, "label": "Pilar"}, {"country": "Philippines", "subcountry": "Calabarzon", "geolabelid": 1693870, "label": "Pila"}, {"country": "Philippines", "subcountry": "Central Luzon", "geolabelid": 1694075, "label": "Pe\u00f1aranda"}, {"country": "Philippines", "subcountry": "Calabarzon", "geolabelid": 1694290, "label": "Patuto"}, {"country": "Philippines", "subcountry": "Western Visayas", "geolabelid": 1694498, "label": "Passi"}, {"country": "Philippines", "subcountry": "Autonomous Region in Muslim Mindanao", "geolabelid": 1694775, "label": "Parang"}, {"country": "Philippines", "subcountry": "Western Visayas", "geolabelid": 1694791, "label": "Paraiso"}, {"country": "Philippines", "subcountry": "Central Luzon", "geolabelid": 1694826, "label": "Papaya"}, {"country": "Philippines", "subcountry": "Central Luzon", "geolabelid": 1694861, "label": "Paombong"}, {"country": "Philippines", "subcountry": "Central Luzon", "geolabelid": 1694914, "label": "Pantubig"}, {"country": "Philippines", "subcountry": "Central Luzon", "geolabelid": 1695097, "label": "Paniqui"}, {"country": "Philippines", "subcountry": "Calabarzon", "geolabelid": 1695283, "label": "Pangil"}, {"country": "Philippines", "subcountry": "Central Luzon", "geolabelid": 1695462, "label": "Pandi"}, {"country": "Philippines", "subcountry": "Central Luzon", "geolabelid": 1695583, "label": "Pandacaqui"}, {"country": "Philippines", "subcountry": "Eastern Visayas", "geolabelid": 1695743, "label": "Panalanoy"}, {"country": "Philippines", "subcountry": "Davao", "geolabelid": 1695804, "label": "Panabo"}, {"country": "Philippines", "subcountry": "Eastern Visayas", "geolabelid": 1696041, "label": "Palo"}, {"country": "Philippines", "subcountry": "Central Luzon", "geolabelid": 1696165, "label": "Palayan City"}, {"country": "Philippines", "subcountry": "Calabarzon", "geolabelid": 1696614, "label": "Pagbilao"}, {"country": "Philippines", "subcountry": "Autonomous Region in Muslim Mindanao", "geolabelid": 1696683, "label": "Pagalu\u00f1gan"}, {"country": "Philippines", "subcountry": "Zamboanga Peninsula", "geolabelid": 1696710, "label": "Pagadian"}, {"country": "Philippines", "subcountry": "Calabarzon", "geolabelid": 1696718, "label": "Paete"}, {"country": "Philippines", "subcountry": "Western Visayas", "geolabelid": 1696814, "label": "Pacol"}, {"country": "Philippines", "subcountry": "Northern Mindanao", "geolabelid": 1696899, "label": "Ozamiz City"}, {"country": "Philippines", "subcountry": "Northern Mindanao", "geolabelid": 1697006, "label": "Oroquieta"}, {"country": "Philippines", "subcountry": "Eastern Visayas", "geolabelid": 1697018, "label": "Ormoc"}, {"country": "Philippines", "subcountry": "Central Luzon", "geolabelid": 1697023, "label": "Orion"}, {"country": "Philippines", "subcountry": "Central Luzon", "geolabelid": 1697046, "label": "Orani"}, {"country": "Philippines", "subcountry": "Central Luzon", "geolabelid": 1697175, "label": "Olongapo"}, {"country": "Philippines", "subcountry": "Central Luzon", "geolabelid": 1697376, "label": "Obando"}, {"country": "Philippines", "subcountry": "Calabarzon", "geolabelid": 1697486, "label": "Noveleta"}, {"country": "Philippines", "subcountry": "Central Luzon", "geolabelid": 1697497, "label": "Norzagaray"}, {"country": "Philippines", "subcountry": "Davao", "geolabelid": 1697773, "label": "New Corella"}, {"country": "Philippines", "subcountry": "Calabarzon", "geolabelid": 1698030, "label": "Nasugbu"}, {"country": "Philippines", "subcountry": "Mimaropa", "geolabelid": 1698103, "label": "Narra"}, {"country": "Philippines", "subcountry": "Calabarzon", "geolabelid": 1698548, "label": "Naic"}, {"country": "Philippines", "subcountry": "Calabarzon", "geolabelid": 1698740, "label": "Nagcarlan"}, {"country": "Philippines", "subcountry": "Bicol", "geolabelid": 1698829, "label": "Naga"}, {"country": "Philippines", "subcountry": "Central Visayas", "geolabelid": 1698839, "label": "Naga"}, {"country": "Philippines", "subcountry": "Davao", "geolabelid": 1698887, "label": "Nabunturan"}, {"country": "Philippines", "subcountry": "Bicol", "geolabelid": 1698921, "label": "Nabua"}, {"country": "Philippines", "subcountry": "Zamboanga Peninsula", "geolabelid": 1699054, "label": "Muricay"}, {"country": "Philippines", "subcountry": "Western Visayas", "geolabelid": 1699060, "label": "Murcia"}, {"country": "Philippines", "subcountry": "Central Luzon", "geolabelid": 1699088, "label": "Mu\u00f1oz"}, {"country": "Philippines", "subcountry": "Central Luzon", "geolabelid": 1699204, "label": "Morong"}, {"country": "Philippines", "subcountry": "Calabarzon", "geolabelid": 1699205, "label": "Morong"}, {"country": "Philippines", "subcountry": "Calabarzon", "geolabelid": 1699296, "label": "Rodriguez"}, {"country": "Philippines", "subcountry": "Davao", "geolabelid": 1699323, "label": "Monkayo"}, {"country": "Philippines", "subcountry": "Zamboanga Peninsula", "geolabelid": 1699388, "label": "Molave"}, {"country": "Philippines", "subcountry": "Central Visayas", "geolabelid": 1699572, "label": "Minglanilla"}, {"country": "Philippines", "subcountry": "Soccsksargen", "geolabelid": 1699755, "label": "Midsayap"}, {"country": "Philippines", "subcountry": "Central Luzon", "geolabelid": 1699802, "label": "Meycauayan"}, {"country": "Philippines", "subcountry": "Central Luzon", "geolabelid": 1699805, "label": "Mexico"}, {"country": "Philippines", "subcountry": "Bicol", "geolabelid": 1699833, "label": "Mercedes"}, {"country": "Philippines", "subcountry": "Calabarzon", "geolabelid": 1699858, "label": "Mendez-Nu\u00f1ez"}, {"country": "Philippines", "subcountry": "Calabarzon", "geolabelid": 1700179, "label": "Mauban"}, {"country": "Philippines", "subcountry": "Davao", "geolabelid": 1700360, "label": "Mati"}, {"country": "Philippines", "subcountry": "Central Luzon", "geolabelid": 1700665, "label": "Masinloc"}, {"country": "Philippines", "subcountry": "Bicol", "geolabelid": 1700712, "label": "Masbate"}, {"country": "Philippines", "subcountry": "Central Luzon", "geolabelid": 1700753, "label": "Masantol"}, {"country": "Philippines", "subcountry": "Central Luzon", "geolabelid": 1700868, "label": "Mariveles"}, {"country": "Philippines", "subcountry": "Central Luzon", "geolabelid": 1700917, "label": "Marilao"}, {"country": "Philippines", "subcountry": "Northern Mindanao", "geolabelid": 1700980, "label": "Mariano"}, {"country": "Philippines", "subcountry": "Autonomous Region in Muslim Mindanao", "geolabelid": 1701053, "label": "Marawi City"}, {"country": "Philippines", "subcountry": "Northern Mindanao", "geolabelid": 1701124, "label": "Maramag"}, {"country": "Philippines", "subcountry": "Calabarzon", "geolabelid": 1701149, "label": "Maragondon"}, {"country": "Philippines", "subcountry": "Northern Mindanao", "geolabelid": 1701472, "label": "Mantampay"}, {"country": "Philippines", "subcountry": "Western Visayas", "geolabelid": 1701500, "label": "Mansilingan"}, {"country": "Philippines", "subcountry": "Mimaropa", "geolabelid": 1701516, "label": "Mansalay"}, {"country": "Philippines", "subcountry": "Northern Mindanao", "geolabelid": 1701537, "label": "Manolo Fortich"}, {"country": "Philippines", "subcountry": "Metro Manila", "geolabelid": 1701668, "label": "Manila"}, {"country": "Philippines", "subcountry": "Central Luzon", "geolabelid": 1701692, "label": "Manibaug Pasig"}, {"country": "Philippines", "subcountry": "Ilocos", "geolabelid": 1701872, "label": "Mangaldan"}, {"country": "Philippines", "subcountry": "Central Visayas", "geolabelid": 1701947, "label": "Mandaue City"}, {"country": "Philippines", "subcountry": "Metro Manila", "geolabelid": 1701966, "label": "Mandaluyong City"}, {"country": "Philippines", "subcountry": "Cordillera", "geolabelid": 1702002, "label": "Mankayan"}, {"country": "Philippines", "subcountry": "Davao", "geolabelid": 1702032, "label": "Manay"}, {"country": "Philippines", "subcountry": "Western Visayas", "geolabelid": 1702077, "label": "Manapla"}, {"country": "Philippines", "subcountry": "Ilocos", "geolabelid": 1702096, "label": "Manaoag"}, {"country": "Philippines", "subcountry": "Mimaropa", "geolabelid": 1702263, "label": "Mamburao"}, {"country": "Philippines", "subcountry": "Calabarzon", "geolabelid": 1702372, "label": "Mamatid"}, {"country": "Philippines", "subcountry": "Calabarzon", "geolabelid": 1702413, "label": "Malvar"}, {"country": "Philippines", "subcountry": "Autonomous Region in Muslim Mindanao", "geolabelid": 1702425, "label": "Maluso"}, {"country": "Philippines", "subcountry": "Soccsksargen", "geolabelid": 1702442, "label": "Malu\u00f1gun"}, {"country": "Philippines", "subcountry": "Central Luzon", "geolabelid": 1702540, "label": "Malolos"}, {"country": "Philippines", "subcountry": "Davao", "geolabelid": 1702649, "label": "Malita"}, {"country": "Philippines", "subcountry": "Bicol", "geolabelid": 1702763, "label": "Malilipot"}, {"country": "Philippines", "subcountry": "Northern Mindanao", "geolabelid": 1702934, "label": "Malaybalay"}, {"country": "Philippines", "subcountry": "Soccsksargen", "geolabelid": 1703051, "label": "Malapatan"}, {"country": "Philippines", "subcountry": "Calabarzon", "geolabelid": 1703116, "label": "Malanday"}, {"country": "Philippines", "subcountry": "Calabarzon", "geolabelid": 1703355, "label": "Malabanban Norte"}, {"country": "Philippines", "subcountry": "Metro Manila", "geolabelid": 1703417, "label": "Makati City"}, {"country": "Philippines", "subcountry": "Zamboanga Peninsula", "geolabelid": 1703598, "label": "Mahayag"}, {"country": "Philippines", "subcountry": "Davao", "geolabelid": 1703773, "label": "Magsaysay"}, {"country": "Philippines", "subcountry": "Bicol", "geolabelid": 1704002, "label": "Magarao"}, {"country": "Philippines", "subcountry": "Autonomous Region in Muslim Mindanao", "geolabelid": 1704021, "label": "Maganoy"}, {"country": "Philippines", "subcountry": "Central Luzon", "geolabelid": 1704067, "label": "Magalang"}, {"country": "Philippines", "subcountry": "Central Luzon", "geolabelid": 1704703, "label": "Mabalacat City"}, {"country": "Philippines", "subcountry": "Eastern Visayas", "geolabelid": 1704758, "label": "Maasin"}, {"country": "Philippines", "subcountry": "Western Visayas", "geolabelid": 1704781, "label": "Maao"}, {"country": "Philippines", "subcountry": "Davao", "geolabelid": 1704968, "label": "Lupon"}, {"country": "Philippines", "subcountry": "Calabarzon", "geolabelid": 1705190, "label": "Lumbang"}, {"country": "Philippines", "subcountry": "Calabarzon", "geolabelid": 1705357, "label": "Lucena"}, {"country": "Philippines", "subcountry": "Calabarzon", "geolabelid": 1705367, "label": "Lucban"}, {"country": "Philippines", "subcountry": "Central Luzon", "geolabelid": 1705440, "label": "Lubao"}, {"country": "Philippines", "subcountry": "Calabarzon", "geolabelid": 1705536, "label": "Los Ba\u00f1os"}, {"country": "Philippines", "subcountry": "Calabarzon", "geolabelid": 1705572, "label": "Lopez"}, {"country": "Philippines", "subcountry": "Central Luzon", "geolabelid": 1705771, "label": "Loma de Gato"}, {"country": "Philippines", "subcountry": "Central Visayas", "geolabelid": 1705871, "label": "Loboc"}, {"country": "Philippines", "subcountry": "Calabarzon", "geolabelid": 1706090, "label": "Lipa City"}, {"country": "Philippines", "subcountry": "Ilocos", "geolabelid": 1706188, "label": "Lingayen"}, {"country": "Philippines", "subcountry": "Central Luzon", "geolabelid": 1706361, "label": "Limay"}, {"country": "Philippines", "subcountry": "Central Visayas", "geolabelid": 1706393, "label": "Liloan"}, {"country": "Philippines", "subcountry": "Calabarzon", "geolabelid": 1706402, "label": "Lilio"}, {"country": "Philippines", "subcountry": "Bicol", "geolabelid": 1706609, "label": "Libon"}, {"country": "Philippines", "subcountry": "Caraga", "geolabelid": 1706684, "label": "Libertad"}, {"country": "Philippines", "subcountry": "Bicol", "geolabelid": 1706889, "label": "Legaspi"}, {"country": "Philippines", "subcountry": "Central Luzon", "geolabelid": 1707049, "label": "Laur"}, {"country": "Philippines", "subcountry": "Cordillera", "geolabelid": 1707123, "label": "La Trinidad"}, {"country": "Philippines", "subcountry": "Central Visayas", "geolabelid": 1707267, "label": "Lapu-Lapu City"}, {"country": "Philippines", "subcountry": "Central Luzon", "geolabelid": 1707324, "label": "La Paz"}, {"country": "Philippines", "subcountry": "Eastern Visayas", "geolabelid": 1707398, "label": "Laoang"}, {"country": "Philippines", "subcountry": "Ilocos", "geolabelid": 1707404, "label": "Laoag"}, {"country": "Philippines", "subcountry": "Northern Mindanao", "geolabelid": 1707944, "label": "Lala"}, {"country": "Philippines", "subcountry": "Soccsksargen", "geolabelid": 1708056, "label": "Laguilayan"}, {"country": "Philippines", "subcountry": "Western Visayas", "geolabelid": 1708217, "label": "La Castellana"}, {"country": "Philippines", "subcountry": "Western Visayas", "geolabelid": 1708226, "label": "La Carlota"}, {"country": "Philippines", "subcountry": "Bicol", "geolabelid": 1708291, "label": "Labo"}, {"country": "Philippines", "subcountry": "Soccsksargen", "geolabelid": 1708522, "label": "Koronadal"}, {"country": "Philippines", "subcountry": "Soccsksargen", "geolabelid": 1708824, "label": "Kidapawan"}, {"country": "Philippines", "subcountry": "Calabarzon", "geolabelid": 1709003, "label": "Kawit"}, {"country": "Philippines", "subcountry": "Western Visayas", "geolabelid": 1709632, "label": "Kalibo (poblacion)"}, {"country": "Philippines", "subcountry": "Western Visayas", "geolabelid": 1709968, "label": "Kabankalan"}, {"country": "Philippines", "subcountry": "Soccsksargen", "geolabelid": 1710011, "label": "Kabacan"}, {"country": "Philippines", "subcountry": "Bicol", "geolabelid": 1710103, "label": "Jose Pa\u00f1ganiban"}, {"country": "Philippines", "subcountry": "Autonomous Region in Muslim Mindanao", "geolabelid": 1710141, "label": "Jolo"}, {"country": "Philippines", "subcountry": "Northern Mindanao", "geolabelid": 1710258, "label": "Jasaan"}, {"country": "Philippines", "subcountry": "Calabarzon", "geolabelid": 1710357, "label": "Jalajala"}, {"country": "Philippines", "subcountry": "Central Visayas", "geolabelid": 1710378, "label": "Jagna"}, {"country": "Philippines", "subcountry": "Central Luzon", "geolabelid": 1710389, "label": "Jaen"}, {"country": "Philippines", "subcountry": "Cordillera", "geolabelid": 1710441, "label": "Itogon"}, {"country": "Philippines", "subcountry": "Soccsksargen", "geolabelid": 1710470, "label": "Isulan"}, {"country": "Philippines", "subcountry": "Western Visayas", "geolabelid": 1710518, "label": "Isabela"}, {"country": "Philippines", "subcountry": "Autonomous Region in Muslim Mindanao", "geolabelid": 1710519, "label": "City of Isabela"}, {"country": "Philippines", "subcountry": "Bicol", "geolabelid": 1710531, "label": "Irosin"}, {"country": "Philippines", "subcountry": "Bicol", "geolabelid": 1710544, "label": "Iriga City"}, {"country": "Philippines", "subcountry": "Zamboanga Peninsula", "geolabelid": 1710612, "label": "Ipil"}, {"country": "Philippines", "subcountry": "Calabarzon", "geolabelid": 1710770, "label": "Indang"}, {"country": "Philippines", "subcountry": "Calabarzon", "geolabelid": 1710914, "label": "Imus"}, {"country": "Philippines", "subcountry": "Western Visayas", "geolabelid": 1711005, "label": "Iloilo"}, {"country": "Philippines", "subcountry": "Soccsksargen", "geolabelid": 1711082, "label": "Iligan City"}, {"country": "Philippines", "subcountry": "Cagayan Valley", "geolabelid": 1711146, "label": "Ilagan"}, {"country": "Philippines", "subcountry": "Central Luzon", "geolabelid": 1711437, "label": "Iba"}, {"country": "Philippines", "subcountry": "Western Visayas", "geolabelid": 1711621, "label": "Hinigaran"}, {"country": "Philippines", "subcountry": "Western Visayas", "geolabelid": 1711718, "label": "Himamaylan"}, {"country": "Philippines", "subcountry": "Central Luzon", "geolabelid": 1711829, "label": "Hermosa"}, {"country": "Philippines", "subcountry": "Central Luzon", "geolabelid": 1711982, "label": "Hagonoy"}, {"country": "Philippines", "subcountry": "Central Luzon", "geolabelid": 1712051, "label": "Guyong"}, {"country": "Philippines", "subcountry": "Calabarzon", "geolabelid": 1712162, "label": "Gumaca"}, {"country": "Philippines", "subcountry": "Ilocos", "geolabelid": 1712232, "label": "Guiset East"}, {"country": "Philippines", "subcountry": "Central Luzon", "geolabelid": 1712488, "label": "Guimba"}, {"country": "Philippines", "subcountry": "Central Visayas", "geolabelid": 1712520, "label": "Guihul\u00f1gan"}, {"country": "Philippines", "subcountry": "Central Luzon", "geolabelid": 1712531, "label": "Guiguinto"}, {"country": "Philippines", "subcountry": "Bicol", "geolabelid": 1712808, "label": "Goa"}, {"country": "Philippines", "subcountry": "Soccsksargen", "geolabelid": 1712819, "label": "Glan"}, {"country": "Philippines", "subcountry": "Central Luzon", "geolabelid": 1713004, "label": "Gerona"}, {"country": "Philippines", "subcountry": "Calabarzon", "geolabelid": 1713014, "label": "General Trias"}, {"country": "Philippines", "subcountry": "Central Luzon", "geolabelid": 1713018, "label": "General Tinio"}, {"country": "Philippines", "subcountry": "Soccsksargen", "geolabelid": 1713022, "label": "General Santos"}, {"country": "Philippines", "subcountry": "Central Luzon", "geolabelid": 1713027, "label": "General Mamerto Natividad"}, {"country": "Philippines", "subcountry": "Central Luzon", "geolabelid": 1713226, "label": "Gapan"}, {"country": "Philippines", "subcountry": "Western Visayas", "geolabelid": 1713818, "label": "Escalante"}, {"country": "Philippines", "subcountry": "Western Visayas", "geolabelid": 1713857, "label": "Saravia"}, {"country": "Philippines", "subcountry": "Central Visayas", "geolabelid": 1714201, "label": "Dumaguete"}, {"country": "Philippines", "subcountry": "Northern Mindanao", "geolabelid": 1714441, "label": "Don Carlos"}, {"country": "Philippines", "subcountry": "Ilocos", "geolabelid": 1714482, "label": "Domalanoan"}, {"country": "Philippines", "subcountry": "Northern Mindanao", "geolabelid": 1714519, "label": "Dologon"}, {"country": "Philippines", "subcountry": "Zamboanga Peninsula", "geolabelid": 1714674, "label": "Dipolog"}, {"country": "Philippines", "subcountry": "Central Luzon", "geolabelid": 1714766, "label": "Dinalupihan"}, {"country": "Philippines", "subcountry": "Davao", "geolabelid": 1714956, "label": "Digos"}, {"country": "Philippines", "subcountry": "Cagayan Valley", "geolabelid": 1715094, "label": "Diadi"}, {"country": "Philippines", "subcountry": "Central Luzon", "geolabelid": 1715169, "label": "Del Pilar"}, {"country": "Philippines", "subcountry": "Davao", "geolabelid": 1715348, "label": "Davao"}, {"country": "Philippines", "subcountry": "Calabarzon", "geolabelid": 1715430, "label": "Dasmari\u00f1as"}, {"country": "Philippines", "subcountry": "Zamboanga Peninsula", "geolabelid": 1715542, "label": "Dapitan"}, {"country": "Philippines", "subcountry": "Central Visayas", "geolabelid": 1715804, "label": "Danao"}, {"country": "Philippines", "subcountry": "Central Visayas", "geolabelid": 1715812, "label": "Danao"}, {"country": "Philippines", "subcountry": "Bicol", "geolabelid": 1716287, "label": "Daet"}, {"country": "Philippines", "subcountry": "Calabarzon", "geolabelid": 1716618, "label": "Cuenca"}, {"country": "Philippines", "subcountry": "Autonomous Region in Muslim Mindanao", "geolabelid": 1716771, "label": "Cotabato"}, {"country": "Philippines", "subcountry": "Central Visayas", "geolabelid": 1716858, "label": "Cordova"}, {"country": "Philippines", "subcountry": "Central Visayas", "geolabelid": 1716924, "label": "Consolacion"}, {"country": "Philippines", "subcountry": "Central Luzon", "geolabelid": 1716995, "label": "Concepcion"}, {"country": "Philippines", "subcountry": "Calabarzon", "geolabelid": 1717008, "label": "Concepcion Ibaba"}, {"country": "Philippines", "subcountry": "Central Visayas", "geolabelid": 1717051, "label": "Compostela"}, {"country": "Philippines", "subcountry": "Davao", "geolabelid": 1717053, "label": "Compostela"}, {"country": "Philippines", "subcountry": "Central Visayas", "geolabelid": 1717512, "label": "Cebu City"}, {"country": "Philippines", "subcountry": "Calabarzon", "geolabelid": 1717641, "label": "Cavite City"}, {"country": "Philippines", "subcountry": "Eastern Visayas", "geolabelid": 1717911, "label": "Catbalogan"}, {"country": "Philippines", "subcountry": "Eastern Visayas", "geolabelid": 1717926, "label": "Catarman"}, {"country": "Philippines", "subcountry": "Calabarzon", "geolabelid": 1717960, "label": "Catanauan"}, {"country": "Philippines", "subcountry": "Central Luzon", "geolabelid": 1718078, "label": "Castillejos"}, {"country": "Philippines", "subcountry": "Calabarzon", "geolabelid": 1718306, "label": "Carmona"}, {"country": "Philippines", "subcountry": "Central Visayas", "geolabelid": 1718328, "label": "Cogan"}, {"country": "Philippines", "subcountry": "Eastern Visayas", "geolabelid": 1718393, "label": "Carigara"}, {"country": "Philippines", "subcountry": "Calabarzon", "geolabelid": 1718426, "label": "Cardona"}, {"country": "Philippines", "subcountry": "Central Visayas", "geolabelid": 1718436, "label": "Carcar"}, {"country": "Philippines", "subcountry": "Central Luzon", "geolabelid": 1718722, "label": "Capas"}, {"country": "Philippines", "subcountry": "Central Visayas", "geolabelid": 1719053, "label": "Canlaon"}, {"country": "Philippines", "subcountry": "Calabarzon", "geolabelid": 1719274, "label": "Candelaria"}, {"country": "Philippines", "subcountry": "Central Luzon", "geolabelid": 1719329, "label": "Candaba"}, {"country": "Philippines", "subcountry": "Central Luzon", "geolabelid": 1719683, "label": "Camiling"}, {"country": "Philippines", "subcountry": "Central Luzon", "geolabelid": 1720034, "label": "Calumpit"}, {"country": "Philippines", "subcountry": "Metro Manila", "geolabelid": 1720052, "label": "Calumpang"}, {"country": "Philippines", "subcountry": "Eastern Visayas", "geolabelid": 1720402, "label": "Calbayog City"}, {"country": "Philippines", "subcountry": "Calabarzon", "geolabelid": 1720464, "label": "Calauan"}, {"country": "Philippines", "subcountry": "Calabarzon", "geolabelid": 1720472, "label": "Calauag"}, {"country": "Philippines", "subcountry": "Calabarzon", "geolabelid": 1720499, "label": "Calatagan"}, {"country": "Philippines", "subcountry": "Ilocos", "geolabelid": 1720508, "label": "Calasiao"}, {"country": "Philippines", "subcountry": "Mimaropa", "geolabelid": 1720561, "label": "Calapan"}, {"country": "Philippines", "subcountry": "Calabarzon", "geolabelid": 1720681, "label": "Calamba"}, {"country": "Philippines", "subcountry": "Calabarzon", "geolabelid": 1720751, "label": "Calaca"}, {"country": "Philippines", "subcountry": "Bicol", "geolabelid": 1720793, "label": "Calabanga"}, {"country": "Philippines", "subcountry": "Calabarzon", "geolabelid": 1720840, "label": "Cainta"}, {"country": "Philippines", "subcountry": "Northern Mindanao", "geolabelid": 1721080, "label": "Cagayan de Oro"}, {"country": "Philippines", "subcountry": "Western Visayas", "geolabelid": 1721168, "label": "Cadiz"}, {"country": "Philippines", "subcountry": "Central Luzon", "geolabelid": 1721636, "label": "Cabiao"}, {"country": "Philippines", "subcountry": "Davao", "geolabelid": 1721695, "label": "Cabayangan"}, {"country": "Philippines", "subcountry": "Central Luzon", "geolabelid": 1721906, "label": "Cabanatuan City"}, {"country": "Philippines", "subcountry": "Cagayan Valley", "geolabelid": 1722005, "label": "Cabagan"}, {"country": "Philippines", "subcountry": "Caraga", "geolabelid": 1722032, "label": "Cabadbaran"}, {"country": "Philippines", "subcountry": "Caraga", "geolabelid": 1722186, "label": "Butuan"}, {"country": "Philippines", "subcountry": "Central Luzon", "geolabelid": 1722267, "label": "Bustos"}, {"country": "Philippines", "subcountry": "Northern Mindanao", "geolabelid": 1722356, "label": "Boroon"}, {"country": "Philippines", "subcountry": "Central Luzon", "geolabelid": 1722433, "label": "Burgos"}, {"country": "Philippines", "subcountry": "Caraga", "geolabelid": 1722731, "label": "Bunawan"}, {"country": "Philippines", "subcountry": "Autonomous Region in Muslim Mindanao", "geolabelid": 1722818, "label": "Buluan"}, {"country": "Philippines", "subcountry": "Central Luzon", "geolabelid": 1722930, "label": "Bulaon"}, {"country": "Philippines", "subcountry": "Bicol", "geolabelid": 1722985, "label": "Bulan"}, {"country": "Philippines", "subcountry": "Central Luzon", "geolabelid": 1723066, "label": "Bulacan"}, {"country": "Philippines", "subcountry": "Bicol", "geolabelid": 1723166, "label": "Buhi"}, {"country": "Philippines", "subcountry": "Northern Mindanao", "geolabelid": 1723257, "label": "Bugo"}, {"country": "Philippines", "subcountry": "Caraga", "geolabelid": 1723481, "label": "Buenavista"}, {"country": "Philippines", "subcountry": "Autonomous Region in Muslim Mindanao", "geolabelid": 1723510, "label": "Budta"}, {"country": "Philippines", "subcountry": "Central Luzon", "geolabelid": 1723822, "label": "Botolan"}, {"country": "Philippines", "subcountry": "Eastern Visayas", "geolabelid": 1723893, "label": "Borongan"}, {"country": "Philippines", "subcountry": "Autonomous Region in Muslim Mindanao", "geolabelid": 1724088, "label": "Bongao"}, {"country": "Philippines", "subcountry": "Central Luzon", "geolabelid": 1724106, "label": "Bongabon"}, {"country": "Philippines", "subcountry": "Central Visayas", "geolabelid": 1724435, "label": "Bogo"}, {"country": "Philippines", "subcountry": "Central Luzon", "geolabelid": 1724489, "label": "Bocaue"}, {"country": "Philippines", "subcountry": "Caraga", "geolabelid": 1724767, "label": "Bislig"}, {"country": "Philippines", "subcountry": "Western Visayas", "geolabelid": 1724933, "label": "Binonga"}, {"country": "Philippines", "subcountry": "Ilocos", "geolabelid": 1724956, "label": "Binmaley"}, {"country": "Philippines", "subcountry": "Calabarzon", "geolabelid": 1725094, "label": "Binangonan"}, {"country": "Philippines", "subcountry": "Western Visayas", "geolabelid": 1725157, "label": "Binalbagan"}, {"country": "Philippines", "subcountry": "Calabarzon", "geolabelid": 1725359, "label": "Bignay Uno"}, {"country": "Philippines", "subcountry": "Caraga", "geolabelid": 1725684, "label": "Bayugan"}, {"country": "Philippines", "subcountry": "Cagayan Valley", "geolabelid": 1725729, "label": "Bayombong"}, {"country": "Philippines", "subcountry": "Eastern Visayas", "geolabelid": 1725799, "label": "Baybay"}, {"country": "Philippines", "subcountry": "Central Visayas", "geolabelid": 1725804, "label": "Bayawan"}, {"country": "Philippines", "subcountry": "Ilocos", "geolabelid": 1725863, "label": "Bayambang"}, {"country": "Philippines", "subcountry": "Calabarzon", "geolabelid": 1725919, "label": "Bay"}, {"country": "Philippines", "subcountry": "Ilocos", "geolabelid": 1725983, "label": "Bauang"}, {"country": "Philippines", "subcountry": "Calabarzon", "geolabelid": 1725991, "label": "Bauan"}, {"country": "Philippines", "subcountry": "Bicol", "geolabelid": 1726156, "label": "Bato"}, {"country": "Philippines", "subcountry": "Calabarzon", "geolabelid": 1726280, "label": "Batangas"}, {"country": "Philippines", "subcountry": "Ilocos", "geolabelid": 1726339, "label": "Batac City"}, {"country": "Philippines", "subcountry": "Calabarzon", "geolabelid": 1726765, "label": "Baras"}, {"country": "Philippines", "subcountry": "Central Visayas", "geolabelid": 1727043, "label": "Bantayan"}, {"country": "Philippines", "subcountry": "Davao", "geolabelid": 1727080, "label": "Bansalan"}, {"country": "Philippines", "subcountry": "Soccsksargen", "geolabelid": 1727400, "label": "Ba\u00f1ga"}, {"country": "Philippines", "subcountry": "Calabarzon", "geolabelid": 1727522, "label": "Banaybanay"}, {"country": "Philippines", "subcountry": "Cagayan Valley", "geolabelid": 1727663, "label": "Bambang"}, {"country": "Philippines", "subcountry": "Central Luzon", "geolabelid": 1727995, "label": "Baliuag"}, {"country": "Philippines", "subcountry": "Calabarzon", "geolabelid": 1728336, "label": "Balayan"}, {"country": "Philippines", "subcountry": "Central Luzon", "geolabelid": 1728523, "label": "Balanga"}, {"country": "Philippines", "subcountry": "Central Visayas", "geolabelid": 1728546, "label": "Balamban"}, {"country": "Philippines", "subcountry": "Central Luzon", "geolabelid": 1728584, "label": "Balagtas"}, {"country": "Philippines", "subcountry": "Central Visayas", "geolabelid": 1728772, "label": "Bais"}, {"country": "Philippines", "subcountry": "Caraga", "geolabelid": 1728825, "label": "Bah-Bah"}, {"country": "Philippines", "subcountry": "Cordillera", "geolabelid": 1728930, "label": "Baguio"}, {"country": "Philippines", "subcountry": "Western Visayas", "geolabelid": 1729085, "label": "Bago City"}, {"country": "Philippines", "subcountry": "Cagayan Valley", "geolabelid": 1729324, "label": "Baggabag B"}, {"country": "Philippines", "subcountry": "Calabarzon", "geolabelid": 1729524, "label": "Bacoor"}, {"country": "Philippines", "subcountry": "Western Visayas", "geolabelid": 1729564, "label": "Bacolod City"}, {"country": "Philippines", "subcountry": "Central Luzon", "geolabelid": 1729734, "label": "Babo-Pangulo"}, {"country": "Philippines", "subcountry": "Bicol", "geolabelid": 1729814, "label": "Baao"}, {"country": "Philippines", "subcountry": "Calabarzon", "geolabelid": 1729987, "label": "Atimonan"}, {"country": "Philippines", "subcountry": "Western Visayas", "geolabelid": 1730097, "label": "Asia"}, {"country": "Philippines", "subcountry": "Ilocos", "geolabelid": 1730171, "label": "Aringay"}, {"country": "Philippines", "subcountry": "Central Luzon", "geolabelid": 1730225, "label": "Arayat"}, {"country": "Philippines", "subcountry": "Cagayan Valley", "geolabelid": 1730398, "label": "Aparri"}, {"country": "Philippines", "subcountry": "Central Luzon", "geolabelid": 1730413, "label": "Apalit"}, {"country": "Philippines", "subcountry": "Calabarzon", "geolabelid": 1730501, "label": "Antipolo"}, {"country": "Philippines", "subcountry": "Calabarzon", "geolabelid": 1730713, "label": "Angono"}, {"country": "Philippines", "subcountry": "Central Luzon", "geolabelid": 1730737, "label": "Angeles City"}, {"country": "Philippines", "subcountry": "Central Luzon", "geolabelid": 1730749, "label": "Angat"}, {"country": "Philippines", "subcountry": "Calabarzon", "geolabelid": 1731212, "label": "Amadeo"}, {"country": "Philippines", "subcountry": "Cagayan Valley", "geolabelid": 1731486, "label": "Alicia"}, {"country": "Philippines", "subcountry": "Central Luzon", "geolabelid": 1731528, "label": "Aliaga"}, {"country": "Philippines", "subcountry": "Calabarzon", "geolabelid": 1731686, "label": "Alaminos"}, {"country": "Philippines", "subcountry": "Soccsksargen", "geolabelid": 1731744, "label": "Alabel"}, {"country": "Philippines", "subcountry": "Ilocos", "geolabelid": 1731959, "label": "Agoo"}, {"country": "Philippines", "subcountry": "Eastern Visayas", "geolabelid": 1732312, "label": "Abuyog"}, {"country": "Philippines", "subcountry": "Central Luzon", "geolabelid": 1732354, "label": "Abucay"}, {"country": "Philippines", "subcountry": "Calabarzon", "geolabelid": 1966336, "label": "Bagong Pagasa"}, {"country": "Philippines", "subcountry": "Soccsksargen", "geolabelid": 1978681, "label": "Malingao"}, {"country": "Philippines", "subcountry": "Metro Manila", "geolabelid": 7290466, "label": "Pasig City"}, {"country": "Philippines", "subcountry": "Western Visayas", "geolabelid": 8299649, "label": "Pandan"}, {"country": "Philippines", "subcountry": "Central Visayas", "geolabelid": 10628881, "label": "Apas"}]