[{"country": "Greece", "subcountry": "Attica", "geolabelid": 251780, "label": "Vo\u00fala"}, {"country": "Greece", "subcountry": "Thessaly", "geolabelid": 251833, "label": "V\u00f3los"}, {"country": "Greece", "subcountry": "Attica", "geolabelid": 251948, "label": "V\u00fdronas"}, {"country": "Greece", "subcountry": "Attica", "geolabelid": 252270, "label": "V\u00e1ri"}, {"country": "Greece", "subcountry": "Peloponnese", "geolabelid": 252601, "label": "Tr\u00edpoli"}, {"country": "Greece", "subcountry": "Thessaly", "geolabelid": 252664, "label": "Tr\u00edkala"}, {"country": "Greece", "subcountry": "Central Greece", "geolabelid": 252910, "label": "Th\u00edvai"}, {"country": "Greece", "subcountry": "Peloponnese", "geolabelid": 253394, "label": "Sp\u00e1rti"}, {"country": "Greece", "subcountry": "Attica", "geolabelid": 254144, "label": "Salam\u00edna"}, {"country": "Greece", "subcountry": "Crete", "geolabelid": 254352, "label": "Rethymno"}, {"country": "Greece", "subcountry": "Epirus", "geolabelid": 254698, "label": "Pr\u00e9veza"}, {"country": "Greece", "subcountry": "West Greece", "geolabelid": 255229, "label": "P\u00fdrgos"}, {"country": "Greece", "subcountry": "Attica", "geolabelid": 255274, "label": "Piraeus"}, {"country": "Greece", "subcountry": "Attica", "geolabelid": 255377, "label": "Petro\u00fapolis"}, {"country": "Greece", "subcountry": "Attica", "geolabelid": 255524, "label": "Perist\u00e9ri"}, {"country": "Greece", "subcountry": "Attica", "geolabelid": 255588, "label": "P\u00e9rama"}, {"country": "Greece", "subcountry": "West Greece", "geolabelid": 255683, "label": "P\u00e1tra"}, {"country": "Greece", "subcountry": "Attica", "geolabelid": 256075, "label": "Palai\u00f3 F\u00e1liro"}, {"country": "Greece", "subcountry": "Attica", "geolabelid": 256429, "label": "N\u00edkaia"}, {"country": "Greece", "subcountry": "Attica", "geolabelid": 256575, "label": "N\u00e9a Sm\u00fdrni"}, {"country": "Greece", "subcountry": "Attica", "geolabelid": 256598, "label": "N\u00e9a M\u00e1kri"}, {"country": "Greece", "subcountry": "Attica", "geolabelid": 256601, "label": "\u00cdlion"}, {"country": "Greece", "subcountry": "Attica", "geolabelid": 256614, "label": "N\u00e9a Ion\u00eda"}, {"country": "Greece", "subcountry": "Attica", "geolabelid": 256621, "label": "N\u00e9a Filad\u00e9lfeia"}, {"country": "Greece", "subcountry": "Attica", "geolabelid": 256622, "label": "N\u00e9a Erythra\u00eda"}, {"country": "Greece", "subcountry": "Attica", "geolabelid": 256750, "label": "Moskh\u00e1ton"}, {"country": "Greece", "subcountry": "North Aegean", "geolabelid": 256866, "label": "Mytil\u00edni"}, {"country": "Greece", "subcountry": "Attica", "geolabelid": 257302, "label": "Mel\u00edssia"}, {"country": "Greece", "subcountry": "Attica", "geolabelid": 257365, "label": "M\u00e9gara"}, {"country": "Greece", "subcountry": "Attica", "geolabelid": 258038, "label": "Art\u00e9mida"}, {"country": "Greece", "subcountry": "Central Greece", "geolabelid": 258463, "label": "Livadei\u00e1"}, {"country": "Greece", "subcountry": "Thessaly", "geolabelid": 258576, "label": "L\u00e1risa"}, {"country": "Greece", "subcountry": "Central Greece", "geolabelid": 258620, "label": "Lam\u00eda"}, {"country": "Greece", "subcountry": "Attica", "geolabelid": 259128, "label": "Metam\u00f3rfosi"}, {"country": "Greece", "subcountry": "South Aegean", "geolabelid": 259245, "label": "Kos"}, {"country": "Greece", "subcountry": "Attica", "geolabelid": 259251, "label": "Korop\u00ed"}, {"country": "Greece", "subcountry": "Peloponnese", "geolabelid": 259289, "label": "K\u00f3rinthos"}, {"country": "Greece", "subcountry": "Attica", "geolabelid": 259824, "label": "Kifisi\u00e1"}, {"country": "Greece", "subcountry": "Attica", "geolabelid": 259949, "label": "Cholarg\u00f3s"}, {"country": "Greece", "subcountry": "North Aegean", "geolabelid": 259973, "label": "Chios"}, {"country": "Greece", "subcountry": "Crete", "geolabelid": 260114, "label": "Chani\u00e1"}, {"country": "Greece", "subcountry": "Central Greece", "geolabelid": 260133, "label": "Chalk\u00edda"}, {"country": "Greece", "subcountry": "Attica", "geolabelid": 260172, "label": "Khal\u00e1ndrion"}, {"country": "Greece", "subcountry": "Attica", "geolabelid": 260183, "label": "Cha\u00efd\u00e1ri"}, {"country": "Greece", "subcountry": "Attica", "geolabelid": 260204, "label": "Kerats\u00edni"}, {"country": "Greece", "subcountry": "Thessaly", "geolabelid": 260989, "label": "Kard\u00edtsa"}, {"country": "Greece", "subcountry": "Attica", "geolabelid": 261249, "label": "Kamater\u00f3n"}, {"country": "Greece", "subcountry": "Attica", "geolabelid": 261414, "label": "Kallith\u00e9a"}, {"country": "Greece", "subcountry": "Peloponnese", "geolabelid": 261604, "label": "Kalam\u00e1ta"}, {"country": "Greece", "subcountry": "Attica", "geolabelid": 261614, "label": "\u00c1limos"}, {"country": "Greece", "subcountry": "Attica", "geolabelid": 261678, "label": "Kaisarian\u00ed"}, {"country": "Greece", "subcountry": "Attica", "geolabelid": 261743, "label": "Ir\u00e1kleio"}, {"country": "Greece", "subcountry": "Crete", "geolabelid": 261745, "label": "Ir\u00e1kleion"}, {"country": "Greece", "subcountry": "Epirus", "geolabelid": 261779, "label": "Io\u00e1nnina"}, {"country": "Greece", "subcountry": "Attica", "geolabelid": 262036, "label": "Glyf\u00e1da"}, {"country": "Greece", "subcountry": "Attica", "geolabelid": 262135, "label": "Gal\u00e1tsi"}, {"country": "Greece", "subcountry": "Attica", "geolabelid": 262719, "label": "Ellinik\u00f3"}, {"country": "Greece", "subcountry": "Attica", "geolabelid": 262752, "label": "Elefs\u00edna"}, {"country": "Greece", "subcountry": "Attica", "geolabelid": 263312, "label": "Dhafn\u00ed"}, {"country": "Greece", "subcountry": "Attica", "geolabelid": 263986, "label": "Agios Dimitrios"}, {"country": "Greece", "subcountry": "Attica", "geolabelid": 264111, "label": "Ag\u00eda Varv\u00e1ra"}, {"country": "Greece", "subcountry": "Attica", "geolabelid": 264194, "label": "Ag\u00eda Paraskev\u00ed"}, {"country": "Greece", "subcountry": "Attica", "geolabelid": 264371, "label": "Athens"}, {"country": "Greece", "subcountry": "Attica", "geolabelid": 264445, "label": "Aspr\u00f3pyrgos"}, {"country": "Greece", "subcountry": "Attica", "geolabelid": 264516, "label": "Argyro\u00fapoli"}, {"country": "Greece", "subcountry": "Epirus", "geolabelid": 264559, "label": "\u00c1rta"}, {"country": "Greece", "subcountry": "Peloponnese", "geolabelid": 264670, "label": "\u00c1rgos"}, {"country": "Greece", "subcountry": "Attica", "geolabelid": 264888, "label": "\u00c1no Li\u00f3sia"}, {"country": "Greece", "subcountry": "Attica", "geolabelid": 265243, "label": "Maro\u00fasi"}, {"country": "Greece", "subcountry": "West Greece", "geolabelid": 265252, "label": "Amali\u00e1da"}, {"country": "Greece", "subcountry": "Attica", "geolabelid": 265488, "label": "Acharn\u00e9s"}, {"country": "Greece", "subcountry": "West Greece", "geolabelid": 265500, "label": "A\u00edgio"}, {"country": "Greece", "subcountry": "Attica", "geolabelid": 265533, "label": "Aig\u00e1leo"}, {"country": "Greece", "subcountry": "West Greece", "geolabelid": 265560, "label": "Agr\u00ednio"}, {"country": "Greece", "subcountry": "South Aegean", "geolabelid": 400666, "label": "R\u00f3dos"}, {"country": "Greece", "subcountry": "Central Macedonia", "geolabelid": 733776, "label": "Giannits\u00e1"}, {"country": "Greece", "subcountry": "East Macedonia and Thrace", "geolabelid": 733840, "label": "X\u00e1nthi"}, {"country": "Greece", "subcountry": "Central Macedonia", "geolabelid": 733905, "label": "V\u00e9roia"}, {"country": "Greece", "subcountry": "Central Macedonia", "geolabelid": 734077, "label": "Thessalon\u00edki"}, {"country": "Greece", "subcountry": "Central Macedonia", "geolabelid": 734301, "label": "Syki\u00e9s"}, {"country": "Greece", "subcountry": "Central Macedonia", "geolabelid": 734330, "label": "S\u00e9rres"}, {"country": "Greece", "subcountry": "West Macedonia", "geolabelid": 734426, "label": "Ptolema\u1e2fda"}, {"country": "Greece", "subcountry": "Central Macedonia", "geolabelid": 734538, "label": "Pol\u00edchni"}, {"country": "Greece", "subcountry": "Central Macedonia", "geolabelid": 734643, "label": "Pyla\u00eda"}, {"country": "Greece", "subcountry": "Central Macedonia", "geolabelid": 734712, "label": "Pera\u00eda"}, {"country": "Greece", "subcountry": "Central Macedonia", "geolabelid": 734771, "label": "Pan\u00f3rama"}, {"country": "Greece", "subcountry": "East Macedonia and Thrace", "geolabelid": 734880, "label": "Oresti\u00e1da"}, {"country": "Greece", "subcountry": "Central Macedonia", "geolabelid": 734883, "label": "Orai\u00f3kastro"}, {"country": "Greece", "subcountry": "Central Macedonia", "geolabelid": 735030, "label": "N\u00e1ousa"}, {"country": "Greece", "subcountry": "Central Macedonia", "geolabelid": 735215, "label": "Menem\u00e9ni"}, {"country": "Greece", "subcountry": "West Macedonia", "geolabelid": 735563, "label": "Koz\u00e1ni"}, {"country": "Greece", "subcountry": "East Macedonia and Thrace", "geolabelid": 735640, "label": "Komotin\u00ed"}, {"country": "Greece", "subcountry": "Central Macedonia", "geolabelid": 735736, "label": "Kilk\u00eds"}, {"country": "Greece", "subcountry": "East Macedonia and Thrace", "geolabelid": 735861, "label": "Kav\u00e1la"}, {"country": "Greece", "subcountry": "Central Macedonia", "geolabelid": 735914, "label": "Kater\u00edni"}, {"country": "Greece", "subcountry": "Central Macedonia", "geolabelid": 736083, "label": "Kalamari\u00e1"}, {"country": "Greece", "subcountry": "West Macedonia", "geolabelid": 736229, "label": "Fl\u00f3rina"}, {"country": "Greece", "subcountry": "Central Macedonia", "geolabelid": 736357, "label": "\u00c9dessa"}, {"country": "Greece", "subcountry": "East Macedonia and Thrace", "geolabelid": 736364, "label": "Dr\u00e1ma"}, {"country": "Greece", "subcountry": "East Macedonia and Thrace", "geolabelid": 736928, "label": "Alexandro\u00fapoli"}, {"country": "Greece", "subcountry": "Ionian Islands", "geolabelid": 2463679, "label": "Corfu"}, {"country": "Greece", "subcountry": "Attica", "geolabelid": 6324534, "label": "Vrilissia"}, {"country": "Greece", "subcountry": "Attica", "geolabelid": 8201845, "label": "G\u00e9rakas"}, {"country": "Greece", "subcountry": "Attica", "geolabelid": 8310138, "label": "Ilio\u00fapoli"}, {"country": "Greece", "subcountry": "Attica", "geolabelid": 8310183, "label": "Korydall\u00f3s"}, {"country": "Greece", "subcountry": "Attica", "geolabelid": 8358544, "label": "Zogr\u00e1fos"}, {"country": "Greece", "subcountry": "Attica", "geolabelid": 8358562, "label": "P\u00e9fki"}, {"country": "Greece", "subcountry": "Attica", "geolabelid": 8358563, "label": "\u00c1gioi An\u00e1rgyroi"}, {"country": "Greece", "subcountry": "Attica", "geolabelid": 8478257, "label": "Agios Ioannis Rentis"}, {"country": "Greece", "subcountry": "Thessaly", "geolabelid": 9034728, "label": "N\u00e9a Ion\u00eda"}]