[{"country": "United Arab Emirates", "subcountry": "Umm al Qaywayn", "geolabelid": 290594, "label": "Umm al Qaywayn"}, {"country": "United Arab Emirates", "subcountry": "Ra\u02bcs al Khaymah", "geolabelid": 291074, "label": "Ras al-Khaimah"}, {"country": "United Arab Emirates", "subcountry": "Ash Sh\u0101riqah", "geolabelid": 291696, "label": "Khawr Fakk\u0101n"}, {"country": "United Arab Emirates", "subcountry": "Dubai", "geolabelid": 292223, "label": "Dubai"}, {"country": "United Arab Emirates", "subcountry": "Al Fujayrah", "geolabelid": 292231, "label": "Dibba Al-Fujairah"}, {"country": "United Arab Emirates", "subcountry": "Al Fujayrah", "geolabelid": 292239, "label": "Dibba Al-Hisn"}, {"country": "United Arab Emirates", "subcountry": "Ash Sh\u0101riqah", "geolabelid": 292672, "label": "Sharjah"}, {"country": "United Arab Emirates", "subcountry": "Abu Dhabi", "geolabelid": 292688, "label": "Ar Ruways"}, {"country": "United Arab Emirates", "subcountry": "Al Fujayrah", "geolabelid": 292878, "label": "Al Fujayrah"}, {"country": "United Arab Emirates", "subcountry": "Abu Dhabi", "geolabelid": 292913, "label": "Al Ain"}, {"country": "United Arab Emirates", "subcountry": "Ajman", "geolabelid": 292932, "label": "Ajman"}, {"country": "United Arab Emirates", "subcountry": "Ash Sh\u0101riqah", "geolabelid": 292953, "label": "Adh Dhayd"}, {"country": "United Arab Emirates", "subcountry": "Abu Dhabi", "geolabelid": 292968, "label": "Abu Dhabi"}]