[{"country": "Turkmenistan", "subcountry": "Balkan", "geolabelid": 161616, "label": "Balkanabat"}, {"country": "Turkmenistan", "subcountry": "Ahal", "geolabelid": 161901, "label": "Kaka"}, {"country": "Turkmenistan", "subcountry": "Balkan", "geolabelid": 161943, "label": "Gumdag"}, {"country": "Turkmenistan", "subcountry": "Balkan", "geolabelid": 161974, "label": "Gazanjyk"}, {"country": "Turkmenistan", "subcountry": "Ahal", "geolabelid": 162099, "label": "Abadan"}, {"country": "Turkmenistan", "subcountry": "Ahal", "geolabelid": 162158, "label": "Baharly"}, {"country": "Turkmenistan", "subcountry": "Ahal", "geolabelid": 162183, "label": "Ashgabat"}, {"country": "Turkmenistan", "subcountry": "Ahal", "geolabelid": 162199, "label": "Annau"}, {"country": "Turkmenistan", "subcountry": "Da\u015foguz", "geolabelid": 601432, "label": "Yylanly"}, {"country": "Turkmenistan", "subcountry": "Da\u015foguz", "geolabelid": 601475, "label": "Tagta"}, {"country": "Turkmenistan", "subcountry": "Balkan", "geolabelid": 601594, "label": "T\u00fcrkmenba\u015fy"}, {"country": "Turkmenistan", "subcountry": "Da\u015foguz", "geolabelid": 601608, "label": "K\u00f6ne\u00fcrgench"}, {"country": "Turkmenistan", "subcountry": "Da\u015foguz", "geolabelid": 601661, "label": "Boldumsaz"}, {"country": "Turkmenistan", "subcountry": "Da\u015foguz", "geolabelid": 601734, "label": "Da\u015foguz"}, {"country": "Turkmenistan", "subcountry": "Mary", "geolabelid": 1218021, "label": "Yol\u00f6ten"}, {"country": "Turkmenistan", "subcountry": "Ahal", "geolabelid": 1218239, "label": "Tejen"}, {"country": "Turkmenistan", "subcountry": "Mary", "geolabelid": 1218420, "label": "Seydi"}, {"country": "Turkmenistan", "subcountry": "Lebap", "geolabelid": 1218436, "label": "Sa\u00fdat"}, {"country": "Turkmenistan", "subcountry": "Mary", "geolabelid": 1218667, "label": "Mary"}, {"country": "Turkmenistan", "subcountry": "Lebap", "geolabelid": 1219002, "label": "Atamyrat"}, {"country": "Turkmenistan", "subcountry": "Lebap", "geolabelid": 1219392, "label": "Gowurdak"}, {"country": "Turkmenistan", "subcountry": "Lebap", "geolabelid": 1219649, "label": "T\u00fcrkmenabat"}, {"country": "Turkmenistan", "subcountry": "Mary", "geolabelid": 1219762, "label": "Bayramaly"}, {"country": "Turkmenistan", "subcountry": "Lebap", "geolabelid": 1514792, "label": "Gazojak"}]