[{"country": "Niger", "subcountry": "Tahoua", "geolabelid": 2437732, "label": "Birni N Konni"}, {"country": "Niger", "subcountry": "Zinder", "geolabelid": 2437798, "label": "Zinder"}, {"country": "Niger", "subcountry": "Tillab\u00e9ri", "geolabelid": 2438678, "label": "Tillab\u00e9ri"}, {"country": "Niger", "subcountry": "Maradi", "geolabelid": 2438774, "label": "Tibiri"}, {"country": "Niger", "subcountry": "Maradi", "geolabelid": 2438823, "label": "Tessaoua"}, {"country": "Niger", "subcountry": "Tillab\u00e9ri", "geolabelid": 2438855, "label": "T\u00e9ra"}, {"country": "Niger", "subcountry": "Zinder", "geolabelid": 2439155, "label": "Tanout"}, {"country": "Niger", "subcountry": "Tahoua", "geolabelid": 2439376, "label": "Tahoua"}, {"country": "Niger", "subcountry": "Niamey", "geolabelid": 2440485, "label": "Niamey"}, {"country": "Niger", "subcountry": "Diffa", "geolabelid": 2440495, "label": "Nguigmi"}, {"country": "Niger", "subcountry": "Zinder", "geolabelid": 2440921, "label": "Mirriah"}, {"country": "Niger", "subcountry": "Maradi", "geolabelid": 2441194, "label": "Mayahi"}, {"country": "Niger", "subcountry": "Zinder", "geolabelid": 2441217, "label": "Matamey"}, {"country": "Niger", "subcountry": "Maradi", "geolabelid": 2441291, "label": "Maradi"}, {"country": "Niger", "subcountry": "Zinder", "geolabelid": 2441482, "label": "Magaria"}, {"country": "Niger", "subcountry": "Tahoua", "geolabelid": 2441530, "label": "Madaoua"}, {"country": "Niger", "subcountry": "Tahoua", "geolabelid": 2443304, "label": "Ill\u00e9la"}, {"country": "Niger", "subcountry": "Dosso", "geolabelid": 2444489, "label": "Gaya"}, {"country": "Niger", "subcountry": "Dosso", "geolabelid": 2445488, "label": "Dosso"}, {"country": "Niger", "subcountry": "Dosso", "geolabelid": 2445553, "label": "Dogondoutchi"}, {"country": "Niger", "subcountry": "Diffa", "geolabelid": 2445704, "label": "Diffa"}, {"country": "Niger", "subcountry": "Maradi", "geolabelid": 2446267, "label": "Dakoro"}, {"country": "Niger", "subcountry": "Tillab\u00e9ri", "geolabelid": 2447416, "label": "Ayorou"}, {"country": "Niger", "subcountry": "Agadez", "geolabelid": 2447938, "label": "Alaghsas"}, {"country": "Niger", "subcountry": "Agadez", "geolabelid": 2448085, "label": "Agadez"}]