[{"country": "Senegal", "subcountry": "Ziguinchor", "geolabelid": 2243940, "label": "Ziguinchor"}, {"country": "Senegal", "subcountry": "Kolda", "geolabelid": 2244177, "label": "V\u00e9lingara"}, {"country": "Senegal", "subcountry": "Diourbel", "geolabelid": 2244322, "label": "Touba"}, {"country": "Senegal", "subcountry": "Diourbel", "geolabelid": 2244616, "label": "Ti\u00e9bo"}, {"country": "Senegal", "subcountry": "Thi\u00e8s", "geolabelid": 2244799, "label": "Thi\u00e8s Nones"}, {"country": "Senegal", "subcountry": "Tambacounda", "geolabelid": 2244991, "label": "Tambacounda"}, {"country": "Senegal", "subcountry": "S\u00e9dhiou", "geolabelid": 2245704, "label": "S\u00e9dhiou"}, {"country": "Senegal", "subcountry": "Saint-Louis", "geolabelid": 2246452, "label": "Saint-Louis"}, {"country": "Senegal", "subcountry": "Saint-Louis", "geolabelid": 2246544, "label": "Richard-Toll"}, {"country": "Senegal", "subcountry": "Thi\u00e8s", "geolabelid": 2246606, "label": "Pout"}, {"country": "Senegal", "subcountry": "Fatick", "geolabelid": 2246608, "label": "Pourham"}, {"country": "Senegal", "subcountry": "Dakar", "geolabelid": 2246678, "label": "Pikine"}, {"country": "Senegal", "subcountry": "Kaolack", "geolabelid": 2247157, "label": "Nioro du Rip"}, {"country": "Senegal", "subcountry": "Thi\u00e8s", "geolabelid": 2247381, "label": "Ngu\u00e9khokh"}, {"country": "Senegal", "subcountry": "Louga", "geolabelid": 2247813, "label": "Ndib\u00e8ne Dahra"}, {"country": "Senegal", "subcountry": "Thi\u00e8s", "geolabelid": 2248409, "label": "M\u00e9kh\u00e9"}, {"country": "Senegal", "subcountry": "Diourbel", "geolabelid": 2248698, "label": "Mbak\u00e9"}, {"country": "Senegal", "subcountry": "Matam", "geolabelid": 2248752, "label": "Matam"}, {"country": "Senegal", "subcountry": "Louga", "geolabelid": 2249222, "label": "Louga"}, {"country": "Senegal", "subcountry": "Kolda", "geolabelid": 2249782, "label": "Kolda"}, {"country": "Senegal", "subcountry": "K\u00e9dougou", "geolabelid": 2250645, "label": "K\u00e9dougou"}, {"country": "Senegal", "subcountry": "Thi\u00e8s", "geolabelid": 2250677, "label": "Kayar"}, {"country": "Senegal", "subcountry": "Kaolack", "geolabelid": 2250805, "label": "Kaolack"}, {"country": "Senegal", "subcountry": "Kaffrine", "geolabelid": 2251007, "label": "Kaffrine"}, {"country": "Senegal", "subcountry": "Thi\u00e8s", "geolabelid": 2251084, "label": "Joal-Fadiout"}, {"country": "Senegal", "subcountry": "Fatick", "geolabelid": 2251230, "label": "Guinguin\u00e9o"}, {"country": "Senegal", "subcountry": "Louga", "geolabelid": 2253277, "label": "Dara"}, {"country": "Senegal", "subcountry": "Dakar", "geolabelid": 2253354, "label": "Dakar"}, {"country": "Senegal", "subcountry": "Ziguinchor", "geolabelid": 2253901, "label": "Bignona"}]