[{"country": "Israel", "subcountry": "Jerusalem", "geolabelid": 281184, "label": "Jerusalem"}, {"country": "Israel", "subcountry": "Northern District", "geolabelid": 293100, "label": "Safed"}, {"country": "Israel", "subcountry": "Central District", "geolabelid": 293207, "label": "Yehud"}, {"country": "Israel", "subcountry": "Central District", "geolabelid": 293222, "label": "Yavn\u00e9"}, {"country": "Israel", "subcountry": "Tel Aviv", "geolabelid": 293253, "label": "Yafo"}, {"country": "Israel", "subcountry": "Haifa", "geolabelid": 293286, "label": "Umm el Fa\u1e25m"}, {"country": "Israel", "subcountry": "Haifa", "geolabelid": 293308, "label": "Tirat Karmel"}, {"country": "Israel", "subcountry": "Northern District", "geolabelid": 293322, "label": "Tiberias"}, {"country": "Israel", "subcountry": "Tel Aviv", "geolabelid": 293397, "label": "Tel Aviv"}, {"country": "Israel", "subcountry": "Northern District", "geolabelid": 293420, "label": "maalot Tarsh\u012bh\u0101"}, {"country": "Israel", "subcountry": "Northern District", "geolabelid": 293426, "label": "Tamra"}, {"country": "Israel", "subcountry": "Southern District", "geolabelid": 293619, "label": "Sederot"}, {"country": "Israel", "subcountry": "Northern District", "geolabelid": 293655, "label": "Sakhn\u012bn"}, {"country": "Israel", "subcountry": "Central District", "geolabelid": 293690, "label": "Rosh Ha\u2018Ayin"}, {"country": "Israel", "subcountry": "Central District", "geolabelid": 293703, "label": "Rishon Le\u1e94iyyon"}, {"country": "Israel", "subcountry": "Central District", "geolabelid": 293768, "label": "Ramla"}, {"country": "Israel", "subcountry": "Tel Aviv", "geolabelid": 293783, "label": "Ramat HaSharon"}, {"country": "Israel", "subcountry": "Tel Aviv", "geolabelid": 293788, "label": "Ramat Gan"}, {"country": "Israel", "subcountry": "Central District", "geolabelid": 293807, "label": "Ra'anana"}, {"country": "Israel", "subcountry": "Haifa", "geolabelid": 293822, "label": "Qiryat Yam"}, {"country": "Israel", "subcountry": "Northern District", "geolabelid": 293825, "label": "Qiryat Shemona"}, {"country": "Israel", "subcountry": "Haifa", "geolabelid": 293831, "label": "Qiryat Mo\u1e95qin"}, {"country": "Israel", "subcountry": "Southern District", "geolabelid": 293842, "label": "Qiryat Gat"}, {"country": "Israel", "subcountry": "Haifa", "geolabelid": 293844, "label": "Qiryat Bialik"}, {"country": "Israel", "subcountry": "Haifa", "geolabelid": 293845, "label": "Qiryat Ata"}, {"country": "Israel", "subcountry": "Central District", "geolabelid": 293896, "label": "Qalansuwa"}, {"country": "Israel", "subcountry": "Central District", "geolabelid": 293918, "label": "Peta\u1e96 Tiqwa"}, {"country": "Israel", "subcountry": "Tel Aviv", "geolabelid": 293962, "label": "Or Yehuda"}, {"country": "Israel", "subcountry": "Southern District", "geolabelid": 293992, "label": "Ofaqim"}, {"country": "Israel", "subcountry": "Southern District", "geolabelid": 294068, "label": "Netivot"}, {"country": "Israel", "subcountry": "Central District", "geolabelid": 294071, "label": "Netanya"}, {"country": "Israel", "subcountry": "Central District", "geolabelid": 294074, "label": "Ness Ziona"}, {"country": "Israel", "subcountry": "Haifa", "geolabelid": 294078, "label": "Nesher"}, {"country": "Israel", "subcountry": "Northern District", "geolabelid": 294098, "label": "Nazareth"}, {"country": "Israel", "subcountry": "Northern District", "geolabelid": 294117, "label": "Nahariya"}, {"country": "Israel", "subcountry": "Northern District", "geolabelid": 294210, "label": "Migdal Ha\u2018Emeq"}, {"country": "Israel", "subcountry": "Jerusalem", "geolabelid": 294244, "label": "Mevo Betar"}, {"country": "Israel", "subcountry": "Northern District", "geolabelid": 294387, "label": "Magh\u0101r"}, {"country": "Israel", "subcountry": "Central District", "geolabelid": 294421, "label": "Lod"}, {"country": "Israel", "subcountry": "Central District", "geolabelid": 294514, "label": "Kfar Saba"}, {"country": "Israel", "subcountry": "Northern District", "geolabelid": 294577, "label": "Karmi\u2019el"}, {"country": "Israel", "subcountry": "Central District", "geolabelid": 294604, "label": "Kafr Q\u0101sim"}, {"country": "Israel", "subcountry": "Northern District", "geolabelid": 294608, "label": "Kafr Mand\u0101"}, {"country": "Israel", "subcountry": "Northern District", "geolabelid": 294610, "label": "Kafr Kann\u0101"}, {"country": "Israel", "subcountry": "Northern District", "geolabelid": 294622, "label": "Judeida Makr"}, {"country": "Israel", "subcountry": "Tel Aviv", "geolabelid": 294751, "label": "H\u0331olon"}, {"country": "Israel", "subcountry": "Central District", "geolabelid": 294760, "label": "Hod HaSharon"}, {"country": "Israel", "subcountry": "Tel Aviv", "geolabelid": 294778, "label": "Herzliyya"}, {"country": "Israel", "subcountry": "Haifa", "geolabelid": 294801, "label": "Haifa"}, {"country": "Israel", "subcountry": "Haifa", "geolabelid": 294946, "label": "H\u0331adera"}, {"country": "Israel", "subcountry": "Tel Aviv", "geolabelid": 294981, "label": "Giv\u2018at Shemu\u2019\u00e9l"}, {"country": "Israel", "subcountry": "Tel Aviv", "geolabelid": 294999, "label": "Giv\u2018atayim"}, {"country": "Israel", "subcountry": "Central District", "geolabelid": 295127, "label": "Tirah"}, {"country": "Israel", "subcountry": "Central District", "geolabelid": 295130, "label": "E\u1e6d \u1e6caiyiba"}, {"country": "Israel", "subcountry": "Northern District", "geolabelid": 295174, "label": "Er Reina"}, {"country": "Israel", "subcountry": "Southern District", "geolabelid": 295277, "label": "Eilat"}, {"country": "Israel", "subcountry": "Southern District", "geolabelid": 295328, "label": "Dimona"}, {"country": "Israel", "subcountry": "Haifa", "geolabelid": 295365, "label": "D\u0101liyat el Karmil"}, {"country": "Israel", "subcountry": "Jerusalem", "geolabelid": 295432, "label": "Bet Shemesh"}, {"country": "Israel", "subcountry": "Northern District", "geolabelid": 295435, "label": "Bet She\u2019an"}, {"country": "Israel", "subcountry": "Tel Aviv", "geolabelid": 295514, "label": "Ben\u00e9 Beraq"}, {"country": "Israel", "subcountry": "Southern District", "geolabelid": 295530, "label": "Beersheba"}, {"country": "Israel", "subcountry": "Tel Aviv", "geolabelid": 295548, "label": "Bat Yam"}, {"country": "Israel", "subcountry": "Southern District", "geolabelid": 295620, "label": "Ashqelon"}, {"country": "Israel", "subcountry": "Southern District", "geolabelid": 295629, "label": "Ashdod"}, {"country": "Israel", "subcountry": "Southern District", "geolabelid": 295657, "label": "\u2018Arad"}, {"country": "Israel", "subcountry": "Northern District", "geolabelid": 295721, "label": "\u2018Akko"}, {"country": "Israel", "subcountry": "Northern District", "geolabelid": 295739, "label": "\u2018Afula \u2018Illit"}, {"country": "Israel", "subcountry": "Central District", "geolabelid": 6693679, "label": "Modiin"}, {"country": "Israel", "subcountry": "Jerusalem", "geolabelid": 7498240, "label": "West Jerusalem"}, {"country": "Israel", "subcountry": "Jerusalem", "geolabelid": 8199378, "label": "Modiin Ilit"}, {"country": "Israel", "subcountry": "Jerusalem", "geolabelid": 8199394, "label": "Ariel"}]