[{"country": "Rwanda", "subcountry": "Eastern Province", "geolabelid": 201463, "label": "Rwamagana"}, {"country": "Rwanda", "subcountry": "Northern Province", "geolabelid": 201521, "label": "Musanze"}, {"country": "Rwanda", "subcountry": "Southern Province", "geolabelid": 201865, "label": "Nzega"}, {"country": "Rwanda", "subcountry": "Kigali", "geolabelid": 202061, "label": "Kigali"}, {"country": "Rwanda", "subcountry": "Western Province", "geolabelid": 202065, "label": "Kibuye"}, {"country": "Rwanda", "subcountry": "Eastern Province", "geolabelid": 202068, "label": "Kibungo"}, {"country": "Rwanda", "subcountry": "Southern Province", "geolabelid": 202217, "label": "Gitarama"}, {"country": "Rwanda", "subcountry": "Western Province", "geolabelid": 202326, "label": "Cyangugu"}, {"country": "Rwanda", "subcountry": "Western Province", "geolabelid": 202905, "label": "Gisenyi"}, {"country": "Rwanda", "subcountry": "Northern Province", "geolabelid": 203104, "label": "Byumba"}, {"country": "Rwanda", "subcountry": "Southern Province", "geolabelid": 203112, "label": "Butare"}]