[{"country": "Angola", "subcountry": "Lunda Sul", "geolabelid": 145531, "label": "Saurimo"}, {"country": "Angola", "subcountry": "Lunda Norte", "geolabelid": 145724, "label": "Lucapa"}, {"country": "Angola", "subcountry": "Moxico", "geolabelid": 876177, "label": "Luau"}, {"country": "Angola", "subcountry": "U\u00edge", "geolabelid": 2236568, "label": "U\u00edge"}, {"country": "Angola", "subcountry": "Zaire", "geolabelid": 2236967, "label": "Soio"}, {"country": "Angola", "subcountry": "Zaire", "geolabelid": 2239001, "label": "Nzeto"}, {"country": "Angola", "subcountry": "Cuanza Norte", "geolabelid": 2239076, "label": "N\u2019dalatando"}, {"country": "Angola", "subcountry": "Zaire", "geolabelid": 2239520, "label": "Mbanza Congo"}, {"country": "Angola", "subcountry": "Malanje", "geolabelid": 2239862, "label": "Malanje"}, {"country": "Angola", "subcountry": "Luanda", "geolabelid": 2240449, "label": "Luanda"}, {"country": "Angola", "subcountry": "Bengo", "geolabelid": 2242001, "label": "Caxito"}, {"country": "Angola", "subcountry": "Cabinda", "geolabelid": 2243271, "label": "Cabinda"}, {"country": "Angola", "subcountry": "Cuanza Sul", "geolabelid": 3346015, "label": "Sumbe"}, {"country": "Angola", "subcountry": "Namibe", "geolabelid": 3347019, "label": "Namibe"}, {"country": "Angola", "subcountry": "Cuando Cubango", "geolabelid": 3347353, "label": "Menongue"}, {"country": "Angola", "subcountry": "Moxico", "geolabelid": 3347719, "label": "Luena"}, {"country": "Angola", "subcountry": "Hu\u00edla", "geolabelid": 3347762, "label": "Lubango"}, {"country": "Angola", "subcountry": "Huambo", "geolabelid": 3347853, "label": "Longonjo"}, {"country": "Angola", "subcountry": "Benguela", "geolabelid": 3347939, "label": "Lobito"}, {"country": "Angola", "subcountry": "Bi\u00e9", "geolabelid": 3348078, "label": "Cuito"}, {"country": "Angola", "subcountry": "Huambo", "geolabelid": 3348313, "label": "Huambo"}, {"country": "Angola", "subcountry": "Benguela", "geolabelid": 3350246, "label": "Catumbela"}, {"country": "Angola", "subcountry": "Bi\u00e9", "geolabelid": 3350372, "label": "Catabola"}, {"country": "Angola", "subcountry": "Bi\u00e9", "geolabelid": 3351014, "label": "Camacupa"}, {"country": "Angola", "subcountry": "Hu\u00edla", "geolabelid": 3351024, "label": "Caluquembe"}, {"country": "Angola", "subcountry": "Huambo", "geolabelid": 3351500, "label": "Ca\u00e1la"}, {"country": "Angola", "subcountry": "Benguela", "geolabelid": 3351663, "label": "Benguela"}]