[{"country": "Italy", "subcountry": "Sicily", "geolabelid": 2522713, "label": "Vittoria"}, {"country": "Italy", "subcountry": "Sicily", "geolabelid": 2522767, "label": "Villabate"}, {"country": "Italy", "subcountry": "Calabria", "geolabelid": 2522776, "label": "Vibo Valentia"}, {"country": "Italy", "subcountry": "Sicily", "geolabelid": 2522876, "label": "Trapani"}, {"country": "Italy", "subcountry": "Sicily", "geolabelid": 2522960, "label": "Termini Imerese"}, {"country": "Italy", "subcountry": "Sicily", "geolabelid": 2523083, "label": "Siracusa"}, {"country": "Italy", "subcountry": "Sardinia", "geolabelid": 2523087, "label": "Sinnai"}, {"country": "Italy", "subcountry": "Calabria", "geolabelid": 2523113, "label": "Siderno"}, {"country": "Italy", "subcountry": "Sardinia", "geolabelid": 2523136, "label": "Sestu"}, {"country": "Italy", "subcountry": "Sardinia", "geolabelid": 2523166, "label": "Selargius"}, {"country": "Italy", "subcountry": "Sicily", "geolabelid": 2523180, "label": "Scordia"}, {"country": "Italy", "subcountry": "Sicily", "geolabelid": 2523192, "label": "Scicli"}, {"country": "Italy", "subcountry": "Sicily", "geolabelid": 2523194, "label": "Sciacca"}, {"country": "Italy", "subcountry": "Sicily", "geolabelid": 2523460, "label": "San Giovanni la Punta"}, {"country": "Italy", "subcountry": "Calabria", "geolabelid": 2523461, "label": "San Giovanni in Fiore"}, {"country": "Italy", "subcountry": "Sicily", "geolabelid": 2523513, "label": "San Cataldo"}, {"country": "Italy", "subcountry": "Calabria", "geolabelid": 2523577, "label": "Rossano Stazione"}, {"country": "Italy", "subcountry": "Sicily", "geolabelid": 2523581, "label": "Rosolini"}, {"country": "Italy", "subcountry": "Sicily", "geolabelid": 2523619, "label": "Ribera"}, {"country": "Italy", "subcountry": "Calabria", "geolabelid": 2523630, "label": "Reggio Calabria"}, {"country": "Italy", "subcountry": "Sicily", "geolabelid": 2523650, "label": "Ragusa"}, {"country": "Italy", "subcountry": "Calabria", "geolabelid": 2523664, "label": "Quattromiglia"}, {"country": "Italy", "subcountry": "Sardinia", "geolabelid": 2523665, "label": "Quartu Sant'Elena"}, {"country": "Italy", "subcountry": "Sicily", "geolabelid": 2523693, "label": "Pozzallo"}, {"country": "Italy", "subcountry": "Sicily", "geolabelid": 2523705, "label": "Porto Empedocle"}, {"country": "Italy", "subcountry": "Sicily", "geolabelid": 2523796, "label": "Piazza Armerina"}, {"country": "Italy", "subcountry": "Sicily", "geolabelid": 2523866, "label": "Patern\u00f2"}, {"country": "Italy", "subcountry": "Sicily", "geolabelid": 2523871, "label": "Partinico"}, {"country": "Italy", "subcountry": "Calabria", "geolabelid": 2523902, "label": "Palmi"}, {"country": "Italy", "subcountry": "Sicily", "geolabelid": 2523908, "label": "Palma di Montechiaro"}, {"country": "Italy", "subcountry": "Sicily", "geolabelid": 2523920, "label": "Palermo"}, {"country": "Italy", "subcountry": "Sicily", "geolabelid": 2523927, "label": "Palagonia"}, {"country": "Italy", "subcountry": "Sicily", "geolabelid": 2523938, "label": "Pachino"}, {"country": "Italy", "subcountry": "Sardinia", "geolabelid": 2523964, "label": "Oristano"}, {"country": "Italy", "subcountry": "Sicily", "geolabelid": 2523998, "label": "Noto"}, {"country": "Italy", "subcountry": "Sicily", "geolabelid": 2524006, "label": "Niscemi"}, {"country": "Italy", "subcountry": "Calabria", "geolabelid": 2524013, "label": "Nicastro-Sambiase"}, {"country": "Italy", "subcountry": "Sardinia", "geolabelid": 2524084, "label": "Monserrato"}, {"country": "Italy", "subcountry": "Sicily", "geolabelid": 2524085, "label": "Monreale"}, {"country": "Italy", "subcountry": "Sicily", "geolabelid": 2524119, "label": "Modica"}, {"country": "Italy", "subcountry": "Sicily", "geolabelid": 2524123, "label": "Misterbianco"}, {"country": "Italy", "subcountry": "Sicily", "geolabelid": 2524126, "label": "Misilmeri"}, {"country": "Italy", "subcountry": "Sicily", "geolabelid": 2524155, "label": "Milazzo"}, {"country": "Italy", "subcountry": "Sicily", "geolabelid": 2524170, "label": "Messina"}, {"country": "Italy", "subcountry": "Sicily", "geolabelid": 2524205, "label": "Mazara del Vallo"}, {"country": "Italy", "subcountry": "Sicily", "geolabelid": 2524236, "label": "Mascalucia"}, {"country": "Italy", "subcountry": "Sicily", "geolabelid": 2524245, "label": "Marsala"}, {"country": "Italy", "subcountry": "Sicily", "geolabelid": 2524393, "label": "Licata"}, {"country": "Italy", "subcountry": "Sicily", "geolabelid": 2524410, "label": "Lentini"}, {"country": "Italy", "subcountry": "Sardinia", "geolabelid": 2524533, "label": "Iglesias"}, {"country": "Italy", "subcountry": "Calabria", "geolabelid": 2524606, "label": "Gioia Tauro"}, {"country": "Italy", "subcountry": "Sicily", "geolabelid": 2524618, "label": "Giarre"}, {"country": "Italy", "subcountry": "Sicily", "geolabelid": 2524653, "label": "Gela"}, {"country": "Italy", "subcountry": "Sicily", "geolabelid": 2524734, "label": "Floridia"}, {"country": "Italy", "subcountry": "Sicily", "geolabelid": 2524786, "label": "Favara"}, {"country": "Italy", "subcountry": "Sicily", "geolabelid": 2524819, "label": "Enna"}, {"country": "Italy", "subcountry": "Calabria", "geolabelid": 2524881, "label": "Crotone"}, {"country": "Italy", "subcountry": "Calabria", "geolabelid": 2524907, "label": "Cosenza"}, {"country": "Italy", "subcountry": "Sicily", "geolabelid": 2524955, "label": "Comiso"}, {"country": "Italy", "subcountry": "Calabria", "geolabelid": 2525059, "label": "Catanzaro"}, {"country": "Italy", "subcountry": "Sicily", "geolabelid": 2525068, "label": "Catania"}, {"country": "Italy", "subcountry": "Calabria", "geolabelid": 2525070, "label": "Castrovillari"}, {"country": "Italy", "subcountry": "Sicily", "geolabelid": 2525083, "label": "Castelvetrano"}, {"country": "Italy", "subcountry": "Apulia", "geolabelid": 2525207, "label": "Casarano"}, {"country": "Italy", "subcountry": "Sicily", "geolabelid": 2525350, "label": "Carini"}, {"country": "Italy", "subcountry": "Sardinia", "geolabelid": 2525362, "label": "Carbonia"}, {"country": "Italy", "subcountry": "Sicily", "geolabelid": 2525405, "label": "Canicatt\u00ec"}, {"country": "Italy", "subcountry": "Sicily", "geolabelid": 2525448, "label": "Caltanissetta"}, {"country": "Italy", "subcountry": "Sicily", "geolabelid": 2525450, "label": "Caltagirone"}, {"country": "Italy", "subcountry": "Sardinia", "geolabelid": 2525473, "label": "Cagliari"}, {"country": "Italy", "subcountry": "Sicily", "geolabelid": 2525498, "label": "Bronte"}, {"country": "Italy", "subcountry": "Sicily", "geolabelid": 2525560, "label": "Biancavilla"}, {"country": "Italy", "subcountry": "Sicily", "geolabelid": 2525571, "label": "Belpasso"}, {"country": "Italy", "subcountry": "Sicily", "geolabelid": 2525597, "label": "Barcellona Pozzo di Gotto"}, {"country": "Italy", "subcountry": "Sicily", "geolabelid": 2525628, "label": "Bagheria"}, {"country": "Italy", "subcountry": "Sicily", "geolabelid": 2525643, "label": "Avola"}, {"country": "Italy", "subcountry": "Sicily", "geolabelid": 2525646, "label": "Augusta"}, {"country": "Italy", "subcountry": "Sardinia", "geolabelid": 2525655, "label": "Assemini"}, {"country": "Italy", "subcountry": "Calabria", "geolabelid": 2525725, "label": "Amato"}, {"country": "Italy", "subcountry": "Sicily", "geolabelid": 2525755, "label": "Alcamo"}, {"country": "Italy", "subcountry": "Sicily", "geolabelid": 2525764, "label": "Agrigento"}, {"country": "Italy", "subcountry": "Sicily", "geolabelid": 2525769, "label": "Adrano"}, {"country": "Italy", "subcountry": "Sicily", "geolabelid": 2525790, "label": "Acireale"}, {"country": "Italy", "subcountry": "Sicily", "geolabelid": 2525791, "label": "Aci Catena"}, {"country": "Italy", "subcountry": "Sicily", "geolabelid": 2525792, "label": "Aci Castello"}, {"country": "Italy", "subcountry": "Emilia-Romagna", "geolabelid": 3163853, "label": "Zola Predosa"}, {"country": "Italy", "subcountry": "Lombardy", "geolabelid": 3163995, "label": "Voghera"}, {"country": "Italy", "subcountry": "Veneto", "geolabelid": 3164028, "label": "Vittorio Veneto"}, {"country": "Italy", "subcountry": "Latium", "geolabelid": 3164039, "label": "Viterbo"}, {"country": "Italy", "subcountry": "Lombardy", "geolabelid": 3164080, "label": "Vimodrone"}, {"country": "Italy", "subcountry": "Lombardy", "geolabelid": 3164083, "label": "Vimercate"}, {"country": "Italy", "subcountry": "Veneto", "geolabelid": 3164090, "label": "Lancenigo-Villorba"}, {"country": "Italy", "subcountry": "Campania", "geolabelid": 3164153, "label": "Villaricca"}, {"country": "Italy", "subcountry": "Veneto", "geolabelid": 3164241, "label": "Villafranca di Verona"}, {"country": "Italy", "subcountry": "Emilia-Romagna", "geolabelid": 3164342, "label": "Vignola"}, {"country": "Italy", "subcountry": "Lombardy", "geolabelid": 3164376, "label": "Vigevano"}, {"country": "Italy", "subcountry": "Veneto", "geolabelid": 3164419, "label": "Vicenza"}, {"country": "Italy", "subcountry": "Tuscany", "geolabelid": 3164433, "label": "Viareggio"}, {"country": "Italy", "subcountry": "Veneto", "geolabelid": 3164527, "label": "Verona"}, {"country": "Italy", "subcountry": "Piedmont", "geolabelid": 3164565, "label": "Vercelli"}, {"country": "Italy", "subcountry": "Liguria", "geolabelid": 3164582, "label": "Ventimiglia"}, {"country": "Italy", "subcountry": "Veneto", "geolabelid": 3164603, "label": "Venice"}, {"country": "Italy", "subcountry": "Piedmont", "geolabelid": 3164617, "label": "Venaria Reale"}, {"country": "Italy", "subcountry": "Latium", "geolabelid": 3164630, "label": "Velletri"}, {"country": "Italy", "subcountry": "Abruzzo", "geolabelid": 3164672, "label": "Vasto"}, {"country": "Italy", "subcountry": "Lombardy", "geolabelid": 3164699, "label": "Varese"}, {"country": "Italy", "subcountry": "Apulia", "geolabelid": 3164919, "label": "Valenzano"}, {"country": "Italy", "subcountry": "Piedmont", "geolabelid": 3164920, "label": "Valenza"}, {"country": "Italy", "subcountry": "Veneto", "geolabelid": 3164954, "label": "Valdagno"}, {"country": "Italy", "subcountry": "Friuli Venezia Giulia", "geolabelid": 3165072, "label": "Udine"}, {"country": "Italy", "subcountry": "Apulia", "geolabelid": 3165178, "label": "Triggiano"}, {"country": "Italy", "subcountry": "Friuli Venezia Giulia", "geolabelid": 3165185, "label": "Trieste"}, {"country": "Italy", "subcountry": "Lombardy", "geolabelid": 3165198, "label": "Trezzano sul Naviglio"}, {"country": "Italy", "subcountry": "Veneto", "geolabelid": 3165201, "label": "Treviso"}, {"country": "Italy", "subcountry": "Lombardy", "geolabelid": 3165207, "label": "Treviglio"}, {"country": "Italy", "subcountry": "Campania", "geolabelid": 3165240, "label": "Trentola-Ducenta"}, {"country": "Italy", "subcountry": "Trentino-Alto Adige", "geolabelid": 3165243, "label": "Trento"}, {"country": "Italy", "subcountry": "Piedmont", "geolabelid": 3165275, "label": "Trecate"}, {"country": "Italy", "subcountry": "Apulia", "geolabelid": 3165322, "label": "Trani"}, {"country": "Italy", "subcountry": "Lombardy", "geolabelid": 3165340, "label": "Tradate"}, {"country": "Italy", "subcountry": "Piedmont", "geolabelid": 3165370, "label": "Tortona"}, {"country": "Italy", "subcountry": "Apulia", "geolabelid": 3165435, "label": "Torremaggiore"}, {"country": "Italy", "subcountry": "Campania", "geolabelid": 3165456, "label": "Torre del Greco"}, {"country": "Italy", "subcountry": "Campania", "geolabelid": 3165475, "label": "Torre Annunziata"}, {"country": "Italy", "subcountry": "Piedmont", "geolabelid": 3165524, "label": "Turin"}, {"country": "Italy", "subcountry": "The Marches", "geolabelid": 3165595, "label": "Tolentino"}, {"country": "Italy", "subcountry": "Latium", "geolabelid": 3165624, "label": "Tivoli"}, {"country": "Italy", "subcountry": "Veneto", "geolabelid": 3165698, "label": "Thiene"}, {"country": "Italy", "subcountry": "Campania", "geolabelid": 3165737, "label": "Terzigno"}, {"country": "Italy", "subcountry": "Latium", "geolabelid": 3165762, "label": "Terracina"}, {"country": "Italy", "subcountry": "Umbria", "geolabelid": 3165771, "label": "Terni"}, {"country": "Italy", "subcountry": "Molise", "geolabelid": 3165773, "label": "Termoli"}, {"country": "Italy", "subcountry": "Apulia", "geolabelid": 3165788, "label": "Terlizzi"}, {"country": "Italy", "subcountry": "Abruzzo", "geolabelid": 3165803, "label": "Teramo"}, {"country": "Italy", "subcountry": "Apulia", "geolabelid": 3165926, "label": "Taranto"}, {"country": "Italy", "subcountry": "Lombardy", "geolabelid": 3166006, "label": "Suzzara"}, {"country": "Italy", "subcountry": "Abruzzo", "geolabelid": 3166034, "label": "Sulmona"}, {"country": "Italy", "subcountry": "Umbria", "geolabelid": 3166236, "label": "Spoleto"}, {"country": "Italy", "subcountry": "Latium", "geolabelid": 3166387, "label": "Sora"}, {"country": "Italy", "subcountry": "Lombardy", "geolabelid": 3166397, "label": "Sondrio"}, {"country": "Italy", "subcountry": "Campania", "geolabelid": 3166404, "label": "Somma Vesuviana"}, {"country": "Italy", "subcountry": "Tuscany", "geolabelid": 3166548, "label": "Siena"}, {"country": "Italy", "subcountry": "Latium", "geolabelid": 3166571, "label": "Sezze"}, {"country": "Italy", "subcountry": "Lombardy", "geolabelid": 3166574, "label": "Seveso"}, {"country": "Italy", "subcountry": "Piedmont", "geolabelid": 3166576, "label": "Settimo Torinese"}, {"country": "Italy", "subcountry": "Liguria", "geolabelid": 3166595, "label": "Sestri Levante"}, {"country": "Italy", "subcountry": "Lombardy", "geolabelid": 3166598, "label": "Sesto San Giovanni"}, {"country": "Italy", "subcountry": "Tuscany", "geolabelid": 3166601, "label": "Sesto Fiorentino"}, {"country": "Italy", "subcountry": "Lombardy", "geolabelid": 3166706, "label": "Seriate"}, {"country": "Italy", "subcountry": "Lombardy", "geolabelid": 3166711, "label": "Seregno"}, {"country": "Italy", "subcountry": "The Marches", "geolabelid": 3166740, "label": "Senigallia"}, {"country": "Italy", "subcountry": "Lombardy", "geolabelid": 3166753, "label": "Senago"}, {"country": "Italy", "subcountry": "Lombardy", "geolabelid": 3166808, "label": "Segrate"}, {"country": "Italy", "subcountry": "Veneto", "geolabelid": 3166917, "label": "Schio"}, {"country": "Italy", "subcountry": "Tuscany", "geolabelid": 3166988, "label": "Scandicci"}, {"country": "Italy", "subcountry": "Campania", "geolabelid": 3167010, "label": "Scafati"}, {"country": "Italy", "subcountry": "Liguria", "geolabelid": 3167022, "label": "Savona"}, {"country": "Italy", "subcountry": "Piedmont", "geolabelid": 3167034, "label": "Savigliano"}, {"country": "Italy", "subcountry": "Apulia", "geolabelid": 3167044, "label": "Sava"}, {"country": "Italy", "subcountry": "Emilia-Romagna", "geolabelid": 3167053, "label": "Sassuolo"}, {"country": "Italy", "subcountry": "Sardinia", "geolabelid": 3167096, "label": "Sassari"}, {"country": "Italy", "subcountry": "Liguria", "geolabelid": 3167104, "label": "Sarzana"}, {"country": "Italy", "subcountry": "Lombardy", "geolabelid": 3167113, "label": "Saronno"}, {"country": "Italy", "subcountry": "Campania", "geolabelid": 3167116, "label": "Sarno"}, {"country": "Italy", "subcountry": "Apulia", "geolabelid": 3167184, "label": "San Vito dei Normanni"}, {"country": "Italy", "subcountry": "Apulia", "geolabelid": 3167327, "label": "Santeramo in Colle"}, {"country": "Italy", "subcountry": "Campania", "geolabelid": 3167393, "label": "Sant'Antonio Abate"}, {"country": "Italy", "subcountry": "Campania", "geolabelid": 3167419, "label": "Sant'Antimo"}, {"country": "Italy", "subcountry": "Campania", "geolabelid": 3167509, "label": "Sant'Anastasia"}, {"country": "Italy", "subcountry": "Campania", "geolabelid": 3167561, "label": "Santa Maria Capua Vetere"}, {"country": "Italy", "subcountry": "Apulia", "geolabelid": 3167731, "label": "San Severo"}, {"country": "Italy", "subcountry": "Lombardy", "geolabelid": 3167744, "label": "San Sebastiano"}, {"country": "Italy", "subcountry": "Abruzzo", "geolabelid": 3167751, "label": "San Salvo"}, {"country": "Italy", "subcountry": "Liguria", "geolabelid": 3167777, "label": "San Remo"}, {"country": "Italy", "subcountry": "Apulia", "geolabelid": 3167940, "label": "Sannicandro Garganico"}, {"country": "Italy", "subcountry": "Tuscany", "geolabelid": 3167953, "label": "San Miniato"}, {"country": "Italy", "subcountry": "Tuscany", "geolabelid": 3167954, "label": "San Miniato Basso"}, {"country": "Italy", "subcountry": "Piedmont", "geolabelid": 3167978, "label": "San Mauro Torinese"}, {"country": "Italy", "subcountry": "Emilia-Romagna", "geolabelid": 3168175, "label": "San Lazzaro"}, {"country": "Italy", "subcountry": "Campania", "geolabelid": 3168209, "label": "San Giuseppe Vesuviano"}, {"country": "Italy", "subcountry": "Lombardy", "geolabelid": 3168222, "label": "San Giuliano Milanese"}, {"country": "Italy", "subcountry": "Tuscany", "geolabelid": 3168231, "label": "San Giovanni Valdarno"}, {"country": "Italy", "subcountry": "Apulia", "geolabelid": 3168234, "label": "San Giovanni Rotondo"}, {"country": "Italy", "subcountry": "Veneto", "geolabelid": 3168236, "label": "San Giovanni Lupatoto"}, {"country": "Italy", "subcountry": "Emilia-Romagna", "geolabelid": 3168239, "label": "San Giovanni in Persiceto"}, {"country": "Italy", "subcountry": "Campania", "geolabelid": 3168309, "label": "San Giorgio a Cremano"}, {"country": "Italy", "subcountry": "Lombardy", "geolabelid": 3168414, "label": "San Donato Milanese"}, {"country": "Italy", "subcountry": "Veneto", "geolabelid": 3168429, "label": "San Don\u00e0 di Piave"}, {"country": "Italy", "subcountry": "Veneto", "geolabelid": 3168514, "label": "San Bonifacio"}, {"country": "Italy", "subcountry": "The Marches", "geolabelid": 3168550, "label": "San Benedetto del Tronto"}, {"country": "Italy", "subcountry": "Emilia-Romagna", "geolabelid": 3168627, "label": "Salsomaggiore Terme"}, {"country": "Italy", "subcountry": "Campania", "geolabelid": 3168673, "label": "Salerno"}, {"country": "Italy", "subcountry": "Friuli Venezia Giulia", "geolabelid": 3168730, "label": "Sacile"}, {"country": "Italy", "subcountry": "Apulia", "geolabelid": 3168770, "label": "Ruvo di Puglia"}, {"country": "Italy", "subcountry": "Apulia", "geolabelid": 3168775, "label": "Rutigliano"}, {"country": "Italy", "subcountry": "Lombardy", "geolabelid": 3168837, "label": "Rozzano"}, {"country": "Italy", "subcountry": "Veneto", "geolabelid": 3168843, "label": "Rovigo"}, {"country": "Italy", "subcountry": "Trentino-Alto Adige", "geolabelid": 3168854, "label": "Rovereto"}, {"country": "Italy", "subcountry": "Tuscany", "geolabelid": 3168930, "label": "Rosignano Solvay-Castiglioncello"}, {"country": "Italy", "subcountry": "Abruzzo", "geolabelid": 3168936, "label": "Roseto degli Abruzzi"}, {"country": "Italy", "subcountry": "Lombardy", "geolabelid": 3169056, "label": "Romano di Lombardia"}, {"country": "Italy", "subcountry": "Latium", "geolabelid": 3169070, "label": "Rome"}, {"country": "Italy", "subcountry": "Latium", "geolabelid": 3169181, "label": "Rocca di Papa"}, {"country": "Italy", "subcountry": "Piedmont", "geolabelid": 3169231, "label": "Rivoli"}, {"country": "Italy", "subcountry": "Emilia-Romagna", "geolabelid": 3169361, "label": "Rimini"}, {"country": "Italy", "subcountry": "Latium", "geolabelid": 3169412, "label": "Rieti"}, {"country": "Italy", "subcountry": "Emilia-Romagna", "geolabelid": 3169424, "label": "Riccione"}, {"country": "Italy", "subcountry": "Lombardy", "geolabelid": 3169447, "label": "Rho"}, {"country": "Italy", "subcountry": "Emilia-Romagna", "geolabelid": 3169522, "label": "Reggio nell'Emilia"}, {"country": "Italy", "subcountry": "Emilia-Romagna", "geolabelid": 3169561, "label": "Ravenna"}, {"country": "Italy", "subcountry": "Liguria", "geolabelid": 3169602, "label": "Rapallo"}, {"country": "Italy", "subcountry": "Campania", "geolabelid": 3169724, "label": "Qualiano"}, {"country": "Italy", "subcountry": "Apulia", "geolabelid": 3169742, "label": "Putignano"}, {"country": "Italy", "subcountry": "Tuscany", "geolabelid": 3169921, "label": "Prato"}, {"country": "Italy", "subcountry": "Campania", "geolabelid": 3169984, "label": "Pozzuoli"}, {"country": "Italy", "subcountry": "Basilicate", "geolabelid": 3170027, "label": "Potenza"}, {"country": "Italy", "subcountry": "Sardinia", "geolabelid": 3170069, "label": "Porto Torres"}, {"country": "Italy", "subcountry": "The Marches", "geolabelid": 3170072, "label": "Porto Sant'Elpidio"}, {"country": "Italy", "subcountry": "The Marches", "geolabelid": 3170073, "label": "Porto San Giorgio"}, {"country": "Italy", "subcountry": "Veneto", "geolabelid": 3170086, "label": "Portogruaro"}, {"country": "Italy", "subcountry": "The Marches", "geolabelid": 3170102, "label": "Civitanova Marche"}, {"country": "Italy", "subcountry": "Campania", "geolabelid": 3170116, "label": "Portici"}, {"country": "Italy", "subcountry": "Friuli Venezia Giulia", "geolabelid": 3170147, "label": "Pordenone"}, {"country": "Italy", "subcountry": "Tuscany", "geolabelid": 3170272, "label": "Pontedera"}, {"country": "Italy", "subcountry": "Campania", "geolabelid": 3170335, "label": "Pompei"}, {"country": "Italy", "subcountry": "Campania", "geolabelid": 3170341, "label": "Pomigliano d'Arco"}, {"country": "Italy", "subcountry": "Latium", "geolabelid": 3170342, "label": "Pomezia"}, {"country": "Italy", "subcountry": "Campania", "geolabelid": 3170457, "label": "Poggiomarino"}, {"country": "Italy", "subcountry": "Tuscany", "geolabelid": 3170504, "label": "Poggibonsi"}, {"country": "Italy", "subcountry": "Tuscany", "geolabelid": 3170621, "label": "Pistoia"}, {"country": "Italy", "subcountry": "Tuscany", "geolabelid": 3170647, "label": "Pisa"}, {"country": "Italy", "subcountry": "Piedmont", "geolabelid": 3170659, "label": "Piossasco"}, {"country": "Italy", "subcountry": "Tuscany", "geolabelid": 3170674, "label": "Piombino"}, {"country": "Italy", "subcountry": "Lombardy", "geolabelid": 3170676, "label": "Pioltello"}, {"country": "Italy", "subcountry": "Piedmont", "geolabelid": 3170694, "label": "Pinerolo"}, {"country": "Italy", "subcountry": "Tuscany", "geolabelid": 3170778, "label": "Pietrasanta"}, {"country": "Italy", "subcountry": "Emilia-Romagna", "geolabelid": 3171058, "label": "Piacenza"}, {"country": "Italy", "subcountry": "Abruzzo", "geolabelid": 3171168, "label": "Pescara"}, {"country": "Italy", "subcountry": "The Marches", "geolabelid": 3171173, "label": "Pesaro"}, {"country": "Italy", "subcountry": "Umbria", "geolabelid": 3171180, "label": "Perugia"}, {"country": "Italy", "subcountry": "Lombardy", "geolabelid": 3171366, "label": "Pavia"}, {"country": "Italy", "subcountry": "Emilia-Romagna", "geolabelid": 3171457, "label": "Parma"}, {"country": "Italy", "subcountry": "Lombardy", "geolabelid": 3171484, "label": "Parabiago"}, {"country": "Italy", "subcountry": "Apulia", "geolabelid": 3171562, "label": "Palo del Colle"}, {"country": "Italy", "subcountry": "Lombardy", "geolabelid": 3171586, "label": "Palazzolo sull'Oglio"}, {"country": "Italy", "subcountry": "Apulia", "geolabelid": 3171664, "label": "Palagiano"}, {"country": "Italy", "subcountry": "Campania", "geolabelid": 3171703, "label": "Pagani"}, {"country": "Italy", "subcountry": "Veneto", "geolabelid": 3171728, "label": "Padova"}, {"country": "Italy", "subcountry": "Lombardy", "geolabelid": 3171737, "label": "Paderno Dugnano"}, {"country": "Italy", "subcountry": "Campania", "geolabelid": 3171778, "label": "Ottaviano"}, {"country": "Italy", "subcountry": "Apulia", "geolabelid": 3171786, "label": "Ostuni"}, {"country": "Italy", "subcountry": "The Marches", "geolabelid": 3171848, "label": "Osimo"}, {"country": "Italy", "subcountry": "Apulia", "geolabelid": 3171900, "label": "Orta Nova"}, {"country": "Italy", "subcountry": "Piedmont", "geolabelid": 3171986, "label": "Orbassano"}, {"country": "Italy", "subcountry": "Sardinia", "geolabelid": 3172087, "label": "Olbia"}, {"country": "Italy", "subcountry": "Veneto", "geolabelid": 3172116, "label": "Oderzo"}, {"country": "Italy", "subcountry": "Sardinia", "geolabelid": 3172154, "label": "Nuoro"}, {"country": "Italy", "subcountry": "Piedmont", "geolabelid": 3172170, "label": "Novi Ligure"}, {"country": "Italy", "subcountry": "Lombardy", "geolabelid": 3172184, "label": "Novate Milanese"}, {"country": "Italy", "subcountry": "Piedmont", "geolabelid": 3172189, "label": "Novara"}, {"country": "Italy", "subcountry": "Lombardy", "geolabelid": 3172191, "label": "Nova Milanese"}, {"country": "Italy", "subcountry": "Campania", "geolabelid": 3172227, "label": "Nola"}, {"country": "Italy", "subcountry": "Apulia", "geolabelid": 3172228, "label": "Noicattaro"}, {"country": "Italy", "subcountry": "Apulia", "geolabelid": 3172240, "label": "Noci"}, {"country": "Italy", "subcountry": "Campania", "geolabelid": 3172243, "label": "Nocera Superiore"}, {"country": "Italy", "subcountry": "Campania", "geolabelid": 3172244, "label": "Nocera Inferiore"}, {"country": "Italy", "subcountry": "Piedmont", "geolabelid": 3172269, "label": "Nichelino"}, {"country": "Italy", "subcountry": "Latium", "geolabelid": 3172287, "label": "Nettuno"}, {"country": "Italy", "subcountry": "Lombardy", "geolabelid": 3172297, "label": "Nerviano"}, {"country": "Italy", "subcountry": "Apulia", "geolabelid": 3172379, "label": "Nard\u00f2"}, {"country": "Italy", "subcountry": "Campania", "geolabelid": 3172394, "label": "Napoli"}, {"country": "Italy", "subcountry": "Campania", "geolabelid": 3172472, "label": "Mugnano di Napoli"}, {"country": "Italy", "subcountry": "Lombardy", "geolabelid": 3172479, "label": "Muggi\u00f2"}, {"country": "Italy", "subcountry": "Lombardy", "geolabelid": 3172629, "label": "Monza"}, {"country": "Italy", "subcountry": "Lombardy", "geolabelid": 3172681, "label": "Montichiari"}, {"country": "Italy", "subcountry": "Tuscany", "geolabelid": 3172718, "label": "Montevarchi"}, {"country": "Italy", "subcountry": "Abruzzo", "geolabelid": 3172729, "label": "Montesilvano Marina"}, {"country": "Italy", "subcountry": "Latium", "geolabelid": 3172768, "label": "Monterotondo"}, {"country": "Italy", "subcountry": "Tuscany", "geolabelid": 3172828, "label": "Montemurlo"}, {"country": "Italy", "subcountry": "Veneto", "geolabelid": 3172979, "label": "Montecchio Maggiore-Alte Ceccato"}, {"country": "Italy", "subcountry": "Tuscany", "geolabelid": 3172996, "label": "Montecatini-Terme"}, {"country": "Italy", "subcountry": "Veneto", "geolabelid": 3173029, "label": "Montebelluna"}, {"country": "Italy", "subcountry": "Apulia", "geolabelid": 3173131, "label": "Monopoli"}, {"country": "Italy", "subcountry": "Friuli Venezia Giulia", "geolabelid": 3173153, "label": "Monfalcone"}, {"country": "Italy", "subcountry": "Campania", "geolabelid": 3173160, "label": "Mondragone"}, {"country": "Italy", "subcountry": "Piedmont", "geolabelid": 3173162, "label": "Mondov\u00ec"}, {"country": "Italy", "subcountry": "Piedmont", "geolabelid": 3173180, "label": "Moncalieri"}, {"country": "Italy", "subcountry": "Apulia", "geolabelid": 3173287, "label": "Molfetta"}, {"country": "Italy", "subcountry": "Apulia", "geolabelid": 3173302, "label": "Mola di Bari"}, {"country": "Italy", "subcountry": "Veneto", "geolabelid": 3173314, "label": "Mogliano Veneto"}, {"country": "Italy", "subcountry": "Apulia", "geolabelid": 3173326, "label": "Modugno"}, {"country": "Italy", "subcountry": "Emilia-Romagna", "geolabelid": 3173331, "label": "Modena"}, {"country": "Italy", "subcountry": "Veneto", "geolabelid": 3173369, "label": "Mirano"}, {"country": "Italy", "subcountry": "Emilia-Romagna", "geolabelid": 3173370, "label": "Mirandola"}, {"country": "Italy", "subcountry": "Veneto", "geolabelid": 3173385, "label": "Mira Taglio"}, {"country": "Italy", "subcountry": "Latium", "geolabelid": 3173391, "label": "Minturno"}, {"country": "Italy", "subcountry": "Lombardy", "geolabelid": 3173435, "label": "Milano"}, {"country": "Italy", "subcountry": "Veneto", "geolabelid": 3173529, "label": "Mestre"}, {"country": "Italy", "subcountry": "Apulia", "geolabelid": 3173537, "label": "Mesagne"}, {"country": "Italy", "subcountry": "Trentino-Alto Adige", "geolabelid": 3173577, "label": "Merano"}, {"country": "Italy", "subcountry": "Latium", "geolabelid": 3173582, "label": "Mentana"}, {"country": "Italy", "subcountry": "Lombardy", "geolabelid": 3173599, "label": "Melzo"}, {"country": "Italy", "subcountry": "Campania", "geolabelid": 3173614, "label": "Melito di Napoli"}, {"country": "Italy", "subcountry": "Lombardy", "geolabelid": 3173631, "label": "Melegnano"}, {"country": "Italy", "subcountry": "Lombardy", "geolabelid": 3173671, "label": "Meda"}, {"country": "Italy", "subcountry": "Basilicate", "geolabelid": 3173721, "label": "Matera"}, {"country": "Italy", "subcountry": "Apulia", "geolabelid": 3173762, "label": "Massafra"}, {"country": "Italy", "subcountry": "Tuscany", "geolabelid": 3173775, "label": "Massa"}, {"country": "Italy", "subcountry": "Apulia", "geolabelid": 3173841, "label": "Martina Franca"}, {"country": "Italy", "subcountry": "Latium", "geolabelid": 3173914, "label": "Marino"}, {"country": "Italy", "subcountry": "Tuscany", "geolabelid": 3173935, "label": "Marina di Carrara"}, {"country": "Italy", "subcountry": "Campania", "geolabelid": 3173945, "label": "Marigliano"}, {"country": "Italy", "subcountry": "Lombardy", "geolabelid": 3173949, "label": "Mariano Comense"}, {"country": "Italy", "subcountry": "Campania", "geolabelid": 3173995, "label": "Marcianise"}, {"country": "Italy", "subcountry": "Campania", "geolabelid": 3174021, "label": "Marano di Napoli"}, {"country": "Italy", "subcountry": "Lombardy", "geolabelid": 3174051, "label": "Mantova"}, {"country": "Italy", "subcountry": "Apulia", "geolabelid": 3174092, "label": "Manfredonia"}, {"country": "Italy", "subcountry": "Apulia", "geolabelid": 3174096, "label": "Manduria"}, {"country": "Italy", "subcountry": "Lombardy", "geolabelid": 3174141, "label": "Malnate"}, {"country": "Italy", "subcountry": "Lombardy", "geolabelid": 3174295, "label": "Magenta"}, {"country": "Italy", "subcountry": "Campania", "geolabelid": 3174358, "label": "Maddaloni"}, {"country": "Italy", "subcountry": "The Marches", "geolabelid": 3174380, "label": "Macerata"}, {"country": "Italy", "subcountry": "Emilia-Romagna", "geolabelid": 3174494, "label": "Lugo"}, {"country": "Italy", "subcountry": "Apulia", "geolabelid": 3174526, "label": "Lucera"}, {"country": "Italy", "subcountry": "Tuscany", "geolabelid": 3174530, "label": "Lucca"}, {"country": "Italy", "subcountry": "Lombardy", "geolabelid": 3174638, "label": "Lodi"}, {"country": "Italy", "subcountry": "Tuscany", "geolabelid": 3174659, "label": "Livorno"}, {"country": "Italy", "subcountry": "Lombardy", "geolabelid": 3174679, "label": "Lissone"}, {"country": "Italy", "subcountry": "Lombardy", "geolabelid": 3174719, "label": "Limbiate"}, {"country": "Italy", "subcountry": "Latium", "geolabelid": 3174741, "label": "Lido di Ostia"}, {"country": "Italy", "subcountry": "Veneto", "geolabelid": 3174748, "label": "Lido"}, {"country": "Italy", "subcountry": "Lombardy", "geolabelid": 3174921, "label": "Legnano"}, {"country": "Italy", "subcountry": "Veneto", "geolabelid": 3174922, "label": "Legnago"}, {"country": "Italy", "subcountry": "Lombardy", "geolabelid": 3174945, "label": "Lecco"}, {"country": "Italy", "subcountry": "Apulia", "geolabelid": 3174953, "label": "Lecce"}, {"country": "Italy", "subcountry": "Latium", "geolabelid": 3175058, "label": "Latina"}, {"country": "Italy", "subcountry": "Liguria", "geolabelid": 3175081, "label": "La Spezia"}, {"country": "Italy", "subcountry": "Abruzzo", "geolabelid": 3175121, "label": "L'Aquila"}, {"country": "Italy", "subcountry": "Abruzzo", "geolabelid": 3175173, "label": "Lanciano"}, {"country": "Italy", "subcountry": "Lombardy", "geolabelid": 3175238, "label": "Lainate"}, {"country": "Italy", "subcountry": "Latium", "geolabelid": 3175298, "label": "Ladispoli"}, {"country": "Italy", "subcountry": "Piedmont", "geolabelid": 3175384, "label": "Ivrea"}, {"country": "Italy", "subcountry": "Molise", "geolabelid": 3175445, "label": "Isernia"}, {"country": "Italy", "subcountry": "Campania", "geolabelid": 3175453, "label": "Ischia Porto"}, {"country": "Italy", "subcountry": "Campania", "geolabelid": 3175458, "label": "Ischia"}, {"country": "Italy", "subcountry": "Piedmont", "geolabelid": 3175500, "label": "Pallanza-Intra-Suna"}, {"country": "Italy", "subcountry": "Liguria", "geolabelid": 3175532, "label": "Imperia"}, {"country": "Italy", "subcountry": "Emilia-Romagna", "geolabelid": 3175537, "label": "Imola"}, {"country": "Italy", "subcountry": "The Marches", "geolabelid": 3175628, "label": "Jesi"}, {"country": "Italy", "subcountry": "Latium", "geolabelid": 3175678, "label": "Guidonia"}, {"country": "Italy", "subcountry": "Campania", "geolabelid": 3175743, "label": "Grumo Nevano"}, {"country": "Italy", "subcountry": "Piedmont", "geolabelid": 3175755, "label": "Grugliasco"}, {"country": "Italy", "subcountry": "Apulia", "geolabelid": 3175773, "label": "Grottaglie"}, {"country": "Italy", "subcountry": "Latium", "geolabelid": 3175775, "label": "Grottaferrata"}, {"country": "Italy", "subcountry": "Tuscany", "geolabelid": 3175786, "label": "Grosseto"}, {"country": "Italy", "subcountry": "Apulia", "geolabelid": 3175860, "label": "Gravina in Puglia"}, {"country": "Italy", "subcountry": "Campania", "geolabelid": 3175952, "label": "Gragnano"}, {"country": "Italy", "subcountry": "Friuli Venezia Giulia", "geolabelid": 3175986, "label": "Gorizia"}, {"country": "Italy", "subcountry": "Lombardy", "geolabelid": 3175990, "label": "Gorgonzola"}, {"country": "Italy", "subcountry": "Lombardy", "geolabelid": 3176041, "label": "Giussano"}, {"country": "Italy", "subcountry": "Abruzzo", "geolabelid": 3176053, "label": "Giulianova"}, {"country": "Italy", "subcountry": "Campania", "geolabelid": 3176059, "label": "Giugliano in Campania"}, {"country": "Italy", "subcountry": "Apulia", "geolabelid": 3176072, "label": "Giovinazzo"}, {"country": "Italy", "subcountry": "Apulia", "geolabelid": 3176090, "label": "Gioia del Colle"}, {"country": "Italy", "subcountry": "Apulia", "geolabelid": 3176097, "label": "Ginosa"}, {"country": "Italy", "subcountry": "Lombardy", "geolabelid": 3176177, "label": "Ghedi"}, {"country": "Italy", "subcountry": "Latium", "geolabelid": 3176203, "label": "Genzano di Roma"}, {"country": "Italy", "subcountry": "Liguria", "geolabelid": 3176219, "label": "Genoa"}, {"country": "Italy", "subcountry": "Lombardy", "geolabelid": 3176322, "label": "Garbagnate Milanese"}, {"country": "Italy", "subcountry": "Apulia", "geolabelid": 3176366, "label": "Gallipoli"}, {"country": "Italy", "subcountry": "Lombardy", "geolabelid": 3176391, "label": "Gallarate"}, {"country": "Italy", "subcountry": "Apulia", "geolabelid": 3176407, "label": "Galatina"}, {"country": "Italy", "subcountry": "Latium", "geolabelid": 3176438, "label": "Gaeta"}, {"country": "Italy", "subcountry": "Latium", "geolabelid": 3176515, "label": "Frosinone"}, {"country": "Italy", "subcountry": "Campania", "geolabelid": 3176560, "label": "Frattaminore"}, {"country": "Italy", "subcountry": "Campania", "geolabelid": 3176561, "label": "Frattamaggiore"}, {"country": "Italy", "subcountry": "Latium", "geolabelid": 3176589, "label": "Frascati"}, {"country": "Italy", "subcountry": "Apulia", "geolabelid": 3176603, "label": "Francavilla Fontana"}, {"country": "Italy", "subcountry": "Abruzzo", "geolabelid": 3176605, "label": "Francavilla al Mare"}, {"country": "Italy", "subcountry": "Piedmont", "geolabelid": 3176639, "label": "Fossano"}, {"country": "Italy", "subcountry": "Tuscany", "geolabelid": 3176722, "label": "Fornacelle"}, {"country": "Italy", "subcountry": "Emilia-Romagna", "geolabelid": 3176733, "label": "Formigine"}, {"country": "Italy", "subcountry": "Latium", "geolabelid": 3176738, "label": "Formia"}, {"country": "Italy", "subcountry": "Emilia-Romagna", "geolabelid": 3176746, "label": "Forl\u00ec"}, {"country": "Italy", "subcountry": "Campania", "geolabelid": 3176748, "label": "Forio"}, {"country": "Italy", "subcountry": "Latium", "geolabelid": 3176843, "label": "Fondi"}, {"country": "Italy", "subcountry": "Tuscany", "geolabelid": 3176849, "label": "Follonica"}, {"country": "Italy", "subcountry": "Umbria", "geolabelid": 3176854, "label": "Foligno"}, {"country": "Italy", "subcountry": "Apulia", "geolabelid": 3176885, "label": "Foggia"}, {"country": "Italy", "subcountry": "Latium", "geolabelid": 3176923, "label": "Fiumicino-Isola Sacra"}, {"country": "Italy", "subcountry": "Tuscany", "geolabelid": 3176959, "label": "Florence"}, {"country": "Italy", "subcountry": "Emilia-Romagna", "geolabelid": 3176970, "label": "Fiorano"}, {"country": "Italy", "subcountry": "Emilia-Romagna", "geolabelid": 3177029, "label": "Fidenza"}, {"country": "Italy", "subcountry": "Emilia-Romagna", "geolabelid": 3177090, "label": "Ferrara"}, {"country": "Italy", "subcountry": "The Marches", "geolabelid": 3177099, "label": "Fermo"}, {"country": "Italy", "subcountry": "Apulia", "geolabelid": 3177171, "label": "Fasano"}, {"country": "Italy", "subcountry": "The Marches", "geolabelid": 3177219, "label": "Fano"}, {"country": "Italy", "subcountry": "The Marches", "geolabelid": 3177250, "label": "Falconara Marittima"}, {"country": "Italy", "subcountry": "Emilia-Romagna", "geolabelid": 3177300, "label": "Faenza"}, {"country": "Italy", "subcountry": "The Marches", "geolabelid": 3177315, "label": "Fabriano"}, {"country": "Italy", "subcountry": "Campania", "geolabelid": 3177363, "label": "Ercolano"}, {"country": "Italy", "subcountry": "Lombardy", "geolabelid": 3177372, "label": "Erba"}, {"country": "Italy", "subcountry": "Tuscany", "geolabelid": 3177400, "label": "Empoli"}, {"country": "Italy", "subcountry": "Campania", "geolabelid": 3177438, "label": "Eboli"}, {"country": "Italy", "subcountry": "Piedmont", "geolabelid": 3177532, "label": "Domodossola"}, {"country": "Italy", "subcountry": "Lombardy", "geolabelid": 3177608, "label": "Desio"}, {"country": "Italy", "subcountry": "Lombardy", "geolabelid": 3177610, "label": "Desenzano del Garda"}, {"country": "Italy", "subcountry": "Lombardy", "geolabelid": 3177650, "label": "Dalmine"}, {"country": "Italy", "subcountry": "Lombardy", "geolabelid": 3177664, "label": "Cusano Milanino"}, {"country": "Italy", "subcountry": "Piedmont", "geolabelid": 3177700, "label": "Cuneo"}, {"country": "Italy", "subcountry": "Lombardy", "geolabelid": 3177838, "label": "Cremona"}, {"country": "Italy", "subcountry": "Lombardy", "geolabelid": 3177841, "label": "Crema"}, {"country": "Italy", "subcountry": "Lombardy", "geolabelid": 3178004, "label": "Corsico"}, {"country": "Italy", "subcountry": "Emilia-Romagna", "geolabelid": 3178019, "label": "Correggio"}, {"country": "Italy", "subcountry": "Lombardy", "geolabelid": 3178074, "label": "Cornaredo"}, {"country": "Italy", "subcountry": "Lombardy", "geolabelid": 3178087, "label": "Cormano"}, {"country": "Italy", "subcountry": "Friuli Venezia Giulia", "geolabelid": 3178112, "label": "Cordenons"}, {"country": "Italy", "subcountry": "Apulia", "geolabelid": 3178131, "label": "Corato"}, {"country": "Italy", "subcountry": "Apulia", "geolabelid": 3178141, "label": "Copertino"}, {"country": "Italy", "subcountry": "Apulia", "geolabelid": 3178147, "label": "Conversano"}, {"country": "Italy", "subcountry": "Veneto", "geolabelid": 3178197, "label": "Conegliano"}, {"country": "Italy", "subcountry": "Lombardy", "geolabelid": 3178229, "label": "Como"}, {"country": "Italy", "subcountry": "Lombardy", "geolabelid": 3178283, "label": "Cologno Monzese"}, {"country": "Italy", "subcountry": "Piedmont", "geolabelid": 3178388, "label": "Collegno"}, {"country": "Italy", "subcountry": "Latium", "geolabelid": 3178398, "label": "Colleferro"}, {"country": "Italy", "subcountry": "Tuscany", "geolabelid": 3178402, "label": "Colle di Val d'Elsa"}, {"country": "Italy", "subcountry": "Latium", "geolabelid": 3178587, "label": "Civitavecchia"}, {"country": "Italy", "subcountry": "Umbria", "geolabelid": 3178619, "label": "Citt\u00e0 di Castello"}, {"country": "Italy", "subcountry": "Latium", "geolabelid": 3178631, "label": "Cisterna di Latina"}, {"country": "Italy", "subcountry": "Piedmont", "geolabelid": 3178650, "label": "Ciri\u00e8"}, {"country": "Italy", "subcountry": "Lombardy", "geolabelid": 3178671, "label": "Cinisello Balsamo"}, {"country": "Italy", "subcountry": "Latium", "geolabelid": 3178738, "label": "Ciampino"}, {"country": "Italy", "subcountry": "Piedmont", "geolabelid": 3178745, "label": "Chivasso"}, {"country": "Italy", "subcountry": "Veneto", "geolabelid": 3178784, "label": "Chioggia"}, {"country": "Italy", "subcountry": "Abruzzo", "geolabelid": 3178796, "label": "Chieti"}, {"country": "Italy", "subcountry": "Piedmont", "geolabelid": 3178818, "label": "Chieri"}, {"country": "Italy", "subcountry": "Liguria", "geolabelid": 3178832, "label": "Chiavari"}, {"country": "Italy", "subcountry": "Lombardy", "geolabelid": 3178850, "label": "Chiari"}, {"country": "Italy", "subcountry": "Emilia-Romagna", "geolabelid": 3178956, "label": "Cesenatico"}, {"country": "Italy", "subcountry": "Emilia-Romagna", "geolabelid": 3178957, "label": "Cesena"}, {"country": "Italy", "subcountry": "Lombardy", "geolabelid": 3178972, "label": "Cesano Maderno"}, {"country": "Italy", "subcountry": "Emilia-Romagna", "geolabelid": 3178998, "label": "Cervia"}, {"country": "Italy", "subcountry": "Latium", "geolabelid": 3178999, "label": "Cerveteri"}, {"country": "Italy", "subcountry": "Lombardy", "geolabelid": 3179066, "label": "Cernusco sul Naviglio"}, {"country": "Italy", "subcountry": "Apulia", "geolabelid": 3179075, "label": "Cerignola"}, {"country": "Italy", "subcountry": "Campania", "geolabelid": 3179109, "label": "Cercola"}, {"country": "Italy", "subcountry": "Emilia-Romagna", "geolabelid": 3179162, "label": "Cento"}, {"country": "Italy", "subcountry": "Apulia", "geolabelid": 3179218, "label": "Ceglie Messapica"}, {"country": "Italy", "subcountry": "Tuscany", "geolabelid": 3179235, "label": "Cecina"}, {"country": "Italy", "subcountry": "Campania", "geolabelid": 3179337, "label": "Cava D\u00e8 Tirreni"}, {"country": "Italy", "subcountry": "Emilia-Romagna", "geolabelid": 3179347, "label": "Cattolica"}, {"country": "Italy", "subcountry": "Lombardy", "geolabelid": 3179415, "label": "Castiglione delle Stiviere"}, {"country": "Italy", "subcountry": "Campania", "geolabelid": 3179443, "label": "Castel Volturno"}, {"country": "Italy", "subcountry": "Emilia-Romagna", "geolabelid": 3179560, "label": "Castel Maggiore"}, {"country": "Italy", "subcountry": "Campania", "geolabelid": 3179661, "label": "Castellammare di Stabia"}, {"country": "Italy", "subcountry": "Veneto", "geolabelid": 3179684, "label": "Castelfranco Veneto"}, {"country": "Italy", "subcountry": "Emilia-Romagna", "geolabelid": 3179686, "label": "Castelfranco Emilia"}, {"country": "Italy", "subcountry": "Latium", "geolabelid": 3179781, "label": "Cassino"}, {"country": "Italy", "subcountry": "Lombardy", "geolabelid": 3179795, "label": "Cassano d'Adda"}, {"country": "Italy", "subcountry": "Campania", "geolabelid": 3179806, "label": "Casoria"}, {"country": "Italy", "subcountry": "Campania", "geolabelid": 3179866, "label": "Caserta"}, {"country": "Italy", "subcountry": "Tuscany", "geolabelid": 3179977, "label": "Cascina"}, {"country": "Italy", "subcountry": "Apulia", "geolabelid": 3180133, "label": "Casamassima"}, {"country": "Italy", "subcountry": "Campania", "geolabelid": 3180172, "label": "Casalnuovo di Napoli"}, {"country": "Italy", "subcountry": "Piedmont", "geolabelid": 3180208, "label": "Casale Monferrato"}, {"country": "Italy", "subcountry": "Emilia-Romagna", "geolabelid": 3180224, "label": "Casalecchio di Reno"}, {"country": "Italy", "subcountry": "Campania", "geolabelid": 3180240, "label": "Casal di Principe"}, {"country": "Italy", "subcountry": "Tuscany", "geolabelid": 3180423, "label": "Carrara"}, {"country": "Italy", "subcountry": "Emilia-Romagna", "geolabelid": 3180445, "label": "Carpi Centro"}, {"country": "Italy", "subcountry": "Piedmont", "geolabelid": 3180496, "label": "Carmagnola"}, {"country": "Italy", "subcountry": "Campania", "geolabelid": 3180541, "label": "Cardito"}, {"country": "Italy", "subcountry": "Lombardy", "geolabelid": 3180581, "label": "Carate Brianza"}, {"country": "Italy", "subcountry": "Campania", "geolabelid": 3180601, "label": "Capua"}, {"country": "Italy", "subcountry": "Tuscany", "geolabelid": 3180733, "label": "Capannori"}, {"country": "Italy", "subcountry": "Lombardy", "geolabelid": 3180758, "label": "Cant\u00f9"}, {"country": "Italy", "subcountry": "Apulia", "geolabelid": 3180792, "label": "Canosa di Puglia"}, {"country": "Italy", "subcountry": "Molise", "geolabelid": 3180991, "label": "Campobasso"}, {"country": "Italy", "subcountry": "Tuscany", "geolabelid": 3181018, "label": "Campi Bisenzio"}, {"country": "Italy", "subcountry": "Tuscany", "geolabelid": 3181125, "label": "Camaiore"}, {"country": "Italy", "subcountry": "Campania", "geolabelid": 3181258, "label": "Caivano"}, {"country": "Italy", "subcountry": "Lombardy", "geolabelid": 3181355, "label": "Busto Arsizio"}, {"country": "Italy", "subcountry": "Veneto", "geolabelid": 3181359, "label": "Bussolengo"}, {"country": "Italy", "subcountry": "Campania", "geolabelid": 3181471, "label": "Brusciano"}, {"country": "Italy", "subcountry": "Lombardy", "geolabelid": 3181495, "label": "Brugherio"}, {"country": "Italy", "subcountry": "Apulia", "geolabelid": 3181528, "label": "Brindisi"}, {"country": "Italy", "subcountry": "Lombardy", "geolabelid": 3181548, "label": "Bresso"}, {"country": "Italy", "subcountry": "Trentino-Alto Adige", "geolabelid": 3181550, "label": "Bressanone"}, {"country": "Italy", "subcountry": "Lombardy", "geolabelid": 3181554, "label": "Brescia"}, {"country": "Italy", "subcountry": "Piedmont", "geolabelid": 3181631, "label": "Bra"}, {"country": "Italy", "subcountry": "Lombardy", "geolabelid": 3181641, "label": "Bovisio-Masciago"}, {"country": "Italy", "subcountry": "Campania", "geolabelid": 3181683, "label": "Boscoreale"}, {"country": "Italy", "subcountry": "Piedmont", "geolabelid": 3181790, "label": "Borgomanero"}, {"country": "Italy", "subcountry": "Trentino-Alto Adige", "geolabelid": 3181913, "label": "Bolzano"}, {"country": "Italy", "subcountry": "Emilia-Romagna", "geolabelid": 3181928, "label": "Bologna"}, {"country": "Italy", "subcountry": "Lombardy", "geolabelid": 3181931, "label": "Bollate"}, {"country": "Italy", "subcountry": "Apulia", "geolabelid": 3181995, "label": "Bitonto"}, {"country": "Italy", "subcountry": "Apulia", "geolabelid": 3182007, "label": "Bisceglie"}, {"country": "Italy", "subcountry": "Piedmont", "geolabelid": 3182043, "label": "Biella"}, {"country": "Italy", "subcountry": "Lombardy", "geolabelid": 3182164, "label": "Bergamo"}, {"country": "Italy", "subcountry": "Campania", "geolabelid": 3182179, "label": "Benevento"}, {"country": "Italy", "subcountry": "Veneto", "geolabelid": 3182210, "label": "Belluno"}, {"country": "Italy", "subcountry": "Campania", "geolabelid": 3182272, "label": "Battipaglia"}, {"country": "Italy", "subcountry": "Umbria", "geolabelid": 3182289, "label": "Bastia umbra"}, {"country": "Italy", "subcountry": "Veneto", "geolabelid": 3182297, "label": "Bassano del Grappa"}, {"country": "Italy", "subcountry": "Apulia", "geolabelid": 3182340, "label": "Barletta"}, {"country": "Italy", "subcountry": "Apulia", "geolabelid": 3182351, "label": "Bari"}, {"country": "Italy", "subcountry": "Lombardy", "geolabelid": 3182361, "label": "Bareggio"}, {"country": "Italy", "subcountry": "Campania", "geolabelid": 3182518, "label": "Bagnoli"}, {"country": "Italy", "subcountry": "Campania", "geolabelid": 3182599, "label": "Bacoli"}, {"country": "Italy", "subcountry": "Abruzzo", "geolabelid": 3182636, "label": "Avezzano"}, {"country": "Italy", "subcountry": "Campania", "geolabelid": 3182640, "label": "Aversa"}, {"country": "Italy", "subcountry": "Campania", "geolabelid": 3182650, "label": "Avellino"}, {"country": "Italy", "subcountry": "Piedmont", "geolabelid": 3182714, "label": "Asti"}, {"country": "Italy", "subcountry": "The Marches", "geolabelid": 3182749, "label": "Ascoli Piceno"}, {"country": "Italy", "subcountry": "Veneto", "geolabelid": 3182757, "label": "Arzignano"}, {"country": "Italy", "subcountry": "Campania", "geolabelid": 3182765, "label": "Arzano"}, {"country": "Italy", "subcountry": "Latium", "geolabelid": 3182851, "label": "Ariccia"}, {"country": "Italy", "subcountry": "Tuscany", "geolabelid": 3182884, "label": "Arezzo"}, {"country": "Italy", "subcountry": "Lombardy", "geolabelid": 3182886, "label": "Arese"}, {"country": "Italy", "subcountry": "Latium", "geolabelid": 3182897, "label": "Ardea"}, {"country": "Italy", "subcountry": "Lombardy", "geolabelid": 3182904, "label": "Arcore"}, {"country": "Italy", "subcountry": "Latium", "geolabelid": 3182957, "label": "Aprilia"}, {"country": "Italy", "subcountry": "Aosta Valley", "geolabelid": 3182997, "label": "Aosta"}, {"country": "Italy", "subcountry": "Latium", "geolabelid": 3183005, "label": "Anzio"}, {"country": "Italy", "subcountry": "Campania", "geolabelid": 3183063, "label": "Angri"}, {"country": "Italy", "subcountry": "Apulia", "geolabelid": 3183072, "label": "Andria"}, {"country": "Italy", "subcountry": "The Marches", "geolabelid": 3183089, "label": "Ancona"}, {"country": "Italy", "subcountry": "Apulia", "geolabelid": 3183178, "label": "Altamura"}, {"country": "Italy", "subcountry": "Piedmont", "geolabelid": 3183187, "label": "Alpignano"}, {"country": "Italy", "subcountry": "Sardinia", "geolabelid": 3183284, "label": "Alghero"}, {"country": "Italy", "subcountry": "Piedmont", "geolabelid": 3183299, "label": "Alessandria"}, {"country": "Italy", "subcountry": "Veneto", "geolabelid": 3183319, "label": "Albignasego"}, {"country": "Italy", "subcountry": "Liguria", "geolabelid": 3183343, "label": "Albenga"}, {"country": "Italy", "subcountry": "Latium", "geolabelid": 3183356, "label": "Albano Laziale"}, {"country": "Italy", "subcountry": "Piedmont", "geolabelid": 3183364, "label": "Alba"}, {"country": "Italy", "subcountry": "Campania", "geolabelid": 3183412, "label": "Agropoli"}, {"country": "Italy", "subcountry": "Campania", "geolabelid": 3183455, "label": "Afragola"}, {"country": "Italy", "subcountry": "Apulia", "geolabelid": 3183472, "label": "Adelfia"}, {"country": "Italy", "subcountry": "Piedmont", "geolabelid": 3183490, "label": "Acqui Terme"}, {"country": "Italy", "subcountry": "Apulia", "geolabelid": 3183494, "label": "Acquaviva delle Fonti"}, {"country": "Italy", "subcountry": "Latium", "geolabelid": 3183539, "label": "Acilia-Castel Fusano-Ostia Antica"}, {"country": "Italy", "subcountry": "Campania", "geolabelid": 3183541, "label": "Acerra"}, {"country": "Italy", "subcountry": "Lombardy", "geolabelid": 3183573, "label": "Abbiategrasso"}, {"country": "Italy", "subcountry": "Veneto", "geolabelid": 3183587, "label": "Abano Terme"}, {"country": "Italy", "subcountry": "Veneto", "geolabelid": 3219114, "label": "Spinea-Orgnano"}, {"country": "Italy", "subcountry": "Piedmont", "geolabelid": 6457398, "label": "Verbania"}, {"country": "Italy", "subcountry": "Lombardy", "geolabelid": 6534216, "label": "Lumezzane"}, {"country": "Italy", "subcountry": "Latium", "geolabelid": 6534228, "label": "Guidonia Montecelio"}, {"country": "Italy", "subcountry": "Calabria", "geolabelid": 6534232, "label": "Lamezia Terme"}, {"country": "Italy", "subcountry": "Lombardy", "geolabelid": 6534234, "label": "Caronno Pertusella"}, {"country": "Italy", "subcountry": "Lombardy", "geolabelid": 6534235, "label": "Cassano Magnago"}, {"country": "Italy", "subcountry": "Campania", "geolabelid": 6534252, "label": "San Felice A Cancello"}, {"country": "Italy", "subcountry": "Campania", "geolabelid": 6534253, "label": "San Nicola la Strada"}, {"country": "Italy", "subcountry": "Campania", "geolabelid": 6534256, "label": "Quarto"}, {"country": "Italy", "subcountry": "Campania", "geolabelid": 6534264, "label": "Orta di Atella"}, {"country": "Italy", "subcountry": "Campania", "geolabelid": 6534267, "label": "Casavatore"}, {"country": "Italy", "subcountry": "Campania", "geolabelid": 6534268, "label": "Volla"}, {"country": "Italy", "subcountry": "Sicily", "geolabelid": 6534275, "label": "Gravina di Catania"}, {"country": "Italy", "subcountry": "Lombardy", "geolabelid": 6534280, "label": "Cesano Boscone"}, {"country": "Italy", "subcountry": "Latium", "geolabelid": 6534284, "label": "Tor Lupara"}, {"country": "Italy", "subcountry": "Latium", "geolabelid": 6620312, "label": "Torvaianica"}, {"country": "Italy", "subcountry": "Emilia-Romagna", "geolabelid": 8224092, "label": "Bellaria-Igea Marina"}, {"country": "Italy", "subcountry": "Latium", "geolabelid": 8378910, "label": "Villanova"}, {"country": "Italy", "subcountry": "Latium", "geolabelid": 8394392, "label": "Marina di Ardea-Tor San Lorenzo"}, {"country": "Italy", "subcountry": "Apulia", "geolabelid": 8948703, "label": "San Paolo"}, {"country": "Italy", "subcountry": "Campania", "geolabelid": 8948704, "label": "Monterusciello"}, {"country": "Italy", "subcountry": "Lombardy", "geolabelid": 8948705, "label": "Romano Banco"}, {"country": "Italy", "subcountry": "Sicily", "geolabelid": 8948706, "label": "Casa Santa"}, {"country": "Italy", "subcountry": "Campania", "geolabelid": 8948708, "label": "Arpino"}, {"country": "Italy", "subcountry": "Apulia", "geolabelid": 8948709, "label": "Paolo VI"}, {"country": "Italy", "subcountry": "Calabria", "geolabelid": 9003711, "label": "Corigliano Scalo"}]