[{"country": "Bosnia and Herzegovina", "subcountry": "Federation of Bosnia and Herzegovina", "geolabelid": 3186573, "label": "Zenica"}, {"country": "Bosnia and Herzegovina", "subcountry": "Federation of Bosnia and Herzegovina", "geolabelid": 3187609, "label": "Visoko"}, {"country": "Bosnia and Herzegovina", "subcountry": "Federation of Bosnia and Herzegovina", "geolabelid": 3188225, "label": "Velika Kladu\u0161a"}, {"country": "Bosnia and Herzegovina", "subcountry": "Federation of Bosnia and Herzegovina", "geolabelid": 3188582, "label": "Tuzla"}, {"country": "Bosnia and Herzegovina", "subcountry": "Republika Srpska", "geolabelid": 3188893, "label": "Trebinje"}, {"country": "Bosnia and Herzegovina", "subcountry": "Federation of Bosnia and Herzegovina", "geolabelid": 3188924, "label": "Travnik"}, {"country": "Bosnia and Herzegovina", "subcountry": "Federation of Bosnia and Herzegovina", "geolabelid": 3191281, "label": "Sarajevo"}, {"country": "Bosnia and Herzegovina", "subcountry": "Republika Srpska", "geolabelid": 3192409, "label": "Prijedor"}, {"country": "Bosnia and Herzegovina", "subcountry": "Federation of Bosnia and Herzegovina", "geolabelid": 3194828, "label": "Mostar"}, {"country": "Bosnia and Herzegovina", "subcountry": "Federation of Bosnia and Herzegovina", "geolabelid": 3199744, "label": "Grada\u010dac"}, {"country": "Bosnia and Herzegovina", "subcountry": "Federation of Bosnia and Herzegovina", "geolabelid": 3199779, "label": "Gra\u010danica"}, {"country": "Bosnia and Herzegovina", "subcountry": "Federation of Bosnia and Herzegovina", "geolabelid": 3200396, "label": "Gora\u017ede"}, {"country": "Bosnia and Herzegovina", "subcountry": "Republika Srpska", "geolabelid": 3201984, "label": "Doboj"}, {"country": "Bosnia and Herzegovina", "subcountry": "Federation of Bosnia and Herzegovina", "geolabelid": 3202822, "label": "Cazin"}, {"country": "Bosnia and Herzegovina", "subcountry": "Federation of Bosnia and Herzegovina", "geolabelid": 3203099, "label": "Bugojno"}, {"country": "Bosnia and Herzegovina", "subcountry": "Br\u010dko", "geolabelid": 3203521, "label": "Br\u010dko"}, {"country": "Bosnia and Herzegovina", "subcountry": "Federation of Bosnia and Herzegovina", "geolabelid": 3203653, "label": "Bosanska Krupa"}, {"country": "Bosnia and Herzegovina", "subcountry": "Republika Srpska", "geolabelid": 3204186, "label": "Bijeljina"}, {"country": "Bosnia and Herzegovina", "subcountry": "Federation of Bosnia and Herzegovina", "geolabelid": 3204222, "label": "Biha\u0107"}, {"country": "Bosnia and Herzegovina", "subcountry": "Republika Srpska", "geolabelid": 3204541, "label": "Banja Luka"}, {"country": "Bosnia and Herzegovina", "subcountry": "Federation of Bosnia and Herzegovina", "geolabelid": 3337476, "label": "Konjic"}]