[{"country": "Afghanistan", "subcountry": "N\u012bmr\u016bz", "geolabelid": 1120985, "label": "Zaranj"}, {"country": "Afghanistan", "subcountry": "Takh\u0101r", "geolabelid": 1123004, "label": "Taloqan"}, {"country": "Afghanistan", "subcountry": "Herat", "geolabelid": 1125155, "label": "Sh\u012bn\u1e0fan\u1e0f"}, {"country": "Afghanistan", "subcountry": "Jowzj\u0101n", "geolabelid": 1125444, "label": "Shibirgh\u0101n"}, {"country": "Afghanistan", "subcountry": "Ghowr", "geolabelid": 1125896, "label": "Shahrak"}, {"country": "Afghanistan", "subcountry": "Sar-e Pol", "geolabelid": 1127110, "label": "Sar-e Pul"}, {"country": "Afghanistan", "subcountry": "Sar-e Pol", "geolabelid": 1127628, "label": "Sang-e Ch\u0101rak"}, {"country": "Afghanistan", "subcountry": "Samang\u0101n", "geolabelid": 1127768, "label": "A\u012bbak"}, {"country": "Afghanistan", "subcountry": "Takh\u0101r", "geolabelid": 1128265, "label": "Rust\u0101q"}, {"country": "Afghanistan", "subcountry": "Jowzj\u0101n", "geolabelid": 1129516, "label": "Qarq\u012bn"}, {"country": "Afghanistan", "subcountry": "Kunduz", "geolabelid": 1129648, "label": "Qar\u0101wul"}, {"country": "Afghanistan", "subcountry": "Wil\u0101yat-e Baghl\u0101n", "geolabelid": 1130490, "label": "Pul-e Khumr\u012b"}, {"country": "Afghanistan", "subcountry": "Kabul", "geolabelid": 1131316, "label": "Paghm\u0101n"}, {"country": "Afghanistan", "subcountry": "Wil\u0101yat-e Baghl\u0101n", "geolabelid": 1132495, "label": "Nahr\u012bn"}, {"country": "Afghanistan", "subcountry": "Faryab", "geolabelid": 1133453, "label": "Maymana"}, {"country": "Afghanistan", "subcountry": "Laghm\u0101n", "geolabelid": 1133574, "label": "Mehtar L\u0101m"}, {"country": "Afghanistan", "subcountry": "Balkh", "geolabelid": 1133616, "label": "Maz\u0101r-e Shar\u012bf"}, {"country": "Afghanistan", "subcountry": "Helmand", "geolabelid": 1134720, "label": "Lashkar G\u0101h"}, {"country": "Afghanistan", "subcountry": "Herat", "geolabelid": 1135158, "label": "Kushk"}, {"country": "Afghanistan", "subcountry": "Kunduz", "geolabelid": 1135689, "label": "Kunduz"}, {"country": "Afghanistan", "subcountry": "Khowst", "geolabelid": 1136469, "label": "Kh\u014dst"}, {"country": "Afghanistan", "subcountry": "Balkh", "geolabelid": 1136575, "label": "Khulm"}, {"country": "Afghanistan", "subcountry": "N\u012bmr\u016bz", "geolabelid": 1136863, "label": "Kh\u0101sh"}, {"country": "Afghanistan", "subcountry": "Kunduz", "geolabelid": 1137168, "label": "Khanabad"}, {"country": "Afghanistan", "subcountry": "Herat", "geolabelid": 1137807, "label": "Karukh"}, {"country": "Afghanistan", "subcountry": "Kandah\u0101r", "geolabelid": 1138336, "label": "Kandah\u0101r"}, {"country": "Afghanistan", "subcountry": "Kabul", "geolabelid": 1138958, "label": "Kabul"}, {"country": "Afghanistan", "subcountry": "Nangarh\u0101r", "geolabelid": 1139715, "label": "Jal\u0101l\u0101b\u0101d"}, {"country": "Afghanistan", "subcountry": "Parv\u0101n", "geolabelid": 1139807, "label": "Jabal os Saraj"}, {"country": "Afghanistan", "subcountry": "Herat", "geolabelid": 1140026, "label": "Her\u0101t"}, {"country": "Afghanistan", "subcountry": "Badghis", "geolabelid": 1141089, "label": "Ghormach"}, {"country": "Afghanistan", "subcountry": "Ghazn\u012b", "geolabelid": 1141269, "label": "Ghazni"}, {"country": "Afghanistan", "subcountry": "Helmand", "geolabelid": 1141540, "label": "Gereshk"}, {"country": "Afghanistan", "subcountry": "Paktia", "geolabelid": 1141857, "label": "Gard\u0113z"}, {"country": "Afghanistan", "subcountry": "Badakhshan", "geolabelid": 1142170, "label": "Fayzabad"}, {"country": "Afghanistan", "subcountry": "Farah", "geolabelid": 1142264, "label": "Farah"}, {"country": "Afghanistan", "subcountry": "Herat", "geolabelid": 1142404, "label": "Kafir Qala"}, {"country": "Afghanistan", "subcountry": "Parv\u0101n", "geolabelid": 1145352, "label": "Charikar"}, {"country": "Afghanistan", "subcountry": "Lowgar", "geolabelid": 1147066, "label": "Barak\u012b Barak"}, {"country": "Afghanistan", "subcountry": "B\u0101m\u012b\u0101n", "geolabelid": 1147242, "label": "B\u0101my\u0101n"}, {"country": "Afghanistan", "subcountry": "Balkh", "geolabelid": 1147290, "label": "Balkh"}, {"country": "Afghanistan", "subcountry": "Wil\u0101yat-e Baghl\u0101n", "geolabelid": 1147540, "label": "Baghl\u0101n"}, {"country": "Afghanistan", "subcountry": "Takh\u0101r", "geolabelid": 1148106, "label": "\u0100rt Khw\u0101jah"}, {"country": "Afghanistan", "subcountry": "Konar", "geolabelid": 1148205, "label": "\u0100sm\u0101r"}, {"country": "Afghanistan", "subcountry": "Konar", "geolabelid": 1148311, "label": "Asad\u0101b\u0101d"}, {"country": "Afghanistan", "subcountry": "Faryab", "geolabelid": 1148658, "label": "Andkh\u014dy"}, {"country": "Afghanistan", "subcountry": "Panjshir", "geolabelid": 1429434, "label": "B\u0101z\u0101rak"}, {"country": "Afghanistan", "subcountry": "Nangarh\u0101r", "geolabelid": 1469706, "label": "Markaz-e Woluswal\u012b-ye \u0100ch\u012bn"}]