[{"country": "Zambia", "subcountry": "Luapula", "geolabelid": 175499, "label": "Nchelenge"}, {"country": "Zambia", "subcountry": "Northern", "geolabelid": 176146, "label": "Mbala"}, {"country": "Zambia", "subcountry": "Luapula", "geolabelid": 176555, "label": "Kawambwa"}, {"country": "Zambia", "subcountry": "Southern", "geolabelid": 898188, "label": "Siavonga"}, {"country": "Zambia", "subcountry": "Western", "geolabelid": 898905, "label": "Sesheke"}, {"country": "Zambia", "subcountry": "Luapula", "geolabelid": 899274, "label": "Samfya"}, {"country": "Zambia", "subcountry": "Eastern", "geolabelid": 899825, "label": "Petauke"}, {"country": "Zambia", "subcountry": "Copperbelt", "geolabelid": 901344, "label": "Ndola"}, {"country": "Zambia", "subcountry": "Central", "geolabelid": 904422, "label": "Mumbwa"}, {"country": "Zambia", "subcountry": "Copperbelt", "geolabelid": 905395, "label": "Mufulira"}, {"country": "Zambia", "subcountry": "Northern", "geolabelid": 905846, "label": "Mpika"}, {"country": "Zambia", "subcountry": "Southern", "geolabelid": 906044, "label": "Monze"}, {"country": "Zambia", "subcountry": "Western", "geolabelid": 906054, "label": "Mongu"}, {"country": "Zambia", "subcountry": "Southern", "geolabelid": 907111, "label": "Mazabuka"}, {"country": "Zambia", "subcountry": "Luapula", "geolabelid": 907770, "label": "Mansa"}, {"country": "Zambia", "subcountry": "Lusaka", "geolabelid": 909137, "label": "Lusaka"}, {"country": "Zambia", "subcountry": "Copperbelt", "geolabelid": 909863, "label": "Luanshya"}, {"country": "Zambia", "subcountry": "Southern", "geolabelid": 910111, "label": "Livingstone"}, {"country": "Zambia", "subcountry": "Copperbelt", "geolabelid": 911148, "label": "Kitwe"}, {"country": "Zambia", "subcountry": "Northern", "geolabelid": 912764, "label": "Kasama"}, {"country": "Zambia", "subcountry": "Central", "geolabelid": 913029, "label": "Kapiri Mposhi"}, {"country": "Zambia", "subcountry": "North-Western", "geolabelid": 913613, "label": "Kansanshi"}, {"country": "Zambia", "subcountry": "Copperbelt", "geolabelid": 914959, "label": "Kalulushi"}, {"country": "Zambia", "subcountry": "Lusaka", "geolabelid": 915883, "label": "Kafue"}, {"country": "Zambia", "subcountry": "Central", "geolabelid": 916095, "label": "Kabwe"}, {"country": "Zambia", "subcountry": "Southern", "geolabelid": 917748, "label": "Choma"}, {"country": "Zambia", "subcountry": "Eastern", "geolabelid": 918702, "label": "Chipata"}, {"country": "Zambia", "subcountry": "Copperbelt", "geolabelid": 919009, "label": "Chingola"}, {"country": "Zambia", "subcountry": "Copperbelt", "geolabelid": 919544, "label": "Chililabombwe"}]