[{"country": "Bulgaria", "subcountry": "Yambol", "geolabelid": 725578, "label": "Yambol"}, {"country": "Bulgaria", "subcountry": "Vratsa", "geolabelid": 725712, "label": "Vratsa"}, {"country": "Bulgaria", "subcountry": "Vidin", "geolabelid": 725905, "label": "Vidin"}, {"country": "Bulgaria", "subcountry": "Pazardzhik", "geolabelid": 725988, "label": "Velingrad"}, {"country": "Bulgaria", "subcountry": "Veliko T\u016drnovo", "geolabelid": 725993, "label": "Veliko T\u016drnovo"}, {"country": "Bulgaria", "subcountry": "Varna", "geolabelid": 726050, "label": "Varna"}, {"country": "Bulgaria", "subcountry": "T\u016drgovishte", "geolabelid": 726174, "label": "Targovishte"}, {"country": "Bulgaria", "subcountry": "Lovech", "geolabelid": 726320, "label": "Troyan"}, {"country": "Bulgaria", "subcountry": "Dobrich", "geolabelid": 726418, "label": "Dobrich"}, {"country": "Bulgaria", "subcountry": "Veliko T\u016drnovo", "geolabelid": 726534, "label": "Svishtov"}, {"country": "Bulgaria", "subcountry": "Khaskovo", "geolabelid": 726546, "label": "Svilengrad"}, {"country": "Bulgaria", "subcountry": "Stara Zagora", "geolabelid": 726848, "label": "Stara Zagora"}, {"country": "Bulgaria", "subcountry": "Kyustendil", "geolabelid": 726872, "label": "Dupnitsa"}, {"country": "Bulgaria", "subcountry": "Sofia-Capital", "geolabelid": 727011, "label": "Sofia"}, {"country": "Bulgaria", "subcountry": "Smolyan", "geolabelid": 727030, "label": "Smolyan"}, {"country": "Bulgaria", "subcountry": "Sliven", "geolabelid": 727079, "label": "Sliven"}, {"country": "Bulgaria", "subcountry": "Silistra", "geolabelid": 727221, "label": "Silistra"}, {"country": "Bulgaria", "subcountry": "Shumen", "geolabelid": 727233, "label": "Shumen"}, {"country": "Bulgaria", "subcountry": "Gabrovo", "geolabelid": 727337, "label": "Sevlievo"}, {"country": "Bulgaria", "subcountry": "Blagoevgrad", "geolabelid": 727447, "label": "Sandanski"}, {"country": "Bulgaria", "subcountry": "Sofiya", "geolabelid": 727462, "label": "Samokov"}, {"country": "Bulgaria", "subcountry": "Ruse", "geolabelid": 727523, "label": "Ruse"}, {"country": "Bulgaria", "subcountry": "Razgrad", "geolabelid": 727696, "label": "Razgrad"}, {"country": "Bulgaria", "subcountry": "Plovdiv", "geolabelid": 727791, "label": "Rakovski"}, {"country": "Bulgaria", "subcountry": "T\u016drgovishte", "geolabelid": 728075, "label": "Popovo"}, {"country": "Bulgaria", "subcountry": "Plovdiv", "geolabelid": 728193, "label": "Plovdiv"}, {"country": "Bulgaria", "subcountry": "Pleven", "geolabelid": 728203, "label": "Pleven"}, {"country": "Bulgaria", "subcountry": "Blagoevgrad", "geolabelid": 728288, "label": "Petrich"}, {"country": "Bulgaria", "subcountry": "Pazardzhik", "geolabelid": 728317, "label": "Peshtera"}, {"country": "Bulgaria", "subcountry": "Pernik", "geolabelid": 728330, "label": "Pernik"}, {"country": "Bulgaria", "subcountry": "Pazardzhik", "geolabelid": 728378, "label": "Pazardzhik"}, {"country": "Bulgaria", "subcountry": "Pazardzhik", "geolabelid": 728448, "label": "Panagyurishte"}, {"country": "Bulgaria", "subcountry": "Sliven", "geolabelid": 728742, "label": "Nova Zagora"}, {"country": "Bulgaria", "subcountry": "Montana", "geolabelid": 729114, "label": "Montana"}, {"country": "Bulgaria", "subcountry": "Lovech", "geolabelid": 729559, "label": "Lovech"}, {"country": "Bulgaria", "subcountry": "Montana", "geolabelid": 729581, "label": "Lom"}, {"country": "Bulgaria", "subcountry": "Kyustendil", "geolabelid": 729730, "label": "Kyustendil"}, {"country": "Bulgaria", "subcountry": "K\u016drdzhali", "geolabelid": 729794, "label": "Kardzhali"}, {"country": "Bulgaria", "subcountry": "Khaskovo", "geolabelid": 730435, "label": "Haskovo"}, {"country": "Bulgaria", "subcountry": "Khaskovo", "geolabelid": 730442, "label": "Kharmanli"}, {"country": "Bulgaria", "subcountry": "Stara Zagora", "geolabelid": 730496, "label": "Kazanl\u016dk"}, {"country": "Bulgaria", "subcountry": "Burgas", "geolabelid": 730559, "label": "Karnobat"}, {"country": "Bulgaria", "subcountry": "Plovdiv", "geolabelid": 730565, "label": "Karlovo"}, {"country": "Bulgaria", "subcountry": "Blagoevgrad", "geolabelid": 731108, "label": "Gotse Delchev"}, {"country": "Bulgaria", "subcountry": "Veliko T\u016drnovo", "geolabelid": 731233, "label": "Gorna Oryakhovitsa"}, {"country": "Bulgaria", "subcountry": "Gabrovo", "geolabelid": 731549, "label": "Gabrovo"}, {"country": "Bulgaria", "subcountry": "Khaskovo", "geolabelid": 732263, "label": "Dimitrovgrad"}, {"country": "Bulgaria", "subcountry": "Stara Zagora", "geolabelid": 732452, "label": "Chirpan"}, {"country": "Bulgaria", "subcountry": "Pleven", "geolabelid": 732491, "label": "Cherven Bryag"}, {"country": "Bulgaria", "subcountry": "Burgas", "geolabelid": 732770, "label": "Burgas"}, {"country": "Bulgaria", "subcountry": "Sofiya", "geolabelid": 733014, "label": "Botevgrad"}, {"country": "Bulgaria", "subcountry": "Blagoevgrad", "geolabelid": 733191, "label": "Blagoevgrad"}, {"country": "Bulgaria", "subcountry": "Montana", "geolabelid": 733264, "label": "Berkovitsa"}, {"country": "Bulgaria", "subcountry": "Burgas", "geolabelid": 733579, "label": "Aytos"}, {"country": "Bulgaria", "subcountry": "Plovdiv", "geolabelid": 733618, "label": "Asenovgrad"}]