[{"country": "Algeria", "subcountry": "Boumerdes", "geolabelid": 2474141, "label": "Boumerdas"}, {"country": "Algeria", "subcountry": "Biskra", "geolabelid": 2474506, "label": "Zeribet el Oued"}, {"country": "Algeria", "subcountry": "Tipaza", "geolabelid": 2474583, "label": "Zeralda"}, {"country": "Algeria", "subcountry": "Relizane", "geolabelid": 2474638, "label": "Zemoura"}, {"country": "Algeria", "subcountry": "Ouargla", "geolabelid": 2475475, "label": "Touggourt"}, {"country": "Algeria", "subcountry": "Biskra", "geolabelid": 2475612, "label": "Tolga"}, {"country": "Algeria", "subcountry": "Tlemcen", "geolabelid": 2475687, "label": "Tlemcen"}, {"country": "Algeria", "subcountry": "Tizi Ouzou", "geolabelid": 2475740, "label": "Tizi Rached"}, {"country": "Algeria", "subcountry": "Tizi Ouzou", "geolabelid": 2475744, "label": "Tizi Ouzou"}, {"country": "Algeria", "subcountry": "Tizi Ouzou", "geolabelid": 2475752, "label": "Tizi-n-Tleta"}, {"country": "Algeria", "subcountry": "Boumerdes", "geolabelid": 2475764, "label": "Tizi Gheniff"}, {"country": "Algeria", "subcountry": "Tissemsilt", "geolabelid": 2475860, "label": "Tissemsilt"}, {"country": "Algeria", "subcountry": "Tizi Ouzou", "geolabelid": 2475921, "label": "Tirmitine"}, {"country": "Algeria", "subcountry": "Tipaza", "geolabelid": 2476028, "label": "Tipasa"}, {"country": "Algeria", "subcountry": "Tindouf", "geolabelid": 2476301, "label": "Tindouf"}, {"country": "Algeria", "subcountry": "Tizi Ouzou", "geolabelid": 2476396, "label": "Timizart"}, {"country": "Algeria", "subcountry": "Adrar", "geolabelid": 2476403, "label": "Timimoun"}, {"country": "Algeria", "subcountry": "Beja\u00efa", "geolabelid": 2476412, "label": "el hed"}, {"country": "Algeria", "subcountry": "Tiaret", "geolabelid": 2476897, "label": "Tiaret"}, {"country": "Algeria", "subcountry": "A\u00efn Defla", "geolabelid": 2476915, "label": "Theniet el Had"}, {"country": "Algeria", "subcountry": "Boumerdes", "geolabelid": 2476917, "label": "Thenia"}, {"country": "Algeria", "subcountry": "Mila", "geolabelid": 2477255, "label": "Telerghma"}, {"country": "Algeria", "subcountry": "T\u00e9bessa", "geolabelid": 2477461, "label": "T\u00e9bessa"}, {"country": "Algeria", "subcountry": "Ouargla", "geolabelid": 2477462, "label": "Tebesbest"}, {"country": "Algeria", "subcountry": "Batna", "geolabelid": 2477528, "label": "Tazoult-Lambese"}, {"country": "Algeria", "subcountry": "Tamanghasset", "geolabelid": 2478216, "label": "Tamanrasset"}, {"country": "Algeria", "subcountry": "Skikda", "geolabelid": 2478226, "label": "Tamalous"}, {"country": "Algeria", "subcountry": "Boumerdes", "geolabelid": 2478831, "label": "Tadma\u00eft"}, {"country": "Algeria", "subcountry": "Bouira", "geolabelid": 2479161, "label": "Sour el Ghozlane"}, {"country": "Algeria", "subcountry": "Blida", "geolabelid": 2479183, "label": "Souma"}, {"country": "Algeria", "subcountry": "Tissemsilt", "geolabelid": 2479203, "label": "Lardjem"}, {"country": "Algeria", "subcountry": "Souk Ahras", "geolabelid": 2479215, "label": "Souk Ahras"}, {"country": "Algeria", "subcountry": "Tiaret", "geolabelid": 2479247, "label": "Sougueur"}, {"country": "Algeria", "subcountry": "Skikda", "geolabelid": 2479536, "label": "Skikda"}, {"country": "Algeria", "subcountry": "Mascara", "geolabelid": 2479609, "label": "Sig"}, {"country": "Algeria", "subcountry": "Biskra", "geolabelid": 2479916, "label": "Sidi Okba"}, {"country": "Algeria", "subcountry": "Blida", "geolabelid": 2479966, "label": "Sidi Moussa"}, {"country": "Algeria", "subcountry": "Mila", "geolabelid": 2480198, "label": "Sidi M\u00e9rouane"}, {"country": "Algeria", "subcountry": "Biskra", "geolabelid": 2480368, "label": "Sidi Khaled"}, {"country": "Algeria", "subcountry": "Oran", "geolabelid": 2480618, "label": "Sidi ech Chahmi"}, {"country": "Algeria", "subcountry": "Sidi Bel Abb\u00e8s", "geolabelid": 2481007, "label": "Sidi Bel Abb\u00e8s"}, {"country": "Algeria", "subcountry": "Ouargla", "geolabelid": 2481058, "label": "Sidi Amrane"}, {"country": "Algeria", "subcountry": "Chlef", "geolabelid": 2481207, "label": "Sidi Akkacha"}, {"country": "Algeria", "subcountry": "M\u02bcsila", "geolabelid": 2481246, "label": "Sidi A\u00efssa"}, {"country": "Algeria", "subcountry": "Tlemcen", "geolabelid": 2481389, "label": "Sidi Abdelli"}, {"country": "Algeria", "subcountry": "Sidi Bel Abb\u00e8s", "geolabelid": 2481639, "label": "Sfizef"}, {"country": "Algeria", "subcountry": "S\u00e9tif", "geolabelid": 2481700, "label": "S\u00e9tif"}, {"country": "Algeria", "subcountry": "Souk Ahras", "geolabelid": 2482090, "label": "Sedrata"}, {"country": "Algeria", "subcountry": "Beja\u00efa", "geolabelid": 2482159, "label": "Seddouk"}, {"country": "Algeria", "subcountry": "Tlemcen", "geolabelid": 2482211, "label": "Sebdou"}, {"country": "Algeria", "subcountry": "Tipaza", "geolabelid": 2482390, "label": "Saoula"}, {"country": "Algeria", "subcountry": "S\u00e9tif", "geolabelid": 2482447, "label": "Salah Bey"}, {"country": "Algeria", "subcountry": "Sa\u00efda", "geolabelid": 2482572, "label": "Sa\u00efda"}, {"country": "Algeria", "subcountry": "Ouargla", "geolabelid": 2482886, "label": "Rouissat"}, {"country": "Algeria", "subcountry": "Alger", "geolabelid": 2482908, "label": "Rouiba"}, {"country": "Algeria", "subcountry": "Mila", "geolabelid": 2482939, "label": "Rouached"}, {"country": "Algeria", "subcountry": "El Oued", "geolabelid": 2483000, "label": "Robbah"}, {"country": "Algeria", "subcountry": "Tlemcen", "geolabelid": 2483649, "label": "Remchi"}, {"country": "Algeria", "subcountry": "Relizane", "geolabelid": 2483668, "label": "Relizane"}, {"country": "Algeria", "subcountry": "El Oued", "geolabelid": 2483746, "label": "Reguiba"}, {"country": "Algeria", "subcountry": "Boumerdes", "geolabelid": 2483757, "label": "Regha\u00efa"}, {"country": "Algeria", "subcountry": "Adrar", "geolabelid": 2483761, "label": "Reggane"}, {"country": "Algeria", "subcountry": "Bordj Bou Arr\u00e9ridj", "geolabelid": 2483936, "label": "R\u00e2s el Oued"}, {"country": "Algeria", "subcountry": "Batna", "geolabelid": 2483968, "label": "R\u00e2s el A\u00efoun"}, {"country": "Algeria", "subcountry": "Oum el Bouaghi", "geolabelid": 2484620, "label": "Oum el Bouaghi"}, {"country": "Algeria", "subcountry": "Tlemcen", "geolabelid": 2484846, "label": "Ouled Mimoun"}, {"country": "Algeria", "subcountry": "Chlef", "geolabelid": 2485572, "label": "Oued Sly"}, {"country": "Algeria", "subcountry": "Relizane", "geolabelid": 2485582, "label": "Oued Rhiou"}, {"country": "Algeria", "subcountry": "Chlef", "geolabelid": 2485618, "label": "Oued Fodda"}, {"country": "Algeria", "subcountry": "Tipaza", "geolabelid": 2485633, "label": "Oued el Alleug"}, {"country": "Algeria", "subcountry": "Mascara", "geolabelid": 2485636, "label": "Oued el Abtal"}, {"country": "Algeria", "subcountry": "Ouargla", "geolabelid": 2485801, "label": "Ouargla"}, {"country": "Algeria", "subcountry": "Oran", "geolabelid": 2485926, "label": "Oran"}, {"country": "Algeria", "subcountry": "Tlemcen", "geolabelid": 2486284, "label": "Nedroma"}, {"country": "Algeria", "subcountry": "Boumerdes", "geolabelid": 2486505, "label": "Naciria"}, {"country": "Algeria", "subcountry": "M\u02bcsila", "geolabelid": 2486690, "label": "M\u2019Sila"}, {"country": "Algeria", "subcountry": "Tipaza", "geolabelid": 2486825, "label": "Mouza\u00efa"}, {"country": "Algeria", "subcountry": "Mostaganem", "geolabelid": 2487134, "label": "Mostaganem"}, {"country": "Algeria", "subcountry": "Mila", "geolabelid": 2487452, "label": "Mila"}, {"country": "Algeria", "subcountry": "Gharda\u00efa", "geolabelid": 2487620, "label": "Metlili Chaamba"}, {"country": "Algeria", "subcountry": "Djelfa", "geolabelid": 2487772, "label": "Messaad"}, {"country": "Algeria", "subcountry": "Oum el Bouaghi", "geolabelid": 2487805, "label": "Meskiana"}, {"country": "Algeria", "subcountry": "Oran", "geolabelid": 2487852, "label": "Mers el Kebir"}, {"country": "Algeria", "subcountry": "Batna", "geolabelid": 2487882, "label": "Merouana"}, {"country": "Algeria", "subcountry": "Bordj Bou Arr\u00e9ridj", "geolabelid": 2488202, "label": "Melouza"}, {"country": "Algeria", "subcountry": "Tizi Ouzou", "geolabelid": 2488500, "label": "Mekla"}, {"country": "Algeria", "subcountry": "Tiaret", "geolabelid": 2488616, "label": "Mehdia"}, {"country": "Algeria", "subcountry": "Ouargla", "geolabelid": 2488716, "label": "Megarine"}, {"country": "Algeria", "subcountry": "Blida", "geolabelid": 2488722, "label": "Meftah"}, {"country": "Algeria", "subcountry": "M\u00e9d\u00e9a", "geolabelid": 2488835, "label": "M\u00e9d\u00e9a"}, {"country": "Algeria", "subcountry": "Relizane", "geolabelid": 2489987, "label": "Mazouna"}, {"country": "Algeria", "subcountry": "Mascara", "geolabelid": 2490098, "label": "Mascara"}, {"country": "Algeria", "subcountry": "Bordj Bou Arr\u00e9ridj", "geolabelid": 2490180, "label": "Mansourah"}, {"country": "Algeria", "subcountry": "Tlemcen", "geolabelid": 2490183, "label": "Manso\u00fbra"}, {"country": "Algeria", "subcountry": "Boumerdes", "geolabelid": 2490297, "label": "Makouda"}, {"country": "Algeria", "subcountry": "Tizi Ouzou", "geolabelid": 2491042, "label": "L\u2019Arbaa Na\u00eft Irathen"}, {"country": "Algeria", "subcountry": "Batna", "geolabelid": 2491050, "label": "Larba\u00e2"}, {"country": "Algeria", "subcountry": "Bouira", "geolabelid": 2491134, "label": "Lakhdaria"}, {"country": "Algeria", "subcountry": "Laghouat", "geolabelid": 2491191, "label": "Laghouat"}, {"country": "Algeria", "subcountry": "M\u00e9d\u00e9a", "geolabelid": 2491323, "label": "Ksar el Boukhari"}, {"country": "Algeria", "subcountry": "Tiaret", "geolabelid": 2491335, "label": "Ksar Chellala"}, {"country": "Algeria", "subcountry": "Tipaza", "geolabelid": 2491578, "label": "Kolea"}, {"country": "Algeria", "subcountry": "Khenchela", "geolabelid": 2491889, "label": "Khenchela"}, {"country": "Algeria", "subcountry": "A\u00efn Defla", "geolabelid": 2491911, "label": "Khemis Miliana"}, {"country": "Algeria", "subcountry": "Boumerdes", "geolabelid": 2491913, "label": "Khemis el Khechna"}, {"country": "Algeria", "subcountry": "Skikda", "geolabelid": 2492345, "label": "Kerkera"}, {"country": "Algeria", "subcountry": "Jijel", "geolabelid": 2492913, "label": "Jijel"}, {"country": "Algeria", "subcountry": "Relizane", "geolabelid": 2492920, "label": "Djidiouia"}, {"country": "Algeria", "subcountry": "Boumerdes", "geolabelid": 2492991, "label": "Isser"}, {"country": "Algeria", "subcountry": "Tamanghasset", "geolabelid": 2493222, "label": "I-n-Salah"}, {"country": "Algeria", "subcountry": "Tizi Ouzou", "geolabelid": 2493605, "label": "Ighram"}, {"country": "Algeria", "subcountry": "Tlemcen", "geolabelid": 2493918, "label": "Hennaya"}, {"country": "Algeria", "subcountry": "Guelma", "geolabelid": 2493956, "label": "H\u00e9liopolis"}, {"country": "Algeria", "subcountry": "Ouargla", "geolabelid": 2494029, "label": "Hassi Messaoud"}, {"country": "Algeria", "subcountry": "T\u00e9bessa", "geolabelid": 2494548, "label": "Hammamet"}, {"country": "Algeria", "subcountry": "A\u00efn Temouchent", "geolabelid": 2494554, "label": "Hammam Bou Hadjar"}, {"country": "Algeria", "subcountry": "Constantine", "geolabelid": 2494610, "label": "Hamma Bouziane"}, {"country": "Algeria", "subcountry": "Tipaza", "geolabelid": 2494962, "label": "Hadjout"}, {"country": "Algeria", "subcountry": "Guelma", "geolabelid": 2495662, "label": "Guelma"}, {"country": "Algeria", "subcountry": "Gharda\u00efa", "geolabelid": 2496049, "label": "Gharda\u00efa"}, {"country": "Algeria", "subcountry": "Tiaret", "geolabelid": 2496232, "label": "Frenda"}, {"country": "Algeria", "subcountry": "Tizi Ouzou", "geolabelid": 2496241, "label": "Freha"}, {"country": "Algeria", "subcountry": "Beja\u00efa", "geolabelid": 2496573, "label": "Feraoun"}, {"country": "Algeria", "subcountry": "Oran", "geolabelid": 2497060, "label": "Es Senia"}, {"country": "Algeria", "subcountry": "El Tarf", "geolabelid": 2497323, "label": "El Tarf"}, {"country": "Algeria", "subcountry": "El Oued", "geolabelid": 2497411, "label": "El Oued"}, {"country": "Algeria", "subcountry": "A\u00efn Temouchent", "geolabelid": 2497714, "label": "El Malah"}, {"country": "Algeria", "subcountry": "Beja\u00efa", "geolabelid": 2497796, "label": "El Kseur"}, {"country": "Algeria", "subcountry": "Constantine", "geolabelid": 2497849, "label": "El Khroub"}, {"country": "Algeria", "subcountry": "El Tarf", "geolabelid": 2497988, "label": "El Kala"}, {"country": "Algeria", "subcountry": "Djelfa", "geolabelid": 2498000, "label": "El Idrissia"}, {"country": "Algeria", "subcountry": "Ouargla", "geolabelid": 2498172, "label": "El Hadjira"}, {"country": "Algeria", "subcountry": "Annaba", "geolabelid": 2498183, "label": "El Hadjar"}, {"country": "Algeria", "subcountry": "S\u00e9tif", "geolabelid": 2498392, "label": "El Eulma"}, {"country": "Algeria", "subcountry": "El Bayadh", "geolabelid": 2498543, "label": "El Bayadh"}, {"country": "Algeria", "subcountry": "A\u00efn Defla", "geolabelid": 2498590, "label": "El Attaf"}, {"country": "Algeria", "subcountry": "Chlef", "geolabelid": 2498611, "label": "Chlef"}, {"country": "Algeria", "subcountry": "Oum el Bouaghi", "geolabelid": 2498667, "label": "El Aouinet"}, {"country": "Algeria", "subcountry": "A\u00efn Temouchent", "geolabelid": 2498704, "label": "El Amria"}, {"country": "Algeria", "subcountry": "Tipaza", "geolabelid": 2498752, "label": "El Affroun"}, {"country": "Algeria", "subcountry": "Bordj Bou Arr\u00e9ridj", "geolabelid": 2498766, "label": "El Achir"}, {"country": "Algeria", "subcountry": "El Bayadh", "geolabelid": 2498775, "label": "El Abiodh Sidi Cheikh"}, {"country": "Algeria", "subcountry": "A\u00efn Defla", "geolabelid": 2498782, "label": "El Abadia"}, {"country": "Algeria", "subcountry": "Chlef", "geolabelid": 2498954, "label": "Ech Chettia"}, {"country": "Algeria", "subcountry": "Annaba", "geolabelid": 2499055, "label": "Drean"}, {"country": "Algeria", "subcountry": "Bouira", "geolabelid": 2499104, "label": "Draa el Mizan"}, {"country": "Algeria", "subcountry": "Boumerdes", "geolabelid": 2499116, "label": "Draa Ben Khedda"}, {"country": "Algeria", "subcountry": "Tipaza", "geolabelid": 2499193, "label": "Douera"}, {"country": "Algeria", "subcountry": "Djelfa", "geolabelid": 2500017, "label": "Djelfa"}, {"country": "Algeria", "subcountry": "Ouargla", "geolabelid": 2500282, "label": "Djamaa"}, {"country": "Algeria", "subcountry": "Constantine", "geolabelid": 2500401, "label": "Didouche Mourad"}, {"country": "Algeria", "subcountry": "Boumerdes", "geolabelid": 2500583, "label": "Dellys"}, {"country": "Algeria", "subcountry": "El Oued", "geolabelid": 2500737, "label": "Debila"}, {"country": "Algeria", "subcountry": "Alger", "geolabelid": 2500889, "label": "Dar el Be\u00efda"}, {"country": "Algeria", "subcountry": "Djelfa", "geolabelid": 2500904, "label": "Dar Chioukh"}, {"country": "Algeria", "subcountry": "Constantine", "geolabelid": 2501152, "label": "Constantine"}, {"country": "Algeria", "subcountry": "Bouira", "geolabelid": 2501289, "label": "Chorfa"}, {"country": "Algeria", "subcountry": "Blida", "geolabelid": 2501323, "label": "Chiffa"}, {"country": "Algeria", "subcountry": "Tlemcen", "geolabelid": 2501362, "label": "Chetouane"}, {"country": "Algeria", "subcountry": "T\u00e9bessa", "geolabelid": 2501404, "label": "Cheria"}, {"country": "Algeria", "subcountry": "Tipaza", "geolabelid": 2501465, "label": "Cheraga"}, {"country": "Algeria", "subcountry": "Tizi Ouzou", "geolabelid": 2501508, "label": "Chemini"}, {"country": "Algeria", "subcountry": "Mila", "geolabelid": 2501541, "label": "Chelghoum el A\u00efd"}, {"country": "Algeria", "subcountry": "Blida", "geolabelid": 2501680, "label": "Chebli"}, {"country": "Algeria", "subcountry": "Djelfa", "geolabelid": 2501767, "label": "Charef"}, {"country": "Algeria", "subcountry": "Boumerdes", "geolabelid": 2501873, "label": "Chabet el Ameur"}, {"country": "Algeria", "subcountry": "El Bayadh", "geolabelid": 2502034, "label": "Brezina"}, {"country": "Algeria", "subcountry": "Oran", "geolabelid": 2502239, "label": "Bou Tlelis"}, {"country": "Algeria", "subcountry": "Guelma", "geolabelid": 2502686, "label": "Boumahra Ahmed"}, {"country": "Algeria", "subcountry": "Chlef", "geolabelid": 2502924, "label": "Boukadir"}, {"country": "Algeria", "subcountry": "Tipaza", "geolabelid": 2502939, "label": "Bou Isma\u00efl"}, {"country": "Algeria", "subcountry": "Bouira", "geolabelid": 2502958, "label": "Bou\u00efra"}, {"country": "Algeria", "subcountry": "Blida", "geolabelid": 2502962, "label": "Bouinan"}, {"country": "Algeria", "subcountry": "Mascara", "geolabelid": 2503033, "label": "Bou Hanifia el Hamamat"}, {"country": "Algeria", "subcountry": "Blida", "geolabelid": 2503147, "label": "Bougara"}, {"country": "Algeria", "subcountry": "S\u00e9tif", "geolabelid": 2503156, "label": "Bougaa"}, {"country": "Algeria", "subcountry": "Blida", "geolabelid": 2503181, "label": "Boufarik"}, {"country": "Algeria", "subcountry": "Boumerdes", "geolabelid": 2503229, "label": "Boudouaou"}, {"country": "Algeria", "subcountry": "Tizi Ouzou", "geolabelid": 2503237, "label": "Boudjima"}, {"country": "Algeria", "subcountry": "Blida", "geolabelid": 2503468, "label": "Bo\u00fb Arfa"}, {"country": "Algeria", "subcountry": "Bordj Bou Arr\u00e9ridj", "geolabelid": 2503620, "label": "Bordj Zemoura"}, {"country": "Algeria", "subcountry": "Bordj Bou Arr\u00e9ridj", "geolabelid": 2503654, "label": "Bordj Ghdir"}, {"country": "Algeria", "subcountry": "Alger", "geolabelid": 2503661, "label": "Bordj el Kiffan"}, {"country": "Algeria", "subcountry": "Bordj Bou Arr\u00e9ridj", "geolabelid": 2503701, "label": "Bordj Bou Arreridj"}, {"country": "Algeria", "subcountry": "Tizi Ouzou", "geolabelid": 2503755, "label": "Boghni"}, {"country": "Algeria", "subcountry": "Blida", "geolabelid": 2503769, "label": "Blida"}, {"country": "Algeria", "subcountry": "Biskra", "geolabelid": 2503826, "label": "Biskra"}, {"country": "Algeria", "subcountry": "Alger", "geolabelid": 2503847, "label": "Birkhadem"}, {"country": "Algeria", "subcountry": "Djelfa", "geolabelid": 2503852, "label": "Birine"}, {"country": "Algeria", "subcountry": "Oran", "geolabelid": 2503874, "label": "Bir el Djir"}, {"country": "Algeria", "subcountry": "T\u00e9bessa", "geolabelid": 2503878, "label": "Bir el Ater"}, {"country": "Algeria", "subcountry": "El Tarf", "geolabelid": 2504072, "label": "Besbes"}, {"country": "Algeria", "subcountry": "M\u00e9d\u00e9a", "geolabelid": 2504099, "label": "Berrouaghia"}, {"country": "Algeria", "subcountry": "Gharda\u00efa", "geolabelid": 2504110, "label": "Berriane"}, {"country": "Algeria", "subcountry": "Annaba", "geolabelid": 2504136, "label": "Berrahal"}, {"country": "Algeria", "subcountry": "Tlemcen", "geolabelid": 2504385, "label": "Bensekrane"}, {"country": "Algeria", "subcountry": "El Tarf", "geolabelid": 2504486, "label": "Ben Mehidi"}, {"country": "Algeria", "subcountry": "A\u00efn Temouchent", "geolabelid": 2504581, "label": "Beni Saf"}, {"country": "Algeria", "subcountry": "Tlemcen", "geolabelid": 2504616, "label": "Beni Mester"}, {"country": "Algeria", "subcountry": "Blida", "geolabelid": 2504622, "label": "Beni Mered"}, {"country": "Algeria", "subcountry": "Tizi Ouzou", "geolabelid": 2504703, "label": "Beni Douala"}, {"country": "Algeria", "subcountry": "Boumerdes", "geolabelid": 2504739, "label": "Beni Amrane"}, {"country": "Algeria", "subcountry": "Beja\u00efa", "geolabelid": 2505329, "label": "Beja\u00efa"}, {"country": "Algeria", "subcountry": "B\u00e9char", "geolabelid": 2505530, "label": "B\u00e9char"}, {"country": "Algeria", "subcountry": "Batna", "geolabelid": 2505572, "label": "Batna"}, {"country": "Algeria", "subcountry": "Batna", "geolabelid": 2505629, "label": "Barika"}, {"country": "Algeria", "subcountry": "Beja\u00efa", "geolabelid": 2505651, "label": "Barbacha"}, {"country": "Algeria", "subcountry": "Tipaza", "geolabelid": 2505653, "label": "Baraki"}, {"country": "Algeria", "subcountry": "Alger", "geolabelid": 2505854, "label": "Bab Ezzouar"}, {"country": "Algeria", "subcountry": "Skikda", "geolabelid": 2505915, "label": "Azzaba"}, {"country": "Algeria", "subcountry": "Tizi Ouzou", "geolabelid": 2506043, "label": "Azazga"}, {"country": "Algeria", "subcountry": "Batna", "geolabelid": 2506404, "label": "Arris"}, {"country": "Algeria", "subcountry": "Tizi Ouzou", "geolabelid": 2506519, "label": "Arhribs"}, {"country": "Algeria", "subcountry": "Boumerdes", "geolabelid": 2506623, "label": "Arbatache"}, {"country": "Algeria", "subcountry": "Adrar", "geolabelid": 2506795, "label": "Aoulef"}, {"country": "Algeria", "subcountry": "Annaba", "geolabelid": 2506999, "label": "Annaba"}, {"country": "Algeria", "subcountry": "Relizane", "geolabelid": 2507155, "label": "Ammi Moussa"}, {"country": "Algeria", "subcountry": "Beja\u00efa", "geolabelid": 2507169, "label": "Amizour"}, {"country": "Algeria", "subcountry": "Alger", "geolabelid": 2507480, "label": "Algiers"}, {"country": "Algeria", "subcountry": "Beja\u00efa", "geolabelid": 2507646, "label": "Akbou"}, {"country": "Algeria", "subcountry": "Batna", "geolabelid": 2507877, "label": "A\u00efn Touta"}, {"country": "Algeria", "subcountry": "A\u00efn Temouchent", "geolabelid": 2507901, "label": "A\u00efn Temouchent"}, {"country": "Algeria", "subcountry": "Alger", "geolabelid": 2507912, "label": "A\u00efn Taya"}, {"country": "Algeria", "subcountry": "Constantine", "geolabelid": 2507926, "label": "A\u00efn Smara"}, {"country": "Algeria", "subcountry": "Naama \u0627\u0644\u0646\u0639\u0627\u0645\u0629", "geolabelid": 2507943, "label": "A\u00efn Sefra"}, {"country": "Algeria", "subcountry": "Djelfa", "geolabelid": 2507972, "label": "A\u00efn Oussera"}, {"country": "Algeria", "subcountry": "Relizane", "geolabelid": 2508010, "label": "\u2019A\u00efn Merane"}, {"country": "Algeria", "subcountry": "Oum el Bouaghi", "geolabelid": 2508059, "label": "A\u00efn Kercha"}, {"country": "Algeria", "subcountry": "Oum el Bouaghi", "geolabelid": 2508102, "label": "A\u00efn Fakroun"}, {"country": "Algeria", "subcountry": "Oran", "geolabelid": 2508119, "label": "\u2019A\u00efn el Turk"}, {"country": "Algeria", "subcountry": "M\u02bcsila", "geolabelid": 2508130, "label": "\u2019A\u00efn el Melh"}, {"country": "Algeria", "subcountry": "Tizi Ouzou", "geolabelid": 2508152, "label": "\u2019A\u00efn el Hammam"}, {"country": "Algeria", "subcountry": "M\u02bcsila", "geolabelid": 2508157, "label": "\u2018A\u00efn el Hadjel"}, {"country": "Algeria", "subcountry": "Oran", "geolabelid": 2508174, "label": "A\u00efn el Bya"}, {"country": "Algeria", "subcountry": "Sidi Bel Abb\u00e8s", "geolabelid": 2508180, "label": "\u2019A\u00efn el Berd"}, {"country": "Algeria", "subcountry": "Djelfa", "geolabelid": 2508184, "label": "\u2019A\u00efn el Bell"}, {"country": "Algeria", "subcountry": "Tiaret", "geolabelid": 2508225, "label": "\u2019A\u00efn Deheb"}, {"country": "Algeria", "subcountry": "A\u00efn Defla", "geolabelid": 2508228, "label": "A\u00efn Defla"}, {"country": "Algeria", "subcountry": "Bouira", "geolabelid": 2508268, "label": "A\u00efn Bessem"}, {"country": "Algeria", "subcountry": "Tipaza", "geolabelid": 2508275, "label": "\u2019A\u00efn Benian"}, {"country": "Algeria", "subcountry": "Oum el Bouaghi", "geolabelid": 2508287, "label": "A\u00efn Be\u00efda"}, {"country": "Algeria", "subcountry": "S\u00e9tif", "geolabelid": 2508297, "label": "A\u00efn Arnat"}, {"country": "Algeria", "subcountry": "Constantine", "geolabelid": 2508309, "label": "\u2019A\u00efn Abid"}, {"country": "Algeria", "subcountry": "Laghouat", "geolabelid": 2508737, "label": "Aflou"}, {"country": "Algeria", "subcountry": "Adrar", "geolabelid": 2508813, "label": "Adrar"}, {"country": "Algeria", "subcountry": "Chlef", "geolabelid": 2509031, "label": "Abou el Hassan"}, {"country": "Algeria", "subcountry": "S\u00e9tif", "geolabelid": 6698360, "label": "BABOR - VILLE"}]