[{"country": "Serbia", "subcountry": "Vojvodina", "geolabelid": 783814, "label": "Zrenjanin"}, {"country": "Serbia", "subcountry": "Central Serbia", "geolabelid": 783920, "label": "Zemun"}, {"country": "Serbia", "subcountry": "Central Serbia", "geolabelid": 784024, "label": "Zaje\u010dar"}, {"country": "Serbia", "subcountry": "Vojvodina", "geolabelid": 784136, "label": "Vr\u0161ac"}, {"country": "Serbia", "subcountry": "Central Serbia", "geolabelid": 784227, "label": "Vranje"}, {"country": "Serbia", "subcountry": "Central Serbia", "geolabelid": 784873, "label": "Trstenik"}, {"country": "Serbia", "subcountry": "Vojvodina", "geolabelid": 785559, "label": "Stara Pazova"}, {"country": "Serbia", "subcountry": "Central Serbia", "geolabelid": 785615, "label": "Srem\u010dica"}, {"country": "Serbia", "subcountry": "Central Serbia", "geolabelid": 785753, "label": "Smederevska Palanka"}, {"country": "Serbia", "subcountry": "Central Serbia", "geolabelid": 785756, "label": "Smederevo"}, {"country": "Serbia", "subcountry": "Vojvodina", "geolabelid": 785965, "label": "Senta"}, {"country": "Serbia", "subcountry": "Central Serbia", "geolabelid": 786690, "label": "Prokuplje"}, {"country": "Serbia", "subcountry": "Central Serbia", "geolabelid": 786827, "label": "Po\u017earevac"}, {"country": "Serbia", "subcountry": "Central Serbia", "geolabelid": 787050, "label": "Pirot"}, {"country": "Serbia", "subcountry": "Vojvodina", "geolabelid": 787237, "label": "Pan\u010devo"}, {"country": "Serbia", "subcountry": "Central Serbia", "geolabelid": 787516, "label": "Obrenovac"}, {"country": "Serbia", "subcountry": "Central Serbia", "geolabelid": 787595, "label": "Novi Pazar"}, {"country": "Serbia", "subcountry": "Vojvodina", "geolabelid": 787615, "label": "Nova Pazova"}, {"country": "Serbia", "subcountry": "Central Serbia", "geolabelid": 787657, "label": "Ni\u0161"}, {"country": "Serbia", "subcountry": "Central Serbia", "geolabelid": 787718, "label": "Negotin"}, {"country": "Serbia", "subcountry": "Central Serbia", "geolabelid": 788709, "label": "Leskovac"}, {"country": "Serbia", "subcountry": "Central Serbia", "geolabelid": 788771, "label": "Lazarevac"}, {"country": "Serbia", "subcountry": "Central Serbia", "geolabelid": 788975, "label": "Kru\u0161evac"}, {"country": "Serbia", "subcountry": "Central Serbia", "geolabelid": 789107, "label": "Kraljevo"}, {"country": "Serbia", "subcountry": "Central Serbia", "geolabelid": 789128, "label": "Kragujevac"}, {"country": "Serbia", "subcountry": "Vojvodina", "geolabelid": 789518, "label": "Kikinda"}, {"country": "Serbia", "subcountry": "Central Serbia", "geolabelid": 789923, "label": "Jagodina"}, {"country": "Serbia", "subcountry": "Vojvodina", "geolabelid": 790015, "label": "In\u0111ija"}, {"country": "Serbia", "subcountry": "Central Serbia", "geolabelid": 790367, "label": "Gornji Milanovac"}, {"country": "Serbia", "subcountry": "Central Serbia", "geolabelid": 791678, "label": "\u0106uprija"}, {"country": "Serbia", "subcountry": "Central Serbia", "geolabelid": 792078, "label": "\u010ca\u010dak"}, {"country": "Serbia", "subcountry": "Central Serbia", "geolabelid": 792456, "label": "Bor"}, {"country": "Serbia", "subcountry": "Central Serbia", "geolabelid": 792680, "label": "Belgrade"}, {"country": "Serbia", "subcountry": "Vojvodina", "geolabelid": 792814, "label": "Be\u010dej"}, {"country": "Serbia", "subcountry": "Central Serbia", "geolabelid": 793111, "label": "Aran\u0111elovac"}, {"country": "Serbia", "subcountry": "Vojvodina", "geolabelid": 3187297, "label": "Vrbas"}, {"country": "Serbia", "subcountry": "Central Serbia", "geolabelid": 3188402, "label": "Valjevo"}, {"country": "Serbia", "subcountry": "Central Serbia", "geolabelid": 3188434, "label": "U\u017eice"}, {"country": "Serbia", "subcountry": "Vojvodina", "geolabelid": 3189595, "label": "Subotica"}, {"country": "Serbia", "subcountry": "Vojvodina", "geolabelid": 3190103, "label": "Sremska Mitrovica"}, {"country": "Serbia", "subcountry": "Vojvodina", "geolabelid": 3190342, "label": "Sombor"}, {"country": "Serbia", "subcountry": "Central Serbia", "geolabelid": 3191376, "label": "\u0160abac"}, {"country": "Serbia", "subcountry": "Vojvodina", "geolabelid": 3191429, "label": "Ruma"}, {"country": "Serbia", "subcountry": "Vojvodina", "geolabelid": 3194360, "label": "Novi Sad"}, {"country": "Serbia", "subcountry": "Vojvodina", "geolabelid": 3204672, "label": "Ba\u010dka Topola"}, {"country": "Serbia", "subcountry": "Vojvodina", "geolabelid": 3204674, "label": "Ba\u010dka Palanka"}, {"country": "Serbia", "subcountry": "Vojvodina", "geolabelid": 3204793, "label": "Apatin"}, {"country": "Serbia", "subcountry": "Central Serbia", "geolabelid": 6619277, "label": "Knjazevac"}]