[{"country": "Sudan", "subcountry": "Central Darfur", "geolabelid": 363533, "label": "Zalingei"}, {"country": "Sudan", "subcountry": "Al Jaz\u012brah", "geolabelid": 364103, "label": "Wad Medani"}, {"country": "Sudan", "subcountry": "Sham\u0101l Kurduf\u0101n", "geolabelid": 364706, "label": "Umm Ruwaba"}, {"country": "Sudan", "subcountry": "Khartoum", "geolabelid": 365137, "label": "Omdurman"}, {"country": "Sudan", "subcountry": "Red Sea", "geolabelid": 366323, "label": "Tok\u0101r"}, {"country": "Sudan", "subcountry": "White Nile", "geolabelid": 366426, "label": "Tandalt\u012b"}, {"country": "Sudan", "subcountry": "Sinn\u0101r", "geolabelid": 366847, "label": "Singa"}, {"country": "Sudan", "subcountry": "River Nile", "geolabelid": 367308, "label": "Shendi"}, {"country": "Sudan", "subcountry": "Red Sea", "geolabelid": 367544, "label": "Saw\u0101kin"}, {"country": "Sudan", "subcountry": "Sinn\u0101r", "geolabelid": 367644, "label": "Sinnar"}, {"country": "Sudan", "subcountry": "White Nile", "geolabelid": 368277, "label": "Rabak"}, {"country": "Sudan", "subcountry": "Sinn\u0101r", "geolabelid": 370838, "label": "Maiurno"}, {"country": "Sudan", "subcountry": "White Nile", "geolabelid": 371760, "label": "Kosti"}, {"country": "Sudan", "subcountry": "Northern State", "geolabelid": 371870, "label": "Kuraymah"}, {"country": "Sudan", "subcountry": "Sinn\u0101r", "geolabelid": 372386, "label": "Kin\u0101na"}, {"country": "Sudan", "subcountry": "Kassala", "geolabelid": 372753, "label": "Kassala"}, {"country": "Sudan", "subcountry": "Southern Kordofan", "geolabelid": 373141, "label": "Kadugli"}, {"country": "Sudan", "subcountry": "Al Qa\u1e11\u0101rif", "geolabelid": 376332, "label": "Doka"}, {"country": "Sudan", "subcountry": "Southern Kordofan", "geolabelid": 376450, "label": "Dilling"}, {"country": "Sudan", "subcountry": "Red Sea", "geolabelid": 377039, "label": "Port Sudan"}, {"country": "Sudan", "subcountry": "River Nile", "geolabelid": 377690, "label": "Berber"}, {"country": "Sudan", "subcountry": "Sham\u0101l Kurduf\u0101n", "geolabelid": 377724, "label": "B\u0101rah"}, {"country": "Sudan", "subcountry": "River Nile", "geolabelid": 378231, "label": "Atbara"}, {"country": "Sudan", "subcountry": "Sinn\u0101r", "geolabelid": 378271, "label": "As S\u016bk\u012b"}, {"country": "Sudan", "subcountry": "Blue Nile", "geolabelid": 378459, "label": "Ar Ruseris"}, {"country": "Sudan", "subcountry": "Sham\u0101l Kurduf\u0101n", "geolabelid": 378493, "label": "Ar Rahad"}, {"country": "Sudan", "subcountry": "West Kordofan State", "geolabelid": 378699, "label": "An Nuh\u016bd"}, {"country": "Sudan", "subcountry": "Sham\u0101l Kurduf\u0101n", "geolabelid": 379003, "label": "El Obeid"}, {"country": "Sudan", "subcountry": "White Nile", "geolabelid": 379014, "label": "Al Qi\u0163ena"}, {"country": "Sudan", "subcountry": "Al Qa\u1e11\u0101rif", "geolabelid": 379062, "label": "Al Qadarif"}, {"country": "Sudan", "subcountry": "West Kordofan State", "geolabelid": 379102, "label": "Al Mijlad"}, {"country": "Sudan", "subcountry": "Al Jaz\u012brah", "geolabelid": 379149, "label": "Al Man\u0101qil"}, {"country": "Sudan", "subcountry": "Khartoum", "geolabelid": 379252, "label": "Khartoum"}, {"country": "Sudan", "subcountry": "Western Darfur", "geolabelid": 379303, "label": "Geneina"}, {"country": "Sudan", "subcountry": "Al Jaz\u012brah", "geolabelid": 379406, "label": "Al Hil\u0101liyya"}, {"country": "Sudan", "subcountry": "Al Qa\u1e11\u0101rif", "geolabelid": 379416, "label": "Al \u1e28aw\u0101tah"}, {"country": "Sudan", "subcountry": "Al Jaz\u012brah", "geolabelid": 379427, "label": "Al Hasaheisa"}, {"country": "Sudan", "subcountry": "Northern Darfur", "geolabelid": 379555, "label": "El Fasher"}, {"country": "Sudan", "subcountry": "River Nile", "geolabelid": 379630, "label": "El Bauga"}, {"country": "Sudan", "subcountry": "White Nile", "geolabelid": 380129, "label": "Ad Douiem"}, {"country": "Sudan", "subcountry": "Eastern Darfur", "geolabelid": 380148, "label": "El Daein"}, {"country": "Sudan", "subcountry": "Sinn\u0101r", "geolabelid": 380151, "label": "Ad Dindar"}, {"country": "Sudan", "subcountry": "River Nile", "geolabelid": 380173, "label": "Ed Damer"}, {"country": "Sudan", "subcountry": "Blue Nile", "geolabelid": 380174, "label": "Ad-Damazin"}, {"country": "Sudan", "subcountry": "West Kordofan State", "geolabelid": 380348, "label": "Ab\u016b Zabad"}, {"country": "Sudan", "subcountry": "Southern Kordofan", "geolabelid": 380757, "label": "Abu Jibeha"}]