[{"country": "Czech Republic", "subcountry": "Kr\u00e1lov\u00e9hradeck\u00fd", "geolabelid": 3061284, "label": "Dv\u016fr Kr\u00e1lov\u00e9 nad Labem"}, {"country": "Czech Republic", "subcountry": "South Moravian", "geolabelid": 3061344, "label": "Znojmo"}, {"country": "Czech Republic", "subcountry": "Zl\u00edn", "geolabelid": 3061370, "label": "Zl\u00edn"}, {"country": "Czech Republic", "subcountry": "Vyso\u010dina", "geolabelid": 3061692, "label": "\u017d\u010f\u00e1r nad S\u00e1zavou Druhy"}, {"country": "Czech Republic", "subcountry": "Vyso\u010dina", "geolabelid": 3061695, "label": "\u017d\u010f\u00e1r nad S\u00e1zavou"}, {"country": "Czech Republic", "subcountry": "\u00dasteck\u00fd", "geolabelid": 3061822, "label": "\u017datec"}, {"country": "Czech Republic", "subcountry": "South Moravian", "geolabelid": 3062283, "label": "Vy\u0161kov"}, {"country": "Czech Republic", "subcountry": "Zl\u00edn", "geolabelid": 3062339, "label": "Vset\u00edn"}, {"country": "Czech Republic", "subcountry": "\u00dasteck\u00fd", "geolabelid": 3063375, "label": "Varnsdorf"}, {"country": "Czech Republic", "subcountry": "Zl\u00edn", "geolabelid": 3063447, "label": "Vala\u0161sk\u00e9 Mezi\u0159\u00ed\u010d\u00ed"}, {"country": "Czech Republic", "subcountry": "Pardubick\u00fd", "geolabelid": 3063546, "label": "\u00dast\u00ed nad Orlic\u00ed"}, {"country": "Czech Republic", "subcountry": "\u00dasteck\u00fd", "geolabelid": 3063548, "label": "\u00dast\u00ed nad Labem"}, {"country": "Czech Republic", "subcountry": "Zl\u00edn", "geolabelid": 3063736, "label": "Uhersk\u00fd Brod"}, {"country": "Czech Republic", "subcountry": "Zl\u00edn", "geolabelid": 3063739, "label": "Uhersk\u00e9 Hradi\u0161t\u011b"}, {"country": "Czech Republic", "subcountry": "Kr\u00e1lov\u00e9hradeck\u00fd", "geolabelid": 3063907, "label": "Trutnov"}, {"country": "Czech Republic", "subcountry": "Moravskoslezsk\u00fd", "geolabelid": 3064000, "label": "T\u0159inec"}, {"country": "Czech Republic", "subcountry": "Vyso\u010dina", "geolabelid": 3064104, "label": "T\u0159eb\u00ed\u010d"}, {"country": "Czech Republic", "subcountry": "\u00dasteck\u00fd", "geolabelid": 3064288, "label": "Teplice"}, {"country": "Czech Republic", "subcountry": "Jiho\u010desk\u00fd", "geolabelid": 3064379, "label": "T\u00e1bor"}, {"country": "Czech Republic", "subcountry": "Pardubick\u00fd", "geolabelid": 3064454, "label": "Svitavy"}, {"country": "Czech Republic", "subcountry": "Olomouck\u00fd", "geolabelid": 3064673, "label": "\u0160umperk"}, {"country": "Czech Republic", "subcountry": "Jiho\u010desk\u00fd", "geolabelid": 3065067, "label": "Strakonice"}, {"country": "Czech Republic", "subcountry": "Moravskoslezsk\u00fd", "geolabelid": 3065281, "label": "Star\u00fd Bohum\u00edn"}, {"country": "Czech Republic", "subcountry": "Karlovarsk\u00fd", "geolabelid": 3065617, "label": "Sokolov"}, {"country": "Czech Republic", "subcountry": "Central Bohemia", "geolabelid": 3065903, "label": "Slan\u00fd"}, {"country": "Czech Republic", "subcountry": "Zl\u00edn", "geolabelid": 3066651, "label": "Ro\u017enov pod Radho\u0161t\u011bm"}, {"country": "Czech Republic", "subcountry": "Central Bohemia", "geolabelid": 3067051, "label": "Rakovn\u00edk"}, {"country": "Czech Republic", "subcountry": "Olomouck\u00fd", "geolabelid": 3067421, "label": "Prost\u011bjov"}, {"country": "Czech Republic", "subcountry": "Praha", "geolabelid": 3067433, "label": "Prosek"}, {"country": "Czech Republic", "subcountry": "Central Bohemia", "geolabelid": 3067542, "label": "P\u0159\u00edbram"}, {"country": "Czech Republic", "subcountry": "Olomouck\u00fd", "geolabelid": 3067580, "label": "P\u0159erov"}, {"country": "Czech Republic", "subcountry": "Praha", "geolabelid": 3067696, "label": "Prague"}, {"country": "Czech Republic", "subcountry": "Plze\u0148sk\u00fd", "geolabelid": 3068160, "label": "Pilsen"}, {"country": "Czech Republic", "subcountry": "Jiho\u010desk\u00fd", "geolabelid": 3068293, "label": "P\u00edsek"}, {"country": "Czech Republic", "subcountry": "Vyso\u010dina", "geolabelid": 3068445, "label": "Pelh\u0159imov"}, {"country": "Czech Republic", "subcountry": "Pardubick\u00fd", "geolabelid": 3068582, "label": "Pardubice"}, {"country": "Czech Republic", "subcountry": "Zl\u00edn", "geolabelid": 3068689, "label": "Otrokovice"}, {"country": "Czech Republic", "subcountry": "Zl\u00edn", "geolabelid": 3068690, "label": "Otrokovice"}, {"country": "Czech Republic", "subcountry": "Karlovarsk\u00fd", "geolabelid": 3068766, "label": "Ostrov"}, {"country": "Czech Republic", "subcountry": "Moravskoslezsk\u00fd", "geolabelid": 3068799, "label": "Ostrava"}, {"country": "Czech Republic", "subcountry": "Moravskoslezsk\u00fd", "geolabelid": 3068873, "label": "Orlov\u00e1"}, {"country": "Czech Republic", "subcountry": "Moravskoslezsk\u00fd", "geolabelid": 3068927, "label": "Opava"}, {"country": "Czech Republic", "subcountry": "Olomouck\u00fd", "geolabelid": 3069011, "label": "Olomouc"}, {"country": "Czech Republic", "subcountry": "Moravskoslezsk\u00fd", "geolabelid": 3069305, "label": "Nov\u00fd Ji\u010d\u00edn"}, {"country": "Czech Republic", "subcountry": "Central Bohemia", "geolabelid": 3069844, "label": "Neratovice"}, {"country": "Czech Republic", "subcountry": "Kr\u00e1lov\u00e9hradeck\u00fd", "geolabelid": 3070122, "label": "N\u00e1chod"}, {"country": "Czech Republic", "subcountry": "\u00dasteck\u00fd", "geolabelid": 3070291, "label": "Most"}, {"country": "Czech Republic", "subcountry": "Praha", "geolabelid": 3070420, "label": "Mod\u0159any"}, {"country": "Czech Republic", "subcountry": "Central Bohemia", "geolabelid": 3070544, "label": "Mlad\u00e1 Boleslav"}, {"country": "Czech Republic", "subcountry": "Central Bohemia", "geolabelid": 3070862, "label": "M\u011bln\u00edk"}, {"country": "Czech Republic", "subcountry": "\u00dasteck\u00fd", "geolabelid": 3071507, "label": "Louny"}, {"country": "Czech Republic", "subcountry": "\u00dasteck\u00fd", "geolabelid": 3071665, "label": "Litv\u00ednov"}, {"country": "Czech Republic", "subcountry": "\u00dasteck\u00fd", "geolabelid": 3071677, "label": "Litom\u011b\u0159ice"}, {"country": "Czech Republic", "subcountry": "Libereck\u00fd", "geolabelid": 3071961, "label": "Liberec"}, {"country": "Czech Republic", "subcountry": "Praha", "geolabelid": 3071966, "label": "Libe\u0148"}, {"country": "Czech Republic", "subcountry": "Praha", "geolabelid": 3072137, "label": "Let\u0148any"}, {"country": "Czech Republic", "subcountry": "Central Bohemia", "geolabelid": 3072463, "label": "Kutn\u00e1 Hora"}, {"country": "Czech Republic", "subcountry": "Zl\u00edn", "geolabelid": 3072649, "label": "Krom\u011b\u0159\u00ed\u017e"}, {"country": "Czech Republic", "subcountry": "Moravskoslezsk\u00fd", "geolabelid": 3072656, "label": "Krnov"}, {"country": "Czech Republic", "subcountry": "Central Bohemia", "geolabelid": 3072929, "label": "Kralupy nad Vltavou"}, {"country": "Czech Republic", "subcountry": "Moravskoslezsk\u00fd", "geolabelid": 3073254, "label": "Kop\u0159ivnice"}, {"country": "Czech Republic", "subcountry": "Central Bohemia", "geolabelid": 3073371, "label": "Kol\u00edn"}, {"country": "Czech Republic", "subcountry": "Plze\u0148sk\u00fd", "geolabelid": 3073660, "label": "Klatovy"}, {"country": "Czech Republic", "subcountry": "\u00dasteck\u00fd", "geolabelid": 3073668, "label": "Kl\u00e1\u0161terec nad Oh\u0159\u00ed"}, {"country": "Czech Republic", "subcountry": "Central Bohemia", "geolabelid": 3073699, "label": "Kladno"}, {"country": "Czech Republic", "subcountry": "Moravskoslezsk\u00fd", "geolabelid": 3073789, "label": "Karvin\u00e1"}, {"country": "Czech Republic", "subcountry": "Karlovarsk\u00fd", "geolabelid": 3073803, "label": "Karlovy Vary"}, {"country": "Czech Republic", "subcountry": "\u00dasteck\u00fd", "geolabelid": 3074020, "label": "Kada\u0148"}, {"country": "Czech Republic", "subcountry": "\u00dasteck\u00fd", "geolabelid": 3074039, "label": "Kada\u0148"}, {"country": "Czech Republic", "subcountry": "\u00dasteck\u00fd", "geolabelid": 3074110, "label": "Jirkov"}, {"country": "Czech Republic", "subcountry": "Jiho\u010desk\u00fd", "geolabelid": 3074149, "label": "Jind\u0159ich\u016fv Hradec"}, {"country": "Czech Republic", "subcountry": "Vyso\u010dina", "geolabelid": 3074199, "label": "Jihlava"}, {"country": "Czech Republic", "subcountry": "Kr\u00e1lov\u00e9hradeck\u00fd", "geolabelid": 3074204, "label": "Ji\u010d\u00edn"}, {"country": "Czech Republic", "subcountry": "Libereck\u00fd", "geolabelid": 3074603, "label": "Jablonec nad Nisou"}, {"country": "Czech Republic", "subcountry": "Olomouck\u00fd", "geolabelid": 3074893, "label": "Hranice"}, {"country": "Czech Republic", "subcountry": "Kr\u00e1lov\u00e9hradeck\u00fd", "geolabelid": 3074967, "label": "Hradec Kr\u00e1lov\u00e9"}, {"country": "Czech Republic", "subcountry": "South Moravian", "geolabelid": 3075654, "label": "Hodon\u00edn"}, {"country": "Czech Republic", "subcountry": "Vyso\u010dina", "geolabelid": 3075919, "label": "Havl\u00ed\u010dk\u016fv Brod"}, {"country": "Czech Republic", "subcountry": "Moravskoslezsk\u00fd", "geolabelid": 3075921, "label": "Hav\u00ed\u0159ov"}, {"country": "Czech Republic", "subcountry": "Moravskoslezsk\u00fd", "geolabelid": 3076127, "label": "Fr\u00fddek-M\u00edstek"}, {"country": "Czech Republic", "subcountry": "\u00dasteck\u00fd", "geolabelid": 3077244, "label": "D\u011b\u010d\u00edn"}, {"country": "Czech Republic", "subcountry": "Pardubick\u00fd", "geolabelid": 3077539, "label": "Chrudim"}, {"country": "Czech Republic", "subcountry": "\u00dasteck\u00fd", "geolabelid": 3077685, "label": "Chomutov"}, {"country": "Czech Republic", "subcountry": "Karlovarsk\u00fd", "geolabelid": 3077835, "label": "Cheb"}, {"country": "Czech Republic", "subcountry": "Moravskoslezsk\u00fd", "geolabelid": 3077882, "label": "\u010cesk\u00fd T\u011b\u0161\u00edn"}, {"country": "Czech Republic", "subcountry": "Jiho\u010desk\u00fd", "geolabelid": 3077916, "label": "\u010cesk\u00e9 Bud\u011bjovice"}, {"country": "Czech Republic", "subcountry": "Pardubick\u00fd", "geolabelid": 3077920, "label": "\u010cesk\u00e1 T\u0159ebov\u00e1"}, {"country": "Czech Republic", "subcountry": "Libereck\u00fd", "geolabelid": 3077929, "label": "\u010cesk\u00e1 L\u00edpa"}, {"country": "Czech Republic", "subcountry": "Moravskoslezsk\u00fd", "geolabelid": 3078545, "label": "Brunt\u00e1l"}, {"country": "Czech Republic", "subcountry": "South Moravian", "geolabelid": 3078610, "label": "Brno"}, {"country": "Czech Republic", "subcountry": "South Moravian", "geolabelid": 3078773, "label": "B\u0159eclav"}, {"country": "Czech Republic", "subcountry": "Praha", "geolabelid": 3078833, "label": "Bran\u00edk"}, {"country": "Czech Republic", "subcountry": "Central Bohemia", "geolabelid": 3078837, "label": "Brand\u00fds nad Labem-Star\u00e1 Boleslav"}, {"country": "Czech Republic", "subcountry": "Moravskoslezsk\u00fd", "geolabelid": 3079129, "label": "Bohum\u00edn"}, {"country": "Czech Republic", "subcountry": "South Moravian", "geolabelid": 3079273, "label": "Blansko"}, {"country": "Czech Republic", "subcountry": "\u00dasteck\u00fd", "geolabelid": 3079346, "label": "B\u00edlina Kyselka"}, {"country": "Czech Republic", "subcountry": "\u00dasteck\u00fd", "geolabelid": 3079348, "label": "B\u00edlina"}, {"country": "Czech Republic", "subcountry": "Central Bohemia", "geolabelid": 3079467, "label": "Beroun"}, {"country": "Czech Republic", "subcountry": "Central Bohemia", "geolabelid": 3079508, "label": "Bene\u0161ov"}, {"country": "Czech Republic", "subcountry": "Praha", "geolabelid": 6269470, "label": "\u010cern\u00fd Most"}]