[{"country": "Slovenia", "subcountry": "Trbovlje", "geolabelid": 3188915, "label": "Trbovlje"}, {"country": "Slovenia", "subcountry": "Velenje", "geolabelid": 3189075, "label": "Velenje"}, {"country": "Slovenia", "subcountry": "Ptuj", "geolabelid": 3192241, "label": "Ptuj"}, {"country": "Slovenia", "subcountry": "Novo Mesto", "geolabelid": 3194351, "label": "Novo Mesto"}, {"country": "Slovenia", "subcountry": "Maribor", "geolabelid": 3195506, "label": "Maribor"}, {"country": "Slovenia", "subcountry": "Ljubljana", "geolabelid": 3196359, "label": "Ljubljana"}, {"country": "Slovenia", "subcountry": "Kranj", "geolabelid": 3197378, "label": "Kranj"}, {"country": "Slovenia", "subcountry": "Koper-Capodistria", "geolabelid": 3197753, "label": "Koper"}, {"country": "Slovenia", "subcountry": "Celje", "geolabelid": 3202781, "label": "Celje"}]