[{"country": "Slovakia", "subcountry": "Pre\u0161ovsk\u00fd", "geolabelid": 723195, "label": "Vranov nad Top\u013eou"}, {"country": "Slovakia", "subcountry": "Ko\u0161ick\u00fd", "geolabelid": 723358, "label": "Trebi\u0161ov"}, {"country": "Slovakia", "subcountry": "Pre\u0161ovsk\u00fd", "geolabelid": 723505, "label": "Star\u00e1 \u013dubov\u0148a"}, {"country": "Slovakia", "subcountry": "Ko\u0161ick\u00fd", "geolabelid": 723526, "label": "Spi\u0161sk\u00e1 Nov\u00e1 Ves"}, {"country": "Slovakia", "subcountry": "Pre\u0161ovsk\u00fd", "geolabelid": 723559, "label": "Snina"}, {"country": "Slovakia", "subcountry": "Ko\u0161ick\u00fd", "geolabelid": 723713, "label": "Ro\u017e\u0148ava"}, {"country": "Slovakia", "subcountry": "Banskobystrick\u00fd", "geolabelid": 723736, "label": "Rimavsk\u00e1 Sobota"}, {"country": "Slovakia", "subcountry": "Pre\u0161ovsk\u00fd", "geolabelid": 723819, "label": "Pre\u0161ov"}, {"country": "Slovakia", "subcountry": "Pre\u0161ovsk\u00fd", "geolabelid": 723846, "label": "Poprad"}, {"country": "Slovakia", "subcountry": "Ko\u0161ick\u00fd", "geolabelid": 724144, "label": "Michalovce"}, {"country": "Slovakia", "subcountry": "Ko\u0161ick\u00fd", "geolabelid": 724443, "label": "Ko\u0161ice"}, {"country": "Slovakia", "subcountry": "Pre\u0161ovsk\u00fd", "geolabelid": 724503, "label": "Ke\u017emarok"}, {"country": "Slovakia", "subcountry": "Pre\u0161ovsk\u00fd", "geolabelid": 724627, "label": "Humenn\u00e9"}, {"country": "Slovakia", "subcountry": "Pre\u0161ovsk\u00fd", "geolabelid": 725168, "label": "Bardejov"}, {"country": "Slovakia", "subcountry": "Banskobystrick\u00fd", "geolabelid": 3056459, "label": "Zvolen"}, {"country": "Slovakia", "subcountry": "Nitriansky", "geolabelid": 3056495, "label": "Zlat\u00e9 Moravce"}, {"country": "Slovakia", "subcountry": "\u017dilinsk\u00fd", "geolabelid": 3056508, "label": "\u017dilina"}, {"country": "Slovakia", "subcountry": "Banskobystrick\u00fd", "geolabelid": 3056523, "label": "\u017diar nad Hronom"}, {"country": "Slovakia", "subcountry": "Trnavsk\u00fd", "geolabelid": 3057124, "label": "Trnava"}, {"country": "Slovakia", "subcountry": "Tren\u010diansky", "geolabelid": 3057140, "label": "Tren\u010d\u00edn"}, {"country": "Slovakia", "subcountry": "Trnavsk\u00fd", "geolabelid": 3057630, "label": "Skalica"}, {"country": "Slovakia", "subcountry": "Trnavsk\u00fd", "geolabelid": 3057691, "label": "Senica"}, {"country": "Slovakia", "subcountry": "Nitriansky", "geolabelid": 3057769, "label": "Sellye"}, {"country": "Slovakia", "subcountry": "\u017dilinsk\u00fd", "geolabelid": 3057789, "label": "Ru\u017eomberok"}, {"country": "Slovakia", "subcountry": "Nitriansky", "geolabelid": 3057963, "label": "P\u00fachov"}, {"country": "Slovakia", "subcountry": "Nitriansky", "geolabelid": 3058000, "label": "Prievidza"}, {"country": "Slovakia", "subcountry": "Tren\u010diansky", "geolabelid": 3058060, "label": "Pova\u017esk\u00e1 Bystrica"}, {"country": "Slovakia", "subcountry": "Trnavsk\u00fd", "geolabelid": 3058202, "label": "Pie\u0161\u0165any"}, {"country": "Slovakia", "subcountry": "Bratislavsk\u00fd", "geolabelid": 3058210, "label": "Pezinok"}, {"country": "Slovakia", "subcountry": "Nitriansky", "geolabelid": 3058268, "label": "Partiz\u00e1nske"}, {"country": "Slovakia", "subcountry": "Nitriansky", "geolabelid": 3058472, "label": "Nov\u00e9 Z\u00e1mky"}, {"country": "Slovakia", "subcountry": "Tren\u010diansky", "geolabelid": 3058477, "label": "Nov\u00e9 Mesto nad V\u00e1hom"}, {"country": "Slovakia", "subcountry": "Nitriansky", "geolabelid": 3058531, "label": "Nitra"}, {"country": "Slovakia", "subcountry": "\u017dilinsk\u00fd", "geolabelid": 3058780, "label": "Martin"}, {"country": "Slovakia", "subcountry": "Bratislavsk\u00fd", "geolabelid": 3058897, "label": "Malacky"}, {"country": "Slovakia", "subcountry": "Banskobystrick\u00fd", "geolabelid": 3058986, "label": "Lu\u010denec"}, {"country": "Slovakia", "subcountry": "\u017dilinsk\u00fd", "geolabelid": 3059050, "label": "Liptovsk\u00fd Mikul\u00e1\u0161"}, {"country": "Slovakia", "subcountry": "Nitriansky", "geolabelid": 3059101, "label": "Levice"}, {"country": "Slovakia", "subcountry": "\u017dilinsk\u00fd", "geolabelid": 3059179, "label": "Kysuck\u00e9 Nov\u00e9 Mesto"}, {"country": "Slovakia", "subcountry": "Nitriansky", "geolabelid": 3059436, "label": "Kom\u00e1rno"}, {"country": "Slovakia", "subcountry": "Trnavsk\u00fd", "geolabelid": 3060095, "label": "Hlohovec"}, {"country": "Slovakia", "subcountry": "Nitriansky", "geolabelid": 3060139, "label": "Handlov\u00e1"}, {"country": "Slovakia", "subcountry": "Trnavsk\u00fd", "geolabelid": 3060219, "label": "Galanta"}, {"country": "Slovakia", "subcountry": "Trnavsk\u00fd", "geolabelid": 3060308, "label": "Dunajsk\u00e1 Streda"}, {"country": "Slovakia", "subcountry": "Nitriansky", "geolabelid": 3060346, "label": "Dubnica nad V\u00e1hom"}, {"country": "Slovakia", "subcountry": "\u017dilinsk\u00fd", "geolabelid": 3060405, "label": "Doln\u00fd Kub\u00edn"}, {"country": "Slovakia", "subcountry": "Banskobystrick\u00fd", "geolabelid": 3060589, "label": "Detva"}, {"country": "Slovakia", "subcountry": "\u017dilinsk\u00fd", "geolabelid": 3060835, "label": "\u010cadca"}, {"country": "Slovakia", "subcountry": "Banskobystrick\u00fd", "geolabelid": 3060950, "label": "Brezno"}, {"country": "Slovakia", "subcountry": "Bratislavsk\u00fd", "geolabelid": 3060972, "label": "Bratislava"}, {"country": "Slovakia", "subcountry": "Banskobystrick\u00fd", "geolabelid": 3061186, "label": "Bansk\u00e1 Bystrica"}, {"country": "Slovakia", "subcountry": "Tren\u010diansky", "geolabelid": 3061188, "label": "B\u00e1novce nad Bebravou"}]