[{"country": "Spain", "subcountry": "Andalusia", "geolabelid": 2509305, "label": "Zubia"}, {"country": "Spain", "subcountry": "Extremadura", "geolabelid": 2509377, "label": "Zafra"}, {"country": "Spain", "subcountry": "Murcia", "geolabelid": 2509402, "label": "Yecla"}, {"country": "Spain", "subcountry": "Valencia", "geolabelid": 2509463, "label": "Villena"}, {"country": "Spain", "subcountry": "Castille-La Mancha", "geolabelid": 2509491, "label": "Villarrobledo"}, {"country": "Spain", "subcountry": "Valencia", "geolabelid": 2509509, "label": "Vila-real"}, {"country": "Spain", "subcountry": "Extremadura", "geolabelid": 2509553, "label": "Villanueva de la Serena"}, {"country": "Spain", "subcountry": "Valencia", "geolabelid": 2509588, "label": "Villajoyosa"}, {"country": "Spain", "subcountry": "Andalusia", "geolabelid": 2509650, "label": "V\u00edcar"}, {"country": "Spain", "subcountry": "Andalusia", "geolabelid": 2509769, "label": "V\u00e9lez-M\u00e1laga"}, {"country": "Spain", "subcountry": "Valencia", "geolabelid": 2509954, "label": "Valencia"}, {"country": "Spain", "subcountry": "Castille-La Mancha", "geolabelid": 2509982, "label": "Valdepe\u00f1as"}, {"country": "Spain", "subcountry": "Andalusia", "geolabelid": 2510073, "label": "Utrera"}, {"country": "Spain", "subcountry": "Andalusia", "geolabelid": 2510112, "label": "Ubrique"}, {"country": "Spain", "subcountry": "Andalusia", "geolabelid": 2510116, "label": "\u00dabeda"}, {"country": "Spain", "subcountry": "Murcia", "geolabelid": 2510224, "label": "Totana"}, {"country": "Spain", "subcountry": "Andalusia", "geolabelid": 2510245, "label": "Torrox"}, {"country": "Spain", "subcountry": "Valencia", "geolabelid": 2510253, "label": "Torrevieja"}, {"country": "Spain", "subcountry": "Murcia", "geolabelid": 2510271, "label": "Torre-Pacheco"}, {"country": "Spain", "subcountry": "Valencia", "geolabelid": 2510279, "label": "Torrent"}, {"country": "Spain", "subcountry": "Andalusia", "geolabelid": 2510281, "label": "Torremolinos"}, {"country": "Spain", "subcountry": "Castille-La Mancha", "geolabelid": 2510392, "label": "Tomelloso"}, {"country": "Spain", "subcountry": "Andalusia", "geolabelid": 2510394, "label": "Tomares"}, {"country": "Spain", "subcountry": "Castille-La Mancha", "geolabelid": 2510409, "label": "Toledo"}, {"country": "Spain", "subcountry": "Canary Islands", "geolabelid": 2510485, "label": "T\u00edas"}, {"country": "Spain", "subcountry": "Canary Islands", "geolabelid": 2510542, "label": "Telde"}, {"country": "Spain", "subcountry": "Canary Islands", "geolabelid": 2510573, "label": "Teguise"}, {"country": "Spain", "subcountry": "Andalusia", "geolabelid": 2510599, "label": "Tarifa"}, {"country": "Spain", "subcountry": "Castille-La Mancha", "geolabelid": 2510693, "label": "Talavera de la Reina"}, {"country": "Spain", "subcountry": "Canary Islands", "geolabelid": 2510725, "label": "Tacoronte"}, {"country": "Spain", "subcountry": "Valencia", "geolabelid": 2510743, "label": "Tavernes de la Valldigna"}, {"country": "Spain", "subcountry": "Valencia", "geolabelid": 2510764, "label": "Sueca"}, {"country": "Spain", "subcountry": "Valencia", "geolabelid": 2510880, "label": "Silla"}, {"country": "Spain", "subcountry": "Andalusia", "geolabelid": 2510911, "label": "Sevilla"}, {"country": "Spain", "subcountry": "Valencia", "geolabelid": 2511032, "label": "San Vicent del Raspeig"}, {"country": "Spain", "subcountry": "Murcia", "geolabelid": 2511050, "label": "Santomera"}, {"country": "Spain", "subcountry": "Valencia", "geolabelid": 2511102, "label": "Santa Pola"}, {"country": "Spain", "subcountry": "Canary Islands", "geolabelid": 2511150, "label": "Santa Luc\u00eda"}, {"country": "Spain", "subcountry": "Andalusia", "geolabelid": 2511160, "label": "Santaf\u00e9"}, {"country": "Spain", "subcountry": "Balearic Islands", "geolabelid": 2511162, "label": "Santa Eul\u00e0ria des Riu"}, {"country": "Spain", "subcountry": "Canary Islands", "geolabelid": 2511174, "label": "Santa Cruz de Tenerife"}, {"country": "Spain", "subcountry": "Canary Islands", "geolabelid": 2511180, "label": "Santa Cruz de la Palma"}, {"country": "Spain", "subcountry": "Canary Islands", "geolabelid": 2511202, "label": "Santa Br\u00edgida"}, {"country": "Spain", "subcountry": "Andalusia", "geolabelid": 2511239, "label": "San Roque"}, {"country": "Spain", "subcountry": "Murcia", "geolabelid": 2511247, "label": "San Pedro del Pinatar"}, {"country": "Spain", "subcountry": "Andalusia", "geolabelid": 2511250, "label": "San Pedro de Alc\u00e1ntara"}, {"country": "Spain", "subcountry": "Canary Islands", "geolabelid": 2511287, "label": "San Miguel De Abona"}, {"country": "Spain", "subcountry": "Andalusia", "geolabelid": 2511306, "label": "Sanl\u00facar de Barrameda"}, {"country": "Spain", "subcountry": "Andalusia", "geolabelid": 2511329, "label": "San Juan de Aznalfarache"}, {"country": "Spain", "subcountry": "Valencia", "geolabelid": 2511330, "label": "San Juan de Alicante"}, {"country": "Spain", "subcountry": "Murcia", "geolabelid": 2511366, "label": "San Javier"}, {"country": "Spain", "subcountry": "Canary Islands", "geolabelid": 2511371, "label": "San Isidro"}, {"country": "Spain", "subcountry": "Andalusia", "geolabelid": 2511388, "label": "San Fernando"}, {"country": "Spain", "subcountry": "Canary Islands", "geolabelid": 2511401, "label": "La Laguna"}, {"country": "Spain", "subcountry": "Canary Islands", "geolabelid": 2511440, "label": "San Bartolom\u00e9 de Tirajana"}, {"country": "Spain", "subcountry": "Canary Islands", "geolabelid": 2511447, "label": "San Bartolom\u00e9"}, {"country": "Spain", "subcountry": "Balearic Islands", "geolabelid": 2511448, "label": "Sant Antoni de Portmany"}, {"country": "Spain", "subcountry": "Valencia", "geolabelid": 2511619, "label": "Sagunto"}, {"country": "Spain", "subcountry": "Andalusia", "geolabelid": 2511700, "label": "Rota"}, {"country": "Spain", "subcountry": "Andalusia", "geolabelid": 2511716, "label": "Roquetas de Mar"}, {"country": "Spain", "subcountry": "Andalusia", "geolabelid": 2511730, "label": "Ronda"}, {"country": "Spain", "subcountry": "Valencia", "geolabelid": 2511752, "label": "Rojales"}, {"country": "Spain", "subcountry": "Andalusia", "geolabelid": 2511852, "label": "Rinc\u00f3n de la Victoria"}, {"country": "Spain", "subcountry": "Valencia", "geolabelid": 2511880, "label": "Ribarroja"}, {"country": "Spain", "subcountry": "Valencia", "geolabelid": 2511930, "label": "Requena"}, {"country": "Spain", "subcountry": "Canary Islands", "geolabelid": 2511994, "label": "Realejo Alto"}, {"country": "Spain", "subcountry": "Valencia", "geolabelid": 2512127, "label": "Pu\u00e7ol"}, {"country": "Spain", "subcountry": "Andalusia", "geolabelid": 2512169, "label": "Puerto Real"}, {"country": "Spain", "subcountry": "Castille-La Mancha", "geolabelid": 2512177, "label": "Puertollano"}, {"country": "Spain", "subcountry": "Canary Islands", "geolabelid": 2512186, "label": "Puerto del Rosario"}, {"country": "Spain", "subcountry": "Canary Islands", "geolabelid": 2512196, "label": "Puerto de la Cruz"}, {"country": "Spain", "subcountry": "Andalusia", "geolabelid": 2512232, "label": "Puente-Genil"}, {"country": "Spain", "subcountry": "Valencia", "geolabelid": 2512251, "label": "La Pobla de Vallbona"}, {"country": "Spain", "subcountry": "Andalusia", "geolabelid": 2512282, "label": "Priego de C\u00f3rdoba"}, {"country": "Spain", "subcountry": "Andalusia", "geolabelid": 2512340, "label": "Pozoblanco"}, {"country": "Spain", "subcountry": "Balearic Islands", "geolabelid": 2512432, "label": "Pollen\u00e7a"}, {"country": "Spain", "subcountry": "Valencia", "geolabelid": 2512581, "label": "Pilar de la Horadada"}, {"country": "Spain", "subcountry": "Valencia", "geolabelid": 2512620, "label": "Picassent"}, {"country": "Spain", "subcountry": "Valencia", "geolabelid": 2512862, "label": "Paterna"}, {"country": "Spain", "subcountry": "Balearic Islands", "geolabelid": 2512989, "label": "Palma"}, {"country": "Spain", "subcountry": "Andalusia", "geolabelid": 2512990, "label": "Palma del R\u00edo"}, {"country": "Spain", "subcountry": "Canary Islands", "geolabelid": 2513026, "label": "P\u00e1jara"}, {"country": "Spain", "subcountry": "Valencia", "geolabelid": 2513029, "label": "Paiporta"}, {"country": "Spain", "subcountry": "Andalusia", "geolabelid": 2513052, "label": "Osuna"}, {"country": "Spain", "subcountry": "Valencia", "geolabelid": 2513076, "label": "Orihuela"}, {"country": "Spain", "subcountry": "Valencia", "geolabelid": 2513106, "label": "Ontinyent"}, {"country": "Spain", "subcountry": "Valencia", "geolabelid": 2513115, "label": "Onda"}, {"country": "Spain", "subcountry": "Valencia", "geolabelid": 2513145, "label": "Oliva"}, {"country": "Spain", "subcountry": "Valencia", "geolabelid": 2513195, "label": "Novelda"}, {"country": "Spain", "subcountry": "Andalusia", "geolabelid": 2513222, "label": "N\u00edjar"}, {"country": "Spain", "subcountry": "Andalusia", "geolabelid": 2513240, "label": "Nerja"}, {"country": "Spain", "subcountry": "Extremadura", "geolabelid": 2513324, "label": "Navalmoral de la Mata"}, {"country": "Spain", "subcountry": "Murcia", "geolabelid": 2513416, "label": "Murcia"}, {"country": "Spain", "subcountry": "Murcia", "geolabelid": 2513436, "label": "Mula"}, {"country": "Spain", "subcountry": "Valencia", "geolabelid": 2513465, "label": "Muchamiel"}, {"country": "Spain", "subcountry": "Andalusia", "geolabelid": 2513477, "label": "Motril"}, {"country": "Spain", "subcountry": "Andalusia", "geolabelid": 2513509, "label": "Mor\u00f3n de la Frontera"}, {"country": "Spain", "subcountry": "Andalusia", "geolabelid": 2513601, "label": "Montilla"}, {"country": "Spain", "subcountry": "Extremadura", "geolabelid": 2513604, "label": "Montijo"}, {"country": "Spain", "subcountry": "Valencia", "geolabelid": 2513703, "label": "Moncada"}, {"country": "Spain", "subcountry": "Murcia", "geolabelid": 2513759, "label": "Molina de Segura"}, {"country": "Spain", "subcountry": "Andalusia", "geolabelid": 2513791, "label": "Moguer"}, {"country": "Spain", "subcountry": "Canary Islands", "geolabelid": 2513798, "label": "Mog\u00e1n"}, {"country": "Spain", "subcountry": "Valencia", "geolabelid": 2513811, "label": "Mislata"}, {"country": "Spain", "subcountry": "Andalusia", "geolabelid": 2513882, "label": "Mijas"}, {"country": "Spain", "subcountry": "Extremadura", "geolabelid": 2513917, "label": "M\u00e9rida"}, {"country": "Spain", "subcountry": "Melilla", "geolabelid": 2513947, "label": "Melilla"}, {"country": "Spain", "subcountry": "Murcia", "geolabelid": 2513983, "label": "Mazarr\u00f3n"}, {"country": "Spain", "subcountry": "Canary Islands", "geolabelid": 2514042, "label": "Maspalomas"}, {"country": "Spain", "subcountry": "Valencia", "geolabelid": 2514066, "label": "Massamagrell"}, {"country": "Spain", "subcountry": "Andalusia", "geolabelid": 2514073, "label": "Martos"}, {"country": "Spain", "subcountry": "Balearic Islands", "geolabelid": 2514097, "label": "Marratx\u00ed"}, {"country": "Spain", "subcountry": "Andalusia", "geolabelid": 2514158, "label": "Marchena"}, {"country": "Spain", "subcountry": "Andalusia", "geolabelid": 2514169, "label": "Marbella"}, {"country": "Spain", "subcountry": "Andalusia", "geolabelid": 2514176, "label": "Maracena"}, {"country": "Spain", "subcountry": "Castille-La Mancha", "geolabelid": 2514190, "label": "Manzanares"}, {"country": "Spain", "subcountry": "Valencia", "geolabelid": 2514197, "label": "Manises"}, {"country": "Spain", "subcountry": "Balearic Islands", "geolabelid": 2514216, "label": "Manacor"}, {"country": "Spain", "subcountry": "Andalusia", "geolabelid": 2514256, "label": "M\u00e1laga"}, {"country": "Spain", "subcountry": "Andalusia", "geolabelid": 2514287, "label": "Mairena del Aljarafe"}, {"country": "Spain", "subcountry": "Andalusia", "geolabelid": 2514288, "label": "Mairena del Alcor"}, {"country": "Spain", "subcountry": "Balearic Islands", "geolabelid": 2514301, "label": "Ma\u00f3"}, {"country": "Spain", "subcountry": "Andalusia", "geolabelid": 2514392, "label": "Lucena"}, {"country": "Spain", "subcountry": "Andalusia", "geolabelid": 2514553, "label": "Los Palacios y Villafranca"}, {"country": "Spain", "subcountry": "Canary Islands", "geolabelid": 2514651, "label": "Los Llanos de Aridane"}, {"country": "Spain", "subcountry": "Andalusia", "geolabelid": 2514824, "label": "Los Barrios"}, {"country": "Spain", "subcountry": "Murcia", "geolabelid": 2514868, "label": "Los Alc\u00e1zares"}, {"country": "Spain", "subcountry": "Murcia", "geolabelid": 2514891, "label": "Lorca"}, {"country": "Spain", "subcountry": "Andalusia", "geolabelid": 2514893, "label": "Lora del R\u00edo"}, {"country": "Spain", "subcountry": "Andalusia", "geolabelid": 2514946, "label": "Loja"}, {"country": "Spain", "subcountry": "Balearic Islands", "geolabelid": 2514984, "label": "Llucmajor"}, {"country": "Spain", "subcountry": "Valencia", "geolabelid": 2515036, "label": "Ll\u00edria"}, {"country": "Spain", "subcountry": "Andalusia", "geolabelid": 2515045, "label": "Linares"}, {"country": "Spain", "subcountry": "Andalusia", "geolabelid": 2515072, "label": "Lepe"}, {"country": "Spain", "subcountry": "Andalusia", "geolabelid": 2515096, "label": "Lebrija"}, {"country": "Spain", "subcountry": "Murcia", "geolabelid": 2515151, "label": "La Uni\u00f3n"}, {"country": "Spain", "subcountry": "Murcia", "geolabelid": 2515219, "label": "Las Torres de Cotillas"}, {"country": "Spain", "subcountry": "Canary Islands", "geolabelid": 2515270, "label": "Las Palmas de Gran Canaria"}, {"country": "Spain", "subcountry": "Castille-La Mancha", "geolabelid": 2515284, "label": "La Solana"}, {"country": "Spain", "subcountry": "Andalusia", "geolabelid": 2515493, "label": "Las Cabezas de San Juan"}, {"country": "Spain", "subcountry": "Castille-La Mancha", "geolabelid": 2515555, "label": "La Roda"}, {"country": "Spain", "subcountry": "Andalusia", "geolabelid": 2515562, "label": "La Rinconada"}, {"country": "Spain", "subcountry": "Canary Islands", "geolabelid": 2515692, "label": "La Orotava"}, {"country": "Spain", "subcountry": "Canary Islands", "geolabelid": 2515698, "label": "La Oliva"}, {"country": "Spain", "subcountry": "Valencia", "geolabelid": 2515701, "label": "la Nucia"}, {"country": "Spain", "subcountry": "Andalusia", "geolabelid": 2515812, "label": "La L\u00ednea de la Concepci\u00f3n"}, {"country": "Spain", "subcountry": "Valencia", "geolabelid": 2516004, "label": "L'Eliana"}, {"country": "Spain", "subcountry": "Andalusia", "geolabelid": 2516088, "label": "La Carolina"}, {"country": "Spain", "subcountry": "Murcia", "geolabelid": 2516255, "label": "Jumilla"}, {"country": "Spain", "subcountry": "Andalusia", "geolabelid": 2516326, "label": "Jerez de la Frontera"}, {"country": "Spain", "subcountry": "Valencia", "geolabelid": 2516336, "label": "Javea"}, {"country": "Spain", "subcountry": "Valencia", "geolabelid": 2516345, "label": "X\u00e0tiva"}, {"country": "Spain", "subcountry": "Andalusia", "geolabelid": 2516395, "label": "Ja\u00e9n"}, {"country": "Spain", "subcountry": "Andalusia", "geolabelid": 2516431, "label": "Isla Cristina"}, {"country": "Spain", "subcountry": "Canary Islands", "geolabelid": 2516443, "label": "Ingenio"}, {"country": "Spain", "subcountry": "Balearic Islands", "geolabelid": 2516452, "label": "Inca"}, {"country": "Spain", "subcountry": "Canary Islands", "geolabelid": 2516474, "label": "Icod de los Vinos"}, {"country": "Spain", "subcountry": "Balearic Islands", "geolabelid": 2516479, "label": "Ibiza"}, {"country": "Spain", "subcountry": "Valencia", "geolabelid": 2516480, "label": "Ibi"}, {"country": "Spain", "subcountry": "Andalusia", "geolabelid": 2516542, "label": "Hu\u00e9rcal-Overa"}, {"country": "Spain", "subcountry": "Andalusia", "geolabelid": 2516548, "label": "Huelva"}, {"country": "Spain", "subcountry": "Castille-La Mancha", "geolabelid": 2516797, "label": "Hell\u00edn"}, {"country": "Spain", "subcountry": "Canary Islands", "geolabelid": 2516852, "label": "G\u00fcimar"}, {"country": "Spain", "subcountry": "Canary Islands", "geolabelid": 2516860, "label": "Gu\u00eda de Isora"}, {"country": "Spain", "subcountry": "Valencia", "geolabelid": 2516902, "label": "Guardamar del Segura"}, {"country": "Spain", "subcountry": "Andalusia", "geolabelid": 2516925, "label": "Guadix"}, {"country": "Spain", "subcountry": "Canary Islands", "geolabelid": 2517111, "label": "Granadilla de Abona"}, {"country": "Spain", "subcountry": "Andalusia", "geolabelid": 2517117, "label": "Granada"}, {"country": "Spain", "subcountry": "Valencia", "geolabelid": 2517367, "label": "Gandia"}, {"country": "Spain", "subcountry": "Canary Islands", "geolabelid": 2517436, "label": "G\u00e1ldar"}, {"country": "Spain", "subcountry": "Andalusia", "geolabelid": 2517595, "label": "Fuengirola"}, {"country": "Spain", "subcountry": "Balearic Islands", "geolabelid": 2517750, "label": "Felanitx"}, {"country": "Spain", "subcountry": "Andalusia", "geolabelid": 2517816, "label": "Estepona"}, {"country": "Spain", "subcountry": "Andalusia", "geolabelid": 2518040, "label": "El Viso del Alcor"}, {"country": "Spain", "subcountry": "Andalusia", "geolabelid": 2518207, "label": "El Puerto de Santa Mar\u00eda"}, {"country": "Spain", "subcountry": "Andalusia", "geolabelid": 2518494, "label": "El Ejido"}, {"country": "Spain", "subcountry": "Valencia", "geolabelid": 2518505, "label": "Elda"}, {"country": "Spain", "subcountry": "Valencia", "geolabelid": 2518559, "label": "Elche"}, {"country": "Spain", "subcountry": "Andalusia", "geolabelid": 2518729, "label": "El Arahal"}, {"country": "Spain", "subcountry": "Andalusia", "geolabelid": 2518770, "label": "\u00c9cija"}, {"country": "Spain", "subcountry": "Andalusia", "geolabelid": 2518794, "label": "Dos Hermanas"}, {"country": "Spain", "subcountry": "Extremadura", "geolabelid": 2518820, "label": "Don Benito"}, {"country": "Spain", "subcountry": "Valencia", "geolabelid": 2518878, "label": "Denia"}, {"country": "Spain", "subcountry": "Castille-La Mancha", "geolabelid": 2518924, "label": "Daimiel"}, {"country": "Spain", "subcountry": "Valencia", "geolabelid": 2518949, "label": "Cullera"}, {"country": "Spain", "subcountry": "Valencia", "geolabelid": 2519068, "label": "Quart de Poblet"}, {"country": "Spain", "subcountry": "Valencia", "geolabelid": 2519110, "label": "Crevillente"}, {"country": "Spain", "subcountry": "Andalusia", "geolabelid": 2519233, "label": "Coria del R\u00edo"}, {"country": "Spain", "subcountry": "Andalusia", "geolabelid": 2519240, "label": "C\u00f3rdoba"}, {"country": "Spain", "subcountry": "Andalusia", "geolabelid": 2519289, "label": "Conil de la Frontera"}, {"country": "Spain", "subcountry": "Andalusia", "geolabelid": 2519367, "label": "Co\u00edn"}, {"country": "Spain", "subcountry": "Castille-La Mancha", "geolabelid": 2519402, "label": "Ciudad Real"}, {"country": "Spain", "subcountry": "Murcia", "geolabelid": 2519425, "label": "Cieza"}, {"country": "Spain", "subcountry": "Valencia", "geolabelid": 2519466, "label": "Xirivella"}, {"country": "Spain", "subcountry": "Andalusia", "geolabelid": 2519477, "label": "Chipiona"}, {"country": "Spain", "subcountry": "Andalusia", "geolabelid": 2519513, "label": "Chiclana de la Frontera"}, {"country": "Spain", "subcountry": "Murcia", "geolabelid": 2519651, "label": "Ceheg\u00edn"}, {"country": "Spain", "subcountry": "Valencia", "geolabelid": 2519690, "label": "Catarroja"}, {"country": "Spain", "subcountry": "Andalusia", "geolabelid": 2519738, "label": "Castilleja de la Cuesta"}, {"country": "Spain", "subcountry": "Valencia", "geolabelid": 2519752, "label": "Castell\u00f3 de la Plana"}, {"country": "Spain", "subcountry": "Andalusia", "geolabelid": 2520052, "label": "Cartaya"}, {"country": "Spain", "subcountry": "Andalusia", "geolabelid": 2520055, "label": "C\u00e1rtama"}, {"country": "Spain", "subcountry": "Murcia", "geolabelid": 2520058, "label": "Cartagena"}, {"country": "Spain", "subcountry": "Andalusia", "geolabelid": 2520118, "label": "Carmona"}, {"country": "Spain", "subcountry": "Valencia", "geolabelid": 2520121, "label": "Carlet"}, {"country": "Spain", "subcountry": "Valencia", "geolabelid": 2520150, "label": "Carcaixent"}, {"country": "Spain", "subcountry": "Murcia", "geolabelid": 2520171, "label": "Caravaca"}, {"country": "Spain", "subcountry": "Canary Islands", "geolabelid": 2520283, "label": "Candelaria"}, {"country": "Spain", "subcountry": "Castille-La Mancha", "geolabelid": 2520413, "label": "Campo de Criptana"}, {"country": "Spain", "subcountry": "Andalusia", "geolabelid": 2520425, "label": "Campi\u00f1a"}, {"country": "Spain", "subcountry": "Valencia", "geolabelid": 2520447, "label": "el Campello"}, {"country": "Spain", "subcountry": "Andalusia", "geolabelid": 2520477, "label": "Camas"}, {"country": "Spain", "subcountry": "Balearic Islands", "geolabelid": 2520493, "label": "Calvi\u00e0"}, {"country": "Spain", "subcountry": "Valencia", "geolabelid": 2520496, "label": "Calp"}, {"country": "Spain", "subcountry": "Valencia", "geolabelid": 2520502, "label": "Callosa de Segura"}, {"country": "Spain", "subcountry": "Andalusia", "geolabelid": 2520600, "label": "Cadiz"}, {"country": "Spain", "subcountry": "Extremadura", "geolabelid": 2520611, "label": "C\u00e1ceres"}, {"country": "Spain", "subcountry": "Andalusia", "geolabelid": 2520645, "label": "Cabra"}, {"country": "Spain", "subcountry": "Valencia", "geolabelid": 2520709, "label": "Burriana"}, {"country": "Spain", "subcountry": "Valencia", "geolabelid": 2520712, "label": "Burjassot"}, {"country": "Spain", "subcountry": "Andalusia", "geolabelid": 2520833, "label": "Bormujos"}, {"country": "Spain", "subcountry": "Valencia", "geolabelid": 2520968, "label": "B\u00e9tera"}, {"country": "Spain", "subcountry": "Andalusia", "geolabelid": 2521016, "label": "Berja"}, {"country": "Spain", "subcountry": "Valencia", "geolabelid": 2521088, "label": "Benidorm"}, {"country": "Spain", "subcountry": "Valencia", "geolabelid": 2521105, "label": "Benet\u00fasser"}, {"country": "Spain", "subcountry": "Andalusia", "geolabelid": 2521139, "label": "Benalm\u00e1dena"}, {"country": "Spain", "subcountry": "Andalusia", "geolabelid": 2521215, "label": "Baza"}, {"country": "Spain", "subcountry": "Andalusia", "geolabelid": 2521335, "label": "Barbate de Franco"}, {"country": "Spain", "subcountry": "Andalusia", "geolabelid": 2521410, "label": "Bail\u00e9n"}, {"country": "Spain", "subcountry": "Andalusia", "geolabelid": 2521413, "label": "Baeza"}, {"country": "Spain", "subcountry": "Andalusia", "geolabelid": 2521415, "label": "Baena"}, {"country": "Spain", "subcountry": "Extremadura", "geolabelid": 2521420, "label": "Badajoz"}, {"country": "Spain", "subcountry": "Andalusia", "geolabelid": 2521456, "label": "Ayamonte"}, {"country": "Spain", "subcountry": "Andalusia", "geolabelid": 2521485, "label": "Atarfe"}, {"country": "Spain", "subcountry": "Murcia", "geolabelid": 2521486, "label": "Atamar\u00eda"}, {"country": "Spain", "subcountry": "Valencia", "geolabelid": 2521510, "label": "Aspe"}, {"country": "Spain", "subcountry": "Canary Islands", "geolabelid": 2521519, "label": "Arucas"}, {"country": "Spain", "subcountry": "Canary Islands", "geolabelid": 2521570, "label": "Arrecife"}, {"country": "Spain", "subcountry": "Canary Islands", "geolabelid": 2521582, "label": "Arona"}, {"country": "Spain", "subcountry": "Andalusia", "geolabelid": 2521590, "label": "Armilla"}, {"country": "Spain", "subcountry": "Andalusia", "geolabelid": 2521665, "label": "Arcos de la Frontera"}, {"country": "Spain", "subcountry": "Murcia", "geolabelid": 2521676, "label": "Archena"}, {"country": "Spain", "subcountry": "Andalusia", "geolabelid": 2521710, "label": "Antequera"}, {"country": "Spain", "subcountry": "Andalusia", "geolabelid": 2521738, "label": "And\u00fajar"}, {"country": "Spain", "subcountry": "Valencia", "geolabelid": 2521804, "label": "Altea"}, {"country": "Spain", "subcountry": "Andalusia", "geolabelid": 2521847, "label": "Almu\u00f1\u00e9car"}, {"country": "Spain", "subcountry": "Valencia", "geolabelid": 2521855, "label": "Almorad\u00ed"}, {"country": "Spain", "subcountry": "Andalusia", "geolabelid": 2521857, "label": "Almonte"}, {"country": "Spain", "subcountry": "Andalusia", "geolabelid": 2521886, "label": "Almer\u00eda"}, {"country": "Spain", "subcountry": "Extremadura", "geolabelid": 2521893, "label": "Almendralejo"}, {"country": "Spain", "subcountry": "Valencia", "geolabelid": 2521909, "label": "Almassora"}, {"country": "Spain", "subcountry": "Castille-La Mancha", "geolabelid": 2521923, "label": "Almansa"}, {"country": "Spain", "subcountry": "Andalusia", "geolabelid": 2521964, "label": "Aljaraque"}, {"country": "Spain", "subcountry": "Valencia", "geolabelid": 2521978, "label": "Alicante"}, {"country": "Spain", "subcountry": "Andalusia", "geolabelid": 2521985, "label": "Alhaur\u00edn el Grande"}, {"country": "Spain", "subcountry": "Andalusia", "geolabelid": 2521986, "label": "Alhaur\u00edn de la Torre"}, {"country": "Spain", "subcountry": "Murcia", "geolabelid": 2521992, "label": "Alhama de Murcia"}, {"country": "Spain", "subcountry": "Valencia", "geolabelid": 2522012, "label": "Algemes\u00ed"}, {"country": "Spain", "subcountry": "Andalusia", "geolabelid": 2522013, "label": "Algeciras"}, {"country": "Spain", "subcountry": "Valencia", "geolabelid": 2522057, "label": "Alfafar"}, {"country": "Spain", "subcountry": "Valencia", "geolabelid": 2522077, "label": "Aldaia"}, {"country": "Spain", "subcountry": "Balearic Islands", "geolabelid": 2522091, "label": "Alc\u00fadia"}, {"country": "Spain", "subcountry": "Valencia", "geolabelid": 2522098, "label": "Alcoy"}, {"country": "Spain", "subcountry": "Valencia", "geolabelid": 2522129, "label": "Alzira"}, {"country": "Spain", "subcountry": "Castille-La Mancha", "geolabelid": 2522131, "label": "Alc\u00e1zar de San Juan"}, {"country": "Spain", "subcountry": "Murcia", "geolabelid": 2522152, "label": "Alcantarilla"}, {"country": "Spain", "subcountry": "Andalusia", "geolabelid": 2522160, "label": "Alcal\u00e1 la Real"}, {"country": "Spain", "subcountry": "Andalusia", "geolabelid": 2522165, "label": "Alcal\u00e1 de Guadaira"}, {"country": "Spain", "subcountry": "Valencia", "geolabelid": 2522203, "label": "Alboraya"}, {"country": "Spain", "subcountry": "Andalusia", "geolabelid": 2522208, "label": "Albolote"}, {"country": "Spain", "subcountry": "Valencia", "geolabelid": 2522250, "label": "Albal"}, {"country": "Spain", "subcountry": "Castille-La Mancha", "geolabelid": 2522258, "label": "Albacete"}, {"country": "Spain", "subcountry": "Valencia", "geolabelid": 2522297, "label": "Alaqu\u00e0s"}, {"country": "Spain", "subcountry": "Canary Islands", "geolabelid": 2522325, "label": "Ag\u00fcimes"}, {"country": "Spain", "subcountry": "Murcia", "geolabelid": 2522333, "label": "\u00c1guilas"}, {"country": "Spain", "subcountry": "Andalusia", "geolabelid": 2522430, "label": "Adra"}, {"country": "Spain", "subcountry": "Canary Islands", "geolabelid": 2522437, "label": "Adeje"}, {"country": "Spain", "subcountry": "Valencia", "geolabelid": 2567529, "label": "Groa de Murviedro"}, {"country": "Spain", "subcountry": "Basque Country", "geolabelid": 3104316, "label": "Zarautz"}, {"country": "Spain", "subcountry": "Aragon", "geolabelid": 3104324, "label": "Zaragoza"}, {"country": "Spain", "subcountry": "Castille and Le\u00f3n", "geolabelid": 3104342, "label": "Zamora"}, {"country": "Spain", "subcountry": "Galicia", "geolabelid": 3104475, "label": "Viveiro"}, {"country": "Spain", "subcountry": "Basque Country", "geolabelid": 3104499, "label": "Gasteiz / Vitoria"}, {"country": "Spain", "subcountry": "Valencia", "geolabelid": 3104584, "label": "Vinar\u00f2s"}, {"country": "Spain", "subcountry": "Madrid", "geolabelid": 3104703, "label": "Villaviciosa de Od\u00f3n"}, {"country": "Spain", "subcountry": "Madrid", "geolabelid": 3104748, "label": "Villaverde"}, {"country": "Spain", "subcountry": "Castille and Le\u00f3n", "geolabelid": 3105148, "label": "Villaquilambre"}, {"country": "Spain", "subcountry": "Catalonia", "geolabelid": 3105184, "label": "Vilanova i la Geltr\u00fa"}, {"country": "Spain", "subcountry": "Madrid", "geolabelid": 3105214, "label": "Villanueva del Pardillo"}, {"country": "Spain", "subcountry": "Madrid", "geolabelid": 3105247, "label": "Villanueva de la Ca\u00f1ada"}, {"country": "Spain", "subcountry": "Galicia", "geolabelid": 3105522, "label": "Vilalba"}, {"country": "Spain", "subcountry": "Galicia", "geolabelid": 3105575, "label": "Vilagarc\u00eda de Arousa"}, {"country": "Spain", "subcountry": "Catalonia", "geolabelid": 3105600, "label": "Vilafranca del Pened\u00e8s"}, {"country": "Spain", "subcountry": "Catalonia", "geolabelid": 3105803, "label": "Vila-seca"}, {"country": "Spain", "subcountry": "Catalonia", "geolabelid": 3105805, "label": "Vilaseca"}, {"country": "Spain", "subcountry": "Catalonia", "geolabelid": 3105935, "label": "Viladecans"}, {"country": "Spain", "subcountry": "Galicia", "geolabelid": 3105976, "label": "Vigo"}, {"country": "Spain", "subcountry": "Catalonia", "geolabelid": 3106050, "label": "Vic"}, {"country": "Spain", "subcountry": "Madrid", "geolabelid": 3106054, "label": "Vic\u00e1lvaro"}, {"country": "Spain", "subcountry": "Catalonia", "geolabelid": 3106180, "label": "El Vendrell"}, {"country": "Spain", "subcountry": "Catalonia", "geolabelid": 3106492, "label": "Valls"}, {"country": "Spain", "subcountry": "Castille and Le\u00f3n", "geolabelid": 3106672, "label": "Valladolid"}, {"country": "Spain", "subcountry": "Madrid", "geolabelid": 3106868, "label": "Valdemoro"}, {"country": "Spain", "subcountry": "Madrid", "geolabelid": 3107112, "label": "Rivas-Vaciamadrid"}, {"country": "Spain", "subcountry": "Aragon", "geolabelid": 3107139, "label": "Utebo"}, {"country": "Spain", "subcountry": "Galicia", "geolabelid": 3107364, "label": "Tui"}, {"country": "Spain", "subcountry": "Navarre", "geolabelid": 3107418, "label": "Tudela"}, {"country": "Spain", "subcountry": "Catalonia", "geolabelid": 3107677, "label": "Tortosa"}, {"country": "Spain", "subcountry": "Madrid", "geolabelid": 3107765, "label": "Torrelodones"}, {"country": "Spain", "subcountry": "Cantabria", "geolabelid": 3107775, "label": "Torrelavega"}, {"country": "Spain", "subcountry": "Madrid", "geolabelid": 3107784, "label": "Torrej\u00f3n de Ardoz"}, {"country": "Spain", "subcountry": "Catalonia", "geolabelid": 3107807, "label": "Torredembarra"}, {"country": "Spain", "subcountry": "Catalonia", "geolabelid": 3107955, "label": "Tordera"}, {"country": "Spain", "subcountry": "Basque Country", "geolabelid": 3108008, "label": "Tolosa"}, {"country": "Spain", "subcountry": "Madrid", "geolabelid": 3108118, "label": "Tetu\u00e1n de las Victorias"}, {"country": "Spain", "subcountry": "Aragon", "geolabelid": 3108126, "label": "Teruel"}, {"country": "Spain", "subcountry": "Galicia", "geolabelid": 3108165, "label": "Teo"}, {"country": "Spain", "subcountry": "Catalonia", "geolabelid": 3108285, "label": "T\u00e0rrega"}, {"country": "Spain", "subcountry": "Catalonia", "geolabelid": 3108286, "label": "Terrassa"}, {"country": "Spain", "subcountry": "Catalonia", "geolabelid": 3108288, "label": "Tarragona"}, {"country": "Spain", "subcountry": "Castille-La Mancha", "geolabelid": 3108317, "label": "Taranc\u00f3n"}, {"country": "Spain", "subcountry": "Castille and Le\u00f3n", "geolabelid": 3108681, "label": "Soria"}, {"country": "Spain", "subcountry": "Catalonia", "geolabelid": 3108877, "label": "Sitges"}, {"country": "Spain", "subcountry": "Basque Country", "geolabelid": 3109041, "label": "Sestao"}, {"country": "Spain", "subcountry": "Castille-La Mancha", "geolabelid": 3109050, "label": "Sese\u00f1a"}, {"country": "Spain", "subcountry": "Castille and Le\u00f3n", "geolabelid": 3109256, "label": "Segovia"}, {"country": "Spain", "subcountry": "Catalonia", "geolabelid": 3109402, "label": "Cerdanyola del Vall\u00e8s"}, {"country": "Spain", "subcountry": "Catalonia", "geolabelid": 3109442, "label": "Sant Vicen\u00e7 dels Horts"}, {"country": "Spain", "subcountry": "Basque Country", "geolabelid": 3109453, "label": "Barakaldo"}, {"country": "Spain", "subcountry": "Basque Country", "geolabelid": 3109481, "label": "Santurtzi"}, {"country": "Spain", "subcountry": "Catalonia", "geolabelid": 3109546, "label": "Sant Just Desvern"}, {"country": "Spain", "subcountry": "Galicia", "geolabelid": 3109642, "label": "Santiago de Compostela"}, {"country": "Spain", "subcountry": "Catalonia", "geolabelid": 3109689, "label": "Santa Perp\u00e8tua de Mogoda"}, {"country": "Spain", "subcountry": "Cantabria", "geolabelid": 3109718, "label": "Santander"}, {"country": "Spain", "subcountry": "Catalonia", "geolabelid": 3109804, "label": "Barber\u00e0 del Vall\u00e8s"}, {"country": "Spain", "subcountry": "Catalonia", "geolabelid": 3109981, "label": "Santa Coloma de Gramenet"}, {"country": "Spain", "subcountry": "Madrid", "geolabelid": 3110040, "label": "San Sebasti\u00e1n de los Reyes"}, {"country": "Spain", "subcountry": "Basque Country", "geolabelid": 3110044, "label": "Donostia / San Sebasti\u00e1n"}, {"country": "Spain", "subcountry": "Catalonia", "geolabelid": 3110101, "label": "Sant Quirze del Vall\u00e8s"}, {"country": "Spain", "subcountry": "Catalonia", "geolabelid": 3110143, "label": "Sant Pere de Ribes"}, {"country": "Spain", "subcountry": "Madrid", "geolabelid": 3110360, "label": "San Mart\u00edn de la Vega"}, {"country": "Spain", "subcountry": "Madrid", "geolabelid": 3110458, "label": "San Lorenzo de El Escorial"}, {"country": "Spain", "subcountry": "Catalonia", "geolabelid": 3110516, "label": "Vilassar de Mar"}, {"country": "Spain", "subcountry": "Catalonia", "geolabelid": 3110519, "label": "Sant Joan Desp\u00ed"}, {"country": "Spain", "subcountry": "Galicia", "geolabelid": 3110610, "label": "Sanxenxo"}, {"country": "Spain", "subcountry": "Madrid", "geolabelid": 3110627, "label": "San Fernando de Henares"}, {"country": "Spain", "subcountry": "Catalonia", "geolabelid": 3110642, "label": "Sant Feliu de Llobregat"}, {"country": "Spain", "subcountry": "Catalonia", "geolabelid": 3110643, "label": "Sant Feliu de Gu\u00edxols"}, {"country": "Spain", "subcountry": "Catalonia", "geolabelid": 3110718, "label": "Sant Cugat del Vall\u00e8s"}, {"country": "Spain", "subcountry": "Catalonia", "geolabelid": 3110813, "label": "Sant Celoni"}, {"country": "Spain", "subcountry": "Catalonia", "geolabelid": 3110821, "label": "Sant Carles de la R\u00e0pita"}, {"country": "Spain", "subcountry": "Catalonia", "geolabelid": 3110834, "label": "Sant Boi de Llobregat"}, {"country": "Spain", "subcountry": "Catalonia", "geolabelid": 3110876, "label": "Sant Andreu de Palomar"}, {"country": "Spain", "subcountry": "Castille and Le\u00f3n", "geolabelid": 3110880, "label": "San Andr\u00e9s del Rabanedo"}, {"country": "Spain", "subcountry": "Catalonia", "geolabelid": 3110885, "label": "Sant Andreu de la Barca"}, {"country": "Spain", "subcountry": "Catalonia", "geolabelid": 3110921, "label": "Sant Adri\u00e0 de Bes\u00f2s"}, {"country": "Spain", "subcountry": "Asturias", "geolabelid": 3110962, "label": "Sama"}, {"country": "Spain", "subcountry": "Catalonia", "geolabelid": 3110983, "label": "Salt"}, {"country": "Spain", "subcountry": "Catalonia", "geolabelid": 3110986, "label": "Salou"}, {"country": "Spain", "subcountry": "Castille and Le\u00f3n", "geolabelid": 3111108, "label": "Salamanca"}, {"country": "Spain", "subcountry": "Catalonia", "geolabelid": 3111199, "label": "Sabadell"}, {"country": "Spain", "subcountry": "Catalonia", "geolabelid": 3111294, "label": "Rub\u00ed"}, {"country": "Spain", "subcountry": "Catalonia", "geolabelid": 3111348, "label": "Roses"}, {"country": "Spain", "subcountry": "Catalonia", "geolabelid": 3111605, "label": "Ripollet"}, {"country": "Spain", "subcountry": "Galicia", "geolabelid": 3111807, "label": "Ribeira"}, {"country": "Spain", "subcountry": "Catalonia", "geolabelid": 3111933, "label": "Reus"}, {"country": "Spain", "subcountry": "Basque Country", "geolabelid": 3112011, "label": "Errenteria"}, {"country": "Spain", "subcountry": "Galicia", "geolabelid": 3112154, "label": "Redondela"}, {"country": "Spain", "subcountry": "Madrid", "geolabelid": 3112737, "label": "Puente de Vallecas"}, {"country": "Spain", "subcountry": "Galicia", "geolabelid": 3112761, "label": "Ponteareas"}, {"country": "Spain", "subcountry": "Catalonia", "geolabelid": 3112866, "label": "Premi\u00e0 de Mar"}, {"country": "Spain", "subcountry": "Madrid", "geolabelid": 3112989, "label": "Pozuelo de Alarc\u00f3n"}, {"country": "Spain", "subcountry": "Galicia", "geolabelid": 3113035, "label": "Poio"}, {"country": "Spain", "subcountry": "Basque Country", "geolabelid": 3113082, "label": "Portugalete"}, {"country": "Spain", "subcountry": "Galicia", "geolabelid": 3113157, "label": "Porri\u00f1o"}, {"country": "Spain", "subcountry": "Galicia", "geolabelid": 3113209, "label": "Pontevedra"}, {"country": "Spain", "subcountry": "Castille and Le\u00f3n", "geolabelid": 3113236, "label": "Ponferrada"}, {"country": "Spain", "subcountry": "Extremadura", "geolabelid": 3113331, "label": "Plasencia"}, {"country": "Spain", "subcountry": "Madrid", "geolabelid": 3113415, "label": "Pinto"}, {"country": "Spain", "subcountry": "Catalonia", "geolabelid": 3113526, "label": "Pineda de Mar"}, {"country": "Spain", "subcountry": "Madrid", "geolabelid": 3114256, "label": "Parla"}, {"country": "Spain", "subcountry": "Catalonia", "geolabelid": 3114267, "label": "Parets del Vall\u00e8s"}, {"country": "Spain", "subcountry": "Navarre", "geolabelid": 3114472, "label": "Pamplona"}, {"country": "Spain", "subcountry": "Castille and Le\u00f3n", "geolabelid": 3114531, "label": "Palencia"}, {"country": "Spain", "subcountry": "Catalonia", "geolabelid": 3114566, "label": "Palam\u00f3s"}, {"country": "Spain", "subcountry": "Catalonia", "geolabelid": 3114567, "label": "Palafrugell"}, {"country": "Spain", "subcountry": "Asturias", "geolabelid": 3114711, "label": "Oviedo"}, {"country": "Spain", "subcountry": "Basque Country", "geolabelid": 3114957, "label": "Oria"}, {"country": "Spain", "subcountry": "Galicia", "geolabelid": 3114965, "label": "Ourense"}, {"country": "Spain", "subcountry": "Catalonia", "geolabelid": 3115093, "label": "Olot"}, {"country": "Spain", "subcountry": "Catalonia", "geolabelid": 3115171, "label": "Olesa de Montserrat"}, {"country": "Spain", "subcountry": "Galicia", "geolabelid": 3115177, "label": "Oleiros"}, {"country": "Spain", "subcountry": "Galicia", "geolabelid": 3115463, "label": "Nigr\u00e1n"}, {"country": "Spain", "subcountry": "Madrid", "geolabelid": 3115659, "label": "Navalcarnero"}, {"country": "Spain", "subcountry": "Galicia", "geolabelid": 3115739, "label": "Nar\u00f3n"}, {"country": "Spain", "subcountry": "Basque Country", "geolabelid": 3115907, "label": "Mungia"}, {"country": "Spain", "subcountry": "Madrid", "geolabelid": 3116025, "label": "M\u00f3stoles"}, {"country": "Spain", "subcountry": "Madrid", "geolabelid": 3116156, "label": "Moratalaz"}, {"country": "Spain", "subcountry": "Aragon", "geolabelid": 3116224, "label": "Monz\u00f3n"}, {"country": "Spain", "subcountry": "Catalonia", "geolabelid": 3116262, "label": "Montorn\u00e8s del Vall\u00e8s"}, {"country": "Spain", "subcountry": "Galicia", "geolabelid": 3116478, "label": "Monforte de Lemos"}, {"country": "Spain", "subcountry": "Basque Country", "geolabelid": 3116503, "label": "Arrasate / Mondrag\u00f3n"}, {"country": "Spain", "subcountry": "Catalonia", "geolabelid": 3116527, "label": "Montcada i Reixac"}, {"country": "Spain", "subcountry": "Catalonia", "geolabelid": 3116553, "label": "Mollet del Vall\u00e8s"}, {"country": "Spain", "subcountry": "Catalonia", "geolabelid": 3116562, "label": "Molins de Rei"}, {"country": "Spain", "subcountry": "Galicia", "geolabelid": 3116653, "label": "Moa\u00f1a"}, {"country": "Spain", "subcountry": "Castille and Le\u00f3n", "geolabelid": 3116689, "label": "Miranda de Ebro"}, {"country": "Spain", "subcountry": "Asturias", "geolabelid": 3116789, "label": "Mieres"}, {"country": "Spain", "subcountry": "Madrid", "geolabelid": 3116963, "label": "Mejorada del Campo"}, {"country": "Spain", "subcountry": "Castille and Le\u00f3n", "geolabelid": 3117010, "label": "Medina del Campo"}, {"country": "Spain", "subcountry": "Catalonia", "geolabelid": 3117164, "label": "Matar\u00f3"}, {"country": "Spain", "subcountry": "Catalonia", "geolabelid": 3117232, "label": "El Masnou"}, {"country": "Spain", "subcountry": "Catalonia", "geolabelid": 3117331, "label": "Martorell"}, {"country": "Spain", "subcountry": "Galicia", "geolabelid": 3117409, "label": "Mar\u00edn"}, {"country": "Spain", "subcountry": "Catalonia", "geolabelid": 3117533, "label": "Manresa"}, {"country": "Spain", "subcountry": "Catalonia", "geolabelid": 3117539, "label": "Manlleu"}, {"country": "Spain", "subcountry": "Catalonia", "geolabelid": 3117636, "label": "Malgrat de Mar"}, {"country": "Spain", "subcountry": "Madrid", "geolabelid": 3117667, "label": "Majadahonda"}, {"country": "Spain", "subcountry": "Madrid", "geolabelid": 3117735, "label": "Madrid"}, {"country": "Spain", "subcountry": "Galicia", "geolabelid": 3117814, "label": "Lugo"}, {"country": "Spain", "subcountry": "La Rioja", "geolabelid": 3118150, "label": "Logro\u00f1o"}, {"country": "Spain", "subcountry": "Catalonia", "geolabelid": 3118212, "label": "Lloret de Mar"}, {"country": "Spain", "subcountry": "Basque Country", "geolabelid": 3118228, "label": "Laudio / Llodio"}, {"country": "Spain", "subcountry": "Catalonia", "geolabelid": 3118514, "label": "Lleida"}, {"country": "Spain", "subcountry": "Castille and Le\u00f3n", "geolabelid": 3118532, "label": "Le\u00f3n"}, {"country": "Spain", "subcountry": "Basque Country", "geolabelid": 3118554, "label": "Leioa"}, {"country": "Spain", "subcountry": "Madrid", "geolabelid": 3118594, "label": "Legan\u00e9s"}, {"country": "Spain", "subcountry": "Madrid", "geolabelid": 3118848, "label": "Las Rozas de Madrid"}, {"country": "Spain", "subcountry": "Basque Country", "geolabelid": 3119027, "label": "Lasarte"}, {"country": "Spain", "subcountry": "Catalonia", "geolabelid": 3119231, "label": "La Pineda"}, {"country": "Spain", "subcountry": "Galicia", "geolabelid": 3119536, "label": "Lal\u00edn"}, {"country": "Spain", "subcountry": "Castille and Le\u00f3n", "geolabelid": 3119631, "label": "Laguna de Duero"}, {"country": "Spain", "subcountry": "Galicia", "geolabelid": 3119746, "label": "A Estrada"}, {"country": "Spain", "subcountry": "Galicia", "geolabelid": 3119841, "label": "A Coru\u00f1a"}, {"country": "Spain", "subcountry": "Basque Country", "geolabelid": 3120304, "label": "Irun"}, {"country": "Spain", "subcountry": "Castille-La Mancha", "geolabelid": 3120410, "label": "Illescas"}, {"country": "Spain", "subcountry": "Catalonia", "geolabelid": 3120431, "label": "Igualada"}, {"country": "Spain", "subcountry": "Madrid", "geolabelid": 3120501, "label": "Humanes de Madrid"}, {"country": "Spain", "subcountry": "Aragon", "geolabelid": 3120514, "label": "Huesca"}, {"country": "Spain", "subcountry": "Catalonia", "geolabelid": 3120619, "label": "L'Hospitalet de Llobregat"}, {"country": "Spain", "subcountry": "Madrid", "geolabelid": 3120635, "label": "Hortaleza"}, {"country": "Spain", "subcountry": "Basque Country", "geolabelid": 3120811, "label": "Hernani"}, {"country": "Spain", "subcountry": "Basque Country", "geolabelid": 3120989, "label": "Gernika-Lumo"}, {"country": "Spain", "subcountry": "Basque Country", "geolabelid": 3121007, "label": "Getxo"}, {"country": "Spain", "subcountry": "Castille-La Mancha", "geolabelid": 3121070, "label": "Guadalajara"}, {"country": "Spain", "subcountry": "Catalonia", "geolabelid": 3121145, "label": "Granollers"}, {"country": "Spain", "subcountry": "Catalonia", "geolabelid": 3121245, "label": "Gr\u00e0cia"}, {"country": "Spain", "subcountry": "Asturias", "geolabelid": 3121424, "label": "Gij\u00f3n"}, {"country": "Spain", "subcountry": "Madrid", "geolabelid": 3121437, "label": "Getafe"}, {"country": "Spain", "subcountry": "Catalonia", "geolabelid": 3121456, "label": "Girona"}, {"country": "Spain", "subcountry": "Catalonia", "geolabelid": 3121519, "label": "Gav\u00e0"}, {"country": "Spain", "subcountry": "Basque Country", "geolabelid": 3121751, "label": "Galdakao"}, {"country": "Spain", "subcountry": "Madrid", "geolabelid": 3121766, "label": "Galapagar"}, {"country": "Spain", "subcountry": "Basque Country", "geolabelid": 3121881, "label": "Hondarribia"}, {"country": "Spain", "subcountry": "Madrid", "geolabelid": 3121960, "label": "Fuenlabrada"}, {"country": "Spain", "subcountry": "Asturias", "geolabelid": 3122452, "label": "Figueras"}, {"country": "Spain", "subcountry": "Catalonia", "geolabelid": 3122453, "label": "Figueres"}, {"country": "Spain", "subcountry": "Catalonia", "geolabelid": 3122826, "label": "Esplugues de Llobregat"}, {"country": "Spain", "subcountry": "Catalonia", "geolabelid": 3122912, "label": "Esparreguera"}, {"country": "Spain", "subcountry": "Basque Country", "geolabelid": 3123063, "label": "Ermua"}, {"country": "Spain", "subcountry": "Basque Country", "geolabelid": 3123104, "label": "Erandio"}, {"country": "Spain", "subcountry": "Catalonia", "geolabelid": 3123329, "label": "El Prat de Llobregat"}, {"country": "Spain", "subcountry": "Galicia", "geolabelid": 3123493, "label": "Ferrol"}, {"country": "Spain", "subcountry": "Cantabria", "geolabelid": 3123667, "label": "El Astillero"}, {"country": "Spain", "subcountry": "Aragon", "geolabelid": 3123688, "label": "Ejea de los Caballeros"}, {"country": "Spain", "subcountry": "Basque Country", "geolabelid": 3123709, "label": "Eibar"}, {"country": "Spain", "subcountry": "Basque Country", "geolabelid": 3123773, "label": "Durango"}, {"country": "Spain", "subcountry": "Galicia", "geolabelid": 3124041, "label": "Culleredo"}, {"country": "Spain", "subcountry": "Castille-La Mancha", "geolabelid": 3124132, "label": "Cuenca"}, {"country": "Spain", "subcountry": "Madrid", "geolabelid": 3124408, "label": "Coslada"}, {"country": "Spain", "subcountry": "Catalonia", "geolabelid": 3124569, "label": "Cornell\u00e0 de Llobregat"}, {"country": "Spain", "subcountry": "Madrid", "geolabelid": 3124765, "label": "Colmenar Viejo"}, {"country": "Spain", "subcountry": "Madrid", "geolabelid": 3124794, "label": "Collado-Villalba"}, {"country": "Spain", "subcountry": "Madrid", "geolabelid": 3124964, "label": "Ciudad Lineal"}, {"country": "Spain", "subcountry": "Balearic Islands", "geolabelid": 3124967, "label": "Ciutadella"}, {"country": "Spain", "subcountry": "Madrid", "geolabelid": 3125082, "label": "Ciempozuelos"}, {"country": "Spain", "subcountry": "Madrid", "geolabelid": 3125239, "label": "Chamart\u00edn"}, {"country": "Spain", "subcountry": "Cantabria", "geolabelid": 3125621, "label": "Castro-Urdiales"}, {"country": "Spain", "subcountry": "Catalonia", "geolabelid": 3125897, "label": "Castelldefels"}, {"country": "Spain", "subcountry": "Catalonia", "geolabelid": 3125915, "label": "Castellar del Vall\u00e8s"}, {"country": "Spain", "subcountry": "Catalonia", "geolabelid": 3126317, "label": "Cardedeu"}, {"country": "Spain", "subcountry": "Galicia", "geolabelid": 3126369, "label": "Carballo"}, {"country": "Spain", "subcountry": "Catalonia", "geolabelid": 3126534, "label": "Canovelles"}, {"country": "Spain", "subcountry": "Galicia", "geolabelid": 3126577, "label": "Cangas do Morrazo"}, {"country": "Spain", "subcountry": "Catalonia", "geolabelid": 3126888, "label": "Cambrils"}, {"country": "Spain", "subcountry": "Galicia", "geolabelid": 3126890, "label": "Cambre"}, {"country": "Spain", "subcountry": "Cantabria", "geolabelid": 3126917, "label": "Camargo"}, {"country": "Spain", "subcountry": "Catalonia", "geolabelid": 3127007, "label": "Calella"}, {"country": "Spain", "subcountry": "Catalonia", "geolabelid": 3127035, "label": "Caldes de Montbui"}, {"country": "Spain", "subcountry": "Aragon", "geolabelid": 3127047, "label": "Calatayud"}, {"country": "Spain", "subcountry": "La Rioja", "geolabelid": 3127065, "label": "Calahorra"}, {"country": "Spain", "subcountry": "Catalonia", "geolabelid": 3127066, "label": "Calafell"}, {"country": "Spain", "subcountry": "Navarre", "geolabelid": 3127451, "label": "Burlata"}, {"country": "Spain", "subcountry": "Castille and Le\u00f3n", "geolabelid": 3127461, "label": "Burgos"}, {"country": "Spain", "subcountry": "Galicia", "geolabelid": 3127889, "label": "Boiro"}, {"country": "Spain", "subcountry": "Madrid", "geolabelid": 3127958, "label": "Boadilla del Monte"}, {"country": "Spain", "subcountry": "Catalonia", "geolabelid": 3127978, "label": "Blanes"}, {"country": "Spain", "subcountry": "Basque Country", "geolabelid": 3128026, "label": "Bilbao"}, {"country": "Spain", "subcountry": "Basque Country", "geolabelid": 3128174, "label": "Bermeo"}, {"country": "Spain", "subcountry": "Catalonia", "geolabelid": 3128201, "label": "Berga"}, {"country": "Spain", "subcountry": "Valencia", "geolabelid": 3128272, "label": "Benic\u00e0ssim"}, {"country": "Spain", "subcountry": "Valencia", "geolabelid": 3128273, "label": "Benicarl\u00f3"}, {"country": "Spain", "subcountry": "Castille and Le\u00f3n", "geolabelid": 3128291, "label": "Benavente"}, {"country": "Spain", "subcountry": "Castille and Le\u00f3n", "geolabelid": 3128382, "label": "B\u00e9jar"}, {"country": "Spain", "subcountry": "Catalonia", "geolabelid": 3128760, "label": "Barcelona"}, {"country": "Spain", "subcountry": "Aragon", "geolabelid": 3128795, "label": "Barbastro"}, {"country": "Spain", "subcountry": "Navarre", "geolabelid": 3128824, "label": "Bara\u00f1\u00e1in"}, {"country": "Spain", "subcountry": "Madrid", "geolabelid": 3128832, "label": "Barajas de Madrid"}, {"country": "Spain", "subcountry": "Catalonia", "geolabelid": 3128885, "label": "Banyoles"}, {"country": "Spain", "subcountry": "Catalonia", "geolabelid": 3128978, "label": "Balaguer"}, {"country": "Spain", "subcountry": "Catalonia", "geolabelid": 3129028, "label": "Badalona"}, {"country": "Spain", "subcountry": "Castille-La Mancha", "geolabelid": 3129046, "label": "Azuqueca de Henares"}, {"country": "Spain", "subcountry": "Asturias", "geolabelid": 3129135, "label": "Avil\u00e9s"}, {"country": "Spain", "subcountry": "Castille and Le\u00f3n", "geolabelid": 3129136, "label": "\u00c1vila"}, {"country": "Spain", "subcountry": "Galicia", "geolabelid": 3129329, "label": "Arteixo"}, {"country": "Spain", "subcountry": "Madrid", "geolabelid": 3129636, "label": "Arganda"}, {"country": "Spain", "subcountry": "Madrid", "geolabelid": 3129857, "label": "Aranjuez"}, {"country": "Spain", "subcountry": "Castille and Le\u00f3n", "geolabelid": 3129877, "label": "Aranda de Duero"}, {"country": "Spain", "subcountry": "Catalonia", "geolabelid": 3130131, "label": "Amposta"}, {"country": "Spain", "subcountry": "Basque Country", "geolabelid": 3130137, "label": "Amorebieta"}, {"country": "Spain", "subcountry": "Galicia", "geolabelid": 3130155, "label": "Am\u00e9s"}, {"country": "Spain", "subcountry": "Basque Country", "geolabelid": 3130380, "label": "Algorta"}, {"country": "Spain", "subcountry": "Madrid", "geolabelid": 3130383, "label": "Algete"}, {"country": "Spain", "subcountry": "Madrid", "geolabelid": 3130564, "label": "Alcorc\u00f3n"}, {"country": "Spain", "subcountry": "Madrid", "geolabelid": 3130583, "label": "Alcobendas"}, {"country": "Spain", "subcountry": "Aragon", "geolabelid": 3130606, "label": "Alca\u00f1iz"}, {"country": "Spain", "subcountry": "Madrid", "geolabelid": 3130616, "label": "Alcal\u00e1 de Henares"}, {"country": "Spain", "subcountry": "Catalonia", "geolabelid": 6252065, "label": "Nou Barris"}, {"country": "Spain", "subcountry": "Madrid", "geolabelid": 6324376, "label": "Pinar de Chamart\u00edn"}, {"country": "Spain", "subcountry": "Canary Islands", "geolabelid": 6354969, "label": "Playa del Ingles"}, {"country": "Spain", "subcountry": "Canary Islands", "geolabelid": 6355013, "label": "Puerto del Carmen"}, {"country": "Spain", "subcountry": "Ceuta", "geolabelid": 6362987, "label": "Ceuta"}, {"country": "Spain", "subcountry": "Madrid", "geolabelid": 6544099, "label": "Moncloa-Aravaca"}, {"country": "Spain", "subcountry": "Catalonia", "geolabelid": 6544100, "label": "Eixample"}, {"country": "Spain", "subcountry": "Catalonia", "geolabelid": 6544101, "label": "les Corts"}, {"country": "Spain", "subcountry": "Catalonia", "geolabelid": 6544102, "label": "Sarri\u00e0-Sant Gervasi"}, {"country": "Spain", "subcountry": "Catalonia", "geolabelid": 6544103, "label": "Horta-Guinard\u00f3"}, {"country": "Spain", "subcountry": "Catalonia", "geolabelid": 6544104, "label": "Sants-Montju\u00efc"}, {"country": "Spain", "subcountry": "Catalonia", "geolabelid": 6544105, "label": "Sant Mart\u00ed"}, {"country": "Spain", "subcountry": "Catalonia", "geolabelid": 6544106, "label": "Ciutat Vella"}, {"country": "Spain", "subcountry": "Madrid", "geolabelid": 6544487, "label": "Arganzuela"}, {"country": "Spain", "subcountry": "Madrid", "geolabelid": 6544488, "label": "San Blas"}, {"country": "Spain", "subcountry": "Madrid", "geolabelid": 6544489, "label": "Latina"}, {"country": "Spain", "subcountry": "Madrid", "geolabelid": 6544490, "label": "Usera"}, {"country": "Spain", "subcountry": "Madrid", "geolabelid": 6544491, "label": "Salamanca"}, {"country": "Spain", "subcountry": "Madrid", "geolabelid": 6544492, "label": "Chamber\u00ed"}, {"country": "Spain", "subcountry": "Madrid", "geolabelid": 6544493, "label": "Carabanchel"}, {"country": "Spain", "subcountry": "Madrid", "geolabelid": 6544494, "label": "City Center"}, {"country": "Spain", "subcountry": "Madrid", "geolabelid": 6544495, "label": "Retiro"}, {"country": "Spain", "subcountry": "Valencia", "geolabelid": 6559503, "label": "l'Alf\u00e0s del Pi"}, {"country": "Spain", "subcountry": "Andalusia", "geolabelid": 6559641, "label": "Las Gabias"}, {"country": "Spain", "subcountry": "Aragon", "geolabelid": 6615440, "label": "Delicias"}, {"country": "Spain", "subcountry": "Aragon", "geolabelid": 6615442, "label": "Almozara"}, {"country": "Spain", "subcountry": "Aragon", "geolabelid": 6615443, "label": "Montecanal"}, {"country": "Spain", "subcountry": "Aragon", "geolabelid": 6615444, "label": "Oliver-Valdefierro"}, {"country": "Spain", "subcountry": "Basque Country", "geolabelid": 6618856, "label": "Santutxu"}, {"country": "Spain", "subcountry": "Canary Islands", "geolabelid": 6692471, "label": "Los Realejos"}, {"country": "Spain", "subcountry": "Basque Country", "geolabelid": 6693088, "label": "Pasaia"}, {"country": "Spain", "subcountry": "Basque Country", "geolabelid": 6697039, "label": "Basauri"}, {"country": "Spain", "subcountry": "Catalonia", "geolabelid": 6943537, "label": "Llefi\u00e0"}, {"country": "Spain", "subcountry": "Asturias", "geolabelid": 7115111, "label": "Corvera de Asturias"}, {"country": "Spain", "subcountry": "Madrid", "geolabelid": 7577022, "label": "Tres Cantos"}, {"country": "Spain", "subcountry": "Navarre", "geolabelid": 8050879, "label": "Iturrama"}, {"country": "Spain", "subcountry": "Navarre", "geolabelid": 8050880, "label": "Ermitaga\u00f1a"}, {"country": "Spain", "subcountry": "Navarre", "geolabelid": 8050888, "label": "Primer Ensanche"}, {"country": "Spain", "subcountry": "Navarre", "geolabelid": 8050889, "label": "Segundo Ensanche"}, {"country": "Spain", "subcountry": "Madrid", "geolabelid": 8285534, "label": "Fuencarral-El Pardo"}, {"country": "Spain", "subcountry": "Madrid", "geolabelid": 8285535, "label": "Villa de Vallecas"}, {"country": "Spain", "subcountry": "Asturias", "geolabelid": 8629192, "label": "Natahoyo"}]