[{"country": "Venezuela", "subcountry": "Nueva Esparta", "geolabelid": 3480908, "label": "La Asunci\u00f3n"}, {"country": "Venezuela", "subcountry": "Anzo\u00e1tegui", "geolabelid": 3486270, "label": "Anaco"}, {"country": "Venezuela", "subcountry": "Barinas", "geolabelid": 3487903, "label": "Alto Barinas"}, {"country": "Venezuela", "subcountry": "Gu\u00e1rico", "geolabelid": 3625066, "label": "Zaraza"}, {"country": "Venezuela", "subcountry": "Yaracuy", "geolabelid": 3625207, "label": "Yaritagua"}, {"country": "Venezuela", "subcountry": "Aragua", "geolabelid": 3625341, "label": "Villa de Cura"}, {"country": "Venezuela", "subcountry": "Portuguesa", "geolabelid": 3625346, "label": "Villa Bruzual"}, {"country": "Venezuela", "subcountry": "Gu\u00e1rico", "geolabelid": 3625515, "label": "Valle de La Pascua"}, {"country": "Venezuela", "subcountry": "Trujillo", "geolabelid": 3625542, "label": "Valera"}, {"country": "Venezuela", "subcountry": "Carabobo", "geolabelid": 3625549, "label": "Valencia"}, {"country": "Venezuela", "subcountry": "Bol\u00edvar", "geolabelid": 3625710, "label": "Upata"}, {"country": "Venezuela", "subcountry": "Aragua", "geolabelid": 3625829, "label": "Turmero"}, {"country": "Venezuela", "subcountry": "Delta Amacuro", "geolabelid": 3625929, "label": "Tucupita"}, {"country": "Venezuela", "subcountry": "Trujillo", "geolabelid": 3625979, "label": "Trujillo"}, {"country": "Venezuela", "subcountry": "Cojedes", "geolabelid": 3626219, "label": "Tinaquillo"}, {"country": "Venezuela", "subcountry": "T\u00e1chira", "geolabelid": 3626402, "label": "T\u00e1riba"}, {"country": "Venezuela", "subcountry": "Miranda", "geolabelid": 3627047, "label": "Santa Teresa"}, {"country": "Venezuela", "subcountry": "Zulia", "geolabelid": 3627186, "label": "Santa Rita"}, {"country": "Venezuela", "subcountry": "Bol\u00edvar", "geolabelid": 3627382, "label": "Santa Elena de Uair\u00e9n"}, {"country": "Venezuela", "subcountry": "Aragua", "geolabelid": 3627968, "label": "San Mateo"}, {"country": "Venezuela", "subcountry": "Gu\u00e1rico", "geolabelid": 3628053, "label": "San Juan de los Morros"}, {"country": "Venezuela", "subcountry": "T\u00e1chira", "geolabelid": 3628060, "label": "San Juan de Col\u00f3n"}, {"country": "Venezuela", "subcountry": "Anzo\u00e1tegui", "geolabelid": 3628142, "label": "San Jos\u00e9 de Guanipa"}, {"country": "Venezuela", "subcountry": "Carabobo", "geolabelid": 3628267, "label": "San Joaqu\u00edn"}, {"country": "Venezuela", "subcountry": "Yaracuy", "geolabelid": 3628423, "label": "San Felipe"}, {"country": "Venezuela", "subcountry": "T\u00e1chira", "geolabelid": 3628473, "label": "San Crist\u00f3bal"}, {"country": "Venezuela", "subcountry": "Zulia", "geolabelid": 3628489, "label": "San Carlos del Zulia"}, {"country": "Venezuela", "subcountry": "Cojedes", "geolabelid": 3628503, "label": "San Carlos"}, {"country": "Venezuela", "subcountry": "T\u00e1chira", "geolabelid": 3628549, "label": "San Antonio del T\u00e1chira"}, {"country": "Venezuela", "subcountry": "Miranda", "geolabelid": 3628550, "label": "San Antonio de Los Altos"}, {"country": "Venezuela", "subcountry": "T\u00e1chira", "geolabelid": 3628952, "label": "Rubio"}, {"country": "Venezuela", "subcountry": "Zulia", "geolabelid": 3628966, "label": "La Villa del Rosario"}, {"country": "Venezuela", "subcountry": "Lara", "geolabelid": 3629419, "label": "Qu\u00edbor"}, {"country": "Venezuela", "subcountry": "Falc\u00f3n", "geolabelid": 3629576, "label": "Punto Fijo"}, {"country": "Venezuela", "subcountry": "Falc\u00f3n", "geolabelid": 3629614, "label": "Punta Card\u00f3n"}, {"country": "Venezuela", "subcountry": "Anzo\u00e1tegui", "geolabelid": 3629672, "label": "Puerto La Cruz"}, {"country": "Venezuela", "subcountry": "Carabobo", "geolabelid": 3629706, "label": "Puerto Cabello"}, {"country": "Venezuela", "subcountry": "Amazonas", "geolabelid": 3629710, "label": "Puerto Ayacucho"}, {"country": "Venezuela", "subcountry": "Nueva Esparta", "geolabelid": 3629965, "label": "Porlamar"}, {"country": "Venezuela", "subcountry": "Miranda", "geolabelid": 3630297, "label": "Petare"}, {"country": "Venezuela", "subcountry": "Aragua", "geolabelid": 3630932, "label": "Palo Negro"}, {"country": "Venezuela", "subcountry": "Miranda", "geolabelid": 3631412, "label": "Ocumare del Tuy"}, {"country": "Venezuela", "subcountry": "Yaracuy", "geolabelid": 3631507, "label": "Nirgua"}, {"country": "Venezuela", "subcountry": "M\u00e9rida", "geolabelid": 3631741, "label": "Mucumpiz"}, {"country": "Venezuela", "subcountry": "Carabobo", "geolabelid": 3631878, "label": "Mor\u00f3n"}, {"country": "Venezuela", "subcountry": "M\u00e9rida", "geolabelid": 3632308, "label": "M\u00e9rida"}, {"country": "Venezuela", "subcountry": "Carabobo", "geolabelid": 3632929, "label": "Mariara"}, {"country": "Venezuela", "subcountry": "Aragua", "geolabelid": 3632998, "label": "Maracay"}, {"country": "Venezuela", "subcountry": "Zulia", "geolabelid": 3633009, "label": "Maracaibo"}, {"country": "Venezuela", "subcountry": "Vargas", "geolabelid": 3633341, "label": "Maiquet\u00eda"}, {"country": "Venezuela", "subcountry": "Zulia", "geolabelid": 3633444, "label": "Machiques"}, {"country": "Venezuela", "subcountry": "Miranda", "geolabelid": 3633622, "label": "Los Teques"}, {"country": "Venezuela", "subcountry": "Lara", "geolabelid": 3633677, "label": "Los Rastrojos"}, {"country": "Venezuela", "subcountry": "Miranda", "geolabelid": 3634184, "label": "Los Dos Caminos"}, {"country": "Venezuela", "subcountry": "Aragua", "geolabelid": 3634922, "label": "La Victoria"}, {"country": "Venezuela", "subcountry": "Aragua", "geolabelid": 3635325, "label": "Las Tejer\u00edas"}, {"country": "Venezuela", "subcountry": "Zulia", "geolabelid": 3637623, "label": "Lagunillas"}, {"country": "Venezuela", "subcountry": "Vargas", "geolabelid": 3637721, "label": "La Guaira"}, {"country": "Venezuela", "subcountry": "Nueva Esparta", "geolabelid": 3639107, "label": "Juan Griego"}, {"country": "Venezuela", "subcountry": "Sucre", "geolabelid": 3639725, "label": "G\u00fciria"}, {"country": "Venezuela", "subcountry": "Carabobo", "geolabelid": 3639747, "label": "G\u00fcig\u00fce"}, {"country": "Venezuela", "subcountry": "Miranda", "geolabelid": 3639898, "label": "Guatire"}, {"country": "Venezuela", "subcountry": "Miranda", "geolabelid": 3640049, "label": "Guarenas"}, {"country": "Venezuela", "subcountry": "Portuguesa", "geolabelid": 3640226, "label": "Guanare"}, {"country": "Venezuela", "subcountry": "Carabobo", "geolabelid": 3640465, "label": "Guacara"}, {"country": "Venezuela", "subcountry": "M\u00e9rida", "geolabelid": 3641099, "label": "El Vig\u00eda"}, {"country": "Venezuela", "subcountry": "Lara", "geolabelid": 3641275, "label": "El Tocuyo"}, {"country": "Venezuela", "subcountry": "Anzo\u00e1tegui", "geolabelid": 3641351, "label": "El Tigre"}, {"country": "Venezuela", "subcountry": "Aragua", "geolabelid": 3642833, "label": "El Lim\u00f3n"}, {"country": "Venezuela", "subcountry": "Miranda", "geolabelid": 3643031, "label": "El Hatillo"}, {"country": "Venezuela", "subcountry": "M\u00e9rida", "geolabelid": 3644417, "label": "Ejido"}, {"country": "Venezuela", "subcountry": "Sucre", "geolabelid": 3644768, "label": "Cuman\u00e1"}, {"country": "Venezuela", "subcountry": "Miranda", "geolabelid": 3644918, "label": "C\u00faa"}, {"country": "Venezuela", "subcountry": "Falc\u00f3n", "geolabelid": 3645213, "label": "Coro"}, {"country": "Venezuela", "subcountry": "Bol\u00edvar", "geolabelid": 3645528, "label": "Ciudad Guayana"}, {"country": "Venezuela", "subcountry": "Bol\u00edvar", "geolabelid": 3645532, "label": "Ciudad Bol\u00edvar"}, {"country": "Venezuela", "subcountry": "Yaracuy", "geolabelid": 3645671, "label": "Chivacoa"}, {"country": "Venezuela", "subcountry": "Miranda", "geolabelid": 3645854, "label": "Charallave"}, {"country": "Venezuela", "subcountry": "Miranda", "geolabelid": 3645981, "label": "Chacao"}, {"country": "Venezuela", "subcountry": "Carabobo", "geolabelid": 3646062, "label": "Tacarigua"}, {"country": "Venezuela", "subcountry": "Miranda", "geolabelid": 3646169, "label": "Caucag\u00fcito"}, {"country": "Venezuela", "subcountry": "Vargas", "geolabelid": 3646190, "label": "Catia La Mar"}, {"country": "Venezuela", "subcountry": "Sucre", "geolabelid": 3646382, "label": "Car\u00fapano"}, {"country": "Venezuela", "subcountry": "Miranda", "geolabelid": 3646451, "label": "Carrizal"}, {"country": "Venezuela", "subcountry": "Lara", "geolabelid": 3646487, "label": "Carora"}, {"country": "Venezuela", "subcountry": "Capital", "geolabelid": 3646738, "label": "Caracas"}, {"country": "Venezuela", "subcountry": "Vargas", "geolabelid": 3646767, "label": "Caraballeda"}, {"country": "Venezuela", "subcountry": "Anzo\u00e1tegui", "geolabelid": 3646869, "label": "Cantaura"}, {"country": "Venezuela", "subcountry": "Gu\u00e1rico", "geolabelid": 3647444, "label": "Calabozo"}, {"country": "Venezuela", "subcountry": "Aragua", "geolabelid": 3647549, "label": "Cagua"}, {"country": "Venezuela", "subcountry": "Zulia", "geolabelid": 3647651, "label": "Cabimas"}, {"country": "Venezuela", "subcountry": "Miranda", "geolabelid": 3648439, "label": "Baruta"}, {"country": "Venezuela", "subcountry": "Lara", "geolabelid": 3648522, "label": "Barquisimeto"}, {"country": "Venezuela", "subcountry": "Barinas", "geolabelid": 3648540, "label": "Barinitas"}, {"country": "Venezuela", "subcountry": "Barinas", "geolabelid": 3648546, "label": "Barinas"}, {"country": "Venezuela", "subcountry": "Anzo\u00e1tegui", "geolabelid": 3648559, "label": "Barcelona"}, {"country": "Venezuela", "subcountry": "Portuguesa", "geolabelid": 3649017, "label": "Araure"}, {"country": "Venezuela", "subcountry": "Gu\u00e1rico", "geolabelid": 3649408, "label": "Altagracia de Orituco"}, {"country": "Venezuela", "subcountry": "Portuguesa", "geolabelid": 3649833, "label": "Acarigua"}, {"country": "Venezuela", "subcountry": "Monagas", "geolabelid": 3778045, "label": "Matur\u00edn"}, {"country": "Venezuela", "subcountry": "T\u00e1chira", "geolabelid": 3795152, "label": "La Fr\u00eda"}, {"country": "Venezuela", "subcountry": "Miranda", "geolabelid": 3803449, "label": "El Cafetal"}, {"country": "Venezuela", "subcountry": "Miranda", "geolabelid": 3803515, "label": "Caucaguita"}, {"country": "Venezuela", "subcountry": "Miranda", "geolabelid": 3803651, "label": "La Dolorita"}, {"country": "Venezuela", "subcountry": "Apure", "geolabelid": 3804949, "label": "Guasdualito"}, {"country": "Venezuela", "subcountry": "Apure", "geolabelid": 3805673, "label": "San Fernando de Apure"}]