[{"country": "Switzerland", "subcountry": "Zurich", "geolabelid": 2657896, "label": "Z\u00fcrich"}, {"country": "Switzerland", "subcountry": "Zug", "geolabelid": 2657908, "label": "Zug"}, {"country": "Switzerland", "subcountry": "Vaud", "geolabelid": 2657941, "label": "Yverdon-les-Bains"}, {"country": "Switzerland", "subcountry": "Zurich", "geolabelid": 2657970, "label": "Winterthur"}, {"country": "Switzerland", "subcountry": "Saint Gallen", "geolabelid": 2657996, "label": "Wil"}, {"country": "Switzerland", "subcountry": "Aargau", "geolabelid": 2658011, "label": "Wettingen"}, {"country": "Switzerland", "subcountry": "Vaud", "geolabelid": 2658145, "label": "Vevey"}, {"country": "Switzerland", "subcountry": "Geneva", "geolabelid": 2658154, "label": "Vernier"}, {"country": "Switzerland", "subcountry": "Zurich", "geolabelid": 2658216, "label": "Uster"}, {"country": "Switzerland", "subcountry": "Bern", "geolabelid": 2658377, "label": "Thun"}, {"country": "Switzerland", "subcountry": "Bern", "geolabelid": 2658494, "label": "Steffisburg"}, {"country": "Switzerland", "subcountry": "Valais", "geolabelid": 2658576, "label": "Sitten"}, {"country": "Switzerland", "subcountry": "Valais", "geolabelid": 2658606, "label": "Sierre"}, {"country": "Switzerland", "subcountry": "Zurich", "geolabelid": 2658656, "label": "Z\u00fcrich (Kreis 11) / Seebach"}, {"country": "Switzerland", "subcountry": "Schaffhausen", "geolabelid": 2658761, "label": "Schaffhausen"}, {"country": "Switzerland", "subcountry": "Saint Gallen", "geolabelid": 2658822, "label": "Sankt Gallen"}, {"country": "Switzerland", "subcountry": "Vaud", "geolabelid": 2659070, "label": "Renens"}, {"country": "Switzerland", "subcountry": "Saint Gallen", "geolabelid": 2659099, "label": "Rapperswil"}, {"country": "Switzerland", "subcountry": "Vaud", "geolabelid": 2659127, "label": "Pully"}, {"country": "Switzerland", "subcountry": "Geneva", "geolabelid": 2659296, "label": "Onex"}, {"country": "Switzerland", "subcountry": "Solothurn", "geolabelid": 2659297, "label": "Olten"}, {"country": "Switzerland", "subcountry": "Zurich", "geolabelid": 2659310, "label": "Z\u00fcrich (Kreis 11) / Oerlikon"}, {"country": "Switzerland", "subcountry": "Vaud", "geolabelid": 2659422, "label": "Nyon"}, {"country": "Switzerland", "subcountry": "Neuch\u00e2tel", "geolabelid": 2659496, "label": "Neuch\u00e2tel"}, {"country": "Switzerland", "subcountry": "Basel-Landschaft", "geolabelid": 2659522, "label": "Muttenz"}, {"country": "Switzerland", "subcountry": "Vaud", "geolabelid": 2659601, "label": "Montreux"}, {"country": "Switzerland", "subcountry": "Valais", "geolabelid": 2659613, "label": "Monthey"}, {"country": "Switzerland", "subcountry": "Geneva", "geolabelid": 2659667, "label": "Meyrin"}, {"country": "Switzerland", "subcountry": "Lucerne", "geolabelid": 2659811, "label": "Luzern"}, {"country": "Switzerland", "subcountry": "Ticino", "geolabelid": 2659836, "label": "Lugano"}, {"country": "Switzerland", "subcountry": "Lucerne", "geolabelid": 2659873, "label": "Littau"}, {"country": "Switzerland", "subcountry": "Vaud", "geolabelid": 2659977, "label": "Le Ch\u00e2telard"}, {"country": "Switzerland", "subcountry": "Vaud", "geolabelid": 2659994, "label": "Lausanne"}, {"country": "Switzerland", "subcountry": "Neuch\u00e2tel", "geolabelid": 2660076, "label": "La Chaux-de-Fonds"}, {"country": "Switzerland", "subcountry": "Lucerne", "geolabelid": 2660104, "label": "Kriens"}, {"country": "Switzerland", "subcountry": "Thurgau", "geolabelid": 2660108, "label": "Kreuzlingen"}, {"country": "Switzerland", "subcountry": "Bern", "geolabelid": 2660119, "label": "K\u00f6niz"}, {"country": "Switzerland", "subcountry": "Zurich", "geolabelid": 2660127, "label": "Kloten"}, {"country": "Switzerland", "subcountry": "Saint Gallen", "geolabelid": 2660221, "label": "Jona"}, {"country": "Switzerland", "subcountry": "Zurich", "geolabelid": 2660305, "label": "Horgen"}, {"country": "Switzerland", "subcountry": "Zurich", "geolabelid": 2660306, "label": "Z\u00fcrich (Kreis 10) / H\u00f6ngg"}, {"country": "Switzerland", "subcountry": "Appenzell Ausserrhoden", "geolabelid": 2660365, "label": "Herisau"}, {"country": "Switzerland", "subcountry": "Solothurn", "geolabelid": 2660512, "label": "Grenchen"}, {"country": "Switzerland", "subcountry": "Saint Gallen", "geolabelid": 2660549, "label": "Gossau"}, {"country": "Switzerland", "subcountry": "Geneva", "geolabelid": 2660646, "label": "Gen\u00e8ve"}, {"country": "Switzerland", "subcountry": "Fribourg", "geolabelid": 2660718, "label": "Fribourg"}, {"country": "Switzerland", "subcountry": "Thurgau", "geolabelid": 2660727, "label": "Frauenfeld"}, {"country": "Switzerland", "subcountry": "Lucerne", "geolabelid": 2660911, "label": "Emmen"}, {"country": "Switzerland", "subcountry": "Zurich", "geolabelid": 2660971, "label": "D\u00fcbendorf"}, {"country": "Switzerland", "subcountry": "Zurich", "geolabelid": 2661015, "label": "Dietikon"}, {"country": "Switzerland", "subcountry": "Grisons", "geolabelid": 2661169, "label": "Chur"}, {"country": "Switzerland", "subcountry": "Geneva", "geolabelid": 2661265, "label": "Carouge"}, {"country": "Switzerland", "subcountry": "Bern", "geolabelid": 2661513, "label": "Biel/Bienne"}, {"country": "Switzerland", "subcountry": "Bern", "geolabelid": 2661552, "label": "Bern"}, {"country": "Switzerland", "subcountry": "Ticino", "geolabelid": 2661567, "label": "Bellinzona"}, {"country": "Switzerland", "subcountry": "Basel-City", "geolabelid": 2661604, "label": "Basel"}, {"country": "Switzerland", "subcountry": "Aargau", "geolabelid": 2661646, "label": "Baden"}, {"country": "Switzerland", "subcountry": "Zug", "geolabelid": 2661653, "label": "Baar"}, {"country": "Switzerland", "subcountry": "Zurich", "geolabelid": 2661666, "label": "Z\u00fcrich (Kreis 4)"}, {"country": "Switzerland", "subcountry": "Basel-Landschaft", "geolabelid": 2661810, "label": "Allschwil"}, {"country": "Switzerland", "subcountry": "Zurich", "geolabelid": 2661861, "label": "Adliswil"}, {"country": "Switzerland", "subcountry": "Aargau", "geolabelid": 2661881, "label": "Aarau"}, {"country": "Switzerland", "subcountry": "Basel-City", "geolabelid": 3206590, "label": "Riehen"}, {"country": "Switzerland", "subcountry": "Zurich", "geolabelid": 6295475, "label": "Z\u00fcrich (Kreis 10) / Wipkingen"}, {"country": "Switzerland", "subcountry": "Zurich", "geolabelid": 6295484, "label": "Z\u00fcrich (Kreis 11) / Affoltern"}, {"country": "Switzerland", "subcountry": "Zurich", "geolabelid": 6295495, "label": "Z\u00fcrich (Kreis 2) / Wollishofen"}, {"country": "Switzerland", "subcountry": "Zurich", "geolabelid": 6295498, "label": "Z\u00fcrich (Kreis 3) / Sihlfeld"}, {"country": "Switzerland", "subcountry": "Zurich", "geolabelid": 6295504, "label": "Z\u00fcrich (Kreis 6) / Unterstrass"}, {"country": "Switzerland", "subcountry": "Zurich", "geolabelid": 6295512, "label": "Z\u00fcrich (Kreis 9) / Albisrieden"}, {"country": "Switzerland", "subcountry": "Zurich", "geolabelid": 6295513, "label": "Z\u00fcrich (Kreis 9) / Altstetten"}, {"country": "Switzerland", "subcountry": "Zurich", "geolabelid": 6295520, "label": "Stadt Winterthur (Kreis 1)"}, {"country": "Switzerland", "subcountry": "Zurich", "geolabelid": 6295523, "label": "Z\u00fcrich (Kreis 12)"}, {"country": "Switzerland", "subcountry": "Zurich", "geolabelid": 6295531, "label": "Seen (Kreis 3)"}, {"country": "Switzerland", "subcountry": "Zurich", "geolabelid": 6295532, "label": "Z\u00fcrich (Kreis 3)"}, {"country": "Switzerland", "subcountry": "Zurich", "geolabelid": 6295533, "label": "Z\u00fcrich (Kreis 11)"}, {"country": "Switzerland", "subcountry": "Zurich", "geolabelid": 6295534, "label": "Z\u00fcrich (Kreis 9)"}, {"country": "Switzerland", "subcountry": "Zurich", "geolabelid": 6295536, "label": "Oberwinterthur (Kreis 2)"}, {"country": "Switzerland", "subcountry": "Zurich", "geolabelid": 6295539, "label": "Z\u00fcrich (Kreis 10)"}, {"country": "Switzerland", "subcountry": "Zurich", "geolabelid": 6295540, "label": "Z\u00fcrich (Kreis 2)"}, {"country": "Switzerland", "subcountry": "Zurich", "geolabelid": 6295542, "label": "Z\u00fcrich (Kreis 8)"}, {"country": "Switzerland", "subcountry": "Zurich", "geolabelid": 6295548, "label": "Z\u00fcrich (Kreis 7)"}, {"country": "Switzerland", "subcountry": "Zurich", "geolabelid": 6295550, "label": "Z\u00fcrich (Kreis 6)"}, {"country": "Switzerland", "subcountry": "Geneva", "geolabelid": 6691640, "label": "Lancy"}]