[{"country": "Honduras", "subcountry": "Cort\u00e9s", "geolabelid": 3600026, "label": "Puerto Cortez"}, {"country": "Honduras", "subcountry": "Yoro", "geolabelid": 3600195, "label": "Yoro"}, {"country": "Honduras", "subcountry": "Cort\u00e9s", "geolabelid": 3600327, "label": "Villanueva"}, {"country": "Honduras", "subcountry": "Col\u00f3n", "geolabelid": 3600704, "label": "Tocoa"}, {"country": "Honduras", "subcountry": "Atl\u00e1ntida", "geolabelid": 3600931, "label": "Tela"}, {"country": "Honduras", "subcountry": "Francisco Moraz\u00e1n", "geolabelid": 3600949, "label": "Tegucigalpa"}, {"country": "Honduras", "subcountry": "Comayagua", "geolabelid": 3601311, "label": "Siguatepeque"}, {"country": "Honduras", "subcountry": "Cop\u00e1n", "geolabelid": 3601494, "label": "Santa Rosa de Cop\u00e1n"}, {"country": "Honduras", "subcountry": "Santa B\u00e1rbara", "geolabelid": 3601691, "label": "Santa B\u00e1rbara"}, {"country": "Honduras", "subcountry": "Cort\u00e9s", "geolabelid": 3601782, "label": "San Pedro Sula"}, {"country": "Honduras", "subcountry": "Valle", "geolabelid": 3601977, "label": "San Lorenzo"}, {"country": "Honduras", "subcountry": "Cort\u00e9s", "geolabelid": 3603330, "label": "Potrerillos"}, {"country": "Honduras", "subcountry": "Yoro", "geolabelid": 3604251, "label": "Olanchito"}, {"country": "Honduras", "subcountry": "La Paz", "geolabelid": 3607254, "label": "La Paz"}, {"country": "Honduras", "subcountry": "Cort\u00e9s", "geolabelid": 3607511, "label": "La Lima"}, {"country": "Honduras", "subcountry": "Atl\u00e1ntida", "geolabelid": 3608248, "label": "La Ceiba"}, {"country": "Honduras", "subcountry": "Olancho", "geolabelid": 3608503, "label": "Juticalpa"}, {"country": "Honduras", "subcountry": "Yoro", "geolabelid": 3610613, "label": "El Progreso"}, {"country": "Honduras", "subcountry": "El Para\u00edso", "geolabelid": 3610965, "label": "El Para\u00edso"}, {"country": "Honduras", "subcountry": "El Para\u00edso", "geolabelid": 3612907, "label": "Danl\u00ed"}, {"country": "Honduras", "subcountry": "Comayagua", "geolabelid": 3613321, "label": "Comayagua"}, {"country": "Honduras", "subcountry": "Cort\u00e9s", "geolabelid": 3613394, "label": "Cofrad\u00eda"}, {"country": "Honduras", "subcountry": "Choluteca", "geolabelid": 3613528, "label": "Ciudad Choluteca"}, {"country": "Honduras", "subcountry": "Cort\u00e9s", "geolabelid": 3613533, "label": "Choloma"}]