[{"country": "Eritrea", "subcountry": "Northern Red Sea Region", "geolabelid": 330546, "label": "Massawa"}, {"country": "Eritrea", "subcountry": "\u0100nseba", "geolabelid": 333287, "label": "Keren"}, {"country": "Eritrea", "subcountry": "Gash Barka", "geolabelid": 342711, "label": "Barentu"}, {"country": "Eritrea", "subcountry": "Ma\u02bc\u0101kel", "geolabelid": 343300, "label": "Asmara"}, {"country": "Eritrea", "subcountry": "Debubaw\u012b K\u02bceyih Bahr\u012b", "geolabelid": 343386, "label": "Assab"}, {"country": "Eritrea", "subcountry": "Debub", "geolabelid": 344901, "label": "Mendefera"}]