[{"country": "Gambia", "subcountry": "Western", "geolabelid": 2411880, "label": "Sukuta"}, {"country": "Gambia", "subcountry": "North Bank", "geolabelid": 2412749, "label": "Lamin"}, {"country": "Gambia", "subcountry": "North Bank", "geolabelid": 2413515, "label": "Farafenni"}, {"country": "Gambia", "subcountry": "Western", "geolabelid": 2413753, "label": "Brikama"}, {"country": "Gambia", "subcountry": "Banjul", "geolabelid": 2413876, "label": "Banjul"}, {"country": "Gambia", "subcountry": "Banjul", "geolabelid": 2413920, "label": "Bakau"}]