[{"country": "Uganda", "subcountry": "Northern Region", "geolabelid": 225835, "label": "Yumbe"}, {"country": "Uganda", "subcountry": "Central Region", "geolabelid": 225858, "label": "Wobulenzi"}, {"country": "Uganda", "subcountry": "Central Region", "geolabelid": 225964, "label": "Wakiso"}, {"country": "Uganda", "subcountry": "Eastern Region", "geolabelid": 226110, "label": "Tororo"}, {"country": "Uganda", "subcountry": "Eastern Region", "geolabelid": 226234, "label": "Soroti"}, {"country": "Uganda", "subcountry": "Eastern Region", "geolabelid": 226823, "label": "Pallisa"}, {"country": "Uganda", "subcountry": "Northern Region", "geolabelid": 226853, "label": "Paidha"}, {"country": "Uganda", "subcountry": "Western Region", "geolabelid": 227528, "label": "Nyachera"}, {"country": "Uganda", "subcountry": "Western Region", "geolabelid": 227592, "label": "Ntungamo"}, {"country": "Uganda", "subcountry": "Western Region", "geolabelid": 227593, "label": "Ntungamo"}, {"country": "Uganda", "subcountry": "Central Region", "geolabelid": 227812, "label": "Njeru"}, {"country": "Uganda", "subcountry": "Northern Region", "geolabelid": 227904, "label": "Nebbi"}, {"country": "Uganda", "subcountry": "Central Region", "geolabelid": 228227, "label": "Namasuba"}, {"country": "Uganda", "subcountry": "Central Region", "geolabelid": 228853, "label": "Mukono"}, {"country": "Uganda", "subcountry": "Central Region", "geolabelid": 228971, "label": "Mubende"}, {"country": "Uganda", "subcountry": "Northern Region", "geolabelid": 229059, "label": "Moyo"}, {"country": "Uganda", "subcountry": "Central Region", "geolabelid": 229139, "label": "Mityana"}, {"country": "Uganda", "subcountry": "Western Region", "geolabelid": 229268, "label": "Mbarara"}, {"country": "Uganda", "subcountry": "Eastern Region", "geolabelid": 229278, "label": "Mbale"}, {"country": "Uganda", "subcountry": "Western Region", "geolabelid": 229362, "label": "Masindi"}, {"country": "Uganda", "subcountry": "Central Region", "geolabelid": 229380, "label": "Masaka"}, {"country": "Uganda", "subcountry": "Central Region", "geolabelid": 229746, "label": "Luwero"}, {"country": "Uganda", "subcountry": "Central Region", "geolabelid": 229911, "label": "Lugazi"}, {"country": "Uganda", "subcountry": "Northern Region", "geolabelid": 230166, "label": "Lira"}, {"country": "Uganda", "subcountry": "Western Region", "geolabelid": 230299, "label": "Kyenjojo"}, {"country": "Uganda", "subcountry": "Northern Region", "geolabelid": 230617, "label": "Kotido"}, {"country": "Uganda", "subcountry": "Northern Region", "geolabelid": 230893, "label": "Kitgum"}, {"country": "Uganda", "subcountry": "Central Region", "geolabelid": 231139, "label": "Kireka"}, {"country": "Uganda", "subcountry": "Central Region", "geolabelid": 231696, "label": "Kayunga"}, {"country": "Uganda", "subcountry": "Western Region", "geolabelid": 232066, "label": "Kasese"}, {"country": "Uganda", "subcountry": "Western Region", "geolabelid": 232371, "label": "Kamwenge"}, {"country": "Uganda", "subcountry": "Central Region", "geolabelid": 232422, "label": "Kampala"}, {"country": "Uganda", "subcountry": "Western Region", "geolabelid": 233070, "label": "Kabale"}, {"country": "Uganda", "subcountry": "Eastern Region", "geolabelid": 233114, "label": "Jinja"}, {"country": "Uganda", "subcountry": "Eastern Region", "geolabelid": 233275, "label": "Iganga"}, {"country": "Uganda", "subcountry": "Western Region", "geolabelid": 233312, "label": "Hoima"}, {"country": "Uganda", "subcountry": "Northern Region", "geolabelid": 233346, "label": "Gulu"}, {"country": "Uganda", "subcountry": "Western Region", "geolabelid": 233476, "label": "Fort Portal"}, {"country": "Uganda", "subcountry": "Central Region", "geolabelid": 233508, "label": "Entebbe"}, {"country": "Uganda", "subcountry": "Western Region", "geolabelid": 233730, "label": "Bwizibwera"}, {"country": "Uganda", "subcountry": "Eastern Region", "geolabelid": 233886, "label": "Buwenge"}, {"country": "Uganda", "subcountry": "Eastern Region", "geolabelid": 234077, "label": "Busia"}, {"country": "Uganda", "subcountry": "Eastern Region", "geolabelid": 234092, "label": "Busembatia"}, {"country": "Uganda", "subcountry": "Western Region", "geolabelid": 234178, "label": "Bundibugyo"}, {"country": "Uganda", "subcountry": "Eastern Region", "geolabelid": 234565, "label": "Bugiri"}, {"country": "Uganda", "subcountry": "Northern Region", "geolabelid": 235039, "label": "Arua"}, {"country": "Uganda", "subcountry": "Northern Region", "geolabelid": 235489, "label": "Adjumani"}]