[{"country": "Namibia", "subcountry": "Zambezi", "geolabelid": 877178, "label": "Katima Mulilo"}, {"country": "Namibia", "subcountry": "Khomas", "geolabelid": 3352136, "label": "Windhoek"}, {"country": "Namibia", "subcountry": "Erongo", "geolabelid": 3352844, "label": "Swakopmund"}, {"country": "Namibia", "subcountry": "Kavango East", "geolabelid": 3353383, "label": "Rundu"}, {"country": "Namibia", "subcountry": "Hardap", "geolabelid": 3353540, "label": "Rehoboth"}, {"country": "Namibia", "subcountry": "Otjozondjupa", "geolabelid": 3353811, "label": "Otjiwarongo"}, {"country": "Namibia", "subcountry": "Oshana", "geolabelid": 3354021, "label": "Oshakati"}, {"country": "Namibia", "subcountry": "Otjozondjupa", "geolabelid": 3354898, "label": "Okahandja"}, {"country": "Namibia", "subcountry": "Karas", "geolabelid": 3355672, "label": "L\u00fcderitz"}, {"country": "Namibia", "subcountry": "Karas", "geolabelid": 3356264, "label": "Keetmanshoop"}, {"country": "Namibia", "subcountry": "Otjozondjupa", "geolabelid": 3357114, "label": "Grootfontein"}, {"country": "Namibia", "subcountry": "Omaheke", "geolabelid": 3357247, "label": "Gobabis"}, {"country": "Namibia", "subcountry": "Erongo", "geolabelid": 3359638, "label": "Walvis Bay"}]