[{"country": "Haiti", "subcountry": "Artibonite", "geolabelid": 3716044, "label": "Verrettes"}, {"country": "Haiti", "subcountry": "Ouest", "geolabelid": 3716667, "label": "Thomazeau"}, {"country": "Haiti", "subcountry": "Nord", "geolabelid": 3717546, "label": "Saint-Rapha\u00ebl"}, {"country": "Haiti", "subcountry": "Artibonite", "geolabelid": 3717588, "label": "Saint-Marc"}, {"country": "Haiti", "subcountry": "Nord-Ouest", "geolabelid": 3718420, "label": "Port-de-Paix"}, {"country": "Haiti", "subcountry": "Ouest", "geolabelid": 3718426, "label": "Port-au-Prince"}, {"country": "Haiti", "subcountry": "Ouest", "geolabelid": 3718962, "label": "Tigwav"}, {"country": "Haiti", "subcountry": "Ouest", "geolabelid": 3719028, "label": "P\u00e9tionville"}, {"country": "Haiti", "subcountry": "Nippes", "geolabelid": 3720824, "label": "Mirago\u00e2ne"}, {"country": "Haiti", "subcountry": "Nord", "geolabelid": 3722124, "label": "Lenbe"}, {"country": "Haiti", "subcountry": "Ouest", "geolabelid": 3722286, "label": "L\u00e9og\u00e2ne"}, {"country": "Haiti", "subcountry": "Ouest", "geolabelid": 3723440, "label": "Kenscoff"}, {"country": "Haiti", "subcountry": "Grand\u02bcAnse", "geolabelid": 3723593, "label": "J\u00e9r\u00e9mie"}, {"country": "Haiti", "subcountry": "Sud-Est", "geolabelid": 3723779, "label": "Jacmel"}, {"country": "Haiti", "subcountry": "Centre", "geolabelid": 3723841, "label": "Hinche"}, {"country": "Haiti", "subcountry": "Ouest", "geolabelid": 3724233, "label": "Gressier"}, {"country": "Haiti", "subcountry": "Ouest", "geolabelid": 3724337, "label": "Grangwav"}, {"country": "Haiti", "subcountry": "Artibonite", "geolabelid": 3724696, "label": "Gonayiv"}, {"country": "Haiti", "subcountry": "Ouest", "geolabelid": 3725276, "label": "Fond Parisien"}, {"country": "Haiti", "subcountry": "Artibonite", "geolabelid": 3726674, "label": "D\u00e9sarmes"}, {"country": "Haiti", "subcountry": "Ouest", "geolabelid": 3726786, "label": "Delmas 73"}, {"country": "Haiti", "subcountry": "Ouest", "geolabelid": 3727135, "label": "Croix des Bouquets"}, {"country": "Haiti", "subcountry": "Sud", "geolabelid": 3728097, "label": "Les Cayes"}, {"country": "Haiti", "subcountry": "Ouest", "geolabelid": 3728338, "label": "Carrefour"}, {"country": "Haiti", "subcountry": "Nord", "geolabelid": 3728474, "label": "Okap"}, {"country": "Haiti", "subcountry": "Nord-Ouest", "geolabelid": 3740016, "label": "Ti Port-de-Paix"}]