[{"country": "Ivory Coast", "subcountry": "Marahou\u00e9", "geolabelid": 2279172, "label": "Zu\u00e9noula"}, {"country": "Ivory Coast", "subcountry": "Lacs", "geolabelid": 2279755, "label": "Yamoussoukro"}, {"country": "Ivory Coast", "subcountry": "Haut-Sassandra", "geolabelid": 2280045, "label": "Vavoua"}, {"country": "Ivory Coast", "subcountry": "Lacs", "geolabelid": 2280316, "label": "Toumodi"}, {"country": "Ivory Coast", "subcountry": "Bafing", "geolabelid": 2280376, "label": "Touba"}, {"country": "Ivory Coast", "subcountry": "Savanes", "geolabelid": 2280589, "label": "Tengrela"}, {"country": "Ivory Coast", "subcountry": "Lagunes", "geolabelid": 2280761, "label": "Tiassal\u00e9"}, {"country": "Ivory Coast", "subcountry": "Zanzan", "geolabelid": 2280995, "label": "Tanda"}, {"country": "Ivory Coast", "subcountry": "Bas-Sassandra", "geolabelid": 2281120, "label": "Tabou"}, {"country": "Ivory Coast", "subcountry": "Zanzan", "geolabelid": 2281606, "label": "Sinfra"}, {"country": "Ivory Coast", "subcountry": "Bas-Sassandra", "geolabelid": 2281951, "label": "Sassandra"}, {"country": "Ivory Coast", "subcountry": "Bas-Sassandra", "geolabelid": 2282006, "label": "San-P\u00e9dro"}, {"country": "Ivory Coast", "subcountry": "Vall\u00e9e du Bandama", "geolabelid": 2282178, "label": "Sakassou"}, {"country": "Ivory Coast", "subcountry": "Fromager", "geolabelid": 2282827, "label": "Oum\u00e9"}, {"country": "Ivory Coast", "subcountry": "Dengu\u00e9l\u00e9", "geolabelid": 2283016, "label": "Odienn\u00e9"}, {"country": "Ivory Coast", "subcountry": "Worodougou", "geolabelid": 2284589, "label": "Mankono"}, {"country": "Ivory Coast", "subcountry": "Dix-Huit Montagnes", "geolabelid": 2284647, "label": "Man"}, {"country": "Ivory Coast", "subcountry": "Sud-Bandama", "geolabelid": 2285449, "label": "Lakota"}, {"country": "Ivory Coast", "subcountry": "Savanes", "geolabelid": 2286304, "label": "Korhogo"}, {"country": "Ivory Coast", "subcountry": "Vall\u00e9e du Bandama", "geolabelid": 2287298, "label": "Katiola"}, {"country": "Ivory Coast", "subcountry": "Haut-Sassandra", "geolabelid": 2287790, "label": "Issia"}, {"country": "Ivory Coast", "subcountry": "Dix-Huit Montagnes", "geolabelid": 2287958, "label": "Guiglo"}, {"country": "Ivory Coast", "subcountry": "Sud-Como\u00e9", "geolabelid": 2288115, "label": "Grand-Bassam"}, {"country": "Ivory Coast", "subcountry": "Lagunes", "geolabelid": 2288118, "label": "Affery"}, {"country": "Ivory Coast", "subcountry": "Fromager", "geolabelid": 2288829, "label": "Gagnoa"}, {"country": "Ivory Coast", "subcountry": "Savanes", "geolabelid": 2289049, "label": "Ferkess\u00e9dougou"}, {"country": "Ivory Coast", "subcountry": "Dix-Huit Montagnes", "geolabelid": 2289549, "label": "Duekou\u00e9"}, {"country": "Ivory Coast", "subcountry": "Sud-Bandama", "geolabelid": 2289887, "label": "Divo"}, {"country": "Ivory Coast", "subcountry": "Lacs", "geolabelid": 2289983, "label": "Dimbokro"}, {"country": "Ivory Coast", "subcountry": "N\u02bczi-Como\u00e9", "geolabelid": 2290412, "label": "Daoukro"}, {"country": "Ivory Coast", "subcountry": "Dix-Huit Montagnes", "geolabelid": 2290462, "label": "Danan\u00e9"}, {"country": "Ivory Coast", "subcountry": "Haut-Sassandra", "geolabelid": 2290486, "label": "Daloa"}, {"country": "Ivory Coast", "subcountry": "Lagunes", "geolabelid": 2290582, "label": "Dabou"}, {"country": "Ivory Coast", "subcountry": "Savanes", "geolabelid": 2290836, "label": "Boundiali"}, {"country": "Ivory Coast", "subcountry": "Zanzan", "geolabelid": 2290849, "label": "Bouna"}, {"country": "Ivory Coast", "subcountry": "Vall\u00e9e du Bandama", "geolabelid": 2290956, "label": "Bouak\u00e9"}, {"country": "Ivory Coast", "subcountry": "Marahou\u00e9", "geolabelid": 2290964, "label": "Bouafl\u00e9"}, {"country": "Ivory Coast", "subcountry": "Sud-Como\u00e9", "geolabelid": 2291087, "label": "Bonoua"}, {"country": "Ivory Coast", "subcountry": "Lacs", "geolabelid": 2291113, "label": "Bongouanou"}, {"country": "Ivory Coast", "subcountry": "Zanzan", "geolabelid": 2291136, "label": "Bondoukou"}, {"country": "Ivory Coast", "subcountry": "Lagunes", "geolabelid": 2291580, "label": "Bingerville"}, {"country": "Ivory Coast", "subcountry": "Dix-Huit Montagnes", "geolabelid": 2291666, "label": "Biankouma"}, {"country": "Ivory Coast", "subcountry": "Vall\u00e9e du Bandama", "geolabelid": 2291779, "label": "B\u00e9oumi"}, {"country": "Ivory Coast", "subcountry": "Dix-Huit Montagnes", "geolabelid": 2292179, "label": "Bangolo"}, {"country": "Ivory Coast", "subcountry": "Lacs", "geolabelid": 2292755, "label": "Arrah"}, {"country": "Ivory Coast", "subcountry": "Lagunes", "geolabelid": 2292852, "label": "Anyama"}, {"country": "Ivory Coast", "subcountry": "Lagunes", "geolabelid": 2293107, "label": "Akoup\u00e9"}, {"country": "Ivory Coast", "subcountry": "Moyen-Como\u00e9", "geolabelid": 2293260, "label": "Agnibil\u00e9krou"}, {"country": "Ivory Coast", "subcountry": "Agn\u00e9by", "geolabelid": 2293268, "label": "Agboville"}, {"country": "Ivory Coast", "subcountry": "Lagunes", "geolabelid": 2293342, "label": "Adzop\u00e9"}, {"country": "Ivory Coast", "subcountry": "Sud-Como\u00e9", "geolabelid": 2293428, "label": "Adiak\u00e9"}, {"country": "Ivory Coast", "subcountry": "Sud-Como\u00e9", "geolabelid": 2293507, "label": "Aboisso"}, {"country": "Ivory Coast", "subcountry": "Lagunes", "geolabelid": 2293521, "label": "Abobo"}, {"country": "Ivory Coast", "subcountry": "Lagunes", "geolabelid": 2293538, "label": "Abidjan"}, {"country": "Ivory Coast", "subcountry": "Moyen-Como\u00e9", "geolabelid": 2293549, "label": "Abengourou"}, {"country": "Ivory Coast", "subcountry": "Worodougou", "geolabelid": 2596934, "label": "S\u00e9gu\u00e9la"}, {"country": "Ivory Coast", "subcountry": "Bas-Sassandra", "geolabelid": 2598243, "label": "Soubr\u00e9"}]