[{"country": "Egypt", "subcountry": "Mu\u1e29\u0101faz\u0327at al Gharb\u012byah", "geolabelid": 346030, "label": "Zift\u00e1"}, {"country": "Egypt", "subcountry": "Mu\u1e29\u0101faz\u0327at al Qaly\u016bb\u012byah", "geolabelid": 347236, "label": "Toukh"}, {"country": "Egypt", "subcountry": "Mu\u1e29\u0101faz\u0327at al Gharb\u012byah", "geolabelid": 347497, "label": "Tanda"}, {"country": "Egypt", "subcountry": "Mu\u1e29\u0101faz\u0327at al Fayy\u016bm", "geolabelid": 347542, "label": "\u0162\u0101miyah"}, {"country": "Egypt", "subcountry": "Mu\u1e29\u0101faz\u0327at ad Daqahl\u012byah", "geolabelid": 347591, "label": "\u0162alkh\u0101"}, {"country": "Egypt", "subcountry": "Mu\u1e29\u0101faz\u0327at al Min\u016bf\u012byah", "geolabelid": 347612, "label": "Tal\u0101"}, {"country": "Egypt", "subcountry": "S\u016bh\u0101j", "geolabelid": 347634, "label": "\u0162ah\u0163\u0101"}, {"country": "Egypt", "subcountry": "Mu\u1e29\u0101faz\u0327at Ban\u012b Suwayf", "geolabelid": 347749, "label": "Sumus\u0163\u0101 as Sul\u0163\u0101n\u012b"}, {"country": "Egypt", "subcountry": "S\u016bh\u0101j", "geolabelid": 347796, "label": "Sohag"}, {"country": "Egypt", "subcountry": "Kafr ash Shaykh", "geolabelid": 348112, "label": "S\u012bd\u012b S\u0101lim"}, {"country": "Egypt", "subcountry": "Mu\u1e29\u0101faz\u0327at ad Daqahl\u012byah", "geolabelid": 349114, "label": "Shirb\u012bn"}, {"country": "Egypt", "subcountry": "Mu\u1e29\u0101faz\u0327at al Qaly\u016bb\u012byah", "geolabelid": 349156, "label": "Shib\u012bn al Qan\u0101\u0163ir"}, {"country": "Egypt", "subcountry": "Mu\u1e29\u0101faz\u0327at al Min\u016bf\u012byah", "geolabelid": 349158, "label": "Shib\u012bn al Kawm"}, {"country": "Egypt", "subcountry": "Mu\u1e29\u0101faz\u0327at al Gharb\u012byah", "geolabelid": 349715, "label": "Samann\u016bd"}, {"country": "Egypt", "subcountry": "Al Miny\u0101", "geolabelid": 349717, "label": "Sam\u0101l\u016b\u0163"}, {"country": "Egypt", "subcountry": "Al Bu\u1e29ayrah", "geolabelid": 350203, "label": "Rosetta"}, {"country": "Egypt", "subcountry": "Red Sea", "geolabelid": 350207, "label": "Ras Gharib"}, {"country": "Egypt", "subcountry": "Mu\u1e29\u0101faz\u0327at al Min\u016bf\u012byah", "geolabelid": 350370, "label": "Quwaysin\u0101"}, {"country": "Egypt", "subcountry": "Mu\u1e29\u0101faz\u0327at al Gharb\u012byah", "geolabelid": 350376, "label": "Qu\u0163\u016br"}, {"country": "Egypt", "subcountry": "Qin\u0101", "geolabelid": 350422, "label": "Kousa"}, {"country": "Egypt", "subcountry": "Qin\u0101", "geolabelid": 350550, "label": "Qin\u0101"}, {"country": "Egypt", "subcountry": "Mu\u1e29\u0101faz\u0327at al Qaly\u016bb\u012byah", "geolabelid": 350789, "label": "Qaly\u016bb"}, {"country": "Egypt", "subcountry": "Qin\u0101", "geolabelid": 351434, "label": "Naj\u2018 \u1e28amm\u0101d\u012b"}, {"country": "Egypt", "subcountry": "Mu\u1e29\u0101faz\u0327at ad Daqahl\u012byah", "geolabelid": 352344, "label": "Minyat an Na\u015fr"}, {"country": "Egypt", "subcountry": "Mu\u1e29\u0101faz\u0327at al Min\u016bf\u012byah", "geolabelid": 352354, "label": "Min\u016bf"}, {"country": "Egypt", "subcountry": "Al Miny\u0101", "geolabelid": 352628, "label": "Ma\u0163\u0101y"}, {"country": "Egypt", "subcountry": "Eastern Province", "geolabelid": 352679, "label": "Masht\u016bl as S\u016bq"}, {"country": "Egypt", "subcountry": "Mu\u1e29\u0101faz\u0327at Ma\u0163r\u016b\u1e29", "geolabelid": 352733, "label": "Mersa Matruh"}, {"country": "Egypt", "subcountry": "Asy\u016b\u0163", "geolabelid": 352913, "label": "Manfal\u016b\u0163"}, {"country": "Egypt", "subcountry": "Al Miny\u0101", "geolabelid": 352951, "label": "Mallaw\u012b"}, {"country": "Egypt", "subcountry": "Al J\u012bzah", "geolabelid": 353219, "label": "Mad\u012bnat Sittah Ukt\u016bbar"}, {"country": "Egypt", "subcountry": "Asw\u0101n", "geolabelid": 353802, "label": "Kawm Umb\u016b"}, {"country": "Egypt", "subcountry": "Al Bu\u1e29ayrah", "geolabelid": 353828, "label": "Kawm \u1e28am\u0101dah"}, {"country": "Egypt", "subcountry": "Eastern Province", "geolabelid": 354105, "label": "Kafr \u015eaqr"}, {"country": "Egypt", "subcountry": "Mu\u1e29\u0101faz\u0327at al Gharb\u012byah", "geolabelid": 354365, "label": "Kafr az Zayy\u0101t"}, {"country": "Egypt", "subcountry": "Kafr ash Shaykh", "geolabelid": 354502, "label": "Kafr ash Shaykh"}, {"country": "Egypt", "subcountry": "Al Bu\u1e29ayrah", "geolabelid": 354775, "label": "Kafr ad Daww\u0101r"}, {"country": "Egypt", "subcountry": "S\u016bh\u0101j", "geolabelid": 354981, "label": "Juhaynah"}, {"country": "Egypt", "subcountry": "S\u016bh\u0101j", "geolabelid": 355026, "label": "Jirj\u0101"}, {"country": "Egypt", "subcountry": "Mu\u1e29\u0101faz\u0327at ad Daqahl\u012byah", "geolabelid": 355392, "label": "\u2018Izbat al Burj"}, {"country": "Egypt", "subcountry": "Mu\u1e29\u0101faz\u0327at al Fayy\u016bm", "geolabelid": 355420, "label": "I\u0163s\u0101"}, {"country": "Egypt", "subcountry": "Qin\u0101", "geolabelid": 355449, "label": "Isn\u0101"}, {"country": "Egypt", "subcountry": "Al Bu\u1e29ayrah", "geolabelid": 355628, "label": "Idk\u016b"}, {"country": "Egypt", "subcountry": "Asw\u0101n", "geolabelid": 355635, "label": "Idf\u016b"}, {"country": "Egypt", "subcountry": "Mu\u1e29\u0101faz\u0327at al Fayy\u016bm", "geolabelid": 355648, "label": "Ibshaw\u0101y"}, {"country": "Egypt", "subcountry": "Cairo Governorate", "geolabelid": 355795, "label": "\u1e28alw\u0101n"}, {"country": "Egypt", "subcountry": "Eastern Province", "geolabelid": 355939, "label": "Hihy\u0101"}, {"country": "Egypt", "subcountry": "Al Bu\u1e29ayrah", "geolabelid": 356000, "label": "\u1e28awsh \u2018\u012as\u00e1"}, {"country": "Egypt", "subcountry": "Kafr ash Shaykh", "geolabelid": 356806, "label": "Fuwwah"}, {"country": "Egypt", "subcountry": "Qin\u0101", "geolabelid": 356933, "label": "Farsh\u016b\u0163"}, {"country": "Egypt", "subcountry": "Dumy\u0101\u0163", "geolabelid": 356945, "label": "F\u0101rask\u016br"}, {"country": "Egypt", "subcountry": "Eastern Province", "geolabelid": 356989, "label": "F\u0101q\u016bs"}, {"country": "Egypt", "subcountry": "Dumy\u0101\u0163", "geolabelid": 358048, "label": "Damietta"}, {"country": "Egypt", "subcountry": "Eastern Province", "geolabelid": 358095, "label": "Diyarb Najm"}, {"country": "Egypt", "subcountry": "Kafr ash Shaykh", "geolabelid": 358108, "label": "Dis\u016bq"}, {"country": "Egypt", "subcountry": "Qin\u0101", "geolabelid": 358115, "label": "Dishn\u0101"}, {"country": "Egypt", "subcountry": "Mu\u1e29\u0101faz\u0327at ad Daqahl\u012byah", "geolabelid": 358172, "label": "Dikirnis"}, {"country": "Egypt", "subcountry": "Asy\u016b\u0163", "geolabelid": 358269, "label": "Dayr\u016b\u0163"}, {"country": "Egypt", "subcountry": "Al Miny\u0101", "geolabelid": 358274, "label": "Dayr Maw\u0101s"}, {"country": "Egypt", "subcountry": "Al Bu\u1e29ayrah", "geolabelid": 358448, "label": "Damanh\u016br"}, {"country": "Egypt", "subcountry": "Mu\u1e29\u0101faz\u0327at Ban\u012b Suwayf", "geolabelid": 358600, "label": "B\u016bsh"}, {"country": "Egypt", "subcountry": "Mu\u1e29\u0101faz\u0327at B\u016br Sa\u2018\u012bd", "geolabelid": 358619, "label": "Port Said"}, {"country": "Egypt", "subcountry": "Red Sea", "geolabelid": 358620, "label": "B\u016br Saf\u0101jah"}, {"country": "Egypt", "subcountry": "Mu\u1e29\u0101faz\u0327at ad Daqahl\u012byah", "geolabelid": 358821, "label": "Bilq\u0101s"}, {"country": "Egypt", "subcountry": "Eastern Province", "geolabelid": 358840, "label": "Bilbays"}, {"country": "Egypt", "subcountry": "Mu\u1e29\u0101faz\u0327at al Gharb\u012byah", "geolabelid": 358970, "label": "Basy\u016bn"}, {"country": "Egypt", "subcountry": "Mu\u1e29\u0101faz\u0327at Ban\u012b Suwayf", "geolabelid": 359173, "label": "Ban\u012b Suwayf"}, {"country": "Egypt", "subcountry": "Al Miny\u0101", "geolabelid": 359212, "label": "Ban\u012b Maz\u0101r"}, {"country": "Egypt", "subcountry": "Mu\u1e29\u0101faz\u0327at al Qaly\u016bb\u012byah", "geolabelid": 359280, "label": "Banh\u0101"}, {"country": "Egypt", "subcountry": "Eastern Province", "geolabelid": 359493, "label": "Zagazig"}, {"country": "Egypt", "subcountry": "Al J\u012bzah", "geolabelid": 359576, "label": "Aws\u012bm"}, {"country": "Egypt", "subcountry": "Al Ism\u0101\u2018\u012bl\u012byah", "geolabelid": 359710, "label": "At Tall al Kab\u012br"}, {"country": "Egypt", "subcountry": "Asy\u016b\u0163", "geolabelid": 359783, "label": "Asy\u016b\u0163"}, {"country": "Egypt", "subcountry": "Asw\u0101n", "geolabelid": 359792, "label": "Aswan"}, {"country": "Egypt", "subcountry": "As Suways", "geolabelid": 359796, "label": "Suez"}, {"country": "Egypt", "subcountry": "Al J\u012bzah", "geolabelid": 359900, "label": "A\u015f \u015eaff"}, {"country": "Egypt", "subcountry": "Mu\u1e29\u0101faz\u0327at al Min\u016bf\u012byah", "geolabelid": 359953, "label": "Ash Shuhad\u0101\u2019"}, {"country": "Egypt", "subcountry": "Mu\u1e29\u0101faz\u0327at al Min\u016bf\u012byah", "geolabelid": 360048, "label": "Ashm\u016bn"}, {"country": "Egypt", "subcountry": "Mu\u1e29\u0101faz\u0327at al Fayy\u016bm", "geolabelid": 360464, "label": "Al W\u0101si\u0163ah"}, {"country": "Egypt", "subcountry": "Luxor", "geolabelid": 360502, "label": "Luxor"}, {"country": "Egypt", "subcountry": "Asy\u016b\u0163", "geolabelid": 360526, "label": "Al Q\u016b\u015f\u012byah"}, {"country": "Egypt", "subcountry": "Red Sea", "geolabelid": 360531, "label": "Al Qu\u015fayr"}, {"country": "Egypt", "subcountry": "Eastern Province", "geolabelid": 360542, "label": "Al Qurayn"}, {"country": "Egypt", "subcountry": "Eastern Province", "geolabelid": 360612, "label": "Al Qan\u0101y\u0101t"}, {"country": "Egypt", "subcountry": "Mu\u1e29\u0101faz\u0327at al Qaly\u016bb\u012byah", "geolabelid": 360615, "label": "Al Qan\u0101\u0163ir al Khayr\u012byah"}, {"country": "Egypt", "subcountry": "Cairo Governorate", "geolabelid": 360630, "label": "Cairo"}, {"country": "Egypt", "subcountry": "Al Miny\u0101", "geolabelid": 360686, "label": "Al Miny\u0101"}, {"country": "Egypt", "subcountry": "Mu\u1e29\u0101faz\u0327at ad Daqahl\u012byah", "geolabelid": 360716, "label": "Al Ma\u0163ar\u012byah"}, {"country": "Egypt", "subcountry": "Mu\u1e29\u0101faz\u0327at ad Daqahl\u012byah", "geolabelid": 360754, "label": "Al Manzilah"}, {"country": "Egypt", "subcountry": "Mu\u1e29\u0101faz\u0327at ad Daqahl\u012byah", "geolabelid": 360761, "label": "Al Man\u015f\u016brah"}, {"country": "Egypt", "subcountry": "S\u016bh\u0101j", "geolabelid": 360773, "label": "Al Mansh\u0101h"}, {"country": "Egypt", "subcountry": "Mu\u1e29\u0101faz\u0327at al Gharb\u012byah", "geolabelid": 360829, "label": "Al Ma\u1e29allah al Kubr\u00e1"}, {"country": "Egypt", "subcountry": "Mu\u1e29\u0101faz\u0327at al W\u0101d\u012b al Jad\u012bd", "geolabelid": 360923, "label": "Al Kh\u0101rijah"}, {"country": "Egypt", "subcountry": "Mu\u1e29\u0101faz\u0327at al Qaly\u016bb\u012byah", "geolabelid": 360928, "label": "Al Kh\u0101nkah"}, {"country": "Egypt", "subcountry": "Al J\u012bzah", "geolabelid": 360995, "label": "Al J\u012bzah"}, {"country": "Egypt", "subcountry": "Mu\u1e29\u0101faz\u0327at ad Daqahl\u012byah", "geolabelid": 361029, "label": "Al Jam\u0101l\u012byah"}, {"country": "Egypt", "subcountry": "Al Ism\u0101\u2018\u012bl\u012byah", "geolabelid": 361055, "label": "Ismailia"}, {"country": "Egypt", "subcountry": "Alexandria", "geolabelid": 361058, "label": "Alexandria"}, {"country": "Egypt", "subcountry": "Eastern Province", "geolabelid": 361103, "label": "Al Ibr\u0101h\u012bm\u012byah"}, {"country": "Egypt", "subcountry": "Al J\u012bzah", "geolabelid": 361179, "label": "Al \u1e28aw\u0101mid\u012byah"}, {"country": "Egypt", "subcountry": "Kafr ash Shaykh", "geolabelid": 361213, "label": "Al \u1e28\u0101m\u016bl"}, {"country": "Egypt", "subcountry": "Red Sea", "geolabelid": 361291, "label": "Hurghada"}, {"country": "Egypt", "subcountry": "Mu\u1e29\u0101faz\u0327at al Fayy\u016bm", "geolabelid": 361320, "label": "Al Fayy\u016bm"}, {"country": "Egypt", "subcountry": "Mu\u1e29\u0101faz\u0327at Ban\u012b Suwayf", "geolabelid": 361329, "label": "Al Fashn"}, {"country": "Egypt", "subcountry": "Al J\u012bzah", "geolabelid": 361394, "label": "Al Baw\u012b\u0163\u012b"}, {"country": "Egypt", "subcountry": "S\u016bh\u0101j", "geolabelid": 361435, "label": "Al Balyan\u0101"}, {"country": "Egypt", "subcountry": "Mu\u1e29\u0101faz\u0327at al Min\u016bf\u012byah", "geolabelid": 361457, "label": "Al B\u0101j\u016br"}, {"country": "Egypt", "subcountry": "Asy\u016b\u0163", "geolabelid": 361478, "label": "Al Bad\u0101r\u012b"}, {"country": "Egypt", "subcountry": "Al J\u012bzah", "geolabelid": 361495, "label": "Al \u2018Ayy\u0101\u0163"}, {"country": "Egypt", "subcountry": "Sham\u0101l S\u012bn\u0101\u02bc", "geolabelid": 361546, "label": "Arish"}, {"country": "Egypt", "subcountry": "S\u016bh\u0101j", "geolabelid": 361661, "label": "Akhm\u012bm"}, {"country": "Egypt", "subcountry": "Mu\u1e29\u0101faz\u0327at ad Daqahl\u012byah", "geolabelid": 361702, "label": "Aj\u0101"}, {"country": "Egypt", "subcountry": "Al Bu\u1e29ayrah", "geolabelid": 361827, "label": "Ad Dilinj\u0101t"}, {"country": "Egypt", "subcountry": "Asy\u016b\u0163", "geolabelid": 362004, "label": "Ab\u016b T\u012bj"}, {"country": "Egypt", "subcountry": "Al Miny\u0101", "geolabelid": 362277, "label": "Ab\u016b Qurq\u0101\u015f"}, {"country": "Egypt", "subcountry": "Eastern Province", "geolabelid": 362485, "label": "Ab\u016b Kab\u012br"}, {"country": "Egypt", "subcountry": "Al Bu\u1e29ayrah", "geolabelid": 362882, "label": "Ab\u016b al Ma\u0163\u0101m\u012br"}, {"country": "Egypt", "subcountry": "Asy\u016b\u0163", "geolabelid": 362973, "label": "Abn\u016bb"}, {"country": "Egypt", "subcountry": "Dumy\u0101\u0163", "geolabelid": 419435, "label": "Az Zarq\u0101"}, {"country": "Egypt", "subcountry": "As Suways", "geolabelid": 7521348, "label": "Ain Sukhna"}]