[{"country": "Mongolia", "subcountry": "Dzabkhan", "geolabelid": 1515007, "label": "Uliastay"}, {"country": "Mongolia", "subcountry": "Uvs", "geolabelid": 1515029, "label": "Ulaangom"}, {"country": "Mongolia", "subcountry": "Bayan-\u00d6lgiy", "geolabelid": 1515436, "label": "\u00d6lgiy"}, {"country": "Mongolia", "subcountry": "Hovd", "geolabelid": 1516048, "label": "Khovd"}, {"country": "Mongolia", "subcountry": "Gov\u012d-Altay", "geolabelid": 1516393, "label": "Altai"}, {"country": "Mongolia", "subcountry": "Ulaanbaatar", "geolabelid": 2028462, "label": "Ulan Bator"}, {"country": "Mongolia", "subcountry": "Selenge", "geolabelid": 2029156, "label": "S\u00fchbaatar"}, {"country": "Mongolia", "subcountry": "H\u00f6vsg\u00f6l", "geolabelid": 2029945, "label": "Murun-kuren"}, {"country": "Mongolia", "subcountry": "Middle Gov\u012d", "geolabelid": 2030065, "label": "Mandalgovi"}, {"country": "Mongolia", "subcountry": "\u00d6v\u00f6rhangay", "geolabelid": 2030474, "label": "Hovd"}, {"country": "Mongolia", "subcountry": "Orhon", "geolabelid": 2031405, "label": "Erdenet"}, {"country": "Mongolia", "subcountry": "Selenge", "geolabelid": 2031533, "label": "Dz\u00fc\u00fcnharaa"}, {"country": "Mongolia", "subcountry": "Darhan Uul", "geolabelid": 2031964, "label": "Darhan"}, {"country": "Mongolia", "subcountry": "\u00d6mn\u00f6gov\u012d", "geolabelid": 2032007, "label": "Dalandzadgad"}, {"country": "Mongolia", "subcountry": "East Gobi Aymag", "geolabelid": 2032081, "label": "Saynshand"}, {"country": "Mongolia", "subcountry": "Bulgan", "geolabelid": 2032201, "label": "Bulgan"}, {"country": "Mongolia", "subcountry": "Bayanhongor", "geolabelid": 2032532, "label": "Bayanhongor"}, {"country": "Mongolia", "subcountry": "Bayanhongor", "geolabelid": 2032533, "label": "Bayanhongor"}, {"country": "Mongolia", "subcountry": "S\u00fchbaatar", "geolabelid": 2032614, "label": "Baruun-Urt"}, {"country": "Mongolia", "subcountry": "\u00d6v\u00f6rhangay", "geolabelid": 2032814, "label": "Arvayheer"}, {"country": "Mongolia", "subcountry": "Central Aimak", "geolabelid": 7648817, "label": "\u0417\u0443\u0443\u043d\u043c\u043e\u0434"}]