[{"country": "Nepal", "subcountry": "Western Region", "geolabelid": 1282616, "label": "W\u0101ling"}, {"country": "Nepal", "subcountry": "Mid Western", "geolabelid": 1282635, "label": "Tuls\u012bpur"}, {"country": "Nepal", "subcountry": "Far Western", "geolabelid": 1282666, "label": "T\u012bk\u0101pur"}, {"country": "Nepal", "subcountry": "Western Region", "geolabelid": 1282714, "label": "T\u0101nsen"}, {"country": "Nepal", "subcountry": "Eastern Region", "geolabelid": 1282770, "label": "Sir\u0101h\u0101"}, {"country": "Nepal", "subcountry": "Eastern Region", "geolabelid": 1282884, "label": "R\u0101jbir\u0101j"}, {"country": "Nepal", "subcountry": "Western Region", "geolabelid": 1282898, "label": "Pokhara"}, {"country": "Nepal", "subcountry": "Central Region", "geolabelid": 1282931, "label": "P\u0101tan"}, {"country": "Nepal", "subcountry": "Central Region", "geolabelid": 1282950, "label": "Panauti\u0307\u0304"}, {"country": "Nepal", "subcountry": "Central Region", "geolabelid": 1283082, "label": "Malangwa"}, {"country": "Nepal", "subcountry": "Far Western", "geolabelid": 1283095, "label": "Mahendranagar"}, {"country": "Nepal", "subcountry": "Eastern Region", "geolabelid": 1283161, "label": "Lah\u0101n"}, {"country": "Nepal", "subcountry": "Central Region", "geolabelid": 1283190, "label": "Kirtipur"}, {"country": "Nepal", "subcountry": "Eastern Region", "geolabelid": 1283217, "label": "Kh\u0101ndb\u0101ri"}, {"country": "Nepal", "subcountry": "Central Region", "geolabelid": 1283240, "label": "Kathmandu"}, {"country": "Nepal", "subcountry": "Central Region", "geolabelid": 1283318, "label": "Janakpur"}, {"country": "Nepal", "subcountry": "Central Region", "geolabelid": 1283323, "label": "Jaleswar"}, {"country": "Nepal", "subcountry": "Eastern Region", "geolabelid": 1283329, "label": "Ithari"}, {"country": "Nepal", "subcountry": "Eastern Region", "geolabelid": 1283333, "label": "Il\u0101m"}, {"country": "Nepal", "subcountry": "Central Region", "geolabelid": 1283339, "label": "Hetauda"}, {"country": "Nepal", "subcountry": "Mid Western", "geolabelid": 1283368, "label": "Gulariy\u0101"}, {"country": "Nepal", "subcountry": "Central Region", "geolabelid": 1283401, "label": "Gaur"}, {"country": "Nepal", "subcountry": "Eastern Region", "geolabelid": 1283460, "label": "Dhar\u0101n B\u0101z\u0101r"}, {"country": "Nepal", "subcountry": "Eastern Region", "geolabelid": 1283465, "label": "Dhankut\u0101"}, {"country": "Nepal", "subcountry": "Far Western", "geolabelid": 1283467, "label": "Dhangarhi"}, {"country": "Nepal", "subcountry": "Western Region", "geolabelid": 1283484, "label": "D\u0101rchul\u0101"}, {"country": "Nepal", "subcountry": "Mid Western", "geolabelid": 1283496, "label": "Dailekh"}, {"country": "Nepal", "subcountry": "Far Western", "geolabelid": 1283499, "label": "Dadeldhur\u0101"}, {"country": "Nepal", "subcountry": "Western Region", "geolabelid": 1283562, "label": "Butw\u0101l"}, {"country": "Nepal", "subcountry": "Central Region", "geolabelid": 1283581, "label": "B\u012brganj"}, {"country": "Nepal", "subcountry": "Eastern Region", "geolabelid": 1283582, "label": "Bir\u0101tnagar"}, {"country": "Nepal", "subcountry": "Central Region", "geolabelid": 1283613, "label": "Bharatpur"}, {"country": "Nepal", "subcountry": "Western Region", "geolabelid": 1283621, "label": "Bhair\u0101haw\u0101"}, {"country": "Nepal", "subcountry": "Eastern Region", "geolabelid": 1283628, "label": "Bhadrapur"}, {"country": "Nepal", "subcountry": "Central Region", "geolabelid": 1283679, "label": "Banep\u0101"}, {"country": "Nepal", "subcountry": "Western Region", "geolabelid": 1283711, "label": "B\u0101glung"}, {"country": "Nepal", "subcountry": "Mid Western", "geolabelid": 6254843, "label": "Birendranagar"}, {"country": "Nepal", "subcountry": "Far Western", "geolabelid": 6254845, "label": "Dipayal"}, {"country": "Nepal", "subcountry": "Mid Western", "geolabelid": 6941099, "label": "Nepalgunj"}]