[{"country": "Reunion", "subcountry": "R\u00e9union", "geolabelid": 935214, "label": "Saint-Pierre"}, {"country": "Reunion", "subcountry": "R\u00e9union", "geolabelid": 935221, "label": "Saint-Paul"}, {"country": "Reunion", "subcountry": "R\u00e9union", "geolabelid": 935223, "label": "Saint-Louis"}, {"country": "Reunion", "subcountry": "R\u00e9union", "geolabelid": 935225, "label": "Saint-Leu"}, {"country": "Reunion", "subcountry": "R\u00e9union", "geolabelid": 935227, "label": "Saint-Joseph"}, {"country": "Reunion", "subcountry": "R\u00e9union", "geolabelid": 935248, "label": "Sainte-Suzanne"}, {"country": "Reunion", "subcountry": "R\u00e9union", "geolabelid": 935255, "label": "Sainte-Marie"}, {"country": "Reunion", "subcountry": "R\u00e9union", "geolabelid": 935264, "label": "Saint-Denis"}, {"country": "Reunion", "subcountry": "R\u00e9union", "geolabelid": 935267, "label": "Saint-Beno\u00eet"}, {"country": "Reunion", "subcountry": "R\u00e9union", "geolabelid": 935268, "label": "Saint-Andr\u00e9"}, {"country": "Reunion", "subcountry": "R\u00e9union", "geolabelid": 935582, "label": "Le Tampon"}, {"country": "Reunion", "subcountry": "R\u00e9union", "geolabelid": 935616, "label": "Le Port"}, {"country": "Reunion", "subcountry": "R\u00e9union", "geolabelid": 935691, "label": "La Possession"}, {"country": "Reunion", "subcountry": "N/A", "geolabelid": 7932385, "label": "Piton Saint-Leu"}]