[{"country": "Taiwan", "subcountry": "Taiwan", "geolabelid": 1665196, "label": "Douliu"}, {"country": "Taiwan", "subcountry": "Taiwan", "geolabelid": 1665357, "label": "Yujing"}, {"country": "Taiwan", "subcountry": "Taipei", "geolabelid": 1668341, "label": "Taipei"}, {"country": "Taiwan", "subcountry": "Taiwan", "geolabelid": 1668355, "label": "Tainan"}, {"country": "Taiwan", "subcountry": "Taiwan", "geolabelid": 1668399, "label": "Taichung"}, {"country": "Taiwan", "subcountry": "Taiwan", "geolabelid": 1668467, "label": "Daxi"}, {"country": "Taiwan", "subcountry": "Taipei", "geolabelid": 1670029, "label": "Banqiao"}, {"country": "Taiwan", "subcountry": "Taiwan", "geolabelid": 1670310, "label": "Puli"}, {"country": "Taiwan", "subcountry": "Taiwan", "geolabelid": 1671566, "label": "Nantou"}, {"country": "Taiwan", "subcountry": "Taiwan", "geolabelid": 1672228, "label": "Magong"}, {"country": "Taiwan", "subcountry": "Taiwan", "geolabelid": 1672551, "label": "Lugu"}, {"country": "Taiwan", "subcountry": "Kaohsiung", "geolabelid": 1673820, "label": "Kaohsiung"}, {"country": "Taiwan", "subcountry": "Taiwan", "geolabelid": 1674199, "label": "Yilan"}, {"country": "Taiwan", "subcountry": "Taiwan", "geolabelid": 1674504, "label": "Hualien City"}, {"country": "Taiwan", "subcountry": "Taiwan", "geolabelid": 1675151, "label": "Hsinchu"}, {"country": "Taiwan", "subcountry": "Taiwan", "geolabelid": 1676242, "label": "Hengchun"}, {"country": "Taiwan", "subcountry": "Fukien", "geolabelid": 1678008, "label": "Jincheng"}, {"country": "Taiwan", "subcountry": "Taiwan", "geolabelid": 1678228, "label": "Keelung"}, {"country": "Taiwan", "subcountry": "Taiwan", "geolabelid": 6696918, "label": "Taoyuan City"}, {"country": "Taiwan", "subcountry": "Taiwan", "geolabelid": 6949678, "label": "Taitung City"}, {"country": "Taiwan", "subcountry": "Taiwan", "geolabelid": 7601921, "label": "Zhongxing New Village"}]