[{"country": "Vietnam", "subcountry": "Ngh\u1ec7 An", "geolabelid": 1560037, "label": "Y\u00ean Vinh"}, {"country": "Vietnam", "subcountry": "Y\u00ean B\u00e1i", "geolabelid": 1560349, "label": "Y\u00ean B\u00e1i"}, {"country": "Vietnam", "subcountry": "B\u00e0 R\u1ecba-V\u0169ng T\u00e0u", "geolabelid": 1562414, "label": "V\u0169ng T\u00e0u"}, {"country": "Vietnam", "subcountry": "Hau Giang", "geolabelid": 1562538, "label": "V\u1ecb Thanh"}, {"country": "Vietnam", "subcountry": "V\u0129nh Ph\u00fac", "geolabelid": 1562548, "label": "V\u0129nh Y\u00ean"}, {"country": "Vietnam", "subcountry": "V\u0129nh Long", "geolabelid": 1562693, "label": "V\u0129nh Long"}, {"country": "Vietnam", "subcountry": "Ngh\u1ec7 An", "geolabelid": 1562798, "label": "Vinh"}, {"country": "Vietnam", "subcountry": "Ph\u00fa Th\u1ecd", "geolabelid": 1562820, "label": "Vi\u1ec7t Tr\u00ec"}, {"country": "Vietnam", "subcountry": "Qu\u1ea3ng Ninh", "geolabelid": 1563241, "label": "Th\u00e0nh Ph\u1ed1 U\u00f4ng B\u00ed"}, {"country": "Vietnam", "subcountry": "Ph\u00fa Y\u00ean", "geolabelid": 1563281, "label": "Tuy H\u00f2a"}, {"country": "Vietnam", "subcountry": "Tuy\u00ean Quang", "geolabelid": 1563287, "label": "Th\u00e0nh Ph\u1ed1 Tuy\u00ean Quang"}, {"country": "Vietnam", "subcountry": "Tr\u00e0 Vinh", "geolabelid": 1563926, "label": "Tr\u00e0 Vinh"}, {"country": "Vietnam", "subcountry": "B\u00ecnh D\u01b0\u01a1ng", "geolabelid": 1565022, "label": "Th\u1ee7 D\u1ea7u M\u1ed9t"}, {"country": "Vietnam", "subcountry": "Ho Chi Minh City", "geolabelid": 1566083, "label": "Ho Chi Minh City"}, {"country": "Vietnam", "subcountry": "Thanh H\u00f3a", "geolabelid": 1566166, "label": "Thanh H\u00f3a"}, {"country": "Vietnam", "subcountry": "Th\u00e1i Nguy\u00ean", "geolabelid": 1566319, "label": "Th\u00e0nh Ph\u1ed1 Th\u00e1i Nguy\u00ean"}, {"country": "Vietnam", "subcountry": "Th\u00e1i B\u00ecnh", "geolabelid": 1566346, "label": "Th\u00e0nh Ph\u1ed1 Th\u00e1i B\u00ecnh"}, {"country": "Vietnam", "subcountry": "T\u00e2y Ninh", "geolabelid": 1566559, "label": "T\u00e2y Ninh"}, {"country": "Vietnam", "subcountry": "Long An", "geolabelid": 1567069, "label": "T\u00e2n An"}, {"country": "Vietnam", "subcountry": "Qu\u1ea3ng Nam", "geolabelid": 1567148, "label": "Tam K\u1ef3"}, {"country": "Vietnam", "subcountry": "Ha N\u1ed9i", "geolabelid": 1567621, "label": "S\u01a1n T\u00e2y"}, {"country": "Vietnam", "subcountry": "S\u01a1n La", "geolabelid": 1567681, "label": "S\u01a1n La"}, {"country": "Vietnam", "subcountry": "Ph\u00fa Y\u00ean", "geolabelid": 1567723, "label": "S\u00f4ng C\u1ea7u"}, {"country": "Vietnam", "subcountry": "S\u00f3c Tr\u0103ng", "geolabelid": 1567788, "label": "S\u00f3c Tr\u0103ng"}, {"country": "Vietnam", "subcountry": "L\u00e0o Cai", "geolabelid": 1568043, "label": "Sa P\u00e1"}, {"country": "Vietnam", "subcountry": "\u0110\u1ed3ng Th\u00e1p", "geolabelid": 1568212, "label": "Sadek"}, {"country": "Vietnam", "subcountry": "Ki\u1ebfn Giang", "geolabelid": 1568510, "label": "R\u1ea1ch Gi\u00e1"}, {"country": "Vietnam", "subcountry": "B\u00ecnh \u0110\u1ecbnh", "geolabelid": 1568574, "label": "Qui Nhon"}, {"country": "Vietnam", "subcountry": "Qu\u1ea3ng Ng\u00e3i", "geolabelid": 1568770, "label": "Qu\u1ea3ng Ng\u00e3i"}, {"country": "Vietnam", "subcountry": "Gia Lai", "geolabelid": 1569684, "label": "Pleiku"}, {"country": "Vietnam", "subcountry": "H\u00e0 Nam", "geolabelid": 1570449, "label": "Th\u00e0nh Ph\u1ed1 Ph\u1ee7 L\u00fd"}, {"country": "Vietnam", "subcountry": "T\u00e2y Ninh", "geolabelid": 1570549, "label": "Ph\u00fa Kh\u01b0\u01a1ng"}, {"country": "Vietnam", "subcountry": "B\u00ecnh Thu\u1eadn", "geolabelid": 1571058, "label": "Phan Thi\u1ebft"}, {"country": "Vietnam", "subcountry": "Ninh Thu\u1eadn", "geolabelid": 1571067, "label": "Phan Rang-Th\u00e1p Ch\u00e0m"}, {"country": "Vietnam", "subcountry": "Ninh B\u00ecnh", "geolabelid": 1571968, "label": "Th\u00e0nh Ph\u1ed1 Ninh B\u00ecnh"}, {"country": "Vietnam", "subcountry": "Kh\u00e1nh H\u00f2a", "geolabelid": 1572151, "label": "Nha Trang"}, {"country": "Vietnam", "subcountry": "Nam \u0110\u1ecbnh", "geolabelid": 1573517, "label": "Th\u00e0nh Ph\u1ed1 Nam \u0110\u1ecbnh"}, {"country": "Vietnam", "subcountry": "Ti\u1ec1n Giang", "geolabelid": 1574023, "label": "M\u1ef9 Tho"}, {"country": "Vietnam", "subcountry": "Qu\u1ea3ng Ninh", "geolabelid": 1574507, "label": "M\u00f3ng C\u00e1i"}, {"country": "Vietnam", "subcountry": "An Giang", "geolabelid": 1575627, "label": "Long Xuy\u00ean"}, {"country": "Vietnam", "subcountry": "L\u00e0o Cai", "geolabelid": 1576303, "label": "L\u00e0o Cai"}, {"country": "Vietnam", "subcountry": "L\u1ea1ng S\u01a1n", "geolabelid": 1576633, "label": "Th\u00e0nh Ph\u1ed1 L\u1ea1ng S\u01a1n"}, {"country": "Vietnam", "subcountry": "B\u00ecnh Thu\u1eadn", "geolabelid": 1577995, "label": "La Gi"}, {"country": "Vietnam", "subcountry": "Kon Tum", "geolabelid": 1578500, "label": "Kon Tum"}, {"country": "Vietnam", "subcountry": "H\u01b0ng Y\u00ean", "geolabelid": 1580142, "label": "H\u01b0ng Y\u00ean"}, {"country": "Vietnam", "subcountry": "Th\u1eeba Thi\u00ean-Hu\u1ebf", "geolabelid": 1580240, "label": "Hu\u1ebf"}, {"country": "Vietnam", "subcountry": "Qu\u1ea3ng Ninh", "geolabelid": 1580410, "label": "Th\u00e0nh Ph\u1ed1 H\u1ea1 Long"}, {"country": "Vietnam", "subcountry": "Qu\u1ea3ng Nam", "geolabelid": 1580541, "label": "H\u1ed9i An"}, {"country": "Vietnam", "subcountry": "H\u00f2a B\u00ecnh", "geolabelid": 1580830, "label": "Th\u00e0nh Ph\u1ed1 H\u00f2a B\u00ecnh"}, {"country": "Vietnam", "subcountry": "H\u00e0 T\u0129nh", "geolabelid": 1581047, "label": "H\u00e0 T\u0129nh"}, {"country": "Vietnam", "subcountry": "Ki\u1ebfn Giang", "geolabelid": 1581052, "label": "H\u00e0 Ti\u00ean"}, {"country": "Vietnam", "subcountry": "Ha N\u1ed9i", "geolabelid": 1581130, "label": "Hanoi"}, {"country": "Vietnam", "subcountry": "H\u1ea3i Ph\u00f2ng", "geolabelid": 1581298, "label": "Haiphong"}, {"country": "Vietnam", "subcountry": "H\u1ea3i D\u01b0\u01a1ng", "geolabelid": 1581326, "label": "Th\u00e0nh Ph\u1ed1 H\u1ea3i D\u01b0\u01a1ng"}, {"country": "Vietnam", "subcountry": "H\u00e0 Giang", "geolabelid": 1581349, "label": "Th\u00e0nh Ph\u1ed1 H\u00e0 Giang"}, {"country": "Vietnam", "subcountry": "Ha N\u1ed9i", "geolabelid": 1581364, "label": "H\u00e0 \u0110\u00f4ng"}, {"country": "Vietnam", "subcountry": "B\u00ecnh Ph\u01b0\u1edbc", "geolabelid": 1582436, "label": "Don Luan"}, {"country": "Vietnam", "subcountry": "Qu\u1ea3ng B\u00ecnh", "geolabelid": 1582886, "label": "Kwang Binh"}, {"country": "Vietnam", "subcountry": "Qu\u1ea3ng Tr\u1ecb", "geolabelid": 1582926, "label": "\u00d0\u00f4ng H\u00e0"}, {"country": "Vietnam", "subcountry": "T\u1ec9nh \u00d0i\u1ec7n Bi\u00ean", "geolabelid": 1583477, "label": "Dien Bien Phu"}, {"country": "Vietnam", "subcountry": "\u0110\u00e0 N\u1eb5ng", "geolabelid": 1583992, "label": "Da Nang"}, {"country": "Vietnam", "subcountry": "L\u00e2m \u0110\u1ed3ng", "geolabelid": 1584071, "label": "\u00d0\u00e0 L\u1ea1t"}, {"country": "Vietnam", "subcountry": "Ho Chi Minh City", "geolabelid": 1584661, "label": "C\u1ee7 Chi"}, {"country": "Vietnam", "subcountry": "An Giang", "geolabelid": 1585660, "label": "Cho Dok"}, {"country": "Vietnam", "subcountry": "H\u1ea3i Ph\u00f2ng", "geolabelid": 1586052, "label": "C\u00e1t B\u00e0"}, {"country": "Vietnam", "subcountry": "\u0110\u1ed3ng Th\u00e1p", "geolabelid": 1586151, "label": "Cao L\u00e3nh"}, {"country": "Vietnam", "subcountry": "Cao B\u1eb1ng", "geolabelid": 1586185, "label": "Th\u00e0nh Ph\u1ed1 Cao B\u1eb1ng"}, {"country": "Vietnam", "subcountry": "C\u1ea7n Th\u01a1", "geolabelid": 1586203, "label": "C\u1ea7n Th\u01a1"}, {"country": "Vietnam", "subcountry": "Ho Chi Minh City", "geolabelid": 1586288, "label": "C\u1ea7n Gi\u1edd"}, {"country": "Vietnam", "subcountry": "Long An", "geolabelid": 1586296, "label": "C\u1ea7n Giu\u1ed9c"}, {"country": "Vietnam", "subcountry": "Kh\u00e1nh H\u00f2a", "geolabelid": 1586350, "label": "Cam Ranh"}, {"country": "Vietnam", "subcountry": "Qu\u1ea3ng Ninh", "geolabelid": 1586357, "label": "C\u1ea9m Ph\u1ea3 Mines"}, {"country": "Vietnam", "subcountry": "C\u00e0 Mau", "geolabelid": 1586443, "label": "C\u00e0 Mau"}, {"country": "Vietnam", "subcountry": "\u00d0\u1eafc L\u1eafk", "geolabelid": 1586896, "label": "Bu\u00f4n Ma Thu\u1ed9t"}, {"country": "Vietnam", "subcountry": "Thanh H\u00f3a", "geolabelid": 1587919, "label": "B\u1ec9m S\u01a1n"}, {"country": "Vietnam", "subcountry": "\u0110\u1ed3ng Nai", "geolabelid": 1587923, "label": "Bi\u00ean H\u00f2a"}, {"country": "Vietnam", "subcountry": "B\u1ebfn Tre", "geolabelid": 1587976, "label": "B\u1ebfn Tre"}, {"country": "Vietnam", "subcountry": "L\u00e2m \u0110\u1ed3ng", "geolabelid": 1588275, "label": "B\u1ea3o L\u1ed9c"}, {"country": "Vietnam", "subcountry": "B\u1eafc Ninh", "geolabelid": 1591449, "label": "B\u1eafc Ninh"}, {"country": "Vietnam", "subcountry": "B\u1ea1c Li\u00eau", "geolabelid": 1591474, "label": "Th\u00e0nh ph\u1ed1 B\u1ea1c Li\u00eau"}, {"country": "Vietnam", "subcountry": "B\u1eafc Giang", "geolabelid": 1591527, "label": "B\u1eafc Giang"}, {"country": "Vietnam", "subcountry": "B\u1eafc K\u1ea1n", "geolabelid": 1591538, "label": "B\u1eafc K\u1ea1n"}, {"country": "Vietnam", "subcountry": "L\u00e2m \u0110\u1ed3ng", "geolabelid": 8991407, "label": "\u0110inh V\u0103n"}]