[{"country": "Papua New Guinea", "subcountry": "East Sepik", "geolabelid": 2083537, "label": "Wewak"}, {"country": "Papua New Guinea", "subcountry": "National Capital", "geolabelid": 2088122, "label": "Port Moresby"}, {"country": "Papua New Guinea", "subcountry": "Northern Province", "geolabelid": 2088163, "label": "Popondetta"}, {"country": "Papua New Guinea", "subcountry": "Western Highlands", "geolabelid": 2090409, "label": "Mount Hagen"}, {"country": "Papua New Guinea", "subcountry": "Southern Highlands", "geolabelid": 2090990, "label": "Mendi"}, {"country": "Papua New Guinea", "subcountry": "Madang", "geolabelid": 2091996, "label": "Madang"}, {"country": "Papua New Guinea", "subcountry": "Morobe", "geolabelid": 2092740, "label": "Lae"}, {"country": "Papua New Guinea", "subcountry": "East New Britain", "geolabelid": 2093685, "label": "Kokopo"}, {"country": "Papua New Guinea", "subcountry": "West New Britain", "geolabelid": 2093967, "label": "Kimbe"}, {"country": "Papua New Guinea", "subcountry": "Eastern Highlands", "geolabelid": 2096742, "label": "Goroka"}, {"country": "Papua New Guinea", "subcountry": "Western Province", "geolabelid": 2098329, "label": "Daru"}, {"country": "Papua New Guinea", "subcountry": "Morobe", "geolabelid": 2098869, "label": "Bulolo"}, {"country": "Papua New Guinea", "subcountry": "Bougainville", "geolabelid": 2100633, "label": "Arawa"}]